indicator,country_name,unit,FINAL_CODE,2000,2001,2002,2003,2004,2005,2006,2007,2008,2009,2010,2011,2012,2013,2014,2015,2016,2017,2018,2019,2020,2021,2022,2023,2024,2025
Gross domestic product at market prices,Belgium,"Chain linked volumes, index 2010=100",BEL_YER_ESTAT,84.409,85.337,86.794,87.695,90.827,92.935,95.307,98.812,99.253,97.361,100,101.931,102.151,102.463,104.272,105.809,107.072,108.651,110.691,113.395,107.96,114.713,119.251,121.295,122.594,NA
Gross domestic product at market prices,Bulgaria,"Chain linked volumes, index 2010=100",BGR_YER_ESTAT,63.89,66.333,70.228,73.906,78.718,84.272,90.005,95.994,101.878,98.468,100,102.09,102.855,102.296,103.268,106.776,110.008,113.029,115.662,120.05,116.288,125.392,130.513,132.707,137.202,NA
Gross domestic product at market prices,Czechia,"Chain linked volumes, index 2010=100",CZE_YER_ESTAT,73.691,75.84,76.988,79.53,83.296,88.607,94.475,99.661,102.264,97.357,100,101.772,100.988,100.946,103.212,108.33,111.126,116.875,120.183,124.469,117.866,122.615,126.106,126.166,127.744,NA
Gross domestic product at market prices,Denmark,"Chain linked volumes, index 2010=100",DNK_YER_ESTAT,92.599,93.478,93.905,94.319,96.938,99.225,103.012,104.029,103.595,98.442,100,101.311,101.305,102.716,104.029,106.218,109.482,112.828,114.927,116.894,114.813,122.276,122.819,123.562,127.859,NA
Gross domestic product at market prices,Germany,"Chain linked volumes, index 2010=100",DEU_YER_ESTAT,91.6,93.099,92.887,92.395,93.468,94.296,97.942,100.772,101.666,96.03,100,103.758,104.239,104.653,106.934,108.713,111.129,114.238,115.535,116.665,111.844,116.217,118.32,117.291,116.71,116.956
Gross domestic product at market prices,Estonia,"Chain linked volumes, index 2010=100",EST_YER_ESTAT,71.627,75.84,81.098,87.258,93.192,102.067,112.031,120.513,114.337,97.609,100,107.607,111.558,113.518,117.29,119.446,123.14,130.079,134.891,139.918,135.883,147.1,145.297,141.309,141.182,NA
Gross domestic product at market prices,Ireland,"Chain linked volumes, index 2010=100",IRL_YER_ESTAT,75.645,79.658,84.358,86.9,92.799,98.125,103.02,108.49,103.625,98.345,100,101.609,101.197,103.417,113.123,140.978,142.702,157.128,169.209,177.623,190.33,221.274,237.894,231.86,237.887,NA
Gross domestic product at market prices,Greece,"Chain linked volumes, index 2010=100",GRC_YER_ESTAT,81.179,84.954,88.932,94.087,99.147,100.321,106.785,110.53,110.593,106.038,100,90.123,82.615,80.738,81.377,81.192,81.166,82.362,84.062,85.976,78.07,84.826,89.51,91.422,93.33,NA
Gross domestic product at market prices,Spain,"Chain linked volumes, index 2010=100",ESP_YER_ESTAT,81.489,84.683,87.016,89.574,92.364,95.644,99.511,103.028,103.818,99.906,100,99.36,96.513,95.136,96.582,100.504,103.434,106.43,108.979,111.116,98.96,105.574,112.299,115.063,119.038,122.331
Gross domestic product at market prices,France,"Chain linked volumes, index 2010=100",FRA_YER_ESTAT,87.566,89.23,90.182,91.055,93.667,95.436,98.026,100.506,100.889,98.039,100,102.438,102.626,103.428,104.46,105.575,106.483,108.701,110.49,112.73,104.343,111.524,114.554,116.202,117.586,NA
Gross domestic product at market prices,Croatia,"Chain linked volumes, index 2010=100",HRV_YER_ESTAT,77.206,79.608,84.228,88.918,92.626,96.634,101.533,106.659,108.763,101.354,100,99.889,97.654,97.524,96.98,99.23,102.669,106.041,109.128,112.513,103.162,116.193,124.669,129.359,134.309,NA
Gross domestic product at market prices,Italy,"Chain linked volumes, index 2010=100",ITA_YER_ESTAT,97.221,99.171,99.439,99.505,100.972,101.742,103.573,105.087,104.012,98.494,100,100.695,97.548,95.775,95.774,96.622,97.816,99.385,100.207,100.637,91.712,99.903,104.719,105.741,106.474,NA
Gross domestic product at market prices,Cyprus,"Chain linked volumes, index 2010=100",CYP_YER_ESTAT,71.787,74.625,77.403,79.434,83.426,87.475,91.598,96.268,99.779,97.768,100,100.417,96.955,90.568,88.96,92.001,98.049,103.687,110.19,116.665,112.907,125.776,136.182,141.111,146.672,NA
Gross domestic product at market prices,Latvia,"Chain linked volumes, index 2010=100",LVA_YER_ESTAT,68.109,72.509,78.067,84.647,92.033,102.723,115.897,127.967,123.631,103.8,100,103.036,110.563,112.881,115.246,119.606,122.658,126.827,132.293,133.186,128.566,137.491,140.116,138.796,138.732,NA
Gross domestic product at market prices,Lithuania,"Chain linked volumes, index 2010=100",LTU_YER_ESTAT,66.275,70.572,75.315,83.262,88.676,95.532,102.597,113.962,116.925,99.575,100,106.324,110.984,115.475,119.831,123.226,126.519,132.354,138.864,145.359,145.421,154.72,158.535,159.707,164.547,NA
Gross domestic product at market prices,Luxembourg,"Chain linked volumes, index 2010=100",LUX_YER_ESTAT,74.741,77.039,79.524,81.607,85.06,87.172,92.417,99.902,99.602,96.376,100,101.044,102.711,105.969,108.749,111.217,116.754,118.292,120.198,123.502,122.872,131.387,129.945,130.075,130.541,NA
Gross domestic product at market prices,Hungary,"Chain linked volumes, index 2010=100",HUN_YER_ESTAT,81.234,84.534,88.532,92.019,96.586,100.74,104.703,105.051,106.094,98.943,100,101.917,100.552,102.595,107.042,110.959,113.665,118.353,124.988,131.334,125.636,134.71,140.304,139.157,139.937,NA
Gross domestic product at market prices,Malta,"Chain linked volumes, index 2010=100",MLT_YER_ESTAT,77.907,77.318,79.437,82.371,82.706,85.089,87.077,91.463,95.497,94.164,100,100.992,105.135,111.75,120.278,131.85,137.226,155.027,166.172,172.96,166.98,189.262,194.192,214.817,229.845,NA
Gross domestic product at market prices,Netherlands,"Chain linked volumes, index 2010=100",NLD_YER_ESTAT,87.276,89.304,89.524,89.611,91.418,93.277,96.577,100.329,102.453,98.698,100,101.773,100.778,100.748,102.372,104.543,107.078,110.056,112.542,115.131,110.677,117.624,123.514,122.775,124.102,126.407
Gross domestic product at market prices,Austria,"Chain linked volumes, index 2010=100",AUT_YER_ESTAT,85.856,86.987,88.278,89.286,91.576,93.701,96.764,100.417,101.877,98.223,100,102.927,103.574,103.314,104.095,105.452,107.685,110.132,112.868,114.848,107.592,112.889,118.907,117.972,117.194,NA
Gross domestic product at market prices,Poland,"Chain linked volumes, index 2010=100",POL_YER_ESTAT,68.868,69.718,71.044,73.547,77.291,79.811,84.761,90.491,94.458,96.928,100,105.255,106.847,107.578,111.795,116.75,120.289,126.487,134.387,140.542,137.681,147.219,154.956,155.343,160.047,NA
Gross domestic product at market prices,Portugal,"Chain linked volumes, index 2010=100",PRT_YER_ESTAT,92.991,94.798,95.529,94.64,96.333,97.086,98.664,101.137,101.46,98.292,100,98.286,94.305,93.377,94.069,95.565,97.48,100.711,103.678,106.525,97.785,103.221,110.432,113.855,116.291,NA
Gross domestic product at market prices,Romania,"Chain linked volumes, index 2010=100",ROU_YER_ESTAT,66.116,69.566,73.533,75.254,83.102,86.981,93.965,100.762,110.141,104.065,100,104.496,106.485,106.782,111.177,114.687,117.967,127.635,134.52,139.847,134.815,142.348,148.309,151.658,153.047,NA
Gross domestic product at market prices,Slovenia,"Chain linked volumes, index 2010=100",SVN_YER_ESTAT,76.677,78.846,81.434,84.036,87.856,91.242,96.634,103.532,107.024,98.9,100,100.655,97.721,96.916,99.593,101.977,105.071,110.508,115.347,119.391,114.514,124.152,127.465,130.493,132.753,NA
Gross domestic product at market prices,Slovakia,"Chain linked volumes, index 2010=100",SVK_YER_ESTAT,61.61,63.412,66.213,69.429,73.171,77.916,84.871,94.052,99.097,93.641,100,102.562,104.172,104.904,107.745,113.323,115.53,118.852,123.679,126.494,123.224,130.193,130.902,133.668,136.259,NA
Gross domestic product at market prices,Finland,"Chain linked volumes, index 2010=100",FIN_YER_ESTAT,83.916,86.132,87.585,89.347,92.926,95.507,99.346,104.624,105.445,96.929,100,102.39,100.831,99.843,99.366,99.829,102.397,105.78,107.042,108.486,105.784,108.615,109.444,108.032,108.437,NA
Gross domestic product at market prices,Sweden,"Chain linked volumes, index 2010=100",SWE_YER_ESTAT,81.566,82.676,84.559,86.149,89.75,92.257,96.571,99.685,98.765,94.562,100,103.164,102.736,103.905,106.291,110.955,113.32,115.453,117.497,120.562,118.23,124.409,125.971,125.713,126.898,NA
Gross domestic product at market prices,Iceland,"Chain linked volumes, index 2010=100",ISL_YER_ESTAT,77.606,80.587,81.024,82.873,89.19,95.459,100.873,109.691,111.555,102.272,100,101.38,102.565,106.255,108.288,112.369,119.356,123.516,129.273,130.744,122.055,128.378,139.702,146.811,145.042,NA
Gross domestic product at market prices,Liechtenstein,"Chain linked volumes, index 2010=100",LIE_YER_ESTAT,NA,NA,NA,NA,NA,NA,NA,NA,NA,NA,NA,NA,NA,NA,NA,NA,NA,NA,NA,NA,NA,NA,NA,NA,NA,NA
Gross domestic product at market prices,Norway,"Chain linked volumes, index 2010=100",NOR_YER_ESTAT,85.599,87.368,88.572,89.409,92.998,95.495,97.846,100.697,101.182,99.219,100,101.106,103.854,104.909,107.058,109.046,110.316,113.034,113.971,115.252,113.779,118.226,122.064,122.152,124.714,NA
Gross domestic product at market prices,Switzerland,"Chain linked volumes, index 2010=100",CHE_YER_ESTAT,82.82,84.139,84.459,84.219,86.397,88.948,92.625,96.315,98.753,96.842,100,101.408,102.548,104.431,107.087,108.644,110.721,112.294,116.03,117.324,114.678,121.761,126.065,127.105,128.872,NA
Gross domestic product at market prices,United Kingdom,"Chain linked volumes, index 2010=100",GBR_YER_ESTAT,85.339,87.669,89.579,92.554,94.67,97.469,100.094,102.457,102.171,97.968,100,101.276,102.724,104.97,107.975,110.527,112.43,114.387,115.82,117.407,NA,NA,NA,NA,NA,NA
Gross domestic product at market prices,Bosnia & Herzegovina,"Chain linked volumes, index 2010=100",BIH_YER_ESTAT,70.379,72.085,75.709,78.637,83.611,86.869,91.572,96.937,102.213,99.142,100,100.96,100.13,102.483,103.665,108.106,111.611,115.232,119.644,123.097,119.386,128.21,133.629,136.295,140.693,NA
Gross domestic product at market prices,Montenegro,"Chain linked volumes, index 2010=100",MNE_YER_ESTAT,NA,NA,NA,NA,NA,NA,90.374,96.824,103.504,97.299,100,103.41,100.838,104.252,106.723,109.416,113.179,116.82,122.349,127.725,108.575,122.74,132.24,140.807,145.262,NA
Gross domestic product at market prices,North Macedonia,"Chain linked volumes, index 2010=100",MKD_YER_ESTAT,74.6,72.312,73.392,75.023,78.53,82.239,86.464,92.061,97.099,96.75,100,102.34,101.873,104.853,108.659,112.848,116.063,117.318,120.697,125.417,119.537,124.929,128.375,131.655,135.597,NA
Gross domestic product at market prices,Albania,"Chain linked volumes, index 2010=100",ALB_YER_ESTAT,59.005,64.235,67.208,70.792,74.52,78.344,83.059,88.458,94.568,97.113,100,102.464,103.472,105.238,107.596,109.993,114.292,118.045,122.379,124.903,120.764,131.596,137.948,143.487,149.292,NA
Gross domestic product at market prices,Serbia,"Chain linked volumes, index 2010=100",SRB_YER_ESTAT,64.168,68.518,73,76.328,81.432,86.239,89.603,96.621,101.608,98.415,100,100.054,99.61,100.06,98.255,99.528,102.489,104.911,109.789,115.004,113.911,122.966,126.291,131.024,136.199,NA
Gross domestic product at market prices,Turkey,"Chain linked volumes, index 2010=100",TUR_YER_ESTAT,66.79,63.144,67.208,71.105,78.163,85.284,91.312,95.976,96.859,92.13,100,110.98,116.315,126.189,131.994,139.657,144.299,155.592,160.988,163.083,166.024,185.633,195.734,205.609,212.451,NA
Gross domestic product at market prices,Ukraine,"Chain linked volumes, index 2010=100",UKR_YER_ESTAT,NA,NA,NA,NA,NA,NA,NA,NA,NA,NA,100,105.466,105.717,105.689,98.764,89.111,91.287,93.441,96.701,99.794,96.049,99.359,70.785,74.702,NA,NA
Final consumption expenditure of general government,Belgium,"Chain linked volumes, index 2010=100",BEL_GCR_ESTAT,83.923,85.706,88.527,90.18,92.348,92.684,93.374,95.172,98.122,99.751,100,100.44,101.569,101.809,103.164,103.495,103.392,103.775,105.25,107.388,107.159,111.622,115.148,118.251,120.363,NA
Final consumption expenditure of general government,Bulgaria,"Chain linked volumes, index 2010=100",BGR_GCR_ESTAT,84.331,85.166,85.594,92.495,96.913,97.638,103.132,102.082,104.018,97.918,100,102.337,100.456,101.112,101.026,102.845,105.098,109.601,115.461,117.777,127.594,128.225,138.451,139.984,145.053,NA
Final consumption expenditure of general government,Czechia,"Chain linked volumes, index 2010=100",CZE_GCR_ESTAT,81.004,83.091,89.751,94.899,93.215,94.318,94.917,95.537,96.839,99.451,100,96.213,94.102,96.408,97.612,99.331,101.76,103.522,107.191,110.005,114.551,116.238,116.677,120.408,124.186,NA
Final consumption expenditure of general government,Denmark,"Chain linked volumes, index 2010=100",DNK_GCR_ESTAT,83.039,84.616,86.421,86.639,87.97,89.161,91.466,92.553,95.593,98.398,100,99.418,100.262,100.25,102.266,104.358,104.419,105.423,105.869,106.915,104.915,110.059,107.452,107.699,108.734,NA
Final consumption expenditure of general government,Germany,"Chain linked volumes, index 2010=100",DEU_GCR_ESTAT,87.164,87.478,88.683,89.247,88.758,89.26,90.364,92.058,95.546,98.419,100,100.991,102.284,103.94,105.797,108.833,113.187,114.994,116.173,119.573,125.471,129.398,130.176,129.912,133.25,135.194
Final consumption expenditure of general government,Estonia,"Chain linked volumes, index 2010=100",EST_GCR_ESTAT,77.265,78.652,81.78,84.9,86.962,89.509,93.777,99.428,103.982,100.685,100,102.394,105.649,108.589,110.085,113.497,116.393,118.618,119.951,123.899,128.769,133.642,131.565,132.365,134.747,NA
Final consumption expenditure of general government,Ireland,"Chain linked volumes, index 2010=100",IRL_GCR_ESTAT,74.565,82.059,87.589,90.215,91.743,95.777,100.405,107.014,107.873,104.81,100,102.156,99.737,97.544,100.368,103.161,107.755,112.305,118.604,125.355,138.314,147.828,153.276,163.026,170.902,NA
Final consumption expenditure of general government,Greece,"Chain linked volumes, index 2010=100",GRC_GCR_ESTAT,76.967,80.68,82.538,86.25,89.77,93.008,99.743,104.625,102.102,104.399,100,92.784,88.258,82.697,81.886,83.843,84.091,83.14,80.358,81.996,84.482,86.023,86.007,88.431,86.173,NA
Final consumption expenditure of general government,Spain,"Chain linked volumes, index 2010=100",ESP_GCR_ESTAT,66.9,69.234,71.841,74.999,79.54,83.35,86.739,91.171,95.684,99.304,100,100.559,96.658,94.462,93.956,95.768,96.611,97.533,99.583,101.762,105.337,109.157,109.991,114.946,118.319,120.443
Final consumption expenditure of general government,France,"Chain linked volumes, index 2010=100",FRA_GCR_ESTAT,84.732,85.446,86.875,88.841,90.702,92.137,93.381,95.047,96.089,98.765,100,101.444,103.094,104.798,106.168,107.316,108.978,110.771,111.69,112.84,108.021,115.183,118.266,119.918,121.646,NA
Final consumption expenditure of general government,Croatia,"Chain linked volumes, index 2010=100",HRV_GCR_ESTAT,76.784,74.326,79.496,81.147,83.763,86.315,91.965,97.863,98.66,100.56,100,102.068,100.799,101.588,103.29,102.71,103.776,105.852,107.595,110.92,114.74,117.997,120.604,128.585,137.983,NA
Final consumption expenditure of general government,Italy,"Chain linked volumes, index 2010=100",ITA_GCR_ESTAT,90.177,95.123,96.393,97.709,98.508,99.026,98.401,98.765,100.133,100.457,100,97.749,95.469,94.44,93.873,93.775,94.96,95.225,95.207,94.798,95.12,97.321,98.118,99.174,100.121,NA
Final consumption expenditure of general government,Cyprus,"Chain linked volumes, index 2010=100",CYP_GCR_ESTAT,64.466,69.403,72.926,78.554,77.348,79.31,85.228,88.249,93.801,99.676,100,101.803,99.451,94.64,87.765,88.949,89.271,90.669,94.012,104.34,115.775,126.032,132.01,136.757,138.979,NA
Final consumption expenditure of general government,Latvia,"Chain linked volumes, index 2010=100",LVA_GCR_ESTAT,89.427,94.052,98.229,102.579,105.33,106.684,113.882,118.399,121.791,108.88,100,101.746,101.505,103.574,107.687,109.654,112.403,116.633,118.902,125.585,130.516,135.292,135.767,139.117,138.515,NA
Final consumption expenditure of general government,Lithuania,"Chain linked volumes, index 2010=100",LTU_GCR_ESTAT,86.636,87.896,89.737,92.762,96.62,100.057,102.162,104.053,104.299,102.928,100,99.681,100.987,101.727,102.014,102.174,102.316,101.987,102.197,101.895,100.47,101.667,103.549,103.516,105.136,NA
Final consumption expenditure of general government,Luxembourg,"Chain linked volumes, index 2010=100",LUX_GCR_ESTAT,73.977,79.029,81.624,83.554,86.223,88.804,88.885,89.246,92.11,96.357,100,102.807,106.754,111.08,112.34,114.51,115.779,120.46,126.95,130.213,140.061,146.773,152.705,155.137,162.755,NA
Final consumption expenditure of general government,Hungary,"Chain linked volumes, index 2010=100",HUN_GCR_ESTAT,83.498,86.818,91.584,96.253,97.085,99.028,100.816,96.513,99.461,100.19,100,100.374,99.007,102.091,107.356,109.448,110.204,113.229,115.276,122.154,121.793,124.512,128.03,132.257,129.844,NA
Final consumption expenditure of general government,Malta,"Chain linked volumes, index 2010=100",MLT_GCR_ESTAT,79.318,80.709,83.784,87.294,87.766,86.989,90.092,91.767,103.217,99.591,100,103.538,109.689,111.543,122.359,131.912,139.232,148.568,161.411,176.097,197.219,208.203,207.819,215.705,235.767,NA
Final consumption expenditure of general government,Netherlands,"Chain linked volumes, index 2010=100",NLD_GCR_ESTAT,72.553,75.587,78.895,81.144,81.028,82.059,88.833,91.709,94.439,99.031,100,99.68,98.617,98.519,99.275,99.105,100.453,101.759,103.523,106.394,108.099,113.137,114.573,117.772,121.992,125.218
Final consumption expenditure of general government,Austria,"Chain linked volumes, index 2010=100",AUT_GCR_ESTAT,86.034,85.64,86.261,87.124,88.437,90.257,93.341,94.622,98.059,99.949,100,99.974,99.922,100.607,101.341,102.247,103.702,104.339,105.363,106.698,105.826,114.008,114.012,114.752,119.13,NA
Final consumption expenditure of general government,Poland,"Chain linked volumes, index 2010=100",POL_GCR_ESTAT,70.367,73.045,74.546,77.16,80.131,82.911,87.507,90.267,94.245,97.304,100,98.221,97.915,100.331,104.296,106.791,108.878,111.872,115.792,123.314,129.29,135.718,136.497,142.706,155.119,NA
Final consumption expenditure of general government,Portugal,"Chain linked volumes, index 2010=100",PRT_GCR_ESTAT,85.445,88.607,90.936,92.597,95.142,97.797,97.44,97.974,98.504,101.243,100,96.208,92.803,90.805,90.388,91.057,91.949,92.053,92.539,94.474,94.851,98.44,100.071,101.85,103.343,NA
Final consumption expenditure of general government,Romania,"Chain linked volumes, index 2010=100",ROU_GCR_ESTAT,112.912,108.595,105.848,92.739,93.726,100.455,97.995,100.115,106.025,101.725,100,98.513,105.606,103.857,109.576,107.667,108.001,112.608,116.973,125.314,128.53,128.048,126.261,131.249,132.846,NA
Final consumption expenditure of general government,Slovenia,"Chain linked volumes, index 2010=100",SVN_GCR_ESTAT,76.726,78.805,81.212,83.326,86.386,88.893,91.656,93.288,97.935,100.18,100,99.447,96.861,94.938,94.739,96.983,99.26,100.133,102.405,104.395,108.652,115.381,114.696,117.056,125.62,NA
Final consumption expenditure of general government,Slovakia,"Chain linked volumes, index 2010=100",SVK_GCR_ESTAT,69.787,72.138,73.656,76.635,74.744,79.513,87.142,87.46,92.586,97.851,100,96.967,96.593,97.829,100.905,106.059,108.607,109.731,109.469,114.647,113.593,117.799,114.383,111.511,115.938,NA
Final consumption expenditure of general government,Finland,"Chain linked volumes, index 2010=100",FIN_GCR_ESTAT,86.279,88.316,90.366,91.536,92.913,94.751,95.805,97.072,98.797,100.207,100,99.944,100.529,101.731,101.508,102.729,103.573,103.744,105.792,108.53,109.005,113.66,112.958,117.664,119.963,NA
Final consumption expenditure of general government,Sweden,"Chain linked volumes, index 2010=100",SWE_GCR_ESTAT,91.018,91.076,93.073,93.426,92.913,93.228,94.676,95.253,96.296,98.63,100,100.768,101.787,103.643,104.816,107.124,111.099,111.334,112.148,112.154,110.404,114.195,114.971,116.147,117.285,NA
Final consumption expenditure of general government,Iceland,"Chain linked volumes, index 2010=100",ISL_GCR_ESTAT,77.942,81.507,85.851,87.269,89.13,93.362,97.615,101.596,106.435,103.036,100,99.813,97.967,98.476,98.31,98.298,99.311,102.058,106.399,110.443,115.806,118.645,120.696,123.548,125.779,NA
Final consumption expenditure of general government,Liechtenstein,"Chain linked volumes, index 2010=100",LIE_GCR_ESTAT,NA,NA,NA,NA,NA,NA,NA,NA,NA,NA,NA,NA,NA,NA,NA,NA,NA,NA,NA,NA,NA,NA,NA,NA,NA,NA
Final consumption expenditure of general government,Norway,"Chain linked volumes, index 2010=100",NOR_GCR_ESTAT,77.993,81.115,84.049,85.071,86.104,87.783,89.718,91.527,93.872,97.854,100,101.093,102.634,103.626,106.413,108.965,111.505,113.608,114.284,115.564,114.965,119.123,121.3,125.373,128.339,NA
Final consumption expenditure of general government,Switzerland,"Chain linked volumes, index 2010=100",CHE_GCR_ESTAT,90.915,91.262,93.137,94.803,95.956,96.775,96.584,97.389,97.919,100.202,100,100.684,100.824,102.537,104.703,105.758,106.539,108.032,108.897,110.091,114.092,117.415,116.75,118.402,119.943,NA
Final consumption expenditure of general government,United Kingdom,"Chain linked volumes, index 2010=100",GBR_GCR_ESTAT,77.041,80.379,83.877,87.009,90.324,93.726,95.294,96.144,98.318,99.31,100,100.964,101.658,101.172,103.211,105.054,106.116,106.892,107.575,111.886,NA,NA,NA,NA,NA,NA
Final consumption expenditure of general government,Bosnia & Herzegovina,"Chain linked volumes, index 2010=100",BIH_GCR_ESTAT,85.826,82.444,82.878,86.968,86.937,88.322,90.97,94.286,97.257,98.352,100,99.102,100.311,100.105,101.599,102.78,102.658,104.086,105.451,106.512,108.141,111.235,112.703,115.096,118.326,NA
Final consumption expenditure of general government,Montenegro,"Chain linked volumes, index 2010=100",MNE_GCR_ESTAT,NA,NA,NA,NA,NA,NA,88.686,98.442,101.126,100.746,100,99.787,102.464,104.017,107.539,111.386,110.687,109.093,115.61,117.53,117.544,115,117.153,120.486,122.454,NA
Final consumption expenditure of general government,North Macedonia,"Chain linked volumes, index 2010=100",MKD_GCR_ESTAT,87.666,118.751,100.038,85.759,85.168,86.139,90.631,94.022,103.59,103.76,100,101.192,103.655,104.16,107.309,111.51,106.057,103.339,104.921,107.499,118.012,119.045,113.907,112.67,113.109,NA
Final consumption expenditure of general government,Albania,"Chain linked volumes, index 2010=100",ALB_GCR_ESTAT,74.664,81.661,85.805,85.092,88.718,87.356,85.222,86.364,92.72,96.181,100,103.234,102.139,104.397,113.052,110.181,118.075,119.229,122.911,134.108,140.027,143.379,146.58,153.028,162.186,NA
Final consumption expenditure of general government,Serbia,"Chain linked volumes, index 2010=100",SRB_GCR_ESTAT,78.134,83.737,87.597,89.421,91.32,87.285,89.969,96.219,99.89,99.214,100,100.321,102.351,99.573,98.663,94.579,92.962,95.088,98.714,102.412,105.687,110.084,111.523,108.837,113.156,NA
Final consumption expenditure of general government,Turkey,"Chain linked volumes, index 2010=100",TUR_GCR_ESTAT,62.372,62.789,66.573,67.102,71.808,74.631,82.464,88.52,91.952,100.195,100,104.626,110.588,118.83,125.054,121.802,134.251,140.655,152.041,158.969,163.367,170.207,177.929,181.934,180.478,NA
Final consumption expenditure of general government,Ukraine,"Chain linked volumes, index 2010=100",UKR_GCR_ESTAT,NA,NA,NA,NA,NA,NA,NA,NA,NA,NA,100,97.146,101.532,100.607,101.76,103.509,102.971,108.284,108.2,93.473,92.794,93.551,122.919,134.227,NA,NA
Household and NPISH final consumption expenditure,Belgium,"Chain linked volumes, index 2010=100",BEL_PCR_ESTAT,85.889,86.699,87.229,87.855,88.79,90.072,91.671,93.589,94.876,96.342,100,100.608,102.01,103.362,104.389,106.086,107.791,109.851,111.622,113.237,105.09,110.953,115.035,116.267,118.631,NA
Household and NPISH final consumption expenditure,Bulgaria,"Chain linked volumes, index 2010=100",BGR_PCR_ESTAT,57.228,61.62,65.128,69.358,75.928,81.482,88.435,98.598,102.04,97.689,100,101.989,105.794,101.706,103.213,106.083,108.295,110.956,114.606,121.479,121.166,131.625,136.908,138.369,145.212,NA
Household and NPISH final consumption expenditure,Czechia,"Chain linked volumes, index 2010=100",CZE_PCR_ESTAT,74.809,76.999,79.497,83.342,85.854,88.826,92.108,95.916,98.852,98.242,100,100.56,99.875,100.664,102.043,105.739,109.532,114.455,118.494,122.134,114.28,119.059,119.691,116.587,119.443,NA
Household and NPISH final consumption expenditure,Denmark,"Chain linked volumes, index 2010=100",DNK_PCR_ESTAT,86.721,87.158,88.437,89.598,93.927,97.572,100.285,102.197,102.395,98.713,100,100.24,100.599,102.118,101.879,103.887,107.296,110.208,114.347,116.371,114.889,121.341,118.689,115.673,116.807,NA
Household and NPISH final consumption expenditure,Germany,"Chain linked volumes, index 2010=100",DEU_PCR_ESTAT,95.165,96.105,95.566,96.284,96.896,97.773,99.166,99.018,99.082,99.441,100,101.182,102.322,102.407,103.42,105.806,108.171,109.796,111.348,113.206,105.563,107.643,114.673,113.924,114.525,116.077
Household and NPISH final consumption expenditure,Estonia,"Chain linked volumes, index 2010=100",EST_PCR_ESTAT,65.982,70.566,77.379,84.894,91.801,100.732,113.701,123.287,117.701,101.286,100,103.734,109.228,113.967,118.751,124.365,129.693,132.627,138.733,144.663,143.452,153.744,158.221,156.098,156.247,NA
Household and NPISH final consumption expenditure,Ireland,"Chain linked volumes, index 2010=100",IRL_PCR_ESTAT,74.707,78.244,81.089,83.353,86.535,92.613,98.528,105.104,105.305,99.699,100,98.476,97.433,97.376,99.805,102.985,107.397,111.058,117.141,120.367,108.102,117.801,130.531,136.247,140.323,NA
Household and NPISH final consumption expenditure,Greece,"Chain linked volumes, index 2010=100",GRC_PCR_ESTAT,79.435,83.716,88.631,91.929,95.782,99.145,100.975,105.738,109.624,107.953,100,92.054,83.412,80.814,80.907,81.217,81.493,83.585,85.478,87.713,82.277,86.465,94.464,96.633,98.964,NA
Household and NPISH final consumption expenditure,Spain,"Chain linked volumes, index 2010=100",ESP_PCR_ESTAT,80.96,84.153,86.77,88.866,92.529,96.413,100.345,103.83,103.17,99.529,100,97.584,94.363,91.655,93.245,96.039,98.59,101.623,103.385,104.565,91.943,98.476,103.31,105.147,108.381,112.105
Household and NPISH final consumption expenditure,France,"Chain linked volumes, index 2010=100",FRA_PCR_ESTAT,82.774,84.899,86.725,88.122,89.822,92.098,94.632,97.251,97.779,98.053,100,100.8,100.439,101.044,102.076,103.722,105.499,107.05,108.185,109.998,102.898,108.304,111.898,112.656,113.854,NA
Household and NPISH final consumption expenditure,Croatia,"Chain linked volumes, index 2010=100",HRV_PCR_ESTAT,77.045,81.135,88.855,92.914,97.187,101.641,102.965,108.145,111.494,101.56,100,100.993,98.572,97.012,94.607,94.962,97.968,101.079,104.488,108.751,103.129,114.214,122.083,126.079,133.66,NA
Household and NPISH final consumption expenditure,Italy,"Chain linked volumes, index 2010=100",ITA_PCR_ESTAT,95.553,96.221,96.224,96.907,97.83,99.103,100.414,101.552,100.47,98.993,100,100.19,96.561,94.375,94.647,96.386,97.135,98.321,98.822,98.802,88.343,93.493,98.419,98.97,99.519,NA
Household and NPISH final consumption expenditure,Cyprus,"Chain linked volumes, index 2010=100",CYP_PCR_ESTAT,65.373,68.997,71.124,74.225,79.564,82.675,85.913,94.288,102.032,95.374,100,99.109,96.361,89.612,89.575,92.378,97.124,101.818,107.939,112.801,105.909,110.895,122.549,129.985,135.176,NA
Household and NPISH final consumption expenditure,Latvia,"Chain linked volumes, index 2010=100",LVA_PCR_ESTAT,65.391,68.765,73.543,79.379,87.615,97.696,117.185,131.037,118.954,96.38,100,100.634,106.575,113.717,114.736,116.841,121.404,124.811,129.32,129.172,122.997,132.901,139.633,138.368,138.494,NA
Household and NPISH final consumption expenditure,Lithuania,"Chain linked volumes, index 2010=100",LTU_PCR_ESTAT,65.106,67.825,71.918,80.085,88.796,99.142,108.242,121.789,126.525,104.53,100,103.931,107.032,110.932,115.428,120.256,124.809,128.686,133.256,137.012,132.652,143.345,145.999,145.819,150.37,NA
Household and NPISH final consumption expenditure,Luxembourg,"Chain linked volumes, index 2010=100",LUX_PCR_ESTAT,77.358,79.923,84.049,86.092,87.114,86.681,90.253,92.396,94.595,96.788,100,101.651,104.123,104.922,108.087,111.379,115.119,118.545,122.171,124.863,115.281,128.447,136.925,142.131,146.717,NA
Household and NPISH final consumption expenditure,Hungary,"Chain linked volumes, index 2010=100",HUN_PCR_ESTAT,83.624,87.524,94.062,101.718,103.705,106.774,109.112,110.169,108.749,101.574,100,100.578,98.809,99.105,101.576,105.533,110.645,116.731,122.605,128.959,129.173,135.927,145.973,142.644,150.645,NA
Household and NPISH final consumption expenditure,Malta,"Chain linked volumes, index 2010=100",MLT_PCR_ESTAT,82.792,84.184,82.876,87.701,89.504,92.582,95.246,97.917,99.152,97.619,100,103.785,104.801,108.482,111.915,115.707,119.004,126.898,139.874,147.795,132.531,146.72,160.803,181.335,192.455,NA
Household and NPISH final consumption expenditure,Netherlands,"Chain linked volumes, index 2010=100",NLD_PCR_ESTAT,94.651,96.668,97.845,97.744,98.488,99.36,99.191,101.022,101.864,99.862,100,100.435,99.62,98.995,99.651,101.858,103.212,105.533,108.039,109.166,102.471,107.038,114.464,115.306,116.61,118.228
Household and NPISH final consumption expenditure,Austria,"Chain linked volumes, index 2010=100",AUT_PCR_ESTAT,86.338,87.697,88.06,90.057,91.915,93.921,95.75,96.905,97.908,98.751,100,101.129,101.791,101.484,101.498,102.658,104.522,106.485,107.387,108.123,99.932,104.846,110.473,110.22,111.302,NA
Household and NPISH final consumption expenditure,Poland,"Chain linked volumes, index 2010=100",POL_PCR_ESTAT,69.75,71.137,73.767,74.839,77.817,79.088,82.94,87.28,93.394,96.202,100,102.791,103.636,103.324,106.604,110.78,114.963,121.935,127.855,132.003,127.733,135.652,142.641,142.282,146.55,NA
Household and NPISH final consumption expenditure,Portugal,"Chain linked volumes, index 2010=100",PRT_PCR_ESTAT,89.478,90.254,91.424,91.131,93.446,94.933,96.361,98.75,100.145,97.774,100,96.309,91.154,90.098,92.203,93.834,96.048,97.757,100.259,103.729,96.718,101.452,107.109,109.693,112.96,NA
Household and NPISH final consumption expenditure,Romania,"Chain linked volumes, index 2010=100",ROU_PCR_ESTAT,50.864,55.105,59.014,63.96,74.091,82.408,90.82,103.391,112.388,105.25,100,104.491,106.462,101.192,105.303,111.525,118.265,131.949,144.307,148.829,143.437,153.44,161.787,165.87,175.338,NA
Household and NPISH final consumption expenditure,Slovenia,"Chain linked volumes, index 2010=100",SVN_PCR_ESTAT,76.604,78.337,79.912,82.972,85.307,87.115,88.344,94.368,96.921,98.98,100,100.547,98.096,94.365,95.435,97.732,101.732,104.284,107.835,113.765,106.769,118.792,123.468,123.445,128.156,NA
Household and NPISH final consumption expenditure,Slovakia,"Chain linked volumes, index 2010=100",SVK_PCR_ESTAT,64.12,67.446,71.319,71.704,76.577,80.256,85.432,92.218,98.705,98.721,100,98.257,98.819,97.251,99.672,102.864,106.605,112.946,117.604,120.905,121.405,125.13,131.295,127.461,131.933,NA
Household and NPISH final consumption expenditure,Finland,"Chain linked volumes, index 2010=100",FIN_PCR_ESTAT,78.319,80.422,82.436,85.841,89.064,91.892,95.497,98.843,100.789,97.844,100,102.892,103.295,102.792,103.341,104.744,106.68,107.156,108.379,108.826,105.098,108.462,109.395,109.115,108.913,NA
Household and NPISH final consumption expenditure,Sweden,"Chain linked volumes, index 2010=100",SWE_PCR_ESTAT,79.798,80.44,82.228,83.527,85.906,88.621,91.143,95.176,95.166,96.177,100,101.853,103.004,104.887,107.922,112.435,114.862,117.737,119.959,120.902,117.277,123.907,127.349,125.3,126.086,NA
Household and NPISH final consumption expenditure,Iceland,"Chain linked volumes, index 2010=100",ISL_PCR_ESTAT,90.367,87.847,87.21,92.389,98.993,110.54,114.759,122.446,114.273,100.154,100,102.168,104.229,105.164,107.906,111.437,117.322,125.677,130.388,131.53,128.3,138.749,149.203,150.068,151.45,NA
Household and NPISH final consumption expenditure,Liechtenstein,"Chain linked volumes, index 2010=100",LIE_PCR_ESTAT,NA,NA,NA,NA,NA,NA,NA,NA,NA,NA,NA,NA,NA,NA,NA,NA,NA,NA,NA,NA,NA,NA,NA,NA,NA,NA
Household and NPISH final consumption expenditure,Norway,"Chain linked volumes, index 2010=100",NOR_PCR_ESTAT,71.654,73.132,75.426,77.834,82.075,85.689,89.939,94.712,96.301,96.33,100,102.365,105.95,108.929,111.185,114.198,115.481,118.066,119.758,120.983,113.457,119.24,128.584,126.999,128.807,NA
Household and NPISH final consumption expenditure,Switzerland,"Chain linked volumes, index 2010=100",CHE_PCR_ESTAT,85.93,87.889,87.999,88.382,90.104,91.78,93.287,95.151,96.621,98,100,101.512,103.89,106.369,107.33,109.877,111.323,112.944,113.037,114.639,110.327,112.726,118.215,119.878,122.738,NA
Household and NPISH final consumption expenditure,United Kingdom,"Chain linked volumes, index 2010=100",GBR_PCR_ESTAT,83.936,86.926,89.791,92.784,95.739,98.109,99.689,102.028,101.637,98.859,100,99.899,101.614,104.29,106.729,109.942,113.681,114.97,116.611,117.894,NA,NA,NA,NA,NA,NA
Household and NPISH final consumption expenditure,Bosnia & Herzegovina,"Chain linked volumes, index 2010=100",BIH_PCR_ESTAT,71.204,74.371,78.416,81.647,86.923,90.567,93.183,97.856,102.736,99.771,100,100.281,99.801,99.9,101.522,102.775,103.881,105.512,107.546,109.359,106.213,110.703,115.33,119.367,124.657,NA
Household and NPISH final consumption expenditure,Montenegro,"Chain linked volumes, index 2010=100",MNE_PCR_ESTAT,NA,NA,NA,NA,NA,NA,90.933,101.921,113.3,96.824,100,100.629,97.648,99.374,102.366,103.14,110.647,115.049,118.616,123.53,117.809,124.233,140.955,150.975,166.601,NA
Household and NPISH final consumption expenditure,North Macedonia,"Chain linked volumes, index 2010=100",MKD_PCR_ESTAT,71.616,64.382,70.78,73.959,79.5,85.204,88.375,95.102,99.655,96.362,100,94.641,95.775,97.558,99.691,104.108,108.146,110.403,114.472,118.754,114.527,124.359,131.206,133.374,136.224,NA
Household and NPISH final consumption expenditure,Albania,"Chain linked volumes, index 2010=100",ALB_PCR_ESTAT,52.108,54.682,58.898,64.885,68.003,72.811,77.795,88.92,98.978,99.657,100,101.854,102.406,103.166,107.482,109.322,113.737,114.116,117.462,121.257,114.464,119.668,126.859,130.34,135.138,NA
Household and NPISH final consumption expenditure,Serbia,"Chain linked volumes, index 2010=100",SRB_PCR_ESTAT,62.685,65.29,71.253,73.14,82.432,84.402,93.173,100.714,104.682,100.611,100,100.247,98.048,96.304,96.057,95.716,97.535,99.632,102.433,106.195,104.016,112.04,115.933,116.506,122.548,NA
Household and NPISH final consumption expenditure,Turkey,"Chain linked volumes, index 2010=100",TUR_PCR_ESTAT,71.769,65.646,69.414,74.858,82.332,86.707,89.651,94.156,94.159,90.701,100,112.012,114.48,122.34,126.381,133.972,139.041,147.368,148.54,150.56,156.04,180.4,209.556,231.509,241.517,NA
Household and NPISH final consumption expenditure,Ukraine,"Chain linked volumes, index 2010=100",UKR_PCR_ESTAT,NA,NA,NA,NA,NA,NA,NA,NA,NA,NA,100,115.574,124.942,133.554,122.813,98.764,101.411,110.869,121.201,134.456,136.691,145.931,105.797,110.379,NA,NA
Gross fixed capital formation,Belgium,"Chain linked volumes, index 2010=100",BEL_ITR_ESTAT,86.205,87.607,83.988,83.878,91.451,96.699,98.541,105.717,107.733,100.106,100,105.44,106.211,103.885,109.851,113.281,118.142,119.598,123.192,128.65,122.093,127.392,130.531,134.553,137.274,NA
Gross fixed capital formation,Bulgaria,"Chain linked volumes, index 2010=100",BGR_ITR_ESTAT,44.904,53.81,58.187,65.666,74.719,94.695,106.958,120.922,147.484,121.42,100,95.597,97.338,97.868,101.272,103.962,97.073,100.209,105.624,110.408,111.065,101.814,108.424,119.471,121.251,NA
Gross fixed capital formation,Czechia,"Chain linked volumes, index 2010=100",CZE_ITR_ESTAT,75.624,79.796,81.033,82.789,85.757,90.425,95.128,107.81,109.348,99.141,100,100.807,96.865,95.44,98.141,106.818,104.648,107.657,117.281,126.066,120.025,128.126,136.211,141.947,138.118,NA
Gross fixed capital formation,Denmark,"Chain linked volumes, index 2010=100",DNK_ITR_ESTAT,101.207,100.884,98.465,100.339,103.929,110.262,125.23,126.103,123.096,106.76,100,101.023,104.793,106.694,112.113,116.609,125.913,131.479,136.771,135.664,141.499,159.553,162.353,156.211,160.951,NA
Gross fixed capital formation,Germany,"Chain linked volumes, index 2010=100",DEU_ITR_ESTAT,102.369,99.695,93.639,92.125,91.709,92.527,99.499,103.101,104.725,94.603,100,107.448,107.216,105.983,109.792,111.722,115.958,119.023,123.321,125.824,122.1,123.053,122.918,120.403,116.386,115.861
Gross fixed capital formation,Estonia,"Chain linked volumes, index 2010=100",EST_ITR_ESTAT,69.098,78.093,96.503,113.618,119.877,138.369,169.863,187.372,162.815,102.254,100,135.603,151.798,154.065,149.95,145.208,152.629,173.755,192.04,203.873,240.402,248.027,212.295,217.231,203.097,NA
Gross fixed capital formation,Ireland,"Chain linked volumes, index 2010=100",IRL_ITR_ESTAT,96.597,102.221,107.9,116.505,127.874,149.405,160.179,160.228,141.671,117.689,100,99.955,116.25,111.394,132.706,206.479,288.896,299.655,272.428,543.982,454.392,273.088,280.662,318.165,227.598,NA
Gross fixed capital formation,Greece,"Chain linked volumes, index 2010=100",GRC_ITR_ESTAT,112.216,116.627,113.75,127.122,136.801,120.361,142.863,159.878,148.189,128.536,100,74.751,60.669,54.989,53.761,53.859,55.242,59.476,56.759,56.29,57.232,69.631,85.029,90.583,94.621,NA
Gross fixed capital formation,Spain,"Chain linked volumes, index 2010=100",ESP_ITR_ESTAT,92.078,95.934,99.852,106.42,111.279,119.042,127.684,132.785,127.211,105.422,100,92.655,86.046,83.023,86.65,91.266,93.121,99.408,105.858,111.035,101.122,103.787,108.195,114.583,118.667,126.118
Gross fixed capital formation,France,"Chain linked volumes, index 2010=100",FRA_ITR_ESTAT,88.028,89.855,88.997,91.096,94.378,97.178,101.429,106.968,108.259,98.268,100,102.101,101.844,101.287,100.885,101.51,104.31,108.168,111.956,116.558,109.763,120.448,119.991,120.468,119.168,NA
Gross fixed capital formation,Croatia,"Chain linked volumes, index 2010=100",HRV_ITR_ESTAT,70.772,74.171,81.933,100.41,104.753,109.887,119.939,126.184,137.968,116.688,100,96.1,91.292,91.289,88.493,96.619,101.195,102.572,107.13,120.889,113.309,118.811,131.471,161.314,169.935,NA
Gross fixed capital formation,Italy,"Chain linked volumes, index 2010=100",ITA_ITR_ESTAT,101.879,104.34,108.113,107.154,108.932,110.757,113.647,115.457,111.634,100.042,100,98.469,88.779,82.805,81.016,82.596,85.773,88.569,91.474,92.919,86.316,104.911,112.634,123.974,124.552,NA
Gross fixed capital formation,Cyprus,"Chain linked volumes, index 2010=100",CYP_ITR_ESTAT,65.187,65.197,72.632,74.025,78.312,83.384,100.784,108.37,117.498,101.48,100,88.279,71.054,59.863,55.446,54.474,81.421,98.724,93.492,99.921,105.868,107.86,121.319,139.946,136.853,NA
Gross fixed capital formation,Latvia,"Chain linked volumes, index 2010=100",LVA_ITR_ESTAT,79.422,93.832,91.57,104.679,133.247,161.792,188.429,230.773,203.698,122.136,100,126.538,151.797,143.006,137.726,133.59,125.147,138.869,154.897,156.974,153.149,163.5,164.065,172.201,160.119,NA
Gross fixed capital formation,Lithuania,"Chain linked volumes, index 2010=100",LTU_ITR_ESTAT,62.28,70.21,77.993,88.958,103.017,114.835,137.335,168.008,161.293,98.546,100,121.364,119.099,128.873,136.102,141.934,146.672,159.675,174.985,186.146,189.307,213.246,222.729,247.907,243.782,NA
Gross fixed capital formation,Luxembourg,"Chain linked volumes, index 2010=100",LUX_ITR_ESTAT,80.074,85.449,85.816,87.617,93.187,88.831,92.587,103.928,115.341,99.408,100,117.45,119.491,120.373,130.64,119.902,123.22,129.804,120.408,136.438,130.846,149.892,129.093,122.564,119.203,NA
Gross fixed capital formation,Hungary,"Chain linked volumes, index 2010=100",HUN_ITR_ESTAT,91.111,93.572,100.761,101.925,110.013,113.99,114.832,120.12,121.542,110.456,100,98.699,95.748,105.336,118.395,124.132,111.269,133.206,155.088,174.857,161.565,171.149,170.401,158.901,143.153,NA
Gross fixed capital formation,Malta,"Chain linked volumes, index 2010=100",MLT_ITR_ESTAT,77.186,69.572,58.343,76.217,75.729,84.798,80.203,90.428,88.673,86.574,100,87.214,100.706,93.933,98.574,153.877,145.463,144.131,155.985,170.786,164.25,203.351,232.544,195.528,203.898,NA
Gross fixed capital formation,Netherlands,"Chain linked volumes, index 2010=100",NLD_ITR_ESTAT,100.377,101.648,97.548,95.842,95.91,99.076,105.943,121.486,117.927,107.839,100,105.49,98.894,97.346,94.993,122.621,111.486,118.223,121.91,130.877,127.55,130.66,135.117,137.119,136.508,137.223
Gross fixed capital formation,Austria,"Chain linked volumes, index 2010=100",AUT_ITR_ESTAT,101.198,100.179,96.998,100.805,101.963,102.36,103.725,108.397,110.316,102.535,100,106.446,107.804,109.141,108.787,111.02,116.054,120.894,126.23,131.603,124.595,132.039,131.7,129.954,124.419,NA
Gross fixed capital formation,Poland,"Chain linked volumes, index 2010=100",POL_ITR_ESTAT,73.067,65.433,61.413,62.089,66.976,72.254,83.62,98.976,107.379,104.885,100,110.954,108.269,108.308,121.321,129.56,120.03,122.174,138.904,149.366,144.862,147.002,149.554,168.502,167.064,NA
Gross fixed capital formation,Portugal,"Chain linked volumes, index 2010=100",PRT_ITR_ESTAT,117.405,118.547,114.526,106.15,106.35,106.468,105.662,108.923,109.384,101.138,100,87.457,72.865,69.459,70.995,75.261,77.28,86.208,91.52,96.575,94.313,101.66,105.052,111.369,116.091,NA
Gross fixed capital formation,Romania,"Chain linked volumes, index 2010=100",ROU_ITR_ESTAT,43.244,47.804,51.298,56.56,61.993,69.138,87.491,132.109,155.686,102.846,100,109.198,112.258,106.302,112.37,119.622,116.726,123.362,121.098,139.18,138.523,144.112,151.954,170.642,166.31,NA
Gross fixed capital formation,Slovenia,"Chain linked volumes, index 2010=100",SVN_ITR_ESTAT,96.191,98.119,97.76,103.419,109.153,113.096,124.687,139.558,149.393,116.413,100,94.935,87.033,90.207,91.04,90.476,87.806,96.124,106.292,111.532,103.52,115.851,121.321,127.989,127.665,NA
Gross fixed capital formation,Slovakia,"Chain linked volumes, index 2010=100",SVK_ITR_ESTAT,71.254,80.256,79.892,76.414,80.785,94.111,100.628,110.776,114.549,92.416,100,113.173,101.689,103.086,105.968,127.771,115.989,116.055,120.003,126.008,113.857,119.616,124.81,129.787,131.927,NA
Gross fixed capital formation,Finland,"Chain linked volumes, index 2010=100",FIN_ITR_ESTAT,88.034,89.587,86.942,89.373,93.538,96.579,97.89,107.97,108.655,95.584,100,102.596,101.864,97.521,95.322,95.485,104.265,109.469,114.279,113.092,111.811,113.842,115.598,107.359,101.994,NA
Gross fixed capital formation,Sweden,"Chain linked volumes, index 2010=100",SWE_ITR_ESTAT,80.314,82.316,81.611,82.541,86.961,89.713,98.763,107.097,107.602,94.331,100,105.655,104.626,104.591,110.426,118.065,123.896,128.977,130.623,130.736,132.955,141.947,142.231,142.42,142.683,NA
Gross fixed capital formation,Iceland,"Chain linked volumes, index 2010=100",ISL_ITR_ESTAT,152.733,146.833,128.65,140.553,177.581,231.286,286.369,254.838,207.8,109.184,100,110.93,116.675,118.899,138.696,168.12,198.719,220.114,226.209,215.327,201.175,228.411,263.431,279.747,298.602,NA
Gross fixed capital formation,Liechtenstein,"Chain linked volumes, index 2010=100",LIE_ITR_ESTAT,NA,NA,NA,NA,NA,NA,NA,NA,NA,NA,NA,NA,NA,NA,NA,NA,NA,NA,NA,NA,NA,NA,NA,NA,NA,NA
Gross fixed capital formation,Norway,"Chain linked volumes, index 2010=100",NOR_ITR_ESTAT,75.683,75.219,74.953,75.319,82.962,92.822,101.237,113.641,114.925,106.862,100,107.451,115.556,122.875,122.566,117.658,122.298,125.52,128.312,140.519,134.754,135.688,136.088,133.981,132.149,NA
Gross fixed capital formation,Switzerland,"Chain linked volumes, index 2010=100",CHE_ITR_ESTAT,85.984,84.965,85.948,85.359,90.139,93.131,97.484,102.598,103.201,96.287,100,102.191,106.276,107.711,110.534,113.281,116.715,121.513,123.184,124.175,123.436,127.832,129.104,131.966,132.578,NA
Gross fixed capital formation,United Kingdom,"Chain linked volumes, index 2010=100",GBR_ITR_ESTAT,93.984,95.438,97.924,100.55,101.961,106.323,109.725,114.072,109.059,96.081,100,98.974,100.861,104.61,111.897,117.853,123.095,126.498,126.985,128.932,NA,NA,NA,NA,NA,NA
Gross fixed capital formation,Bosnia & Herzegovina,"Chain linked volumes, index 2010=100",BIH_ITR_ESTAT,69.306,69.068,75.332,77.069,80.624,97.627,88.145,116.528,136.065,112.85,100,105.568,106.269,104.927,117.645,114.816,122.006,130.833,140.573,148.431,146.579,148.379,151.22,170.936,188.434,NA
Gross fixed capital formation,Montenegro,"Chain linked volumes, index 2010=100",MNE_ITR_ESTAT,NA,NA,NA,NA,NA,NA,75.703,128.462,168.667,119.705,100,93.172,91.151,98.846,97.716,109.309,149.242,176.68,203.39,199.121,175.743,153.242,154.674,172.181,189.658,NA
Gross fixed capital formation,North Macedonia,"Chain linked volumes, index 2010=100",MKD_ITR_ESTAT,67.869,74.467,74.391,71.061,76.655,68.764,73.355,86.159,101.472,104.194,100,113.29,120.6,124.775,129.772,143.355,157.502,148.593,139.079,151.169,151.772,157.488,163.311,172.522,181.09,NA
Gross fixed capital formation,Albania,"Chain linked volumes, index 2010=100",ALB_ITR_ESTAT,56.77,69.653,73.315,79.492,89.194,95.246,100.76,104.733,108.72,109.759,100,106.823,97.418,95.749,94.739,96.874,100.634,108.268,110.873,108.425,107.47,128.488,130.554,132.8,140.522,NA
Gross fixed capital formation,Serbia,"Chain linked volumes, index 2010=100",SRB_ITR_ESTAT,41.831,43.87,56.924,69.173,82.19,86.621,101.106,127.725,136.767,106.594,100,104.463,118.965,104.596,100.893,106.38,112.257,120.826,141.1,164.922,162.689,186.558,190.623,209.131,225.231,NA
Gross fixed capital formation,Turkey,"Chain linked volumes, index 2010=100",TUR_ITR_ESTAT,52.995,38.556,45.896,55.078,72.789,87.203,100.787,106.78,103.743,83.558,100,123.643,127.87,146.652,151.768,165.031,170.176,182.87,184.357,162.049,173.266,185.771,193.939,208.165,213.721,NA
Gross fixed capital formation,Ukraine,"Chain linked volumes, index 2010=100",UKR_ITR_ESTAT,NA,NA,NA,NA,NA,NA,NA,NA,NA,NA,100,108.506,113.908,104.379,79.35,72.054,86.783,100.725,117.435,131.208,103.198,112.834,74.635,123.849,NA,NA
Exports of goods and services,Belgium,"Chain linked volumes, index 2010=100",BEL_XTR_ESTAT,76.108,76.397,79.032,80.308,85.282,89.982,95.112,100.282,102.095,90.551,100,104.821,104.119,104.411,109.966,114.001,121.006,127.681,129.654,133.461,125.51,143.899,148.29,137.685,135.345,NA
Exports of goods and services,Bulgaria,"Chain linked volumes, index 2010=100",BGR_XTR_ESTAT,48.513,49.103,53.452,56.907,70.853,77.291,83.214,99.543,102.009,90.058,100,112.554,114.847,125.909,129.752,138.159,150.058,158.676,161.427,167.877,151.746,169.31,189.738,189.739,193.106,NA
Exports of goods and services,Czechia,"Chain linked volumes, index 2010=100",CZE_XTR_ESTAT,39.726,43.473,43.869,47.739,61.907,73.143,83.592,92.812,96.721,87.216,100,109.163,113.836,114.13,124.09,131.426,136.863,146.584,151.717,153.707,140.617,152.082,159.913,163.667,166.164,NA
Exports of goods and services,Denmark,"Chain linked volumes, index 2010=100",DNK_XTR_ESTAT,75.932,78.482,81.898,80.908,83.356,89.968,99.265,102.876,106.857,97.063,100,107.447,108.8,110.312,113.642,117.316,121.611,127.456,131.795,137.616,128.864,138.834,147.977,159.493,170.833,NA
Exports of goods and services,Germany,"Chain linked volumes, index 2010=100",DEU_XTR_ESTAT,62.905,66.349,69.012,70.148,77.953,83.071,92.989,100.941,102.504,87.639,100,107.903,110.7,111.225,116.05,121.705,124.124,128.912,132.21,134.946,122.145,134.579,139.819,137.84,134.995,134.64
Exports of goods and services,Estonia,"Chain linked volumes, index 2010=100",EST_XTR_ESTAT,47.908,50.942,52.378,57.707,67.685,81.17,88.905,100.121,101.02,80.504,100,124.173,130.166,133.811,137.344,135.276,141.804,148.656,152.961,160.662,154.047,190.381,200.784,182.43,179.692,NA
Exports of goods and services,Ireland,"Chain linked volumes, index 2010=100",IRL_XTR_ESTAT,60.53,69.01,73.479,72.231,76.941,81.157,86.068,93.729,90.164,94.356,100,103.109,102.261,113.067,129.455,180.495,190.072,211.014,221.236,245.629,278.929,315.584,353.535,339.658,368.758,NA
Exports of goods and services,Greece,"Chain linked volumes, index 2010=100",GRC_XTR_ESTAT,86.544,87.563,81.161,80.938,94,96.133,101.351,110.579,115.581,95.623,100,100.552,102.603,104.404,113.047,118.964,118.494,128.453,140.314,147.106,115.452,143.59,152.482,155.773,157.282,NA
Exports of goods and services,Spain,"Chain linked volumes, index 2010=100",ESP_XTR_ESTAT,79.462,82.597,83.783,86.716,90.429,92.09,96.402,103.791,102.865,91.761,100,108.206,109.229,113.914,119.047,124.228,130.927,138.268,140.565,143.748,114.856,130.233,148.756,151.984,156.779,162.033
Exports of goods and services,France,"Chain linked volumes, index 2010=100",FRA_XTR_ESTAT,82.999,85.399,87.168,85.975,90.571,94.416,99.459,102.292,102.892,92.129,100,106.527,109.34,112.185,115.263,120.479,123.023,128.444,133.283,136.053,113.507,126.362,137.84,141.245,144.812,NA
Exports of goods and services,Croatia,"Chain linked volumes, index 2010=100",HRV_XTR_ESTAT,70.401,77.296,81.046,86.419,92.785,97.052,104.765,109.957,107.593,92.755,100,102.271,100.733,103.355,110.874,122.228,130.844,139.936,144.979,154.9,118.971,157.925,200.582,197.691,200.785,NA
Exports of goods and services,Italy,"Chain linked volumes, index 2010=100",ITA_XTR_ESTAT,90.913,93.337,90.681,89.56,95.072,98.151,106.184,112.797,109.098,89.644,100,104.933,106.856,107.121,109.843,114.22,116.891,123.165,125.788,127.33,109.874,125.35,137.725,137.445,137.509,NA
Exports of goods and services,Cyprus,"Chain linked volumes, index 2010=100",CYP_XTR_ESTAT,90.727,92.325,89.093,86.51,89.271,92.031,94.15,99.2,98.639,94.048,100,107.016,106.401,107.595,114.365,124.571,133.565,148.234,158.936,172.803,175.63,223.324,284.711,280.074,297.102,NA
Exports of goods and services,Latvia,"Chain linked volumes, index 2010=100",LVA_XTR_ESTAT,48.236,52.42,55.003,57.265,65.219,80.661,86.672,98.738,101.115,88.016,100,112.461,123.128,123.94,132.071,136.106,141.404,150.532,157.1,156.204,155.739,169.9,189.303,176.011,176.2,NA
Exports of goods and services,Lithuania,"Chain linked volumes, index 2010=100",LTU_XTR_ESTAT,36.646,45.468,54.648,59.606,63.922,76.606,86.417,89.176,99.537,85.924,100,114.547,126.972,136.203,133.72,136.96,143.709,163.154,174.314,191.818,191.948,223.783,249.978,241.661,247.94,NA
Exports of goods and services,Luxembourg,"Chain linked volumes, index 2010=100",LUX_XTR_ESTAT,65.389,69.585,69.517,71.452,78.048,82.712,93.401,98.191,97.869,90.78,100,104.388,106.078,112.778,120.127,126.301,133.006,132.704,137.386,145.682,148.453,165.29,167.72,168.648,148.108,NA
Exports of goods and services,Hungary,"Chain linked volumes, index 2010=100",HUN_XTR_ESTAT,41.885,45.548,48.127,51.109,60.336,68.049,81.338,94.469,100.797,89.995,100,106.414,104.603,108.87,118.888,127.642,132.495,141.08,148.121,156.204,146.605,158.686,175.65,206.243,204.429,NA
Exports of goods and services,Malta,"Chain linked volumes, index 2010=100",MLT_XTR_ESTAT,75.285,66.085,71.528,67.531,67.853,69.005,84.97,90.926,96.558,84.988,100,109.061,117.27,120.041,127.354,157.97,170.715,198.017,224.136,240.258,249.357,260.658,290.983,305.957,324.894,NA
Exports of goods and services,Netherlands,"Chain linked volumes, index 2010=100",NLD_XTR_ESTAT,73.152,74.215,74.613,75.96,82.186,86.871,93.148,98.212,99.854,91.175,100,105.686,109.612,112.92,118.734,128.673,131.2,140.289,147.194,151.252,145.457,155.434,162.296,157.441,157.195,161.286
Exports of goods and services,Austria,"Chain linked volumes, index 2010=100",AUT_XTR_ESTAT,67.928,71.848,74.928,75.326,81.85,87.306,93.92,101.031,103.224,88.393,100,105.935,107.458,108.138,111.226,114.592,118.022,123.804,130.181,135.435,121.229,132.756,145.295,144.381,141.072,NA
Exports of goods and services,Poland,"Chain linked volumes, index 2010=100",POL_XTR_ESTAT,48.979,50.475,52.911,60.361,63.207,69.566,80.185,88.345,94.523,88.818,100,107.745,111.969,117.635,124.102,132.303,144.157,157.263,167.89,176.851,174.949,196.473,211.024,218.867,223.245,NA
Exports of goods and services,Portugal,"Chain linked volumes, index 2010=100",PRT_XTR_ESTAT,74.092,75.811,78.327,82.212,85.173,85.408,96.057,102.279,101.849,91.594,100,106.883,110.184,118.183,123.27,130.977,137.148,148.655,155.043,161.251,131.686,147.534,172.841,180.286,185.898,NA
Exports of goods and services,Romania,"Chain linked volumes, index 2010=100",ROU_XTR_ESTAT,32.946,37.644,44.176,47.861,54.63,59.658,66.681,80.617,91.702,86.49,100,112.112,113.301,136.793,148.469,155.274,180.645,194.672,204.916,215.898,195.472,220.174,240.666,237.422,231.497,NA
Exports of goods and services,Slovenia,"Chain linked volumes, index 2010=100",SVN_XTR_ESTAT,53.471,57.311,61.771,63.723,72.035,80.221,91.55,104.236,108.597,90.643,100,106.69,107.487,110.492,116.934,123.284,131.212,145.738,154.708,161.64,147.851,168.73,181.279,177.812,181.966,NA
Exports of goods and services,Slovakia,"Chain linked volumes, index 2010=100",SVK_XTR_ESTAT,35.916,39.877,42.83,51.277,62.111,69.953,85.919,98.337,101.295,84.719,100,110.09,120.229,126.699,130.882,139.719,146.569,151.907,160.226,162.399,152.078,168.291,172.951,171.787,171.826,NA
Exports of goods and services,Finland,"Chain linked volumes, index 2010=100",FIN_XTR_ESTAT,75.809,77.191,80.266,79.456,86.402,92.407,101.475,110.594,117.895,94.182,100,102.027,102.268,103.457,101.603,101.851,106.116,115.695,117.678,125.736,115.047,121.93,127.335,125.602,127.81,NA
Exports of goods and services,Sweden,"Chain linked volumes, index 2010=100",SWE_XTR_ESTAT,72.524,72.905,74.099,77.237,85.902,91.967,99.615,104.01,105.054,90.049,100,106.776,107.532,107.396,111.604,117.285,120.876,124.861,130.307,139.37,131.805,147.039,155.94,159.937,163.716,NA
Exports of goods and services,Iceland,"Chain linked volumes, index 2010=100",ISL_XTR_ESTAT,58.074,61.983,64.196,64.748,70.095,75.265,71.866,88.837,91.94,99.253,100,102.915,106.133,112.742,116.99,126.834,142.366,149.229,152.519,145.717,101.495,114.073,143.808,149.388,146.098,NA
Exports of goods and services,Liechtenstein,"Chain linked volumes, index 2010=100",LIE_XTR_ESTAT,NA,NA,NA,NA,NA,NA,NA,NA,NA,NA,NA,NA,NA,NA,NA,NA,NA,NA,NA,NA,NA,NA,NA,NA,NA,NA
Exports of goods and services,Norway,"Chain linked volumes, index 2010=100",NOR_XTR_ESTAT,97.546,102.014,101.421,101.083,102.253,102.823,102.236,103.033,104.175,99.66,100,99.486,101.532,99.855,103.683,107.754,108.172,109.898,108.208,110.498,107.925,114.499,120.509,121.039,127.38,NA
Exports of goods and services,Switzerland,"Chain linked volumes, index 2010=100",CHE_XTR_ESTAT,69.369,69.313,67.959,66.969,73.501,78.094,83.386,92.871,96.872,88.852,100,104.12,104.514,119.013,113.396,117.766,124.673,123.665,128.292,127.609,121.077,137.58,147.258,143.354,145.799,NA
Exports of goods and services,United Kingdom,"Chain linked volumes, index 2010=100",GBR_XTR_ESTAT,77.939,79.644,80.505,82.38,86.217,93.023,104.857,102.746,103.149,94.497,100,107.224,107.912,108.835,109.091,112.145,115.219,121.45,125.13,128.456,NA,NA,NA,NA,NA,NA
Exports of goods and services,Bosnia & Herzegovina,"Chain linked volumes, index 2010=100",BIH_XTR_ESTAT,43.547,46.065,43.681,49.401,58.036,67.164,79.772,89.649,90.676,87.796,100,104.644,104.756,112.987,117.69,129.204,141.307,158.011,169.512,170.367,145.081,181.907,203.352,200.815,197.577,NA
Exports of goods and services,Montenegro,"Chain linked volumes, index 2010=100",MNE_XTR_ESTAT,NA,NA,NA,NA,NA,NA,82.097,106.709,108.479,94.748,100,115.133,111.218,113.94,112.305,119.2,121.595,123.764,132.321,140.012,73.935,132.445,158.058,172.337,165.526,NA
Exports of goods and services,North Macedonia,"Chain linked volumes, index 2010=100",MKD_XTR_ESTAT,68.192,58.513,55.669,55.855,65.457,77.192,86.558,98.494,93.897,80.854,100,116.138,118.405,125.62,146.322,158.723,173.137,187.589,211.609,230.393,205.207,234.507,259.366,251.614,241.657,NA
Exports of goods and services,Albania,"Chain linked volumes, index 2010=100",ALB_XTR_ESTAT,30.656,35.394,36.652,40.967,48.539,60.318,70.528,84.008,80.122,83.897,100,106.674,106.987,108.687,108.503,106.059,114.09,128.882,134.638,137.977,99.722,151.675,177.524,192.71,192.921,NA
Exports of goods and services,Serbia,"Chain linked volumes, index 2010=100",SRB_XTR_ESTAT,25.431,39.163,46.737,59.849,65.775,77.98,83.513,85.935,96.727,85.572,100,105.629,108.647,128.247,133.72,145.812,161.684,174.398,190.17,203.96,194.608,234.362,274.277,281.761,296.385,NA
Exports of goods and services,Turkey,"Chain linked volumes, index 2010=100",TUR_XTR_ESTAT,57.045,59.918,65.017,70.181,78.892,85.603,90.678,97.124,100.916,97.732,100,113.375,130.408,136.564,146.164,153.554,150.182,168.881,184.968,193.613,161.836,202.433,223.683,218.594,218.753,NA
Exports of goods and services,Ukraine,"Chain linked volumes, index 2010=100",UKR_XTR_ESTAT,NA,NA,NA,NA,NA,NA,NA,NA,NA,NA,100,102.669,96.873,89.064,76.379,66.324,65.118,67.674,66.757,71.631,67.469,61.69,35.752,33.625,NA,NA
Imports of goods and services,Belgium,"Chain linked volumes, index 2010=100",BEL_MTR_ESTAT,76.92,76.339,77.145,78.271,83.207,88.555,93.108,98.303,102.044,91.218,100,105.715,105.054,105.015,110.709,115.359,124.326,130.995,134.058,136.049,126.901,143.184,148.165,136.852,135.089,NA
Imports of goods and services,Bulgaria,"Chain linked volumes, index 2010=100",BGR_MTR_ESTAT,43.11,48.526,51.579,59.393,74.98,85.738,99.384,121.86,127.788,100.303,100,109.616,115.512,120.52,126.767,132.764,139.439,149.621,158.006,166.496,159.483,176.536,203.623,192.518,200.084,NA
Imports of goods and services,Czechia,"Chain linked volumes, index 2010=100",CZE_MTR_ESTAT,41.731,46.468,48.786,53.404,67.067,75.438,84.101,94.93,97.947,87.099,100,106.715,109.53,109.599,120.579,128.493,131.792,139.741,147.443,149.347,136.733,155.444,164.69,162.712,163.587,NA
Imports of goods and services,Denmark,"Chain linked volumes, index 2010=100",DNK_MTR_ESTAT,68.985,70.64,75.142,74.366,79.686,89.176,101.609,107.509,112.391,98.702,100,108.06,111.14,112.761,117.348,122.116,127.35,132.854,140.434,144.722,139,152.277,161.38,165.387,172.238,NA
Imports of goods and services,Germany,"Chain linked volumes, index 2010=100",DEU_MTR_ESTAT,71.512,72.02,69.784,73.227,78.259,82.935,91.766,97.23,98.856,88.907,100,106.671,106.226,108.119,111.868,117.827,122.236,127.294,133.685,138.323,127.065,138.92,149.428,147.332,146.506,151.792
Imports of goods and services,Estonia,"Chain linked volumes, index 2010=100",EST_MTR_ESTAT,47.216,53.054,60.103,68.519,79.575,92.863,112.089,126.64,118.842,82.47,100,127.188,139.511,142.923,146.658,143.522,152.217,157.575,167.795,173.957,175.418,216.71,227.666,211.015,211.804,NA
Imports of goods and services,Ireland,"Chain linked volumes, index 2010=100",IRL_MTR_ESTAT,65.191,73.732,77.668,75.79,77.233,87.06,95.158,104.056,101.157,99.435,100,102.642,101.601,110.289,126.155,167.404,196.683,204.965,200.788,281.84,282.374,256.353,294.729,301.299,309.392,NA
Imports of goods and services,Greece,"Chain linked volumes, index 2010=100",GRC_MTR_ESTAT,93.416,94.742,89.114,94.792,101.422,101.566,111.504,125.91,129.975,104.456,100,90.218,85.263,82.185,87.804,94.984,97.008,103.943,112.519,115.692,107.252,125.885,139.663,139.73,146.401,NA
Imports of goods and services,Spain,"Chain linked volumes, index 2010=100",ESP_MTR_ESTAT,77.912,80.758,83.729,88.779,97.362,104.139,112.692,121.977,115.258,94.164,100,99.408,93.578,93.318,99.665,104.74,107.512,114.71,119.171,120.742,102.451,117.8,126.908,126.866,130.606,138.846
Imports of goods and services,France,"Chain linked volumes, index 2010=100",FRA_MTR_ESTAT,75.394,77.125,78.929,79.463,84.235,89.5,94.664,99.845,101.108,92.079,100,105.87,106.22,109.137,113.791,120.413,124.989,130.556,134.682,137.29,120.489,130.445,142.246,141.866,140.15,NA
Imports of goods and services,Croatia,"Chain linked volumes, index 2010=100",HRV_MTR_ESTAT,66.406,74.334,87.815,98.04,103.222,108.616,117.563,124.699,129.487,103.104,100,102.535,100.113,103.401,106.95,116.869,124.478,135.092,145.11,154.785,135.717,159.157,201.786,193.344,209.556,NA
Imports of goods and services,Italy,"Chain linked volumes, index 2010=100",ITA_MTR_ESTAT,84.112,86.109,86.651,87.296,91.224,94.423,102.062,107.524,103.099,89.299,100,100.153,91.98,89.5,92.734,98.599,102.47,108.43,111.642,110.386,96.609,112.02,126.449,124.055,123.586,NA
Imports of goods and services,Cyprus,"Chain linked volumes, index 2010=100",CYP_MTR_ESTAT,75.972,76.198,75.438,75.062,80.619,81.427,86.07,94.341,106.59,90.256,100,97.408,93.869,89.592,96.508,104.289,114.889,131.291,136.968,150.004,154.902,185.247,240.711,243.467,255.526,NA
Imports of goods and services,Latvia,"Chain linked volumes, index 2010=100",LVA_MTR_ESTAT,54.013,62.421,64.107,71.662,86.447,101.121,123.131,144.583,128.354,88.701,100,122.576,128.973,128.808,132.671,134.016,139.631,151.588,161.182,164.449,162.603,187.221,205.78,195.402,191.942,NA
Imports of goods and services,Lithuania,"Chain linked volumes, index 2010=100",LTU_MTR_ESTAT,38.322,45.878,55.112,60.401,71.546,85.611,97.855,108.275,119.99,85.609,100,114.217,120.122,127.103,124.801,136.66,142.187,158.108,167.5,177.711,170.004,202.601,228.933,216.866,222.164,NA
Imports of goods and services,Luxembourg,"Chain linked volumes, index 2010=100",LUX_MTR_ESTAT,65.223,69.678,68.64,71.141,77.612,82.383,91.85,94.205,96.259,87.525,100,106.746,108.625,115.392,124.896,132.024,136.978,138.01,142.782,153.414,155.637,176.483,180.729,182.359,157.555,NA
Imports of goods and services,Hungary,"Chain linked volumes, index 2010=100",HUN_MTR_ESTAT,47.596,50.358,54.725,59.917,70.764,76.405,87.933,100.27,106.162,91.084,100,104.07,100.851,105.039,116.475,123.081,127.323,138.042,147.682,159.772,154.014,165.888,184.003,199.278,191.532,NA
Imports of goods and services,Malta,"Chain linked volumes, index 2010=100",MLT_MTR_ESTAT,80.516,68.244,68.538,70.685,72.897,77.279,88.708,94.501,99.898,86.969,100,106.617,115.278,112.346,114.732,151.493,161.661,176.473,205.397,227.08,234.832,242.408,288.048,282.359,297.188,NA
Imports of goods and services,Netherlands,"Chain linked volumes, index 2010=100",NLD_MTR_ESTAT,73.694,75.526,75.77,77.414,82.409,86.901,93.507,100.771,100.083,92.214,100,104.636,107.663,110.772,115.15,132.886,129.893,139.789,147.5,153.413,147.064,156.677,163.498,157.093,157.232,161.158
Imports of goods and services,Austria,"Chain linked volumes, index 2010=100",AUT_MTR_ESTAT,72.217,75.967,76.188,78.86,85.149,89.794,95.051,100.407,101.365,89.303,100,105.954,106.932,107.754,110.984,115.022,119.31,125.584,131.994,135.099,122.165,139.439,149.103,142.621,138.939,NA
Imports of goods and services,Poland,"Chain linked volumes, index 2010=100",POL_MTR_ESTAT,54.439,51.597,52.996,57.941,62.688,66.803,78.892,91.32,99.842,87.177,100,105.379,104.422,106.26,116.039,122.539,132.017,145.002,155.946,160.97,157.009,182.618,195.036,192.125,200.706,NA
Imports of goods and services,Portugal,"Chain linked volumes, index 2010=100",PRT_MTR_ESTAT,79.964,80.78,80.57,80.379,86.342,88.24,94.933,100.262,102.517,92.774,100,93.804,87.897,92.034,99.405,107.422,113.03,122.105,128.096,134.582,118.983,133.569,148.617,152.089,159.322,NA
Imports of goods and services,Romania,"Chain linked volumes, index 2010=100",ROU_MTR_ESTAT,23.167,28.61,31.663,37.503,46.856,56.107,71.076,100.428,111.674,88.437,100,109.693,107.523,117.023,127.368,138.204,161.13,179.606,195.519,212.747,201.67,231.045,252.42,248.595,258.659,NA
Imports of goods and services,Slovenia,"Chain linked volumes, index 2010=100",SVN_MTR_ESTAT,58.688,60.814,64.235,68.388,77.94,83.659,94.023,110.061,114.562,93.5,100,105.027,101.693,103.494,107.598,113.272,120.778,133.667,143.14,149.823,136.163,160.376,175.219,167.276,174.446,NA
Imports of goods and services,Slovakia,"Chain linked volumes, index 2010=100",SVK_MTR_ESTAT,40.146,47.722,50.339,54.419,66.702,76.994,91.675,100.513,104.671,85.034,100,107.189,109.558,115.061,119.759,130.704,136.777,141.963,149.101,152.614,140.553,156.928,163.406,150.858,154.782,NA
Imports of goods and services,Finland,"Chain linked volumes, index 2010=100",FIN_MTR_ESTAT,69.309,70.268,73.284,76.294,82.492,91.717,97.76,104.977,113.339,94.074,100,106.211,107.406,107.543,106.576,108.851,115.011,119.997,126.995,130.011,122.054,130.592,142.683,132.928,131.899,NA
Imports of goods and services,Sweden,"Chain linked volumes, index 2010=100",SWE_MTR_ESTAT,74.329,73.312,72.614,74.974,80.142,85.622,92.617,100.827,103.682,89.145,100,106.71,107.298,108.237,115.275,121.952,128.818,134.476,140.099,142.879,133.875,151.793,166.671,165.672,169.706,NA
Imports of goods and services,Iceland,"Chain linked volumes, index 2010=100",ISL_MTR_ESTAT,101.834,91.675,89.172,98.317,112.693,144.052,158.198,154.618,123.211,97.744,100,106.789,111.361,111.365,122.528,138.431,158.97,178.682,179.726,163.329,130.298,156.699,192.146,188.424,196.275,NA
Imports of goods and services,Liechtenstein,"Chain linked volumes, index 2010=100",LIE_MTR_ESTAT,NA,NA,NA,NA,NA,NA,NA,NA,NA,NA,NA,NA,NA,NA,NA,NA,NA,NA,NA,NA,NA,NA,NA,NA,NA,NA
Imports of goods and services,Norway,"Chain linked volumes, index 2010=100",NOR_MTR_ESTAT,67.919,69.26,69.634,70.209,76.632,82.693,89.992,98.747,103.17,92.606,100,103.935,106.986,112.381,114.831,116.993,119.254,121.449,123.137,129.708,116.926,119.058,134.844,132.787,138.446,NA
Imports of goods and services,Switzerland,"Chain linked volumes, index 2010=100",CHE_MTR_ESTAT,72.556,73.749,72.098,72.333,75.912,83.495,86.153,91.142,95.077,92.609,100,109.408,107.021,119.694,111.772,117.091,123.218,122.551,123.229,123.655,120.232,126.376,134.201,134.251,135.051,NA
Imports of goods and services,United Kingdom,"Chain linked volumes, index 2010=100",GBR_MTR_ESTAT,74.663,79.259,83.436,84.993,90.279,96.518,106.484,103.158,100.728,92.66,100,101.632,103.617,106.805,110.382,116.356,120.948,124.151,127.527,131.013,NA,NA,NA,NA,NA,NA
Imports of goods and services,Bosnia & Herzegovina,"Chain linked volumes, index 2010=100",BIH_MTR_ESTAT,64.193,68.656,70.602,75.006,79.908,88.243,87.977,103.441,113.921,97.581,100,102.917,103.55,103.492,111.332,113.316,121.469,130.762,135.924,137.711,119.223,143.78,152.735,150.82,157.924,NA
Imports of goods and services,Montenegro,"Chain linked volumes, index 2010=100",MNE_MTR_ESTAT,NA,NA,NA,NA,NA,NA,85.082,122.353,143.613,103.734,100,100.593,99.468,98.968,100.758,105.47,124.391,134.881,147.341,151.339,118.602,137.63,169.676,183.573,194.114,NA
Imports of goods and services,North Macedonia,"Chain linked volumes, index 2010=100",MKD_MTR_ESTAT,63.626,57.463,62.36,58.672,71.206,78.089,85.43,98.229,103.266,90.607,100,107.983,116.88,119.413,136.307,149.863,166.537,175.26,194.072,213.639,190.435,218.613,248.345,223.031,220.006,NA
Imports of goods and services,Albania,"Chain linked volumes, index 2010=100",ALB_MTR_ESTAT,43.03,49.579,54.446,57.238,61.941,71.972,78.238,95.23,99.997,100.576,100,105.791,98.459,97.826,102.476,99.736,105.693,112.69,114.634,117.542,94.28,124.882,139.265,139.52,147.872,NA
Imports of goods and services,Serbia,"Chain linked volumes, index 2010=100",SRB_MTR_ESTAT,26.774,45.748,57.935,67.434,88.058,82.913,97.302,113.326,124.869,97.32,100,108.745,110.344,118.262,124.246,132.756,141.212,155.74,173.039,190.078,182.521,214.781,249.268,245.768,265.422,NA
Imports of goods and services,Turkey,"Chain linked volumes, index 2010=100",TUR_MTR_ESTAT,55.573,42.152,51.156,63.097,76.43,85.75,91.908,100.823,97.864,83.796,100,114.517,114.906,126.944,126.937,129.645,133.436,147.696,138.965,131.523,140.523,143.525,155.371,174.094,166.44,NA
Imports of goods and services,Ukraine,"Chain linked volumes, index 2010=100",UKR_MTR_ESTAT,NA,NA,NA,NA,NA,NA,NA,NA,NA,NA,100,115.377,119.759,115.584,90.034,75.023,82.001,92.601,95.178,100.647,94.253,107.64,88.892,96.83,NA,NA
Gross domestic product at market prices,Belgium,"Current prices, million units of national currency",BEL_YEN_ESTAT,256376.4,264334.9,273255.9,281200.2,296819.7,310037.6,325151.5,343618.9,351743.1,347734.9,363242.4,378745.4,387934.9,394616.3,404958.3,415538,428467.1,443407.2,459491.8,479444.9,463750.9,506047.2,561309.1,602376.3,620271.8,NA
Gross domestic product at market prices,Bulgaria,"Current prices, million units of national currency",BGR_YEN_ESTAT,14380,15843.2,17419.1,18732.7,21065.9,24039.5,27409.6,32464.2,37246.1,37417.1,38289.4,41479.2,42254.6,42055.5,43024,45797.1,48751.4,52501,55999.7,61194.4,61855.6,71343.9,86078.2,94525.1,104767.2,NA
Gross domestic product at market prices,Czechia,"Current prices, million units of national currency",CZE_YEN_ESTAT,2399700,2591574,2704466,2833197,3087777,3288493,3530252,3856629,4037564,3945505,4032952,4095355,4118386,4169011,4377991,4651813,4843030,5179344,5475773,5888869,5828318,6307755,7049872,7659655,8058158,NA
Gross domestic product at market prices,Denmark,"Current prices, million units of national currency",DNK_YEN_ESTAT,1325982.6,1372276.5,1411479.3,1438893.3,1509674.3,1590078.6,1685240.8,1743144.4,1809720.8,1729529,1812895.8,1848531.1,1892938,1935555.2,1980261.2,2030205.9,2101520.3,2189589.4,2243542.2,2303636.7,2326592.3,2553260.5,2831269.6,2787929.9,2926877.8,NA
Gross domestic product at market prices,Germany,"Current prices, million units of national currency",DEU_YEN_ESTAT,2129660,2195530,2223360,2240810,2293040,2325710,2426180,2542220,2589280,2493970,2615260,2746910,2799280,2866480,2984470,3087030,3195210,3333110,3434030,3537280,3450720,3682340,3989390,4219310,4328970,4470480
Gross domestic product at market prices,Estonia,"Current prices, million units of national currency",EST_YEN_ESTAT,6171.6,6982.1,7824.9,8746.7,9779.6,11345.4,13571.2,16402.2,16618.9,14132.5,14741.8,16741.9,18086.6,19163.2,20365.6,21010.9,22189,24316.1,26438.5,28472.1,27859.3,31453.3,36300.9,38353.4,39847.7,NA
Gross domestic product at market prices,Ireland,"Current prices, million units of national currency",IRL_YEN_ESTAT,108495.3,122089.2,135997.9,145576.9,156260,170306.8,184916.2,197069.4,187283,169519.7,167255.1,173120.4,176621.9,182908.6,200594.9,272282.9,275933.1,308366,335136,363752.6,381728.7,448445.1,520718.4,524728.8,562794.2,NA
Gross domestic product at market prices,Greece,"Current prices, million units of national currency",GRC_YEN_ESTAT,136161.2,147438.7,158902.3,174096,188905.2,194773.4,214298.9,229282.8,238735.4,234322.6,223590.5,203475,185899.2,178113.9,176071.8,175362.9,174448.2,177378.5,180615.7,185181.2,167539.5,184574.6,207008.7,224686.2,236736,NA
Gross domestic product at market prices,Spain,"Current prices, million units of national currency",ESP_YEN_ESTAT,647569,700958,749744,802683,860059,928122,1004976,1077541,1112432,1072990,1077145,1068690,1035964,1025652,1038949,1087112,1122967,1170024,1212276,1253710,1129214,1235474,1375863,1497761,1594330,1685783
Gross domestic product at market prices,France,"Current prices, million units of national currency",FRA_YEN_ESTAT,1473517.3,1530070.9,1578330.4,1622312.8,1696107.7,1762047.7,1846020.8,1937876.3,1989999.7,1935840.2,1996075.1,2062141.4,2088286.7,2120351.9,2153733.1,2201401.6,2231819.2,2291680.5,2355362.8,2432206.8,2318276.2,2508102.3,2653997.2,2826541.5,2919899.9,NA
Gross domestic product at market prices,Croatia,"Current prices, million units of national currency",HRV_YEN_ESTAT,23965.4,25755.8,28297.1,31157.5,33633.2,36181.3,39489.9,43262.1,46554.8,44677.4,44486.1,45178.9,44791.5,45061.5,44867.9,45965.7,47565.9,49732.5,52216.7,54905.5,50744,58343.1,67613,79186.3,85905.2,NA
Gross domestic product at market prices,Italy,"Current prices, million units of national currency",ITA_YEN_ESTAT,1244744.2,1308623.1,1355522.3,1399386,1457356.2,1499073.1,1559864.2,1621714.5,1643718.8,1584106.8,1617944.7,1657362.2,1632898.5,1621260.7,1635870.7,1663277.7,1704856.7,1744493,1777744.4,1804066.8,1670011.9,1842507.4,1998072.6,2142601.7,2199619.4,NA
Gross domestic product at market prices,Cyprus,"Current prices, million units of national currency",CYP_YEN_ESTAT,10595,11416.9,11877,12845.3,13856.4,14822.3,16000,17511.6,19009.5,18675.5,19461.1,19858.1,19495.4,18040.3,17482.8,17944.2,19013.8,20312.4,21807.8,23400.9,22373.6,25679.9,29645.4,32439.2,34770.2,NA
Gross domestic product at market prices,Latvia,"Current prices, million units of national currency",LVA_YEN_ESTAT,6698,7317.7,8135.4,9142.8,10628.9,13102.6,16294.8,21509.3,23351.9,18482.5,17719.6,19117.3,21104.3,21956.2,22790.5,23744.3,24498.2,26017.1,28153.4,29567,29224.3,32283.8,36088.7,39564.2,40359.4,NA
Gross domestic product at market prices,Lithuania,"Current prices, million units of national currency",LTU_YEN_ESTAT,13381.5,14204.1,15206.4,16674.4,18312.8,20986,23999.6,29034.1,32683.1,26973.5,27663.4,31066.4,33240.4,34874,36410.1,37440.7,38820.7,42274.6,45947.4,49239.2,50264.6,56709.1,67081.1,74317,78996.2,NA
Gross domestic product at market prices,Luxembourg,"Current prices, million units of national currency",LUX_YEN_ESTAT,22986,23879.9,25011.1,26227.3,28189.4,30281,34175,37641.9,40009.6,39050.7,42402.7,44323.5,46526.2,49094.5,51791.3,54142.3,56208.1,58168.8,60193.4,62415,64499.2,73039.5,76731.2,82115.5,86180.3,NA
Gross domestic product at market prices,Hungary,"Current prices, million units of national currency",HUN_YEN_ESTAT,13340291,15413047,17440963,19108793,21088678,22572429,24321949,25730258,27233189,26467800,27427573,28492068,28919193,30343344,32826770,34984755,36311882,39335929,43553984,47940496,48807766,55560466,65950424,75292668,81447664,NA
Gross domestic product at market prices,Malta,"Current prices, million units of national currency",MLT_YEN_ESTAT,4120,4267.6,4500,4761.2,4900.7,5140.9,5380.6,5778.2,6236.5,6287.6,6862,7032.8,7479.5,8129.4,8948.5,10221.4,10864.3,12535.7,13678.6,14594.2,14362.4,16680.2,17985.1,20923.4,23125,NA
Gross domestic product at market prices,Netherlands,"Current prices, million units of national currency",NLD_YEN_ESTAT,452191,482941,502901,514901,531573,553122,587444,622775,651299,630173,643022,656013,658232,665567,678627,699175,720175,750861,787273,829767,816463,891550,993820,1050133,1122459,1179660
Gross domestic product at market prices,Austria,"Current prices, million units of national currency",AUT_YEN_ESTAT,212406.8,219373.3,225087.9,230541.9,240541.7,252354.9,265933.7,282208.2,291846.2,286274.1,294050.6,308167,316589.4,321191.7,330113.5,342083.5,355665.6,367294.9,383234.3,395706.8,380317.9,406231.5,449382.2,477837.3,494087.6,NA
Gross domestic product at market prices,Poland,"Current prices, million units of national currency",POL_YEN_ESTAT,751669,785305,814760,850001,937339,993293,1073375,1189430,1290419,1375644,1441650,1563935,1622242,1637768,1710185,1809564,1865960,1996836,2147587,2313929,2362909,2661518,3100850,3415274,3653432,NA
Gross domestic product at market prices,Portugal,"Current prices, million units of national currency",PRT_YEN_ESTAT,128414.4,135775,142554.3,146067.9,152248.4,158552.7,166260.5,175483.4,179102.8,175416.4,179860.4,176318,168538.8,170675.6,173186.7,179392.7,186380.7,195509.1,204997.6,214489.9,201032.7,216493.7,243957.1,270352.6,289428,NA
Gross domestic product at market prices,Romania,"Current prices, million units of national currency",ROU_YEN_ESTAT,80873.1,117391.4,152271.5,191917.6,244688.3,286861.9,342762.6,425691.1,539831.4,530919.6,540447.5,587235,621214.7,631634,668905,712548.6,752129.1,851620.6,953049.2,1059822.1,1063650.7,1186015.4,1384597.8,1590749.4,1759183.3,NA
Gross domestic product at market prices,Slovenia,"Current prices, million units of national currency",SVN_YEN_ESTAT,18731.9,20937.6,23272.6,25376.3,27420.9,28905.7,31294.4,34936.9,37742.1,35830.3,36050.8,36782.2,35933.6,36041.3,37270.9,38493.9,40013.2,42625.5,45462.4,48156.5,46738.7,52032.4,56881.6,64050,67418.1,NA
Gross domestic product at market prices,Slovakia,"Current prices, million units of national currency",SVK_YEN_ESTAT,31632,34307.3,37272.2,41210.9,45996.8,50275.9,56349.1,63180.7,68556.6,64055.1,68726.7,71629.5,73727.6,74642.7,76562.3,80376.3,81621.6,84960.4,90275.9,94547.5,94320.6,101891.6,109959.8,123538.7,130207.5,NA
Gross domestic product at market prices,Finland,"Current prices, million units of national currency",FIN_YEN_ESTAT,136386,144613,148440,151714,158741,164666,172861,187059,194253,181735,188147,197655,200378,203497,205855,210192,215717,224706,231905,238518,236387,248764,266135,273005,275993,NA
Gross domestic product at market prices,Sweden,"Current prices, million units of national currency",SWE_YEN_ESTAT,2408775,2504784,2603427,2701410,2825986,2927127,3117499,3312135,3391873,3324135,3551514,3704817,3724495,3804976,3963666,4230936,4392801,4575114,4777837,5021382,5012855,5417760,5816415,6143187,6387027,NA
Gross domestic product at market prices,Iceland,"Current prices, million units of national currency",ISL_YEN_ESTAT,718563.5,810904.1,863104.9,887115.6,980152.9,1079910.1,1240196.4,1406654.8,1604866.4,1633577.8,1701937.5,1784997.2,1869206.9,1984716.7,2107905.7,2335025.4,2547156,2677408.9,2889194.5,3063414.5,2983972.1,3331536.5,3945587.5,4374514.3,4583292.4,NA
Gross domestic product at market prices,Liechtenstein,"Current prices, million units of national currency",LIE_YEN_ESTAT,NA,NA,NA,NA,NA,NA,NA,NA,NA,NA,NA,NA,NA,5924.5,6099.3,6032.7,6146.2,6375.2,6544.6,6396.4,6014.1,7230.9,7091.4,7403,NA,NA
Gross domestic product at market prices,Norway,"Current prices, million units of national currency",NOR_YEN_ESTAT,1509132,1566708,1564145,1624095,1788123,1997037,2224871,2360174,2622135,2439712,2605351,2809929,2983082,3090335,3161776,3130183,3116035,3323103,3576581,3596937,3461575,4323931,5732905,5101559,5196606,NA
Gross domestic product at market prices,Switzerland,"Current prices, million units of national currency",CHE_YEN_ESTAT,476794.4,489674.3,489292.8,493651.7,508607.6,528601.2,562159.6,598992.2,622461.8,613318,636172,645812.3,654393.6,666210.4,679021.9,679632.7,688404.2,695842.6,724383.2,731800.8,709854.6,768279.4,819703.7,834189.8,853957,NA
Gross domestic product at market prices,United Kingdom,"Current prices, million units of national currency",GBR_YEN_ESTAT,1095900,1138375,1187671,1256188,1317459,1393038,1470719,1546085,1589259,1548513,1606027,1660141,1711770,1780336,1863008,1919641,1994712,2068757,2141792,2217787,NA,NA,NA,NA,NA,NA
Gross domestic product at market prices,Bosnia & Herzegovina,"Current prices, million units of national currency",BIH_YEN_ESTAT,11819.6,12678.2,13982.4,14728,15998.1,17650.3,20057.2,22547.9,25519.3,24798.5,25365,26231.3,26222.7,26778.8,27358.7,28928.9,30265.1,31802.7,33941.8,35784.9,34727.5,39145.3,45617.9,49920.2,53752.2,NA
Gross domestic product at market prices,Montenegro,"Current prices, million units of national currency",MNE_YEN_ESTAT,NA,NA,NA,NA,NA,NA,2166.3,2687.1,3100,2981.9,3120.5,3238,3169.3,3329.6,3447.2,3615,3936.6,4252.5,4600.9,4898.4,4144.8,4923.2,5944.4,7068.8,7644.5,NA
Gross domestic product at market prices,North Macedonia,"Current prices, million units of national currency",MKD_YEN_ESTAT,248646.4,252393.5,258580.7,268693.6,280786,308447.2,334840.1,372889.2,414890.1,414621.9,437295.5,464186.3,466702.7,501891,527631,558953.6,594794.9,618105.5,660878.2,692682.9,669280.2,729444.5,816083.8,902905.2,964086.7,NA
Gross domestic product at market prices,Albania,"Current prices, million units of national currency",ALB_YEN_ESTAT,516206.8,583125.1,633932.6,700711.6,760444.8,824594.6,897697.7,1005281.3,1112317.1,1171606.5,1256235.3,1308997.9,1324877.4,1352246.8,1402496.1,1444802,1488303.3,1579055.8,1660820.3,1712036.8,1655984.5,1866671.7,2149741.8,2364276.1,2517819.7,NA
Gross domestic product at market prices,Serbia,"Current prices, million units of national currency",SRB_YEN_ESTAT,462777,909984.2,1154699.1,1358614.9,1567285.6,1890285.9,2235824.7,2623862.4,3021363.9,3173313.6,3384054.3,3758417.3,3967883.5,4296737.4,4341966.7,4493630.1,4698762.4,4953979.8,5287993.8,5669235.2,5764147.6,6576024,7460138.8,8817908.5,9748258.7,NA
Gross domestic product at market prices,Turkey,"Current prices, million units of national currency",TUR_YEN_ESTAT,171778,247807.9,362906.9,473368.5,584693.7,682962.3,799459.6,892805.4,1009220.9,1013510.2,1176048,1413984.5,1590049.3,1831744,2062358.2,2354059.1,2629988,3151529.2,3806479.2,4402050.3,5141710.6,7433799.9,15325857.5,27091469.1,44587225.4,NA
Gross domestic product at market prices,Ukraine,"Current prices, million units of national currency",UKR_YEN_ESTAT,176128,211175,234138,277355,357544,457325,565018,751106,990819,947042,1079346,1299991,1404669,1465198,1586915,1988544,2385367,2981227,3560302,3977198,4222026,5450849,5239114,6627961,NA,NA
Final consumption expenditure of general government,Belgium,"Current prices, million units of national currency",BEL_GCN_ESTAT,53942.1,56339.3,60495.8,63226.1,65885.7,68499.7,71334.3,74276.3,79726.6,83900.3,86241.8,90394.6,93810.7,95515.1,97625.9,98372.2,99913.5,102499,106380.4,110062.6,112398.9,120271.7,131608.5,140872.6,147785.5,NA
Final consumption expenditure of general government,Bulgaria,"Current prices, million units of national currency",BGR_GCN_ESTAT,2845.1,3068.6,3340.7,3767.2,4078.8,4364,4974,5417.7,6387.6,6263.4,6318.7,6574.5,6672.4,7184.2,7242.3,7368.4,7599.8,8182.1,9228.6,10283,11953.7,13479.7,15734.7,17445.8,20699.2,NA
Final consumption expenditure of general government,Czechia,"Current prices, million units of national currency",CZE_GCN_ESTAT,471844,508510,570559,626046,643332,674903,711146,746171,781979,825042,827181,810622,801308,822342,845563,880166,915004,964952,1054085,1140599,1249510,1318715,1381445,1500921,1609627,NA
Final consumption expenditure of general government,Denmark,"Current prices, million units of national currency",DNK_GCN_ESTAT,316837.6,333689,350776.2,359789.8,375560.8,389177.8,408025.8,424029,453008.8,481887,496373.4,491424.3,502817.4,503311.4,512711.8,520265.7,525878.9,537082.9,548674.7,559208.4,576101.4,613548.4,624468.8,636811,672153.9,NA
Final consumption expenditure of general government,Germany,"Current prices, million units of national currency",DEU_GCN_ESTAT,413966,422652,434366,438568,436826,440326,447752,456952,475217,498790,512022,523421,538870,561975,583523,605942,633891,657990,680525,717506,769045,817221,868210,905202,951782,1007836
Final consumption expenditure of general government,Estonia,"Current prices, million units of national currency",EST_GCN_ESTAT,1207.3,1296.7,1424.2,1562.9,1701,1914.1,2150.9,2608.6,3064.8,2902.6,2884.4,3063.7,3261,3527.3,3756.9,4041.3,4292.2,4592.8,4964.1,5442.9,5743.5,6265.9,6953.8,7792.9,8382.8,NA
Final consumption expenditure of general government,Ireland,"Current prices, million units of national currency",IRL_GCN_ESTAT,15998.6,18801.5,21496.1,23373.6,25261,27346.3,30005.9,33200.3,34932.8,33972.8,31244.5,32809.8,31977.2,30825.2,32087.3,33008.8,34623.1,36818.6,39404.8,42852.7,48004.7,52495.8,57140.9,63445.9,67926.2,NA
Final consumption expenditure of general government,Greece,"Current prices, million units of national currency",GRC_GCN_ESTAT,25791,28483,31430,33918,37108,39889,43911,47750,50189,55563,50341.9,45008.1,42008.1,37364.9,36668,36484.1,36177.7,36443.4,35733.8,37086.2,38183.7,39796.1,41188,43685.7,44006.5,NA
Final consumption expenditure of general government,Spain,"Current prices, million units of national currency",ESP_GCN_ESTAT,107716,115482,124088,134090,146983,160046,173555,189709,208274,220225,220650,218986,204987,202531,202404,209317,211850,215798,223673,234127,245553,259441,275811,293914,307800,322120
Final consumption expenditure of general government,France,"Current prices, million units of national currency",FRA_GCN_ESTAT,332531.2,342288.7,361855,379531,394321,409986.5,423187.5,438020.2,451773.7,470413.6,482412.9,494245.7,505817.9,516835.6,524758.8,529876.7,538314,554402.9,561627.8,572015.3,587447.4,625316.3,653543.8,682143.6,706020.5,NA
Final consumption expenditure of general government,Croatia,"Current prices, million units of national currency",HRV_GCN_ESTAT,5485.1,5372.6,5820.3,6215.9,6726.7,7204.8,7911,8955.7,9562.7,9975.2,9917.4,10281.2,10172,10172.7,10358.7,10322.1,10446,10840,11317.4,11912.4,12629,13461.6,14279,16551.1,19792.5,NA
Final consumption expenditure of general government,Italy,"Current prices, million units of national currency",ITA_GCN_ESTAT,221855,241767,252325,266794,280686,295313,304957,309847,323353,329825,334716,330543,325528,323354,321041,318892,326278,331415,335725,337134,346227,361824,376408,383037,397504,NA
Final consumption expenditure of general government,Cyprus,"Current prices, million units of national currency",CYP_GCN_ESTAT,1614.3,1837.7,1994,2323.6,2325.5,2483.1,2750.3,2934,3300.6,3570.6,3648.4,3844.7,3723.9,3379.6,2984.8,2980.4,2944.7,3053.7,3208.2,3752.3,4296.5,4823.7,5334.3,5982.3,6400.7,NA
Final consumption expenditure of general government,Latvia,"Current prices, million units of national currency",LVA_GCN_ESTAT,1351.2,1463.3,1666,1904.9,2052.7,2284.7,2754,3762.2,4637.4,3612.3,3286.2,3533.2,3626.5,3915.2,4121.6,4316.2,4416.3,4758.1,5123.6,5759.1,6128.8,7038.5,7475.3,8309.4,8824.2,NA
Final consumption expenditure of general government,Lithuania,"Current prices, million units of national currency",LTU_GCN_ESTAT,2995.1,3001.4,3125.9,3259.1,3495.5,3886.4,4605.5,5066.8,6100.8,5719.8,5582.1,5758.2,5854.1,5860.7,6064.9,6420.7,6583.9,6879.7,7432,8255.4,9232.1,9956.8,11468.9,12967.4,14868.2,NA
Final consumption expenditure of general government,Luxembourg,"Current prices, million units of national currency",LUX_GCN_ESTAT,3331.9,3661.6,3990.7,4293.2,4616.2,5021.3,5184.8,5431.3,5797.1,6279.8,6693.6,7111.6,7585.7,8027.1,8313.3,8645.5,8810.2,9434.6,10098.2,10742.9,11886.6,12602.3,13860.7,15110.4,16417.9,NA
Final consumption expenditure of general government,Hungary,"Current prices, million units of national currency",HUN_GCN_ESTAT,2824338,3246547,3811817,4402571,4648829,4998596,5353817,5348733,5824412,5839687,5881919,5878102,5786566,5985291,6556690,6890631,7221255,7924168,8539956,9573155,10344428,11551983,13653651,15398070,16753329,NA
Final consumption expenditure of general government,Malta,"Current prices, million units of national currency",MLT_GCN_ESTAT,727.4,804.7,844.3,895.8,924,934.1,994.7,1033.7,1212.1,1213.3,1275,1330.2,1432.7,1462.4,1598.1,1730.6,1840.6,1983.6,2192.4,2465,2828.2,3055.5,3165.1,3430.7,3906.2,NA
Final consumption expenditure of general government,Netherlands,"Current prices, million units of national currency",NLD_GCN_ESTAT,92704,100928,110735,117563,119681,123401,136316,144773,152765,163571,168710,168827,171023,171367,173826,173811,176489,181470,190649,202262,209743,226371,241898,263837,289662,306699
Final consumption expenditure of general government,Austria,"Current prices, million units of national currency",AUT_GCN_ESTAT,41486.2,42238.8,42972.7,44262.9,46048.1,49408.5,51920.1,53606.1,57057.3,59668,60872.7,62022,63674.8,64960,66531.4,68856.5,71049.8,72695,75207.7,78029.4,81044.3,88622.9,92283.8,98315,106712.2,NA
Final consumption expenditure of general government,Poland,"Current prices, million units of national currency",POL_GCN_ESTAT,135206,145686,151247,160184,170918,181615,198266,216080,240357,257352,276065,282726,292144,300216,311904,324003,332543,350781,375176,412303,445105,492997,561847,647134,760407,NA
Final consumption expenditure of general government,Portugal,"Current prices, million units of national currency",PRT_GCN_ESTAT,24144.4,26053.5,27787.5,29280.3,30999.8,33171,33680.4,34300.5,35250.5,37288.5,37011.4,34713.6,30857.1,32094.6,31819,32022.3,32784.9,33634,34768.9,36348,37961.8,40124.3,42456.4,45148.9,48827.2,NA
Final consumption expenditure of general government,Romania,"Current prices, million units of national currency",ROU_GCN_ESTAT,13634.4,18544,22573.2,30792.8,36036.7,46586.3,54579,65516.2,85726.8,85482.4,81187.8,79431.2,85542.1,90215.5,94839.6,99339.2,115143,133683.6,159541.4,186087.1,200757.7,211184.5,230631.4,273608.8,325699.3,NA
Final consumption expenditure of general government,Slovenia,"Current prices, million units of national currency",SVN_GCN_ESTAT,3481,3980.7,4390.4,4802.5,5197.9,5504.2,5865.9,6123.1,6895,7311.4,7426.8,7626,7364.1,7148.9,7100,7295.5,7691.1,7934.1,8369.1,8899.2,9683.7,10835.8,11085.1,12306.2,13745.9,NA
Final consumption expenditure of general government,Slovakia,"Current prices, million units of national currency",SVK_GCN_ESTAT,6620.1,7227.7,7648.7,8476.4,8811.9,9495.1,10924.7,11200.8,12392,13167.1,13573,13425.6,13624.6,13948.8,14431.8,15274,15840.7,16515.6,17174.7,18985.5,20035.2,21584.4,23367.1,25107.7,27493,NA
Final consumption expenditure of general government,Finland,"Current prices, million units of national currency",FIN_GCN_ESTAT,26932,28814,30593,31989,33624,35250,36835,38843,41888,43737,44586,46310,48506,50204,50821,51644,51562,51617,53536,56004,57768,61708,64318,70130,72031,NA
Final consumption expenditure of general government,Sweden,"Current prices, million units of national currency",SWE_GCN_ESTAT,589625,618123,660161,694207,706829,728352,766709,800024,838906,866897,892863,927335,961938,1002277,1042708,1095585,1164217,1205849,1260899,1299852,1333634,1410050,1497226,1622880,1694943,NA
Final consumption expenditure of general government,Iceland,"Current prices, million units of national currency",ISL_GCN_ESTAT,170193.7,192766.9,219206.7,231067.8,245530.1,269917.3,308074.9,342089.6,397792.6,424105.5,432303.7,454465.3,471655.4,493591.7,518123.9,557154.4,595410.9,642010.4,701331.5,759993.6,838202.6,914395.2,1008421.3,1101667.9,1187744,NA
Final consumption expenditure of general government,Liechtenstein,"Current prices, million units of national currency",LIE_GCN_ESTAT,NA,NA,NA,NA,NA,NA,NA,NA,NA,NA,NA,NA,NA,NA,NA,NA,NA,NA,NA,NA,NA,NA,NA,NA,NA,NA
Final consumption expenditure of general government,Norway,"Current prices, million units of national currency",NOR_GCN_ESTAT,284676,313842,338267,356349,370927,386895,413106,440157,482485,524514,553027,584196,614804,648323,686825,723005,754667,791090,826653,866988,904650,970694,1034723,1116464,1183912,NA
Final consumption expenditure of general government,Switzerland,"Current prices, million units of national currency",CHE_GCN_ESTAT,54816,56611.2,58445.4,60038.4,60690,61828,62563.2,64208.4,67708.6,71457.9,72594.3,74276.9,75270.2,76998.1,78798.3,79461.4,80599.6,81899.2,83092.9,84819.7,87808.1,92242.9,93566.1,97946.5,101745.2,NA
Final consumption expenditure of general government,United Kingdom,"Current prices, million units of national currency",GBR_GCN_ESTAT,184211,198856,217030,238097,257860,275681,292961,305238,325840,341732,347575,348865,356448,359097,370199,374650,381987,387284,398421,423124,NA,NA,NA,NA,NA,NA
Final consumption expenditure of general government,Bosnia & Herzegovina,"Current prices, million units of national currency",BIH_GCN_ESTAT,2907.8,2967.4,3277.1,3357.8,3504.6,3822.4,4207,4753.2,5635,5818.1,5866.2,6056.8,6127,6112.5,6254.5,6355.6,6328.3,6413.1,6672.1,6927.6,7206.1,7594.8,8513.2,9547.8,10524.2,NA
Final consumption expenditure of general government,Montenegro,"Current prices, million units of national currency",MNE_GCN_ESTAT,NA,NA,NA,NA,NA,NA,421.9,545.4,710.5,668.4,702.1,699.8,681.5,666.6,695.4,739.6,806.9,823.7,894.8,919.1,981.2,986.8,1073.8,1262.7,1348.4,NA
Final consumption expenditure of general government,North Macedonia,"Current prices, million units of national currency",MKD_GCN_ESTAT,42097.1,60150.8,53661.4,48578,48870.6,49922.3,55285,62657.3,77099.9,79091.6,79984.2,84111.8,87031,87855,90289.7,94890,91777.3,92225.4,94397.6,96957.9,112029.3,115476.1,122592.7,134842.9,149889.9,NA
Final consumption expenditure of general government,Albania,"Current prices, million units of national currency",ALB_GCN_ESTAT,50235,61775.7,71229.6,77432.2,85083,91392.2,94751.6,104407.4,119073.3,134920.4,146846.7,155417.7,155579.2,159128.1,172151.3,169035.8,180159.6,187134.2,197083.1,217017.7,226328.9,241871,261072,286593,312711,NA
Final consumption expenditure of general government,Serbia,"Current prices, million units of national currency",SRB_GCN_ESTAT,108628.2,241025.7,320390.3,378388,387032.1,400622.6,473431.9,590180.7,664653.5,679620.1,720259.8,787007.8,852525.1,863783.4,862035.1,820436,821705.3,867596.9,951608.4,1041167.3,1117305.1,1233980.4,1369140.7,1510223.5,1705299.4,NA
Final consumption expenditure of general government,Turkey,"Current prices, million units of national currency",TUR_GCN_ESTAT,20598.8,31594.8,47125.8,60484,73282.5,84926.9,105590.2,122615.1,141128.9,164289.7,172743.7,198521,229652.8,261322.2,300573.4,317831,384039.8,444657.9,552404.1,670997.8,772901.7,969784.2,1811104.5,3585843.1,6445600.7,NA
Final consumption expenditure of general government,Ukraine,"Current prices, million units of national currency",UKR_GCN_ESTAT,31521,39920,41412,50589,60392,80156,99714,127942,168177,184109,209264,225707,261967,272271,296210,376315,443727,616621,739537,746939,814644,967099,2087072,2774179,NA,NA
Household and NPISH final consumption expenditure,Belgium,"Current prices, million units of national currency",BEL_PCR_ESTAT,134116.1,138526,140825.9,143956.1,149126.9,155602.7,162732.4,170591.9,178419.2,180099.5,190228.2,196479.4,203724.2,208504.6,212249.3,217398.6,224178.4,233086.8,241730.6,248825.6,233039,252604.9,289653.3,311156.6,322938.5,NA
Household and NPISH final consumption expenditure,Bulgaria,"Current prices, million units of national currency",BGR_PCR_ESTAT,9559.4,10868.3,11891.6,12737.3,14399.7,16530,18333.8,22247.1,24455.4,23564.3,24568,25979.9,27719.3,26272.1,27021.6,28428.4,29510.4,31632.8,33422.4,36179,35874.1,41318.8,49855.4,54489.6,60030.7,NA
Household and NPISH final consumption expenditure,Czechia,"Current prices, million units of national currency",CZE_PCR_ESTAT,1208400,1287118,1345235,1412797,1504240,1574030,1661090,1778704,1916606,1924967,2005645,2041557,2065160,2094489,2147390,2237695,2342192,2520344,2684748,2848112,2744536,2979988,3423701,3620896,3823760,NA
Household and NPISH final consumption expenditure,Denmark,"Current prices, million units of national currency",DNK_PCR_ESTAT,624481.6,642192.6,664035.7,680947.5,722252.4,763267.6,801949.7,831406.7,858907.6,838858,870260.2,892352.6,916386.9,937099.3,940717.8,960935.5,993187.3,1029939.2,1073741.4,1101811.6,1089667,1172407.7,1235907.4,1240915.5,1275815,NA
Household and NPISH final consumption expenditure,Germany,"Current prices, million units of national currency",DEU_PCR_ESTAT,1201814,1238791,1250939,1282424,1306221,1334453,1369999,1394366,1423468,1427145,1458929,1505962,1546258,1571749,1604736,1650306,1699336,1753780,1808497,1865115,1748769,1841679,2094029,2218511,2282962,2373994
Household and NPISH final consumption expenditure,Estonia,"Current prices, million units of national currency",EST_PCR_ESTAT,3357.4,3827.7,4336.1,4833.1,5419,6166.3,7345.9,8595.2,8859.2,7538.2,7728.5,8444.4,9269.3,9979.4,10465.9,10980.8,11631.2,12449.5,13498.9,14475.5,14156.3,15843.3,19164.8,20565,21282.1,NA
Household and NPISH final consumption expenditure,Ireland,"Current prices, million units of national currency",IRL_PCR_ESTAT,50909.7,55639.4,60602.4,64730.3,68387.3,74312.7,81029.2,89055.9,90610.5,80141.4,79102.7,78627.1,78932.3,80262.4,83246.4,86319.5,90457.8,94432.6,101144.1,105647.8,94820.9,106293.3,126634.4,143697.4,154119.3,NA
Household and NPISH final consumption expenditure,Greece,"Current prices, million units of national currency",GRC_PCR_ESTAT,89914.6,97421.9,104606.3,112338.6,120490.2,128010.5,134524,145669.7,156770,155326.2,149210.6,141387.9,129394.7,123271.4,120505.4,119397.1,118786,122196.2,125056,128410,119055.4,126337.4,146877.7,155442.8,162570.8,NA
Household and NPISH final consumption expenditure,Spain,"Current prices, million units of national currency",ESP_PCR_ESTAT,386194,415688,440229,465322,501503,539887,581510,621914,639994,611492,626405,625508,617155,605124,616417,634404,652537,682792,704368,720025,633624,693559,775799,830057,882611,938228
Household and NPISH final consumption expenditure,France,"Current prices, million units of national currency",FRA_PCR_ESTAT,793413.9,828481.4,853000.6,880589.6,916926.1,957087.1,1004310.7,1051555.3,1086786,1072827.7,1106397.2,1135429.5,1146393.5,1160706.7,1174088,1196047.6,1219209.6,1246646.7,1283910.2,1315980.4,1242136.8,1325106.9,1435352.6,1544768.5,1595291.8,NA
Household and NPISH final consumption expenditure,Croatia,"Current prices, million units of national currency",HRV_PCR_ESTAT,14909.8,16436,18406.6,19682.1,21019.4,22683.7,23812.8,25730.9,27951.1,26269.2,26237.7,27072.6,27262.7,27343.6,26578.2,26593.5,27132,28236.1,29606.3,31157.9,29713.4,33774,39918.8,44800.1,49121.5,NA
Household and NPISH final consumption expenditure,Italy,"Current prices, million units of national currency",ITA_PCR_ESTAT,746913.7,771574,794056.6,824247.5,852710.3,882545.5,918866.4,950514.9,970088.6,951476.3,976269.6,1006432.5,996210.5,984566.9,989832,1009503.8,1022652.2,1049068.7,1068463.8,1077801.1,966220.1,1037700.9,1166513.3,1231746.4,1257407.4,NA
Household and NPISH final consumption expenditure,Cyprus,"Current prices, million units of national currency",CYP_PCR_ESTAT,6558.7,7032.9,7335.3,7821.9,8518.4,9126.2,9829.1,11195.4,12689.8,11895.4,12805.2,13066.6,13036.2,12093.2,12007.3,12078.2,12456.5,13187.7,14163.5,14850.8,13765.6,14607.3,17144.7,18829.8,19915.1,NA
Household and NPISH final consumption expenditure,Latvia,"Current prices, million units of national currency",LVA_PCR_ESTAT,4221.9,4558,4992.4,5601.7,6622.1,8003.8,10276.9,12680,13185.5,10957.2,11102.2,11637.7,12604.6,13480,13707.9,13976.1,14623.1,15463,16447.6,16971.9,16201.3,17965.6,21475,22935.3,23745.9,NA
Household and NPISH final consumption expenditure,Lithuania,"Current prices, million units of national currency",LTU_PCR_ESTAT,8651.1,9226.4,9740.1,10672.8,11811.2,13492.8,15410.9,18350.6,21141.2,18225.9,17702.7,19200.5,20444.5,21384.4,22251,22944.7,24078.2,25767.1,27366.9,28751.4,28168.5,31851.5,38396.9,41637.7,43494,NA
Household and NPISH final consumption expenditure,Luxembourg,"Current prices, million units of national currency",LUX_PCR_ESTAT,9210,9747.5,10400.1,10911.3,11297.5,11608.5,12379.5,12944.8,13665.3,13831.2,14579.4,15257.3,15961.7,16334.3,16945.4,17614.9,18342.9,19306.2,20259.8,20993.6,19574.8,22151.4,24909.3,27081.7,28705.4,NA
Household and NPISH final consumption expenditure,Hungary,"Current prices, million units of national currency",HUN_PCR_ESTAT,7247747,8306582,9510948,10768077,11586337,12336487,12954937,13964209,14574153,14170851,14453617,15016344,15530913,15799349,16377244,17096388,18094240,19716195,21432243,23551718,24253760,27022680,33233765,37219901,42103357,NA
Household and NPISH final consumption expenditure,Malta,"Current prices, million units of national currency",MLT_PCR_ESTAT,2640.4,2752.3,2754.6,2944.6,3100.2,3297.1,3480.1,3623.6,3813,3832.9,4017,4270.8,4426.9,4634.2,4803,5043.7,5230.6,5617.4,6253.7,6738.2,6124.8,6858.9,7920.7,9495.4,10387.4,NA
Household and NPISH final consumption expenditure,Netherlands,"Current prices, million units of national currency",NLD_PCR_ESTAT,225287,237739,249214,255198,260558,267616,274712,285873,294904,285927,290857,300190,300662,304838,309660,316815,323097,337163,352300,364276,348703,380427,437447,471023,488252,507033
Household and NPISH final consumption expenditure,Austria,"Current prices, million units of national currency",AUT_PCR_ESTAT,113350.2,117852.6,119585.8,124129,128845.7,134822.2,140363.9,145607.2,150122.5,151884.2,156478.6,163168.5,168036.5,170938,174213.1,178621,184352.5,191370.9,197148.2,201984.5,188599.7,201703,228963.2,246995.1,257599.4,NA
Household and NPISH final consumption expenditure,Poland,"Current prices, million units of national currency",POL_PCR_ESTAT,479391,507084,541344,552329,601151,624474,665034,716249,798185,845950,900073,967519,1005360,1005984,1035130,1071722,1103607,1192228,1268446,1338128,1340118,1502813,1802763,1968759,2096452,NA
Household and NPISH final consumption expenditure,Portugal,"Current prices, million units of national currency",PRT_PCR_ESTAT,81498.5,85363.2,89473.6,92379.5,96959.2,102260.9,107485.6,113909,118731.5,113679.6,118450.2,116079.1,111963.4,111646.9,114534.3,117450.1,121508.1,125659.4,130983.6,136737.8,128047.1,137058.3,155215.3,166611.9,176306.7,NA
Household and NPISH final consumption expenditure,Romania,"Current prices, million units of national currency",ROU_PCR_ESTAT,55652.8,81192.5,104591,131490.3,171757.6,204014.6,235652.5,286728.2,344899.5,335126.1,348374.3,378544.2,401834.2,387649.7,408150.2,437396.4,466968.6,534845.2,607465.1,659953.8,651092.5,728843.1,875139.9,977935.7,1099448.6,NA
Household and NPISH final consumption expenditure,Slovenia,"Current prices, million units of national currency",SVN_PCR_ESTAT,10501.2,11547.6,12667.6,13844.6,14657.7,15292.3,15875.5,17646.6,19135.7,19493.7,20103.3,20658.5,20558,20050.3,20264.9,20582.4,21325.3,22197,23416.1,25049,23414.6,26935,30690.5,33024,34990.1,NA
Household and NPISH final consumption expenditure,Slovakia,"Current prices, million units of national currency",SVK_PCR_ESTAT,16949.9,18831.1,20502.1,21995.9,25197.3,27140.5,30303.3,33546.4,37491.6,37512.9,38362.4,39135.1,40695.2,40564.2,41532.6,42806.4,44228.5,47360.9,50241.3,52844.6,54205.2,57656,67473.9,72087.7,76829.4,NA
Household and NPISH final consumption expenditure,Finland,"Current prices, million units of national currency",FIN_PCR_ESTAT,65208,68763,71639,75339,78385,81737,86126,90864,95808,94766,98228,104418,107778,109843,111849,113898,116181,117900,120787,122478,118723,125257,134505,139960,141165,NA
Household and NPISH final consumption expenditure,Sweden,"Current prices, million units of national currency",SWE_PCR_ESTAT,1162762,1197000,1244435,1288901,1331701,1385835,1436697,1519157,1563188,1612235,1696742,1752181,1780674,1823615,1892031,1991284,2052532,2140474,2236047,2300307,2249509,2429525,2665339,2798083,2893019,NA
Household and NPISH final consumption expenditure,Iceland,"Current prices, million units of national currency",ISL_PCR_ESTAT,420275.4,441255,461858,494549.3,548003.2,619951.2,691006.7,772171,824793.9,837188.7,867262.8,918275.3,989580.2,1035402.9,1092045.2,1148021.4,1237686.1,1324303.5,1430782.5,1511870,1529018.8,1706929.2,1963171.9,2130094.1,2249981.1,NA
Household and NPISH final consumption expenditure,Liechtenstein,"Current prices, million units of national currency",LIE_PCR_ESTAT,NA,NA,NA,NA,NA,NA,NA,NA,NA,NA,NA,NA,NA,NA,NA,NA,NA,NA,NA,NA,NA,NA,NA,NA,NA,NA
Household and NPISH final consumption expenditure,Norway,"Current prices, million units of national currency",NOR_PCR_ESTAT,639950,667510,697964,740692,790318,834554,891912,951214,1000752,1025885,1087050,1125089,1176605,1234388,1288402,1354268,1411418,1471657,1527962,1579019,1503954,1626348,1856500,1959015,2050693,NA
Household and NPISH final consumption expenditure,Switzerland,"Current prices, million units of national currency",CHE_PCR_ESTAT,268109.3,275551,274513.9,278951.5,286606.4,294812.2,303938.9,315226.3,325402,327640.2,335274.3,338394.5,342918.6,349297.5,351945.7,354958.7,358919.7,366780.1,371229.8,375004,359492.5,368464.5,395359.7,407117.8,421086.5,NA
Household and NPISH final consumption expenditure,United Kingdom,"Current prices, million units of national currency",GBR_PCR_ESTAT,728744,757181,785528,822779,863096,904886,943760,988366,1020924,997724,1028051,1065596,1103991,1153762,1197982,1233446,1292950,1334396,1385691,1420277,NA,NA,NA,NA,NA,NA
Household and NPISH final consumption expenditure,Bosnia & Herzegovina,"Current prices, million units of national currency",BIH_PCR_ESTAT,11934.1,12829.3,13678.9,14430.4,15600.3,16808.5,18093.8,19666.1,21958.1,21416.1,21796,22556.4,22956.2,23193.8,23575.6,23764.2,24001.2,24604,25422,26300.2,25511.6,27333.4,31502.2,34800.5,37035.8,NA
Household and NPISH final consumption expenditure,Montenegro,"Current prices, million units of national currency",MNE_PCR_ESTAT,NA,NA,NA,NA,NA,NA,2031.9,2364,2777.7,2439.2,2517.3,2627.7,2623,2710.8,2765.8,2836.8,3035.7,3218.9,3376.3,3511.8,3382.1,3641.6,4584.2,5304.4,6033.9,NA
Household and NPISH final consumption expenditure,North Macedonia,"Current prices, million units of national currency",MKD_PCR_ESTAT,187619.2,181455.2,200010,214278.1,227468.4,247359.8,264690.1,288407.9,326124.7,318212.8,330344.2,343080.1,344851.6,360115,368311.4,384798,398025.9,411980.7,435204.8,453725.6,442006.3,494433.1,567487.6,617930.9,644230.6,NA
Household and NPISH final consumption expenditure,Albania,"Current prices, million units of national currency",ALB_PCR_ESTAT,406650.3,432669.3,480759.3,537605.7,565876.7,616492,675883.9,800158.6,912907.3,938173.3,956379.8,1006349.9,1023982.8,1043765.4,1098225.9,1121567.3,1157238.2,1188637.1,1236881.7,1293381.4,1234594.6,1338304.4,1533994.8,1653900,1750224.4,NA
Household and NPISH final consumption expenditure,Serbia,"Current prices, million units of national currency",SRB_PCR_ESTAT,333599.4,666376.7,817510.3,923003.7,1156237,1394959.1,1669981.7,1910857.1,2207486.2,2311481.8,2474565.8,2751627.3,2893837.7,3035684.4,3100327.1,3144904.7,3248194.9,3430334.2,3581473.2,3762301.6,3725546.7,4205470.3,4901311.5,5520008.4,6047593.1,NA
Household and NPISH final consumption expenditure,Turkey,"Current prices, million units of national currency",TUR_PCR_ESTAT,114241,156085.7,228851.7,304587.5,371767.6,423905.7,481505.7,538980.2,597543,604240.3,712954.1,857903.3,946579.6,1073962.2,1193823.4,1359446.9,1503685.3,1769668.6,2037091.3,2366983.3,2762322,3871514.1,8152804.2,14637977.6,24199736.1,NA
Household and NPISH final consumption expenditure,Ukraine,"Current prices, million units of national currency",UKR_PCR_ESTAT,101170,122294,135518,158984,195224,270528,342136,455559,627050,616616,688319,868524,959196,1057361,1133749,1347314,1588601,2001505,2469755,2958119,3094144,3767172,3382196,4041895,NA,NA
Gross fixed capital formation,Belgium,"Current prices, million units of national currency",BEL_ITN_ESTAT,57702.8,59185.3,56554.2,57629.7,63703,68685.4,72591.5,80039.2,84833.9,78414.4,79689,86316.1,88540.8,87430.6,92496.2,96205.3,100774.7,104219.1,109244.1,116175.3,111457.3,121028.2,134341.6,145570.9,150401.5,NA
Gross fixed capital formation,Bulgaria,"Current prices, million units of national currency",BGR_ITN_ESTAT,2405.9,3052.3,3305.7,3710,4413.5,6169.8,7520.6,9183.7,12283.6,10394.8,8493.4,8644,8925.2,8908.4,9061.2,9553.2,8975.4,9609.7,10544.7,11454.9,11750.1,11616.4,14636.9,17703.1,19185.5,NA
Gross fixed capital formation,Czechia,"Current prices, million units of national currency",CZE_ITN_ESTAT,746447,803390,801454,828755,882501,938038,993804,1144129,1167085,1072552,1069618,1068820,1045045,1032888,1083151,1194421,1177309,1228924,1360492,1517682,1488282,1654963,1951952,2140174,2135611,NA
Gross fixed capital formation,Denmark,"Current prices, million units of national currency",DNK_ITN_ESTAT,284550.4,291798,290582.8,297817,311867.6,336657.5,392235.8,409610.8,415138.9,347677.4,326210.9,335462.8,355846.7,364010.9,382868.8,402039.9,441001.5,464858.2,488260.9,491905,516141.1,592515.7,653732.8,656014.8,682900.3,NA
Gross fixed capital formation,Germany,"Current prices, million units of national currency",DEU_ITN_ESTAT,487329,472991,442153,431667,431813,436406,472193,501203,516899,469819,501768,549605,558913,561175,590405,609619,640443,671086,714880,748216,736476,779975,861750,894143,885721,905840
Gross fixed capital formation,Estonia,"Current prices, million units of national currency",EST_ITN_ESTAT,1647,1916.6,2390.7,2864.6,3101.6,3727.7,4993.4,5968.8,5173.3,3204.9,3130.2,4412.4,5143.9,5276.2,5161.2,5053.5,5313.1,6177.3,7026.3,7577.9,8685.2,9430.4,9133.6,9745.1,9522.2,NA
Gross fixed capital formation,Ireland,"Current prices, million units of national currency",IRL_ITN_ESTAT,25759,29223.7,32086.1,36264.8,42112.5,50800.7,57299.4,56572.9,46525.1,35875.7,29422.5,28677.5,34446.9,33427.6,40503.5,66114.6,94123.4,100143.2,93499.2,193555.2,157989.2,99006.5,110101,130595.9,97633.6,NA
Gross fixed capital formation,Greece,"Current prices, million units of national currency",GRC_ITN_ESTAT,35316.6,37741.7,37939.3,43311.6,47311.2,41597.5,51553,58537.9,55579.3,47891.9,37608,28213,22827.5,20547.6,19779.5,19572.4,19832.1,21372.8,20465.7,20315.2,20607.1,25455.7,32544.5,35689.7,37971.3,NA
Gross fixed capital formation,Spain,"Current prices, million units of national currency",ESP_ITN_ESTAT,168191,181553,196263,217719,239314,269419,301950,321924,309886,248528,235617,215309,193835,180498,187322,198930,204287,221207,238502,254566,232798,249560,281890,306529,323455,349206
Gross fixed capital formation,France,"Current prices, million units of national currency",FRA_ITN_ESTAT,307691.6,319177.2,320974.5,332557.1,353422.7,374527.9,404237.7,437683.1,456366.9,415228.5,428800.2,447470.1,452237.8,450989.6,451387.7,452605.3,466924.7,490887.9,515244.8,545205.8,520133.8,588983.4,623311.7,645425.7,645205.8,NA
Gross fixed capital formation,Croatia,"Current prices, million units of national currency",HRV_ITN_ESTAT,4771.8,5256.7,6261.4,7965.1,8554.3,9111.6,10385.9,11464,12968.3,11073.4,9261.9,8955,8603.1,8661.1,8431.9,8774.5,9303.1,9684.1,10431.3,12030.2,11343.3,12222.2,14647,19595.6,21650.5,NA
Gross fixed capital formation,Italy,"Current prices, million units of national currency",ITA_ITN_ESTAT,264206.4,277322,295667.7,297848.6,311288.4,324900.7,341988.4,356687.6,354419.4,321826.5,327450.4,329961.7,301798.7,280671,275476.2,284103.1,294828.8,306672.5,319499.8,327062.5,303972.5,382698.4,435095,485486,487266.9,NA
Gross fixed capital formation,Cyprus,"Current prices, million units of national currency",CYP_ITN_ESTAT,2127.9,2171.8,2488,2605.8,2860.8,3190.8,4012.4,4473.9,5167.4,4377.4,4358,3769.8,3014.3,2540,2326,2302.8,3429.1,4223.9,4052,4372.2,4657.8,4934.9,6037.4,7132.3,7144.8,NA
Gross fixed capital formation,Latvia,"Current prices, million units of national currency",LVA_ITN_ESTAT,1687.8,1988.2,1977,2320.1,3129,4196.7,5755.5,8198,7803.8,4235.5,3458.8,4535.6,5700.6,5481.3,5388.6,5296.8,4941.3,5600.6,6448.2,6718.8,6730.3,7402.3,8404.4,9504.4,9043,NA
Gross fixed capital formation,Lithuania,"Current prices, million units of national currency",LTU_ITN_ESTAT,2556.7,2912,3145.9,3590.3,4176,4911.4,6242.9,8298.7,8513.3,4810.5,4726.3,5840.1,5843,6511.2,6957.1,7337.3,7732.7,8513,9507.5,10438.9,10773.6,12744.9,15050,17701.2,17704.4,NA
Gross fixed capital formation,Luxembourg,"Current prices, million units of national currency",LUX_ITN_ESTAT,4740.9,5224.7,5328,5520.6,5988.4,5858.7,6225,7121,8059.6,7036.7,7133.9,8516,8922.6,9060,9918.9,9371.7,9715.5,10360.6,9722.2,11264.9,11077.8,13253.2,12738.4,13194.8,13250.3,NA
Gross fixed capital formation,Hungary,"Current prices, million units of national currency",HUN_ITN_ESTAT,3397954,3826945,4308676,4519500,5074959,5385269,5719280,6098936,6361249,6004213,5516110,5575593,5552767,6329362,7254846,7799398,7121763,8778803,10835072,13003545,12908499,15145429,18161260,19098421,18780207,NA
Gross fixed capital formation,Malta,"Current prices, million units of national currency",MLT_ITN_ESTAT,977.3,912.1,785,1040.6,1036.2,1159,1100,1269.9,1260.8,1240.6,1428.8,1265.1,1479.2,1406,1506.9,2418.7,2315.8,2343.9,2614.2,2930.1,2863.3,3725.1,4481.5,3991.8,4280.2,NA
Gross fixed capital formation,Netherlands,"Current prices, million units of national currency",NLD_ITN_ESTAT,101869,106692,105682,105638,107266,112352,122832,143885,142837,132856,125004,130753,122368,121128,118012,152468,138952,148357,157069,173484,173694,184425,203422,213665,222797,232207
Gross fixed capital formation,Austria,"Current prices, million units of national currency",AUT_ITN_ESTAT,54601.4,54685.2,53172.7,55777.6,57172.6,58633.6,60714.5,65301.3,68682.5,64880.3,64282.9,69976.6,72666,74876.6,75817.8,78323.3,82948,87584.9,93178,99243.7,95590.1,105070.4,113301.5,117966.4,116347.3,NA
Gross fixed capital formation,Poland,"Current prices, million units of national currency",POL_ITN_ESTAT,178993,161504,151083,155133,174341,189869,222053,269914,299619,297676,282713,319013,315100,307917,341777,366275,342348,348928,402796,443016,434716,450540,509661,611378,622571,NA
Gross fixed capital formation,Portugal,"Current prices, million units of national currency",PRT_ITN_ESTAT,35960,37177.4,36860.4,34706.4,35662.8,36667.8,37463.2,39500.7,40929,37191.1,37137.6,32590.8,26760.9,25312.8,26169.8,28082.3,29311.6,33404,36548.6,39536.5,39193.9,44387.7,50189.9,55384.3,59160.3,NA
Gross fixed capital formation,Romania,"Current prices, million units of national currency",ROU_ITN_ESTAT,15462.8,24698.8,32683.1,43642.3,54554,67019.4,91230.2,150450.2,201287.3,138060.8,138739.7,157192.5,167779.8,154151.1,164635.3,177582.7,173274.5,194831.1,202151,246504.5,249549.8,290609.4,347865.8,422311.2,444926.7,NA
Gross fixed capital formation,Slovenia,"Current prices, million units of national currency",SVN_ITN_ESTAT,5168.6,5572.7,5786.5,6411.3,7187.6,7742.2,8731.6,10049,11166.5,8748.5,7650.6,7387.6,6887.6,7148.3,7244.2,7282.1,7114.3,7883,8878.9,9514.9,8891.5,10510.7,12507.3,13831.6,14104.8,NA
Gross fixed capital formation,Slovakia,"Current prices, million units of national currency",SVK_ITN_ESTAT,8511.4,10206.2,10606.6,10430.8,11371.1,13623.7,14862.5,16572.2,17571.2,13899.9,15016.6,17149.2,15520,15817.6,16212.9,19547.7,17679.3,18074.1,19269.2,20499.1,18657.5,19968.9,23025.7,26111.2,26586.3,NA
Gross fixed capital formation,Finland,"Current prices, million units of national currency",FIN_ITN_ESTAT,31460,33084,32076,33056,35336,37743,39358,45263,47583,41720,42937,45280,46718,45444,44705,45023,49728,53231,57033,58248,58284,60750,65640,63879,60865,NA
Gross fixed capital formation,Sweden,"Current prices, million units of national currency",SWE_ITN_ESTAT,523750,555575,564083,569972,603268,629617,703233,778676,813894,733520,782994,830127,828987,835789,899482,983314,1048624,1124621,1176008,1197155,1229784,1360714,1488467,1561103,1603504,NA
Gross fixed capital formation,Iceland,"Current prices, million units of national currency",ISL_ITN_ESTAT,174234.5,185894.4,169189.3,187905,241479.5,314269.4,434019.1,408097.6,403243.2,249359.5,236722.9,271238.2,295020.2,306504.7,358500.4,446404.4,526473.1,576925.2,625735.9,631008.3,626824,749155.7,937615.9,1090106.7,1228139.3,NA
Gross fixed capital formation,Liechtenstein,"Current prices, million units of national currency",LIE_ITN_ESTAT,NA,NA,NA,NA,NA,NA,NA,NA,NA,NA,NA,NA,NA,NA,NA,NA,NA,NA,NA,NA,NA,NA,NA,NA,NA,NA
Gross fixed capital formation,Norway,"Current prices, million units of national currency",NOR_ITN_ESTAT,298800,305493,303273,306005,350289,405383,464307,554438,589599,564867,537688,600817,665383,724129,749617,741527,780832,809386,850304,957750,949737,992163,1053488,1104630,1142620,NA
Gross fixed capital formation,Switzerland,"Current prices, million units of national currency",CHE_ITN_ESTAT,131257.7,131796.2,132601.8,131161.4,139210.7,144120.6,152165.4,163113.2,167428.9,155611.9,161385.9,165408.1,171150.3,174229.8,178742.8,180061.7,184038.8,191464.1,195583,197600,196156.9,205706.9,215223,224331.1,225873.1,NA
Gross fixed capital formation,United Kingdom,"Current prices, million units of national currency",GBR_ITN_ESTAT,196074,203211,210807,218069,226740,240776,258308,276702,277632,248842,256606,258901,268984,284080,309788,330807,353218,372333,381249,399508,NA,NA,NA,NA,NA,NA
Gross fixed capital formation,Bosnia & Herzegovina,"Current prices, million units of national currency",BIH_ITN_ESTAT,3676.7,3678.4,4050.4,4089,4306.3,5185.3,4666.6,6185.4,7499.4,5994,5374.9,5889.7,5851.2,5746.4,6402.4,6177.4,6383.3,7054.5,7746.3,8253.4,8039.7,8465.8,10299.4,11877.6,13096.8,NA
Gross fixed capital formation,Montenegro,"Current prices, million units of national currency",MNE_ITN_ESTAT,NA,NA,NA,NA,NA,NA,493,880.7,1209.6,812.3,688.1,650.5,643.3,680.2,668.6,748.5,981.4,1157.6,1369.6,1352,1169,1095,1292.8,1444.6,1610,NA
Gross fixed capital formation,North Macedonia,"Current prices, million units of national currency",MKD_ITN_ESTAT,50467.4,55512.2,55074.9,53937,59605.1,58720,67248.1,84627.4,106872.9,101819.6,100850.9,109219.1,109070.7,119003.3,123549,133254.1,145039.9,139018,132387.2,145756,144506.5,171094.4,196027.3,222676.7,226482.1,NA
Gross fixed capital formation,Albania,"Current prices, million units of national currency",ALB_ITN_ESTAT,167165.7,215024.4,228358.5,253548.4,290270.2,317080.4,344476.3,366375.7,390000.6,403848.8,379064.3,414826,379220.7,376018.5,372081.2,376819.4,381403.7,414654.8,430477.7,421244,417268.1,508015.7,552372,574200.3,613221.2,NA
Gross fixed capital formation,Serbia,"Current prices, million units of national currency",SRB_ITN_ESTAT,53728.2,107647.8,169329.5,225576.8,303915.8,363960.7,473629.6,619234.8,709143.2,590175.9,593735.5,651142.2,791547.1,703528.8,689131.3,755014.4,798473.5,880674.7,1054939.1,1262927.6,1236389.5,1515858.3,1783798.5,2060971.1,2319639.1,NA
Gross fixed capital formation,Turkey,"Current prices, million units of national currency",TUR_ITN_ESTAT,38325.4,44795.1,71389.7,99144.3,149925.5,183560,232183.3,254487.4,275568.8,232725.8,292580.5,395756.6,435665.9,527456.7,599823.1,706498.2,790135.4,953649,1153188.2,1164911.5,1437139.3,2110611.6,4681281.4,8906058.3,13962813.9,NA
Gross fixed capital formation,Ukraine,"Current prices, million units of national currency",UKR_ITN_ESTAT,34776,41750,44969,57083,80177,100017,137805,203696,256686,173474,183867,229403,266795,247054,224327,269422,368691,470327,628296,700617,564315,719771,621856,1318159,NA,NA
Exports of goods and services,Belgium,"Current prices, million units of national currency",BEL_XTN_ESTAT,185994.4,189295.4,193550.7,194130.8,210463.8,230304.7,249732.6,269059.8,284492,238532.5,275440.5,304024.1,310537.9,311397.3,321522.8,323611.6,341137.5,369998.5,383597.8,397783.1,367276.2,453546.6,529995.6,498425.4,491708.6,NA
Exports of goods and services,Bulgaria,"Current prices, million units of national currency",BGR_XTN_ESTAT,5208.3,5526.3,5861,6447.2,8627.9,10223.9,12876.4,16996.7,19545.9,15797.1,19182.3,24384.9,25499.1,27153.1,27772.4,29212.3,31133.1,35170.7,36914.3,39348.4,34933,44125.9,60237.1,58610.3,59057.2,NA
Exports of goods and services,Czechia,"Current prices, million units of national currency",CZE_XTN_ESTAT,1147590,1260071,1211053,1319344,1756929,2030936,2290674,2551181,2545047,2307165,2617047,2877013,3093106,3150955,3561541,3722035,3782810,4023544,4140220,4247338,3949325,4450124,5104772,5239442,5548729,NA
Exports of goods and services,Denmark,"Current prices, million units of national currency",DNK_XTN_ESTAT,595083.5,624791.8,644557,629848.9,661562.6,753301.6,854153.6,895932.4,976723,812859.8,917158.1,999752.7,1042646.2,1063024.5,1085844.6,1133145.7,1129440.1,1211849.1,1278445.9,1358007.8,1280484.2,1511717.8,2003270.9,1932435.8,2078142.2,NA
Exports of goods and services,Germany,"Current prices, million units of national currency",DEU_XTN_ESTAT,632097,670963,693476,700653,778148,836166,945469,1033077,1060281,884225,1032906,1143913,1194889,1194757,1244335,1314624,1330343,1406671,1459356,1497693,1349915,1565725,1820295,1812922,1793668,1811274
Exports of goods and services,Estonia,"Current prices, million units of national currency",EST_XTN_ESTAT,3803.4,4279.7,4533.6,4998.5,5972,7422.5,8584.6,10267,11033.1,8601.3,11063.1,14443.1,15445.6,15992.5,16412.6,15975.5,16747.5,18068.2,19273.8,20505.3,18987.4,25041.8,31737.9,29829.2,30152.6,NA
Exports of goods and services,Ireland,"Current prices, million units of national currency",IRL_XTN_ESTAT,102408.1,116258.7,123009.4,117685.2,125751.1,135441,146147.9,159304.6,157941.9,158596.1,172819.8,177294.2,183371.9,200735.8,230879.2,344948.5,356446.1,396238.8,422166.5,477332.6,533702.1,611668.7,726433.3,716393.1,810337,NA
Exports of goods and services,Greece,"Current prices, million units of national currency",GRC_XTN_ESTAT,32694,34146.5,32389.2,32858,38932.1,40887.9,44520.5,49864.8,54395.4,43888.3,48583.6,51494.6,53847.2,54017,57249.8,56442.9,54391.8,61691.1,69773.3,73258.2,52691.9,74310.5,101913.7,98499.8,99693.5,NA
Exports of goods and services,Spain,"Current prices, million units of national currency",ESP_XTN_ESTAT,185133,195405,199164,205612,218354,231479,253088,279332,284202,246631,278203,314071,324254,335957,345132,361994,377059,408343,422779,434731,344196,417060,545828,566403,590793,617132
Exports of goods and services,France,"Current prices, million units of national currency",FRA_XTN_ESTAT,438490,450309.1,453465.4,440246.5,467075.9,496255.3,534014.1,559242.7,581061.2,501013.8,555437.6,609132.8,633913.6,648642.9,662096.6,697701.1,702983.1,740484,775337.9,799942.1,662035.3,784736.3,971788.9,973920.4,989546.9,NA
Exports of goods and services,Croatia,"Current prices, million units of national currency",HRV_XTN_ESTAT,8409.3,9564.1,10156.3,11075.3,12296.8,13170.9,14826.6,16208.5,16748.1,14341.9,15794.1,17191.4,17336,17785.5,19031.7,20882.7,22175.3,24327.3,25644.2,27722.8,20947.3,29047.2,40237.9,41626.4,43073.8,NA
Exports of goods and services,Italy,"Current prices, million units of national currency",ITA_XTN_ESTAT,318171.5,334498.2,329564,324994.1,348699.3,367450.6,406392.4,441837,439575.8,352894,403170,440244.9,456969.7,456829.8,468225.5,484747.5,490977.4,525788.2,547785.4,558356.4,479725.2,574339.2,701306.3,714163.2,714987.2,NA
Exports of goods and services,Cyprus,"Current prices, million units of national currency",CYP_XTN_ESTAT,7412.6,7787.3,7411.9,7419.7,7882.9,8254.9,8549.7,9326.5,9520.3,9099.1,9795.7,10615,10776.7,11058.1,11530.2,12564,13401.7,14998,16249.2,17728.2,17820,23306.5,31028.7,31268.1,33734.1,NA
Exports of goods and services,Latvia,"Current prices, million units of national currency",LVA_XTN_ESTAT,2526.6,2839,3071.6,3450.3,4318,5870.7,6836.2,8686.9,9629,8020.7,9633.4,11814.8,13471.2,13739.3,14488.4,14862.9,15171.3,16687.4,17981.6,18490.3,18311.8,21569.2,27969.3,26108.3,26368.5,NA
Exports of goods and services,Lithuania,"Current prices, million units of national currency",LTU_XTN_ESTAT,5152.9,6251.6,7197,7695.8,8886,11566.2,13719.4,14981.7,18819.2,13929.8,17925.5,22824.3,26135.6,27565.1,26437.5,25686,26285.3,31116.8,34244.4,37825,36409,45134,58537.8,56431.5,58410.4,NA
Exports of goods and services,Luxembourg,"Current prices, million units of national currency",LUX_XTN_ESTAT,33937.7,34912.6,34105.6,34842.4,40517.8,46579.5,57325.3,63831.9,64613.3,57765.8,68993.4,75123.5,79658.4,86594.5,94665.5,103864.1,107412.9,112118.9,118712.3,128937.1,131860.3,157486.4,170579.9,178502.5,165063.7,NA
Exports of goods and services,Hungary,"Current prices, million units of national currency",HUN_XTN_ESTAT,8908892,9986833,10127503,10766594,12561285,14112626,17951176,20023844,21569760,19679590,22285864,24558211,24895842,25911330,28568207,30588880,31268693,33729046,36322620,38863299,38112975,44121363,59204980,61163722,61404119,NA
Exports of goods and services,Malta,"Current prices, million units of national currency",MLT_XTN_ESTAT,3719.1,3348.2,3713.3,3592.6,3680.3,3815.8,4798.4,5249.7,5704.7,5095.1,6150,6852.9,7539.2,7939.9,8673.7,11114,12294.8,14620,16872.4,18172.7,18664.5,19815.2,23074.4,25053.8,27391.8,NA
Exports of goods and services,Netherlands,"Current prices, million units of national currency",NLD_XTN_ESTAT,300449,306052,302268,305024,332743,362770,400318,427909,453341,388198,445533,493159,523792,534924,552282,587250,582690,639580,685372,707965,663307,770745,958476,918720,925247,953466
Exports of goods and services,Austria,"Current prices, million units of national currency",AUT_XTN_ESTAT,92590.4,98392.9,102755,103342.1,113581.9,123530.6,136166.4,149261.3,156424.9,130217.3,151683,167310.3,171988.8,173089.6,177786.4,182659,187305.6,199536.7,213470.1,221183.5,196484,227302.5,276043.4,279471.6,275099.5,NA
Exports of goods and services,Poland,"Current prices, million units of national currency",POL_XTN_ESTAT,203501,212482,233212,282529,319278,342939,404212,457587,486085,509044,575106,661829,714158,749562,790459,853420,931234,1032215,1121740,1217425,1238965,1518076,1933458,1976804,1906354,NA
Exports of goods and services,Portugal,"Current prices, million units of national currency",PRT_XTN_ESTAT,36218.8,37253,38594.2,39974.7,42122.6,42942.7,50472.4,54740.6,55989.5,47877.7,54007.7,60673.7,63578.7,67526,69595.2,72990.7,75214.1,83956.9,89538,93631.5,74896.8,89949.7,120714.1,127486.1,132476.2,NA
Exports of goods and services,Romania,"Current prices, million units of national currency",ROU_XTN_ESTAT,17459.6,25950.5,36565,46468.5,62992.4,70382.2,84906.5,105191.8,141195.6,138157.9,171006.2,206921.7,221825.6,254203.4,277439.8,294633.1,319025.6,360527.4,398223.9,427481.4,393243.8,482641.7,602481.5,624283.2,626322.5,NA
Exports of goods and services,Slovenia,"Current prices, million units of national currency",SVN_XTN_ESTAT,9452,10943.2,12320.9,13063.7,15210.6,17413.2,20414.9,23814.6,25149.8,20768.3,23375.6,26035.5,26427.5,27016.2,28569.1,29896,31385,35755.1,38901.6,40623.4,36583.2,43551.1,53648.6,53442.2,54553,NA
Exports of goods and services,Slovakia,"Current prices, million units of national currency",SVK_XTN_ESTAT,16861.5,19644.6,21281.9,25870.5,31896.2,36515.5,45800.7,52678.3,54985.5,43619,52975.3,60622.3,67024.9,69327.4,69243,72896.4,75346.3,79822.3,85696,86836.3,79510.7,92478.7,108934.4,113029.9,111305.9,NA
Exports of goods and services,Finland,"Current prices, million units of national currency",FIN_XTN_ESTAT,57348,57510,58110,56634,61305,66325,74474,81986,87225,65576,72273,77021,78017,77838,75767,75210,76220,85762,90789,96882,85606,99311,123180,116760,115650,NA
Exports of goods and services,Sweden,"Current prices, million units of national currency",SWE_XTN_ESTAT,1041685,1074540,1071614,1089643,1207231,1326914,1483878,1580684,1662496,1444640,1593814,1682510,1669824,1626105,1722559,1849404,1886161,2009287,2194979,2424758,2220062,2572582,3159015,3390786,3475848,NA
Exports of goods and services,Iceland,"Current prices, million units of national currency",ISL_XTN_ESTAT,227981.4,296367.5,303349.5,286009,314513.4,322232.5,372685.9,455476.2,640625.3,792374.4,870526.7,963137.1,1012820.3,1048408.7,1073212.8,1198680,1209619.5,1222801.8,1342664.1,1369770.9,1018690.2,1244827,1844231.6,1923025.5,1943768.3,NA
Exports of goods and services,Liechtenstein,"Current prices, million units of national currency",LIE_XTN_ESTAT,NA,NA,NA,NA,NA,NA,NA,NA,NA,NA,NA,NA,NA,NA,NA,NA,NA,NA,NA,NA,NA,NA,NA,NA,NA,NA
Exports of goods and services,Norway,"Current prices, million units of national currency",NOR_XTN_ESTAT,688357,704786,632992,644316,735100,867554,990898,1013873,1211901,971253,1046057,1170652,1231627,1231848,1256100,1207474,1119846,1220651,1367006,1317951,1114985,1860860,3181752,2444264,2467957,NA
Exports of goods and services,Switzerland,"Current prices, million units of national currency",CHE_XTN_ESTAT,242467.3,242063.3,233886.3,232825.7,258609.7,282119.8,315830.2,365892,390753.7,353332.3,409480.4,427539.5,441251.5,476598.9,439542.5,429898.9,455980.3,456767.5,483485.3,484074.9,451242,537351,614490,586591.7,608036.9,NA
Exports of goods and services,United Kingdom,"Current prices, million units of national currency",GBR_XTN_ESTAT,276134,286801,287720,300545,313481,349105,401162,392109,429839,408751,453703,509890,513317,531790,525324,523366,563248,622868,661601,689274,NA,NA,NA,NA,NA,NA
Exports of goods and services,Bosnia & Herzegovina,"Current prices, million units of national currency",BIH_XTN_ESTAT,2586.6,2797.9,2674.3,3032.2,3605.4,4291.9,5266.7,6110.8,6851.4,6202,7532.3,8403.4,8483.2,9036,9299,10158.4,10867.8,12824.3,14250.3,14328.3,12012.9,16763,22036.7,21930.8,21878.6,NA
Exports of goods and services,Montenegro,"Current prices, million units of national currency",MNE_XTN_ESTAT,NA,NA,NA,NA,NA,NA,880,1156.4,1226.4,1027.8,1145.7,1374.3,1338.1,1390.1,1388.1,1544.6,1605.4,1764.8,1999.5,2171.2,1088.1,2122.9,3052.1,3479.9,3344.3,NA
Exports of goods and services,North Macedonia,"Current prices, million units of national currency",MKD_XTN_ESTAT,81920.8,73695.3,68009.5,74310.8,86213.4,107363.2,126541.3,164506.9,179334.3,136019.3,173999.3,218744.8,211764.2,217802.8,251484.1,272423.2,301346.1,340859.7,399006.1,432289.6,386653,477377.4,593990.4,608531.3,594640.6,NA
Exports of goods and services,Albania,"Current prices, million units of national currency",ALB_XTN_ESTAT,100817.6,120202.9,127871.7,141290.7,163889.2,185062,220013.1,272741.1,273437.2,288738,346845.7,380322.5,385682,390385.6,393657.4,391098.1,426693.5,489535.7,516747.5,529638.5,373271.5,581151.9,799640.9,908326.5,913587.6,NA
Exports of goods and services,Serbia,"Current prices, million units of national currency",SRB_XTN_ESTAT,38146.4,179438.4,221586.9,299700.9,383674.8,521796.5,647646.1,688747,827382.7,804262.8,1048658.4,1192304.4,1365927,1642525.5,1750818.5,1949566.9,2182747.6,2384472.1,2573677.7,2775714,2657565.3,3441917.3,4531151.6,4856428.7,5223484.2,NA
Exports of goods and services,Turkey,"Current prices, million units of national currency",TUR_XTN_ESTAT,34241.2,67644.3,91688.9,109796.2,139475.4,151063.1,181282.9,198091.9,241419.5,240788.3,253908.1,332150,396968.8,447005.2,532445.7,595124.6,621524.1,836400,1207714.2,1453992,1477727.9,2605817,5845467.6,8645861.1,12291905.8,NA
Exports of goods and services,Ukraine,"Current prices, million units of national currency",UKR_XTN_ESTAT,106200,106958,117347,145731,209867,218280,244193,310131,428627,406554,507869,647608,670319,629401,771129,1045928,1175953,1434713,1610511,1639866,1639060,2217860,1857010,1875744,NA,NA
Imports of goods and services,Belgium,"Current prices, million units of national currency",BEL_MTN_ESTAT,178650.1,179654.9,178310,179065.6,195937,217789.7,236588.4,254850.6,282125.5,231390.9,270013.6,304867.9,311644.9,310413.9,320626.1,320757.7,340372.4,370066.2,389624.4,395532.7,360581.4,444089.5,543109.7,500597.3,494100.7,NA
Imports of goods and services,Bulgaria,"Current prices, million units of national currency",BGR_MTN_ESTAT,5971.6,7002.7,7250.2,8354.2,10976.9,13746.9,17561.2,23107.2,26895.8,18885.8,20401.6,24319.2,26884.5,27388.1,28265.7,28829.4,28736.3,32888.7,35418.6,37304,33370.3,42353,59278.1,54724.9,56423.8,NA
Imports of goods and services,Czechia,"Current prices, million units of national currency",CZE_MTN_ESTAT,1192079,1293585,1246746,1362188,1737631,1954431,2194547,2457683,2457689,2153199,2494981,2723420,2898330,2915049,3286299,3442613,3411366,3628980,3807411,3888406,3556408,4215351,5047854,4863076,5045058,NA
Imports of goods and services,Denmark,"Current prices, million units of national currency",DNK_MTN_ESTAT,506040.1,526859.2,547925.5,532220.1,576487,668209.4,787774.1,848043,913898,733250.2,793993,885988.1,932867.1,942458.7,958000,1001217.2,1002610.7,1070046.3,1162841.8,1219565.2,1149256,1356142,1733886.8,1681427.7,1778459.3,NA
Imports of goods and services,Germany,"Current prices, million units of national currency",DEU_MTN_ESTAT,628568,636679,603467,619510,664323,720969,819800,870635,910502,765265,899385,1010571,1025826,1029231,1049181,1085745,1098208,1174984,1257828,1299349,1166817,1377184,1721715,1645332,1630146,1700850
Imports of goods and services,Estonia,"Current prices, million units of national currency",EST_MTN_ESTAT,4003.4,4555.9,5113,5737.6,6736.6,7997.4,9956.4,11708.8,11682,7899.8,10116.7,13473.3,15148.9,15550.5,15755.7,15227.2,16035.8,17101.5,18661.5,19455.8,19289.2,25431.9,32038.2,29462.3,30032.5,NA
Imports of goods and services,Ireland,"Current prices, million units of national currency",IRL_MTN_ESTAT,87409.3,97202.9,99645.5,95630.7,103306.5,116912,131266.7,142993.7,141784.7,135675.6,145099.1,145237.6,152838,164610.6,192740.3,264156.4,304989.2,323191.6,323355.9,459886.1,454137.1,424384.6,511602.9,541117.4,575092.8,NA
Imports of goods and services,Greece,"Current prices, million units of national currency",GRC_MTN_ESTAT,47794.5,49683.7,47146.7,50524.1,55190.6,57191.3,64996.4,75153.1,81935.2,64785.7,65274.3,63047.5,62143.1,58114.2,59720.9,58019.3,56657.6,64039.2,73342.9,75979.5,65077.9,88138.5,121907.9,109270,112839.8,NA
Imports of goods and services,Spain,"Current prices, million units of national currency",ESP_MTN_ESTAT,204196,211248,213961,223308,250202,276196,310542,341622,336848,255922,289381,311239,303064,296550,313554,329214,332529,365832,389560,397309,327078,404834,533753,508954,524445,554896
Imports of goods and services,France,"Current prices, million units of national currency",FRA_MTN_ESTAT,412997.4,420197.7,416708,413071.9,444578,487369.7,534264.8,567682,596616.5,509477.6,574092.5,640641.1,653702.2,662142.4,677509.6,700292.1,710712.7,758179.9,798097.7,815748,702012.7,815144.1,1044267.2,1022356.9,999144,NA
Imports of goods and services,Croatia,"Current prices, million units of national currency",HRV_MTN_ESTAT,9469.2,10896.4,12809.9,14300.3,15162.7,16314,18154.2,19812.5,21463.7,16798.9,16523.6,17950.5,18052.6,18677.8,19203.2,20786.2,21651.5,24034.8,26094.6,27948.5,24493,30654.5,44556.2,43323.4,47051.4,NA
Imports of goods and services,Italy,"Current prices, million units of national currency",ITA_MTN_ESTAT,307620.3,318024.1,319342.4,318640.7,340140.4,368926.7,419143,447317.3,451554.1,362195.2,432694.4,462557,439238.4,419205.2,422580.2,437301.9,437012.7,478743.1,505972.3,500526,421070.6,536729.2,737635.7,680824.3,666896.6,NA
Imports of goods and services,Cyprus,"Current prices, million units of national currency",CYP_MTN_ESTAT,7155,7265.7,7273,7224.5,7900.1,8333.8,9019.3,10159.5,11946.4,10097.6,11397.8,11351.5,11125.2,10757.4,11345.1,12069.1,13031.7,15067.1,15944.2,17491.5,18127.4,22102.7,29967.8,30606.6,32469.3,NA
Imports of goods and services,Latvia,"Current prices, million units of national currency",LVA_MTN_ESTAT,3073.7,3613.5,3923,4648.5,6017,7823.8,10386.7,13012,12734.6,8397.7,10011,12986.9,14642.2,14732.9,15148.9,15145.1,15042.4,16800.3,18120.8,18554.7,17892.3,22593.9,29734,27557.8,27011.9,NA
Imports of goods and services,Lithuania,"Current prices, million units of national currency",LTU_MTN_ESTAT,5979.4,7027.4,8059.9,8660.3,10172.5,13081.8,16187.4,18783.7,22609.8,14403.2,18486.9,23665.2,25931.8,27056.9,25734.6,26055.4,26002.5,30146.9,33391.2,35233.8,31848.6,42610,59948.9,53550.8,54096,NA
Imports of goods and services,Luxembourg,"Current prices, million units of national currency",LUX_MTN_ESTAT,28679.1,29745.9,28594.6,29408.6,34248,39441.9,47209.1,51911.3,52300,45145.6,55531.5,61709.5,65404.3,70769.8,78021.7,86246.8,88437.1,93678.8,99106.7,109900.8,110386.9,132850.1,145688.5,152067.3,137660,NA
Imports of goods and services,Hungary,"Current prices, million units of national currency",HUN_MTN_ESTAT,9402300,10189418,10499808,11550009,13507629,14781169,18344841,20012806,21582106,18779679,21005532,22953551,23160829,23996196,26698403,27937375,28272606,31188161,34540086,37805806,37308203,44323969,62803439,58089133,57920424,NA
Imports of goods and services,Malta,"Current prices, million units of national currency",MLT_MTN_ESTAT,4092.5,3536.4,3600.3,3766.9,3959.4,4283.7,5017.6,5430.2,5879.6,5188.8,6080.3,6652.1,7360.9,7297.1,7549.9,10064.4,10885.3,12087.1,14328.2,15842,16144.3,16898.6,20915.5,21206.7,22958.3,NA
Imports of goods and services,Netherlands,"Current prices, million units of national currency",NLD_MTN_ESTAT,267806,270944,264753,268084,288975,313454,346885,380442,394338,337192,390921,436786,459562,467765,477303,533708,504526,559140,602285,625277,579621,683862,871221,814319,801439,819749
Imports of goods and services,Austria,"Current prices, million units of national currency",AUT_MTN_ESTAT,89745.1,94647.4,94387.1,96957.9,106451.8,115385.8,126538.1,136799,143428.7,120560.3,141323.4,158653.7,163092,164114.7,167171.4,170089.3,173956.4,188165.3,201871.5,207000.1,183637,223748.2,279301.2,270772,262595.1,NA
Imports of goods and services,Poland,"Current prices, million units of national currency",POL_MTN_ESTAT,252091,242041,262136,305786,346060,355460,429809,502823,553666,522257,610303,697601,726878,731267,783493,816001,876245,975921,1078301,1133088,1106437,1432863,1881249,1780849,1760210,NA
Imports of goods and services,Portugal,"Current prices, million units of national currency",PRT_MTN_ESTAT,50400.6,51125.6,50228.8,49329.7,54105.3,56857.5,63494.3,68003.2,73100.2,59990.6,67738.4,68051.8,64411.5,65653,69336.3,71662,73000.2,81850.1,88268.1,92483.5,78910.6,95961.1,126570.9,124309.2,127130.3,NA
Imports of goods and services,Romania,"Current prices, million units of national currency",ROU_MTN_ESTAT,21781.1,35009.2,45220.4,61349.9,85353.5,99900.6,126521.9,165144,210640.6,172271.1,207063.5,240970.4,253989.6,259931.6,280260.7,300491.6,326997.1,381711.6,431797.8,472375,440250.4,550036.1,698343.3,702009.4,732030.6,NA
Imports of goods and services,Slovenia,"Current prices, million units of national currency",SVN_MTN_ESTAT,10145.4,11163.3,12087.5,13145,15610.4,17599.5,20430,24280.7,25948.1,20251.1,22988,25581.8,25193.4,25304.5,26022.3,26774.1,27929.9,31892.4,35026.5,36448.3,32379.3,40631.5,52519.3,49140.1,50388.6,NA
Imports of goods and services,Slovakia,"Current prices, million units of national currency",SVK_MTN_ESTAT,17598.2,22186.8,23668.2,26054.7,32601.6,38247.5,47170.8,52568.1,56394.7,43953.5,53625.7,60559.2,63450,65703.6,66085.8,71319.6,73823.2,78751.7,84684.3,86868.8,78508.5,92943.1,115445.5,111058,111626,NA
Imports of goods and services,Finland,"Current prices, million units of national currency",FIN_MTN_ESTAT,44840,44130,44790,46640,51350,59791,67273,73017,80201,61871,69705,78565,81144,79842,77858,76048,78497,84877,92749,95278,85029,99176,128484,116698,114669,NA
Imports of goods and services,Sweden,"Current prices, million units of national currency",SWE_MTN_ESTAT,920796,943544,935246,945281,1017834,1136788,1269817,1385231,1485446,1279765,1428222,1518109,1507098,1480287,1599904,1711905,1779717,1928482,2124602,2232631,2014527,2363552,3071049,3220494,3293982,NA
Imports of goods and services,Iceland,"Current prices, million units of national currency",ISL_MTN_ESTAT,276793.5,303211.2,289697,311915.8,368972.9,446778.8,577687.2,580173,673804.3,661533.4,703597.8,824238.7,901866.9,890620.3,935366.7,1016997.6,1025765,1089369.3,1226840.9,1197136.5,1029956.5,1294860.7,1827087.1,1891975.6,2001867.3,NA
Imports of goods and services,Liechtenstein,"Current prices, million units of national currency",LIE_MTN_ESTAT,NA,NA,NA,NA,NA,NA,NA,NA,NA,NA,NA,NA,NA,NA,NA,NA,NA,NA,NA,NA,NA,NA,NA,NA,NA,NA
Imports of goods and services,Norway,"Current prices, million units of national currency",NOR_MTN_ESTAT,433117,441391,423072,432796,492839,539747,603443,684084,749070,674682,731822,785023,811741,868739,929869,997172,1033859,1075905,1136715,1232127,1147292,1218761,1554171,1655545,1760184,NA
Imports of goods and services,Switzerland,"Current prices, million units of national currency",CHE_MTN_ESTAT,221707.8,224168.4,210879.1,210222.7,224734.1,255303.1,278720.6,309231.9,333434.9,315569,348852.3,380031.7,382407.2,408132.1,370059,360989.9,390355.8,398759.8,411126.7,416204.8,410884.2,446078.3,502240.5,495662.7,505134.6,NA
Imports of goods and services,United Kingdom,"Current prices, million units of national currency",GBR_MTN_ESTAT,295688,312715,319641,328657,347275,383055,432404,423706,464527,433622,484826,525727,534507,556796,554257,551638,599361,652757,687088,716744,NA,NA,NA,NA,NA,NA
Imports of goods and services,Bosnia & Herzegovina,"Current prices, million units of national currency",BIH_MTN_ESTAT,7502.4,8109.8,8333.7,8834.1,9483.1,10597.1,10745,12728.3,15136.7,12086.3,13005.3,14637.1,14630.8,14510.9,15475,15383.6,15839.3,17911.8,19159.3,19494.2,16644.8,21105.8,28236.7,27806.2,29057.1,NA
Imports of goods and services,Montenegro,"Current prices, million units of national currency",MNE_MTN_ESTAT,NA,NA,NA,NA,NA,NA,1680,2305.7,2880.5,1948.8,1939.5,2082.4,2109.4,2065.5,2074.2,2219.5,2494,2773.1,3112.1,3217.9,2553.6,3081.9,4405.4,4777,5060.5,NA
Imports of goods and services,North Macedonia,"Current prices, million units of national currency",MKD_MTN_ESTAT,117394.3,106710.5,116962.9,116648,140859.5,157410.6,183359.1,231103.4,283558.7,225436,254031.1,306676.9,311947.4,308465.9,342301.5,363099.3,389719.9,426440.9,481384.1,527604,471640.3,592875.3,761911.6,725910.9,719648.8,NA
Imports of goods and services,Albania,"Current prices, million units of national currency",ALB_MTN_ESTAT,217213.6,254440.1,290469.7,312933.2,330688.4,384867.2,428141.8,530598.3,563565.3,570299.7,602020.6,676025.7,634054.3,633949.8,658512,638748.8,674866,722979.9,740394.8,760932.3,612382.1,829872.7,1021147.9,1038713.3,1086936.9,NA
Imports of goods and services,Serbia,"Current prices, million units of national currency",SRB_MTN_ESTAT,59541.4,310998.3,405448,492299.2,749278.6,839068.5,1041055.2,1219236.2,1461096.4,1210846,1445689.5,1654672.7,1890780.1,1981010.1,2086676.9,2253242.1,2407506,2705268.8,3008524.9,3323096.7,3125284.7,3945739.2,5309763.1,5239376.8,5667760.6,NA
Imports of goods and services,Turkey,"Current prices, million units of national currency",TUR_MTN_ESTAT,38549.1,56122.8,82878.8,109696,146986.3,165208.8,210018,230699.9,270873.6,235958.1,298168,426475.1,450968.9,525071.1,587554.5,626041.8,663755.9,932731.6,1183711.5,1300743.3,1627343.6,2568769.2,6399627.7,9148685,12052186.9,NA
Imports of goods and services,Ukraine,"Current prices, million units of national currency",UKR_MTN_ESTAT,97643,104061,107413,138808,183366,214567,259696,351192,504446,421882,551402,733526,791844,764730,826764,1097854,1341115,1666806,1921302,1959945,1702946,2289881,2721793,3261563,NA,NA
