Country Name,Country Code,Indicator Name,Indicator Code,Attribute,1940,1941,1942,1943,1944,1945,1946,1947,1948,1949,1950,1951,1952,1953,1954,1955,1956,1957,1958,1959,1960,1961,1962,1963,1964,1965,1966,1967,1968,1969,1970,1971,1972,1973,1974,1975,1976,1977,1978,1979,1980,1981,1982,1983,1984,1985,1986,1987,1988,1989,1990,1991,1992,1993,1994,1995,1996,1997,1998,1999,2000,2001,2002,2003,2004,2005,2006,2007,2008,2009,2010,2011,2012,2013,2014,2015,2016,2017,2018,2019,2020,2021,2022,2023,2024,2025,2026
United States,111,"Exchange rates, domestic currency per usd, period average, rate",ENDA_XDC_USD_RATE,Value,1,1,1,1,1,1,1,1,1,1,1,1,1,1,1,1,1,1,1,1,1,1,1,1,1,1,1,1,1,1,1,1,1,1,1,1,1,1,1,1,1,1,1,1,1,1,1,1,1,1,1,1,1,1,1,1,1,1,1,1,1,1,1,1,1,1,1,1,1,1,1,1,1,1,1,1,1,1,1,1,1,1,1,1,1,1,NA
Australia,193,"Exchange rates, domestic currency per usd, period average, rate",ENDA_XDC_USD_RATE,Value,NA,NA,NA,NA,NA,NA,NA,NA,NA,NA,0.892856999892857,0.892856999892857,0.892856999892857,0.892856999892857,0.892856999892857,0.892856999892857,0.892856999892857,0.892856999892857,0.892856999892857,0.892856999892857,0.892856999892857,0.892856999892857,0.892856999892857,0.892856999892857,0.892856999892857,0.892856999892857,0.892856999892857,0.892856999892857,0.892856999892857,0.892856999892857,0.892856999892857,0.8826702592955478,0.8386978072622072,0.704113907966658,0.696665868638096,0.7638712489999998,0.8182840823333332,0.901824999,0.873659249,0.8946409156666665,0.8782443323333332,0.8702145823333335,0.9858628323333332,1.110014999166666,1.139519165916666,1.4318949995,1.495974166416666,1.42818,1.279908333333333,1.264596666666666,1.281056666666667,1.283755833333333,1.361648333333333,1.47056,1.367750833333334,1.3490325,1.277863333333333,1.34738,1.591828333333334,1.54995,1.724826666666667,1.9334425,1.8405625,1.541914166666667,1.3597525,1.309473333333334,1.3279734405,1.1950725,1.192178333333333,1.282188810084518,1.090159486386772,0.9694632014967351,0.9658010306587078,1.035843096520538,1.109363292816917,1.331090262455018,1.345213976019468,1.304758076715922,1.338412146464508,1.438506544213818,1.45308511847016,1.331224259570809,1.441664458965217,1.505191065605085,1.51535803855596,1.551997886648505,NA
Austria,122,"Exchange rates, domestic currency per usd, period average, rate",ENDA_XDC_USD_RATE,Value,NA,NA,NA,NA,NA,NA,NA,NA,NA,NA,19.995999999,21.358,21.358,24.413999999,26.000000025,26.000000025,26.000000025,26.000000025,26.000000025,26.000000025,26.000000025,26.000000025,26.000000025,26.000000025,26.000000025,26.000000025,26.000000025,26.000000025,26.000000025,26.000000025,26.000000025,24.9855838961397,23.1153333323333,19.5799999990833,18.692499999,17.4167499991667,17.9396666658333,16.526916666,14.52166666575,13.3674999994167,12.9379999990833,15.9268333323333,17.0592499991667,17.9633333325,20.0090833326667,20.6894999998333,15.2671333333333,12.6425,12.3476666666667,13.2306666666667,11.3698333333333,11.6759166666667,10.9893333333333,11.6321825,11.4218249166667,10.0814958333333,10.5865575,12.2042441666667,12.379065,NA,NA,NA,NA,NA,NA,NA,NA,NA,NA,NA,NA,NA,NA,NA,NA,NA,NA,NA,NA,NA,NA,NA,NA,NA,NA,NA,NA
Belgium,124,"Exchange rates, domestic currency per usd, period average, rate",ENDA_XDC_USD_RATE,Value,NA,NA,NA,NA,NA,NA,NA,NA,NA,NA,50.000000049,50.000000049,50.000000049,50.000000049,50.000000049,50.000000049,50.000000049,50.000000049,50.000000049,50.000000049,50.000000049,50.000000049,50.000000049,50.000000049,50.000000049,50.000000049,50.000000049,50.000000049,50.000000049,50.000000049,50.000000049,49.0569774216899,44.0145833323333,38.976499999,38.951499999,36.7789166656667,38.6051666656667,35.842749999,31.4920833323333,29.3186666656667,29.24166666575,37.1292499991667,45.6905833323333,51.1316666658333,57.7839166664167,59.378,44.6719166666667,37.3340833333333,36.7683333333333,39.404,33.4179166666667,34.14825,32.1495,34.5965208333333,33.4564975,29.4800166666667,30.9615133333333,35.7738908333333,36.2986408333333,NA,NA,NA,NA,NA,NA,NA,NA,NA,NA,NA,NA,NA,NA,NA,NA,NA,NA,NA,NA,NA,NA,NA,NA,NA,NA,NA,NA
Canada,156,"Exchange rates, domestic currency per usd, period average, rate",ENDA_XDC_USD_RATE,Value,NA,NA,NA,NA,NA,NA,NA,NA,NA,NA,1.088999999,1.052999999,0.978999999,0.982999999,0.972999999,0.985999999,0.983999999,0.9588443650000003,0.9706189756666668,0.9591137533333335,0.9697667866666668,1.013062515833334,1.068769224083334,1.078514344166667,1.078598419166667,1.077984284166666,1.077341566666666,1.078710424166667,1.077471400833333,1.0767805125,1.044218744166666,1.009810544166666,0.9906625558333335,1.00009014,0.9780175255833335,1.017159263333334,0.9860283040833332,1.063441610833333,1.14065917075,1.171424495833333,1.169226866666667,1.198903120833333,1.233734911666667,1.232411827416667,1.295065610833334,1.365507391666667,1.389471059166667,1.325982581666667,1.230700846666667,1.183972084166667,1.166773626666666,1.145725844166666,1.20872292,1.290087881666666,1.3656734475,1.372445418333333,1.363521635833333,1.384598028333334,1.483505301666666,1.485704819166667,1.485394095,1.548839955,1.570342834166666,1.4010145475,1.301281595,1.211405134166667,1.134344725833333,1.074045621666667,1.067086918333333,1.141535405912698,1.030112735175984,0.9892581586363638,0.9993647435930738,1.030137363730158,1.104747132378863,1.278786203625542,1.325615163748196,1.297935846460393,1.295817928135338,1.326793362660122,1.34115267222386,1.253876902126798,1.301554774743554,1.349908640793904,1.369359766040919,1.39801326336675,NA
Switzerland,146,"Exchange rates, domestic currency per usd, period average, rate",ENDA_XDC_USD_RATE,Value,NA,NA,NA,NA,NA,NA,NA,NA,NA,NA,4.37295000337295,4.37295000337295,4.37295000337295,4.37295000337295,4.37295000337295,4.37295000337295,4.37295000337295,4.37295000337295,4.37295000337295,4.37295000337295,4.37295000337295,4.37295000337295,4.37295000337295,4.37295000337295,4.37295000337295,4.37295000337295,4.37295000337295,4.37295000337295,4.37295000337295,4.37295000337295,4.37295000337295,4.133854168312022,3.819249999,3.164833332416668,2.979249999,2.581283332416668,2.49964166575,2.403524999333333,1.78802499925,1.662724999083333,1.675708332583334,1.964241665916666,2.030274999083333,2.09914166575,2.349683332833334,2.457125,1.7989166665,1.491191666666666,1.4633,1.635925,1.389158333333333,1.433991666666667,1.406218333333333,1.477616666666666,1.3676925,1.182469166666667,1.23601,1.4513125,1.449813308333333,1.502155,1.6888425,1.687615,1.5586075,1.346650833333333,1.243495833333334,1.245176666666667,1.253843333333334,1.200365833333334,1.08309,1.08814169630268,1.042905645733516,0.888042028223281,0.9376844807093492,0.9269035477582845,0.9161510472836132,0.962381328004354,0.9853943942448345,0.9846916666666665,0.9778916666666668,0.9937091666666668,0.938965,0.9138458333333332,0.9548325,0.89849,0.8804408333333332,0.8313558333333335,NA
Cyprus,423,"Exchange rates, domestic currency per usd, period average, rate",ENDA_XDC_USD_RATE,Value,NA,NA,NA,NA,NA,NA,NA,NA,NA,NA,0.357142999357143,0.357142999357143,0.357142999357143,0.357142999357143,0.357142999357143,0.357142999357143,0.357142999357143,0.357142999357143,0.357142999357143,0.357142999357143,0.357142999357143,0.357142999357143,0.357142999357143,0.357142999357143,0.357142999357143,0.357142999357143,0.357142999357143,0.362103332665675,0.416666999416667,0.416666999416667,0.416666999416667,0.410730598428557,0.383572369170173,0.349950502818348,0.364692710725132,0.368907243107116,0.41049569197004,0.408121577265547,0.373512583264684,0.354443863948176,0.353051686694203,0.42143075903062,0.475385895733429,0.526640771160504,0.588385860092809,0.612552316163745,0.518143083333333,0.481096583333333,0.466628833333333,0.494624916666667,0.458079916666667,0.4644285,0.449548583333333,0.497405166666667,0.492191,0.452420166666667,0.46631125,0.513897333333333,0.517825583333333,0.54294775,0.622409116666667,0.643107026158333,0.610659989666667,0.517443261666667,0.46860055225,0.464070507161667,0.458915946916667,0.426125,NA,NA,NA,NA,NA,NA,NA,NA,NA,NA,NA,NA,NA,NA,NA,NA,NA,NA,NA
Germany,134,"Exchange rates, domestic currency per usd, period average, rate",ENDA_XDC_USD_RATE,Value,NA,NA,NA,NA,NA,NA,NA,NA,NA,NA,4.1949828007465,4.1949828007465,4.1949828007465,4.2000000032000004,4.2000000032000004,4.2000000032000004,4.2000000032000004,4.2000000032000004,4.2000000032000004,4.2000000032000004,4.2000000032000004,4.03333333636667,4.000000003,4.000000003,4.000000003,4.000000003,4.000000003,4.000000003,4.000000003,3.94333333594333,3.66000000266,3.50739351008637,3.18864166566667,2.67259999908333,2.587749999,2.46029166608333,2.51799999908333,2.32218333241667,2.00862499916667,1.8328833325,1.81766666583333,2.25999999908333,2.42659166575,2.55325833241667,2.84594166616667,2.9439666665,2.17148333308333,1.79739166666667,1.756225,1.88004166666667,1.61573333333333,1.65954166666667,1.56165,1.65332083333333,1.62279416666667,1.4331325,1.50477416666667,1.73405583333333,1.7596676,NA,NA,NA,NA,NA,NA,NA,NA,NA,NA,NA,NA,NA,NA,NA,NA,NA,NA,NA,NA,NA,NA,NA,NA,NA,NA,NA,NA
Denmark,128,"Exchange rates, domestic currency per usd, period average, rate",ENDA_XDC_USD_RATE,Value,NA,NA,NA,NA,NA,NA,NA,NA,NA,NA,6.90714000590714,6.90714000590714,6.90714000590714,6.90714000590714,6.90714000590714,6.90714000590714,6.90714000590714,6.90714000590714,6.90714000590714,6.90714000590714,6.90714000590714,6.90714000590714,6.90714000590714,6.90714000590714,6.90714000590714,6.90714000590714,6.90714000590714,6.956541672047618,7.5000000065,7.5000000065,7.5000000065,7.42633796871194,6.949291665666665,6.049499999,6.094899999,5.746149999,6.045024999,6.003191665666665,5.514624999,5.260958332333332,5.635941665666668,7.123366665666665,8.332441666166668,9.14499166575,10.35659166625,10.59639166641666,8.090991666583331,6.840316666666668,6.731524999999998,7.310175,6.188558333333335,6.396458333333332,6.036133333333335,6.483939166666665,6.360551666666668,5.602366666666668,5.798671666666665,6.604459166666668,6.700826666666668,6.976239999999998,8.083144166666669,8.322817499999998,7.894714166666665,6.587673333333335,5.991056666666668,5.99691,5.946778333333335,5.443700833333335,5.098130833333335,5.360866666666668,5.624075,5.36871153508772,5.792475537039158,5.616311686176225,5.612466666666665,6.727906831296295,6.731718257246378,6.602893465614035,6.314618786666668,6.669446615,6.542152204166668,6.2871130825,7.0761518625,6.889702585833335,6.894481416666665,6.621825083333332,NA
Spain,184,"Exchange rates, domestic currency per usd, period average, rate",ENDA_XDC_USD_RATE,Value,NA,NA,NA,NA,NA,NA,NA,NA,NA,NA,39.799999999,39.649999999,39.649999999,39.649999999,38.949999999,38.949999999,38.949999999,41.3016666656667,41.999160034439,50.9995800467195,60.000000059,60.000000059,60.000000059,60.000000059,60.000000059,60.000000059,60.000000059,61.6666667275,70.00000007,70.00000007,70.00000007,69.4686667071667,64.2714166659167,58.2600833323333,57.686499999,57.4069166656667,66.9029166660833,75.9618333324167,76.6678333328333,67.1249999995833,71.7019166659167,92.3218333325,109.859166665833,143.429916666333,160.760999999667,170.044083333167,140.048375442168,123.478333333333,116.486833333333,118.377666666667,101.933916666667,103.911583333333,102.379083333333,127.260416666667,133.957955,124.689,126.661583333333,146.413628333333,149.395331666667,NA,NA,NA,NA,NA,NA,NA,NA,NA,NA,NA,NA,NA,NA,NA,NA,NA,NA,NA,NA,NA,NA,NA,NA,NA,NA,NA,NA
Finland,172,"Exchange rates, domestic currency per usd, period average, rate",ENDA_XDC_USD_RATE,Value,NA,NA,NA,NA,NA,NA,NA,NA,NA,NA,2.30999999928261,2.30000000157844,2.30000000157844,2.30000000157844,2.30000000157844,2.30000000157844,2.30000000157844,2.52500000151896,3.2000000022,3.2000000022,3.2000000022,3.2000000022,3.2000000022,3.2000000022,3.2000000022,3.2000000022,3.2000000022,3.44999250244999,4.19997000319997,4.19997000319997,4.19997000319997,4.18441779068686,4.14633333257077,3.82116666588548,3.7737499992161,3.67866666587732,3.86441666588796,4.02941666589741,4.11733333256911,3.8953333325564,3.73008333254693,4.31524999924711,4.8204166659427,5.5700833326523,6.00999999977647,6.19789583316667,5.06952,4.395565,4.18283333333333,4.29121583333333,3.823505,4.04397916666667,4.47944,5.71229166666667,5.2235125,4.36666666666667,4.59355,5.191435,5.34406583333333,NA,NA,NA,NA,NA,NA,NA,NA,NA,NA,NA,NA,NA,NA,NA,NA,NA,NA,NA,NA,NA,NA,NA,NA,NA,NA,NA,NA
France,132,"Exchange rates, domestic currency per usd, period average, rate",ENDA_XDC_USD_RATE,Value,NA,NA,NA,NA,NA,NA,NA,NA,NA,NA,3.4968,3.4996,3.4997,3.4996,3.4997,3.4997,3.4979,3.61640833258333,4.19722499933333,4.93706000393706,4.93706000393706,4.93706000393706,4.93706000393706,4.93706000393706,4.93706000393706,4.93706000393706,4.93706000393706,4.93706000393706,4.93706000393706,5.1941975041942,5.55419000455419,5.54060135472093,5.04454451564062,4.45277967399083,4.80961847285583,4.28779951537657,4.8028783632131,4.90517332253217,4.51309999933333,4.25441666608333,4.22557499908333,5.43460833258333,6.57209999908333,7.62129166575,8.73909999958333,8.98522499975,6.92609166666667,6.01070833333333,5.95694166666667,6.38014166666667,5.445275,5.64211666666667,5.29381583333333,5.66323,5.552045,4.9914825,5.1155225,5.83669166666667,5.89951566666667,NA,NA,NA,NA,NA,NA,NA,NA,NA,NA,NA,NA,NA,NA,NA,NA,NA,NA,NA,NA,NA,NA,NA,NA,NA,NA,NA,NA
United Kingdom,112,"Exchange rates, domestic currency per usd, period average, rate",ENDA_XDC_USD_RATE,Value,NA,NA,NA,NA,NA,NA,NA,NA,NA,NA,0.357142999357143,0.357142999357143,0.357142999357143,0.357142999357143,0.357142999357143,0.357142999357143,0.357142999357143,0.357142999357143,0.357142999357143,0.357142999357143,0.357142999357143,0.357142999357143,0.357142999357143,0.357142999357143,0.357142999357143,0.357142999357143,0.357142999357143,0.3621033326656748,0.416666999416667,0.416666999416667,0.416666999416667,0.4109202374294245,0.4003904615300082,0.4081709452993075,0.4277564397476632,0.4520411656666668,0.5565098323333335,0.573271999,0.5215045823333335,0.4721811656666668,0.430294999,0.4976413323333335,0.5724468323333335,0.6597245823333335,0.75180666625,0.77924599975,0.6821973333333332,0.6119265,0.5621701666666667,0.61117275,0.5631771666666668,0.5670153333333332,0.5697741666666668,0.6667565533333332,0.6534266041666665,0.63366812,0.640958255,0.6108361141666668,0.6038235941666668,0.6180568449999998,0.6609308333333332,0.6946549999999998,0.6672233333333332,0.6124725,0.54618,0.5499983333333331,0.5434866666666668,0.4997716666666668,0.54396625,0.641919263495996,0.6471793455601648,0.6241408357404948,0.6330469888573272,0.6396605776134768,0.607729626878255,0.654545478931426,0.7406344636970842,0.7769766823441225,0.7495315402598468,0.783445110011929,0.7799995766971533,0.7270649446883225,0.8113017158277732,0.8045389067343528,0.7824145809862618,0.7594739573386078,NA
Greece,174,"Exchange rates, domestic currency per usd, period average, rate",ENDA_XDC_USD_RATE,Value,NA,NA,NA,NA,NA,NA,NA,NA,NA,NA,14.999925000375,14.999925000375,14.999925000375,26.339999999,30.000300003,30.000300003,30.000300003,30.000300003,30.000300003,30.000300003,30.000300003,30.0000500246667,30.000000029,30.000000029,30.000000029,30.000000029,30.000000029,30.000000029,30.000000029,30.000000029,30.000000029,30.0000000289151,30.000300003,29.625225002,30.000300003,32.051325,36.5175833323333,36.8384166656667,36.7454166656667,37.0384166656667,42.6165833323333,55.4084166656667,66.80316666575,88.0642499995,112.716583333,138.119083333,139.981166666583,135.4295,141.8605,162.416583333333,158.513916666667,182.266416666667,190.62425,229.249843333333,242.6028175,231.662735833333,240.7115425,273.057853333333,295.529105,305.646604166667,365.398560833333,NA,NA,NA,NA,NA,NA,NA,NA,NA,NA,NA,NA,NA,NA,NA,NA,NA,NA,NA,NA,NA,NA,NA,NA,NA,NA
Hong Kong SAR,532,"Exchange rates, domestic currency per usd, period average, rate",ENDA_XDC_USD_RATE,Value,NA,NA,NA,NA,NA,NA,NA,NA,NA,NA,5.7143000047143,5.7143000047143,5.7143000047143,5.7143000047143,5.7143000047143,5.7143000047143,5.7143000047143,5.7143000047143,5.7143000047143,5.7143000047143,5.7143000047143,5.7143000047143,5.7143000047143,5.7143000047143,5.7143000047143,5.7143000047143,5.7143000047143,5.7431583376003,6.0606000050606,6.0606000050606,6.0606000050606,5.980410470183475,5.641416666583332,5.1465,5.031583333333332,4.935166666583332,4.904749999833335,4.661999999916665,4.683666666583332,5.002666666416665,4.976083333333335,5.589333333333332,6.069916666666668,7.265166666583332,7.818,7.79075,7.803333333333332,7.79825,7.806,7.799916666666665,7.78975,7.771166666666668,7.740583333333332,7.735583333333332,7.728416666666668,7.735833333333335,7.734254166666668,7.742083333333332,7.745333333333332,7.7575,7.791166666666668,7.79875,7.798916666666668,7.78675,7.788,7.777333333333332,7.767833333333332,7.801416666666665,7.786833333333332,7.75175,7.769166666666668,7.784,7.756416666666665,7.756,7.754083333333335,7.75175,7.76225,7.79325,7.838499999999998,7.835916666666668,7.75725,7.77325,7.831416666666665,7.829583333333332,7.803833333333335,7.797083333333332,NA
Ireland,178,"Exchange rates, domestic currency per usd, period average, rate",ENDA_XDC_USD_RATE,Value,NA,NA,NA,NA,NA,NA,NA,NA,NA,NA,0.357142999357143,0.357142999357143,0.357142999357143,0.357142999357143,0.357142999357143,0.357142999357143,0.357142999357143,0.357142999357143,0.357142999357143,0.357142999357143,0.357142999357143,0.357142999357143,0.357142999357143,0.357142999357143,0.357142999357143,0.357142999357143,0.357142999357143,0.362103332665675,0.416666999416667,0.416666999416667,0.416666999416667,0.410920220035124,0.400390461530008,0.408170945299308,0.427756439747663,0.452041165666667,0.556509832333333,0.573271999,0.521504582333333,0.488594874084431,0.486645276829587,0.621298066875603,0.704561636049961,0.804677922717774,0.922553499583333,0.945614999916667,0.743128333166667,0.672916666666667,0.6564675,0.705543333333333,0.604588333333333,0.6212975,0.587720833333333,0.677249306666667,0.668628101666667,0.623733075,0.625028368333333,0.659643126666667,0.702270998333333,NA,NA,NA,NA,NA,NA,NA,NA,NA,NA,NA,NA,NA,NA,NA,NA,NA,NA,NA,NA,NA,NA,NA,NA,NA,NA,NA,NA
Iceland,176,"Exchange rates, domestic currency per usd, period average, rate",ENDA_XDC_USD_RATE,Value,NA,NA,NA,NA,NA,NA,NA,NA,NA,NA,0.1629,0.1629,0.1629,0.1629,0.1629,0.1629,0.1629,0.162856999994107,0.162856999994107,0.162856999994107,0.361904749977738,0.4008333333088295,0.429999999974441,0.429999999974441,0.429999999974441,0.429999999974441,0.429999999974441,0.441666666559482,0.6216666666358388,0.879999999968158,0.879999999968158,0.8799999998874782,0.8826035459533885,0.9013416665209205,0.9995166665004992,1.536949999749414,1.821716666371352,1.988699999677623,2.711108332897482,3.525999999432815,4.797641665898902,7.224183332333332,12.35153333275,24.84276666575,31.69374166625,41.50766666666665,41.10415833333332,38.67718333333332,43.01398333333332,57.04179166666665,58.283775,58.99634166666668,57.54593333333332,67.60318166666664,69.94437833333332,64.69166666666665,66.5,70.90429083333332,70.95833333333336,72.33529333333333,78.61594666666667,97.42460333333332,91.66166666666668,76.7089825,70.19166666666668,62.98166666666668,70.18,64.055,87.94791666666669,123.6383814130435,122.241811205165,115.9540397622844,125.0827870137688,122.179121320458,116.7673525068986,131.9187084314322,120.8115480652388,106.8395720139997,108.3001763066262,122.6067736019066,135.4217116292048,126.9888602045574,135.2799020013802,137.9429524299674,137.9580259781535,128.4414870549508,NA
Israel,436,"Exchange rates, domestic currency per usd, period average, rate",ENDA_XDC_USD_RATE,Value,NA,NA,NA,NA,NA,NA,NA,NA,NA,NA,3.59611858743038e-5,3.59611858743038e-5,3.59611858743038e-5,9.98921831617632e-5,1.79999605382631e-4,1.79999605382631e-4,1.79999605382631e-4,1.79999605382631e-4,1.79999605382631e-4,1.79999605382631e-4,1.79999605382631e-4,1.79999605382631e-4,2.899993642886835e-4,2.99999342371052e-4,2.99999342371052e-4,2.99999342371052e-4,2.99999342371052e-4,3.083326574396922e-4,3.49999232782894e-4,3.49999232782894e-4,3.49999232782894e-4,3.791658355221988e-4,4.179796714114712e-4,4.1946923065526e-4,4.451533982306992e-4,6.336149311465268e-4,0.00079255714918527345,0.0010445457989628,0.001743537173635519,0.002540636908275765,0.00512429166568394,0.01143057499928852,0.02426699999908179,0.05621449166602288,0.2932096666670718,1.17884933333439,1.487841666583333,1.594641666666667,1.598933333333334,1.916416666666666,2.016175,2.279108333333334,2.459083333333333,2.830083333333332,3.011055208333332,3.011291666666668,3.19165,3.44935,3.800075,4.139716666666668,4.077333333333335,4.20565,4.737825,4.554133333333332,4.481983333333332,4.4877,4.455808333333335,4.108082949055775,3.588021194083695,3.932335477916665,3.738975,3.578129306220095,3.855921825396825,3.610758333333332,3.577925,3.886833333333332,3.840566666666668,3.59955554812834,3.590558126899375,3.564527346610928,3.442405851987925,3.230198322510822,3.359614401581888,3.667374716022598,3.699719649708922,3.451891666666668,NA
Italy,136,"Exchange rates, domestic currency per usd, period average, rate",ENDA_XDC_USD_RATE,Value,NA,NA,NA,NA,NA,NA,NA,NA,NA,NA,624.609622889504,625.00000390625,625.00000390625,625.00000390625,625.00000390625,625.00000390625,625.00000390625,625.00000390625,624.739749895086,621.086285453565,623.98633587256,625.000000625,625.000000625,625.000000625,625.000000625,625.000000625,625.000000625,625.000000625,625.000000625,625.000000625,625.000000625,620.359289297562,583.217499999417,582.995833331917,650.343333331833,652.849166666,832.334999999667,882.38833333125,848.663333330917,830.861666665917,856.447499997417,1136.76499999958,1352.50999999808,1518.84833333283,1756.96083333183,1909.439166664,1490.80999999875,1296.07,1301.6275,1372.09333333333,1198.10166666667,1240.61333333333,1232.40583333333,1573.66586666667,1612.44498333333,1628.93315833333,1542.94696666667,1703.09690833333,1736.20738333333,NA,NA,NA,NA,NA,NA,NA,NA,NA,NA,NA,NA,NA,NA,NA,NA,NA,NA,NA,NA,NA,NA,NA,NA,NA,NA,NA,NA
Japan,158,"Exchange rates, domestic currency per usd, period average, rate",ENDA_XDC_USD_RATE,Value,NA,NA,NA,NA,NA,NA,NA,NA,NA,NA,361.099999998,361.099999998,361.099999998,360.000000359,360.000000359,360.000000359,360.000000359,360.000000359,360.000000359,360.000000359,360.000000359,360.000000359,360.000000359,360.000000359,360.000000359,360.000000359,360.000000359,360.000000359,360.000000359,360.000000359,360.000000359,350.6776935333622,303.172499999,271.7016666660832,292.08249999925,296.7874999991668,296.5524999991668,268.5099999993332,210.441666666,219.1399999993334,226.7408333328334,220.53583333275,249.0766666658333,237.51166666608341,237.5224999993334,238.53583333275,168.5198333330833,144.6375,128.1516666666666,137.9644166666666,144.7925,134.7066666666666,126.6513333333333,111.1977858333333,102.2078058333334,94.05957916666665,108.7790566666666,120.9908625,130.9053006666666,113.906805,107.7654983333333,121.5289475,125.3880191666666,115.9334641666667,108.1925691666666,110.2182116666666,116.2993116666667,117.7535291666666,103.359493968254,93.57008908704564,87.779875,79.80701983218918,79.7904554170065,97.59565827763852,105.9447810340245,121.0440256840111,108.7929000468342,112.1661410818712,110.4231793410602,109.0096659008632,106.7745822624372,109.7543238394172,131.4981404437639,140.4911000623402,151.3662913027518,149.6579268909518,NA
Korea,542,"Exchange rates, domestic currency per usd, period average, rate",ENDA_XDC_USD_RATE,Value,NA,NA,NA,NA,NA,NA,NA,NA,NA,NA,2.5,6,6,18,18,50,50,50,50,50,63.125,124.7916666666667,130,130,213.8466666666667,266.27,271.1341666666668,270.5116666666668,276.6433333333332,288.2416666666668,310.5558333333332,347.1475,392.8941666666665,398.3216666666665,404.4725,484,484,484,484,484,607.7166666666665,681.0283333333332,731.1675,775.7483333333334,805.9708333333335,870.0200000000002,881.4558333333332,822.5641666666666,731.4633333333333,671.4558333333332,707.7658333333335,733.3291666666668,780.6708333333335,802.5383333333332,803.7716666666665,771.2541666666668,804.4575,949.89,1403.183333333333,1189.439166666667,1130.3625,1290.79,1251.6025,1191.645833333333,1146.249166666667,1024.328333333334,955.3408333333332,929.3758333333332,1100.125833333334,1277.245833333333,1156.46,1108.233333333333,1126.806666666667,1094.9825,1052.84,1130.9525,1160.7675,1131.000833333333,1100.163333333333,1165.3575,1180.265833333333,1143.951666666667,1291.446666666667,1305.6625,1363.375,1422.440833333334,NA
Luxembourg,137,"Exchange rates, domestic currency per usd, period average, rate",ENDA_XDC_USD_RATE,Value,NA,NA,NA,NA,NA,NA,NA,NA,NA,NA,50.000000049,50.000000049,50.000000049,50.000000049,50.000000049,50.000000049,50.000000049,50.000000049,50.000000049,50.000000049,50.000000049,50.000000049,50.000000049,50.000000049,50.000000049,50.000000049,50.000000049,50.000000049,50.000000049,50.000000049,50.000000049,49.0569774216899,44.0145833323333,38.976499999,38.951499999,36.7789166656667,38.6051666656667,35.842749999,31.4920833323333,29.3186666656667,29.24166666575,37.1292499991667,45.6905833323333,51.1316666658333,57.7839166664167,59.378,44.6719166666667,37.3340833333333,36.7683333333333,39.404,33.4179166666667,34.14825,32.1495,34.5965208333333,33.4564975,29.4800166666667,30.9615133333333,35.7738908333333,36.2986408333333,NA,NA,NA,NA,NA,NA,NA,NA,NA,NA,NA,NA,NA,NA,NA,NA,NA,NA,NA,NA,NA,NA,NA,NA,NA,NA,NA,NA
Malta,181,"Exchange rates, domestic currency per usd, period average, rate",ENDA_XDC_USD_RATE,Value,NA,NA,NA,NA,NA,NA,NA,NA,NA,NA,0.357142999357143,0.357142999357143,0.357142999357143,0.357142999357143,0.357142999357143,0.357142999357143,0.357142999357143,0.357142999357143,0.357142999357143,0.357142999357143,0.357142999357143,0.357142999357143,0.357142999357143,0.357142999357143,0.357142999357143,0.357142999357143,0.357142999357143,0.362103332665675,0.416666999416667,0.416666999416667,0.416666999416667,0.407107525940943,0.381576665666667,0.368796665666667,0.385481665666667,0.384783332333333,0.425135832333333,0.422309165666667,0.385383332333333,0.358469999,0.345426665666667,0.386700832333333,0.412142499,0.432449165666667,0.461034165916667,0.469154999833333,0.392992499833333,0.345491666666667,0.330856666666667,0.3484925,0.31779,0.3232425,0.318923333333333,0.382289333333333,0.377921083333333,0.35305875,0.360455868333333,0.385966125,0.388459510833333,0.398898395,0.438149991666667,0.450041566666667,0.43362033825,0.377233333333333,0.344663179985486,0.34577739225,0.340893885583333,0.311675,NA,NA,NA,NA,NA,NA,NA,NA,NA,NA,NA,NA,NA,NA,NA,NA,NA,NA,NA
Netherlands,138,"Exchange rates, domestic currency per usd, period average, rate",ENDA_XDC_USD_RATE,Value,NA,NA,NA,NA,NA,NA,NA,NA,NA,NA,3.8000000028,3.8000000028,3.8000000028,3.8000000028,3.8000000028,3.8000000028,3.8000000028,3.8000000028,3.8000000028,3.8000000028,3.8000000028,3.65000000265,3.62000000262,3.62000000262,3.62000000262,3.62000000262,3.62000000262,3.62000000262,3.62000000262,3.62000000262,3.62000000262,3.51708053888963,3.209499999,2.79554999908333,2.68838333233333,2.52899166575,2.64394166566667,2.45424999908333,2.16358333258333,2.00599166575,1.98811666591667,2.49519999908333,2.67020833241667,2.854124999,3.20868333291667,3.3214,2.45002499991667,2.0257,1.97658333333333,2.1207375,1.82094166666667,1.86966666666667,1.75846633333333,1.85730516666667,1.81999508333333,1.60567525,1.68589675,1.95126991666667,1.983733,NA,NA,NA,NA,NA,NA,NA,NA,NA,NA,NA,NA,NA,NA,NA,NA,NA,NA,NA,NA,NA,NA,NA,NA,NA,NA,NA,NA
Norway,142,"Exchange rates, domestic currency per usd, period average, rate",ENDA_XDC_USD_RATE,Value,NA,NA,NA,NA,NA,NA,NA,NA,NA,NA,7.14286000614286,7.14286000614286,7.14286000614286,7.14286000614286,7.14286000614286,7.14286000614286,7.14286000614286,7.14286000614286,7.14286000614286,7.14286000614286,7.14286000614286,7.14286000614286,7.14286000614286,7.14286000614286,7.14286000614286,7.14286000614286,7.14286000614286,7.14286000614286,7.14286000614286,7.14286000614286,7.14286000614286,7.055905470801028,6.58824917226787,5.765833332333332,5.539708332333332,5.226941665666668,5.456516665666668,5.323499999,5.242249999000002,5.064066665666665,4.939224999,5.739508332333332,6.454033332333332,7.296366665666668,8.161458332583331,8.597233333083334,7.394741666666668,6.73745,6.516983333333332,6.9045,6.259741666666668,6.4829425,6.214500833333332,7.094129166666668,7.057584166666668,6.335156666666668,6.449808333333332,7.073400833333335,7.5450975,7.799171666666665,8.801841666666668,8.991654166666669,7.983778833333332,7.080216666666668,6.740833333333332,6.4425,6.413333333333332,5.861666666666665,5.64,6.288333333333335,6.044166666666665,5.604607306763285,5.8175,5.875000000000002,6.301666666666668,8.064166666666665,8.4,8.271666666666665,8.1325,8.799999999999997,9.415833333333335,8.59,9.614166666666668,10.56333333333334,10.74583333333334,10.39583333333333,NA
New Zealand,196,"Exchange rates, domestic currency per usd, period average, rate",ENDA_XDC_USD_RATE,Value,NA,NA,NA,NA,NA,NA,NA,NA,NA,NA,0.714287986064378,0.714287986064378,0.714287986064378,0.714287986064378,0.714287986064378,0.714287986064378,0.714287986064378,0.714287986064378,0.714287986064378,0.714287986064378,0.714287986064378,0.7155141560848158,0.719193999719194,0.719193999719194,0.719193999719194,0.719193999719194,0.719193999719194,0.7336655830070665,0.892856999892857,0.892856999892857,0.892856999892857,0.8806071946031585,0.836680053547523,0.7368121255131385,0.7154025886653675,0.832307219423307,1.004888789650509,1.030311650846212,0.964424999,0.978502499,1.026679999166667,1.15279499925,1.332608332333334,1.496773332333333,1.763992499166667,2.023372499666667,1.913160833083333,1.694560833333334,1.526400833333333,1.672148333333334,1.676203333333333,1.733514166666667,1.861791666666667,1.850513333333333,1.686521666666667,1.523876666666667,1.4548475,1.512420833333333,1.868249166666667,1.889613899191666,2.201149166666666,2.378750833333333,2.162190833333333,1.722099146397781,1.508681270773226,1.420273456614326,1.542055756696813,1.360675228524262,1.422726809526496,1.600877295219465,1.38783382768108,1.265810696734468,1.234283655013288,1.219407973948285,1.205433333333333,1.433975,1.436525,1.407408333333333,1.445258333333334,1.517875,1.542058333333333,1.4138,1.577183333333334,1.628433333333333,1.652308333333333,1.720108333333334,NA
Portugal,182,"Exchange rates, domestic currency per usd, period average, rate",ENDA_XDC_USD_RATE,Value,NA,NA,NA,NA,NA,NA,NA,NA,NA,NA,28.75000002875,28.75000002875,28.75000002875,28.75000002875,28.75000002875,28.75000002875,28.75000002875,28.75000002875,28.75000002875,28.75000002875,28.75000002875,28.75000002875,28.75000002875,28.75000002875,28.75000002875,28.75000002875,28.75000002875,28.75000002875,28.75000002875,28.75000002875,28.75000002875,28.3601702876561,27.0534166665,24.5151666664167,25.4081666656667,25.552749999,30.2290833325833,38.276949999,43.9373333325833,48.9234666656667,50.0621333323333,61.54637499925,79.4733333328333,110.779833332583,146.390333332917,170.3946666665,149.58675,140.882416666667,143.953916666667,157.45825,142.55475,144.482,134.997833333333,160.800185833333,165.992776666667,151.105528333333,154.243661666667,175.312445,180.10448,NA,NA,NA,NA,NA,NA,NA,NA,NA,NA,NA,NA,NA,NA,NA,NA,NA,NA,NA,NA,NA,NA,NA,NA,NA,NA,NA,NA
Singapore,576,"Exchange rates, domestic currency per usd, period average, rate",ENDA_XDC_USD_RATE,Value,NA,NA,NA,NA,NA,NA,NA,NA,NA,NA,3.06122000206122,3.06122000206122,3.06122000206122,3.06122000206122,3.06122000206122,3.06122000206122,3.06122000206122,3.06122000206122,3.06122000206122,3.06122000206122,3.06122000206122,3.06122000206122,3.06122000206122,3.06122000206122,3.06122000206122,3.06122000206122,3.06122000206122,3.06122000206122,3.06122000206122,3.06122000206122,3.06122000206122,3.050701668472785,2.812499999,2.457366665833334,2.436866665833333,2.371299999083333,2.470841665916666,2.43939999925,2.274024999166667,2.1745583325,2.141208332583333,2.112691666,2.140024999166667,2.113049999,2.133083333,2.200149999666667,2.1774166665,2.105983333333333,2.012425,1.950258333333334,1.812533333333333,1.72755,1.628966666666666,1.615790833333334,1.527444166666666,1.417375,1.410040833333333,1.484805833333333,1.673601666666666,1.694956666666666,1.723963333333333,1.7917225,1.790588333333334,1.742183333333334,1.690228333333333,1.6643975,1.588933333333334,1.507101666666667,1.414860833333334,1.454514713438735,1.363508333333334,1.257775877192982,1.249676203703703,1.2513,1.26705,1.374825,1.381546363636363,1.380925,1.348841666666667,1.364158333333334,1.379741666666667,1.343483333333333,1.378666666666667,1.342766666666667,1.336233333333333,1.30745,NA
Sweden,144,"Exchange rates, domestic currency per usd, period average, rate",ENDA_XDC_USD_RATE,Value,NA,NA,NA,NA,NA,NA,NA,NA,NA,NA,5.1727705361666,5.17321000417321,5.17321000417321,5.17321000417321,5.17321000417321,5.17321000417321,5.17321000417321,5.17321000417321,5.17321000417321,5.17321000417321,5.17321000417321,5.17321000417321,5.17321000417321,5.17321000417321,5.17321000417321,5.17321000417321,5.17321000417321,5.17321000417321,5.17321000417321,5.17321000417321,5.17321000417321,5.125905247502685,4.762416665666668,4.367249999,4.439424999,4.152191665666668,4.355891665666668,4.481641665666665,4.518474999,4.287083332333332,4.229574999,5.063441665666668,6.282608332333332,7.667108332333332,8.271799999416665,8.603924999666669,7.123583333333332,6.340441666666668,6.127150000000002,6.446875833333332,5.91879,6.047466666666665,5.823833333333332,7.783426666666665,7.71597,7.133268333333335,6.705955833333332,7.634894166666665,7.949868166666665,8.262428333333332,9.162244166666666,10.32913583333334,9.737123333333331,8.086304166666668,7.348886666666665,7.473088333333332,7.378249166666665,6.75877,6.591099166666665,7.653819166666668,7.207524166666668,6.493543333333332,6.775015833333332,6.513971666666665,6.860785,8.434840833333332,8.561991666666668,8.548860833333334,8.692518333333332,9.458349166666668,9.210309028420852,8.57656671607378,10.11425127756397,10.61016129655358,10.56763643447755,9.82070570950185,NA
Taiwan Province of China,528,"Exchange rates, domestic currency per usd, period average, rate",ENDA_XDC_USD_RATE,Value,NA,NA,NA,NA,NA,NA,NA,NA,NA,NA,10.299999999,15.649999999,15.649999999,18.779999999,18.779999999,32.279999999,32.279999999,30.853799999,35.08110833233332,39.464999999,39.72583333233332,40.000000039,40.000000039,40.000000039,40.000000039,40.000000039,40.000000039,40.000000039,40.000000039,40.000000039,40.000000039,40.00000003888585,40.0333947483916,38.262349999,37.999999999,37.999999999,37.999999999,37.999999999,37.053749999,36.020674999,35.99624166566668,36.848499999,39.123999999,40.06516666566668,39.597,39.84858333333332,37.92375,31.84466666666668,28.58841666666668,26.40699166666668,26.853,26.814775,25.16408333333332,26.38708333333332,26.4565,26.48566666666668,27.458,28.70291666666668,33.4555,32.26966666666668,31.23425,33.81308333333332,34.57891666666665,34.41925,33.42591666666668,32.1785,32.5335,32.84266666666668,31.534166666666678,33.0565,31.64741666666668,29.46891666666668,29.61558333333332,29.77083333333332,30.37025,31.90758333333332,32.32533333333332,30.44241666666668,30.16266666666668,30.927,29.58325,28.0235,29.80633333333332,31.15758333333332,32.11133333333332,31.19225,NA
Macao SAR,546,"Exchange rates, domestic currency per usd, period average, rate",ENDA_XDC_USD_RATE,Value,NA,NA,NA,NA,NA,NA,NA,NA,NA,NA,NA,NA,NA,NA,NA,NA,NA,NA,NA,NA,NA,NA,NA,NA,NA,NA,NA,6.075789473,6.071578946833335,6.036140350416668,6.05140350825,5.947368420666668,5.714561403,4.928754752833335,5.039764040833332,5.126437354166668,6.061448986,5.57378531,5.02916666575,5.1766666656666684,5.094999999083332,5.751666665833332,6.2258333325,7.464166666,8.03535,7.998841666666665,8.013158333333335,8.009808333333332,8.040591666666668,8.033883333333332,8.020991666666667,8.00425,7.972341666666665,7.967550000000002,7.960283333333335,7.967758333333332,7.966400000000002,7.975291666666668,7.978766666666665,7.99185,8.0259,8.033500000000002,8.033433333333331,8.021241166666668,8.022171083333332,8.011064583333335,8.001426166666668,8.035853916666667,8.020109916666666,7.984283333333332,8.002216666666667,8.018208333333332,7.9898635,7.989255333333332,7.987129,7.984960416666668,7.995064250000002,8.026001,8.072507416666667,8.070470333333333,7.989061916666665,8.00553175,8.065206083333335,8.063390083333335,8.03683075,8.02981025,NA
San Marino,135,"Exchange rates, domestic currency per usd, period average, rate",ENDA_XDC_USD_RATE,Value,NA,NA,NA,NA,NA,NA,NA,NA,NA,NA,NA,NA,NA,NA,NA,NA,NA,NA,NA,NA,NA,NA,NA,NA,NA,NA,NA,NA,NA,NA,NA,NA,583.217499999417,582.995833331917,650.343333331833,652.849166666,832.334999999667,882.38833333125,848.663333330917,830.861666665917,856.447499997417,1136.76499999958,1352.50999999808,1518.84833333283,1756.96083333183,1909.439166664,1490.80999999875,1296.07,1301.6275,1372.09333333333,1198.10166666667,1240.61333333333,1232.40583333333,1573.66586666667,1612.44498333333,1628.93315833333,1542.94696666667,1703.09690833333,1736.20738333333,0.938283072395239,1.08270508132601,1.11653308564468,1.05755899623965,0.884047927184961,0.803921647747605,0.803800192161416,0.796432730949096,0.729672399984088,0.679922680042729,0.716957702016136,0.754308990105979,0.718413898653322,0.778338120416812,0.752945122702002,0.752728196932591,0.901296423367096,0.903421436257288,0.88520550826938,0.846772667108096,0.893215581479226,0.877475207233012,0.845376564367945,0.950915533962108,0.924709622987356,0.9243674472702668,0.8871442503705875,NA
Slovenia,961,"Exchange rates, domestic currency per usd, period average, rate",ENDA_XDC_USD_RATE,Value,NA,NA,NA,NA,NA,NA,NA,NA,NA,NA,NA,NA,NA,NA,NA,NA,NA,NA,NA,NA,NA,NA,NA,NA,NA,NA,NA,NA,NA,NA,NA,NA,NA,NA,NA,NA,NA,NA,NA,NA,NA,NA,NA,NA,NA,NA,NA,NA,NA,NA,NA,27.5712,81.2869916666667,113.241883333333,128.808558333333,118.518466666667,135.364308333333,159.688333333333,166.134166666667,181.769193333333,222.656085833333,242.748835,240.248215,207.113715696581,192.381124333333,192.705468,191.028257833333,NA,NA,NA,NA,NA,NA,NA,NA,NA,NA,NA,NA,NA,NA,NA,NA,NA,NA,NA,NA
Croatia,960,"Exchange rates, domestic currency per usd, period average, rate",ENDA_XDC_USD_RATE,Value,NA,NA,NA,NA,NA,NA,NA,NA,NA,NA,NA,NA,NA,NA,NA,NA,NA,NA,NA,NA,NA,NA,NA,NA,NA,NA,NA,NA,NA,NA,NA,NA,NA,NA,NA,NA,NA,NA,NA,NA,NA,NA,NA,NA,NA,NA,NA,NA,NA,NA,NA,NA,0.26329825,3.57914891666667,5.99801141666667,5.23075608333333,5.43416116666667,6.16058258333333,6.36328566666667,7.11174283333333,8.27766641666667,8.341541,7.8716825,6.70496883333333,6.03434066666667,5.94923691666667,5.83779325,5.36453566666667,4.93503975,5.28394641666667,5.49801058333333,5.34386975,5.85029183333333,5.70488016666667,5.74816541666667,6.85830375,6.80599016666667,6.623831,6.27902525,6.62254516666667,6.6140555,6.36008316666667,7.1597415,NA,NA,NA,NA
Lithuania,946,"Exchange rates, domestic currency per usd, period average, rate",ENDA_XDC_USD_RATE,Value,NA,NA,NA,NA,NA,NA,NA,NA,NA,NA,NA,NA,NA,NA,NA,NA,NA,NA,NA,NA,NA,NA,NA,NA,NA,NA,NA,NA,NA,NA,NA,NA,NA,NA,NA,NA,NA,NA,NA,NA,NA,NA,NA,NA,NA,NA,NA,NA,NA,NA,NA,NA,1.77275,4.34406333333333,3.97775,4,4,4,4,4,4,4,3.67695833333333,3.06086666666667,2.78059166666667,2.774025,2.752225,2.523725,2.357075,2.48403333333333,2.60633333333333,2.4811,2.68629166666667,2.60100833333333,2.60029166666667,NA,NA,NA,NA,NA,NA,NA,NA,NA,NA,NA,NA
Latvia,941,"Exchange rates, domestic currency per usd, period average, rate",ENDA_XDC_USD_RATE,Value,NA,NA,NA,NA,NA,NA,NA,NA,NA,NA,NA,NA,NA,NA,NA,NA,NA,NA,NA,NA,NA,NA,NA,NA,NA,NA,NA,NA,NA,NA,NA,NA,NA,NA,NA,NA,NA,NA,NA,NA,NA,NA,NA,NA,NA,NA,NA,NA,NA,NA,NA,NA,0.736466666666666,0.675333333333333,0.55975,0.527583333333333,0.55075,0.580916666666667,0.589833333333333,0.585166666666667,0.6065,0.627916666666667,0.618191666666667,0.571475,0.540233333333333,0.564716666666667,0.560408333333333,0.513791666666667,0.480816666666667,0.50555,0.530475,0.501233333333333,0.546875,0.529391666666667,NA,NA,NA,NA,NA,NA,NA,NA,NA,NA,NA,NA,NA
Czech Republic,935,"Exchange rates, domestic currency per usd, period average, rate",ENDA_XDC_USD_RATE,Value,NA,NA,NA,NA,NA,NA,NA,NA,NA,NA,NA,NA,NA,NA,NA,NA,NA,NA,NA,NA,NA,NA,NA,NA,NA,NA,NA,NA,NA,NA,NA,NA,NA,NA,NA,NA,NA,NA,NA,NA,NA,NA,NA,NA,NA,NA,NA,NA,NA,NA,NA,NA,NA,29.15283333333332,28.78508333333332,26.54066666666668,27.14491666666668,31.69841666666668,32.28116666666668,34.56925,38.59841666666668,38.03532833333332,32.73851833333332,28.209,25.69975,23.95741666666667,22.59558333333333,20.29366666666666,17.07166666666667,19.063,19.09825,17.69591666666667,19.5775,19.57058333333333,20.7575,24.59875,24.43991666666667,23.37633333333333,21.72991666666667,22.93225,23.21025,21.67816666666667,23.357,22.19808333333333,23.21683333333334,21.882,NA
Estonia,939,"Exchange rates, domestic currency per usd, period average, rate",ENDA_XDC_USD_RATE,Value,NA,NA,NA,NA,NA,NA,NA,NA,NA,NA,NA,NA,NA,NA,NA,NA,NA,NA,NA,NA,NA,NA,NA,NA,NA,NA,NA,NA,NA,NA,NA,NA,NA,NA,NA,NA,NA,NA,NA,NA,NA,NA,NA,NA,NA,NA,NA,NA,NA,NA,NA,NA,NA,13.22275,12.99125,11.46475,12.038,13.88175,14.0746666666667,14.6775833333333,16.9686366666667,17.4780715333333,16.6117916666667,13.8564114045105,12.5955635879843,12.5837865859395,12.4654837577722,11.4338529961624,10.6944430938413,11.2574308850767,11.8068482348947,NA,NA,NA,NA,NA,NA,NA,NA,NA,NA,NA,NA,NA,NA,NA,NA
Slovak Republic,936,"Exchange rates, domestic currency per usd, period average, rate",ENDA_XDC_USD_RATE,Value,NA,NA,NA,NA,NA,NA,NA,NA,NA,NA,NA,NA,NA,NA,NA,NA,NA,NA,NA,NA,NA,NA,NA,NA,NA,NA,NA,NA,NA,NA,NA,NA,NA,NA,NA,NA,NA,NA,NA,NA,NA,NA,NA,NA,NA,NA,NA,NA,NA,NA,NA,NA,NA,30.7695833333333,32.0448333333333,29.7134166666667,30.65375,33.6161666666667,35.2334166666667,41.3628333333333,46.0351666666667,48.3548333333333,45.32675,36.7729166666667,32.2569166666667,31.01825,29.69725,24.6943333333333,21.3614166666667,NA,NA,NA,NA,NA,NA,NA,NA,NA,NA,NA,NA,NA,NA,NA,NA,NA,NA
Australia,193,"Prices, Consumer Price Index, All items, Index",PCPI_IX,Value,NA,NA,NA,NA,NA,NA,NA,NA,NA,NA,NA,NA,NA,NA,NA,NA,NA,NA,NA,NA,7.65,7.825,7.8,7.85,8.075,8.35,8.625,8.925,9.15,9.45,9.775,10.375,11,12,13.85,15.95,18.075,20.3,21.925,23.925,26.35,28.85,32.125,35.35,36.75,39.225,42.775,46.425,49.775,53.525,57.45,59.275,59.875,60.925,62.125,65,66.7,66.85,67.425,68.425,71.475,74.625,76.85,78.95,80.8,82.975,85.925,87.925,91.75,93.375,96.1,99.275,101.025,103.5,106.075,107.675,109.05,111.175,113.3,115.125,116.1,119.425,127.3,134.425,138.675,NA,NA
Australia,193,"Prices, Consumer Price Index, All items, Percentage change, Corresponding period previous year, Percent",PCPI_PC_CP_A_PT,Value,NA,NA,NA,NA,NA,NA,NA,NA,NA,NA,NA,NA,NA,NA,NA,NA,NA,NA,NA,NA,3.728813559322034,2.287581699346405,-0.3194888178913738,0.641025641025641,2.866242038216561,3.405572755417957,3.293413173652695,3.478260869565217,2.521008403361345,3.278688524590164,3.439153439153439,6.138107416879795,6.024096385542169,9.090909090909092,15.41666666666667,15.16245487364621,13.32288401253918,12.30982019363762,8.004926108374384,9.122006841505131,10.13584117032393,9.487666034155598,11.35181975736568,10.03891050583658,3.96039603960396,6.73469387755102,9.050350541746335,8.53302162478083,7.215939687668282,7.533902561526871,7.333021952358711,3.176675369886858,1.012231126107128,1.753653444676409,1.969634796881412,4.627766599597586,2.615384615384615,0.2248875562218891,0.8601346297681376,1.483129403040415,4.457435147972232,4.40713536201469,2.981574539363484,2.732595966167859,2.343255224825839,2.691831683168317,3.555287737270262,2.327611288914751,4.350298549900483,1.771117166212534,2.918340026773762,3.303850156087409,1.762780156131957,2.44988864142539,2.48792270531401,1.508366721659203,1.276990944973299,1.948647409445209,1.911400944456937,1.610767872903795,0.8469055374592834,2.863910422049957,6.594096713418463,5.597014925373134,3.161614283057467,NA,NA
Austria,122,"Prices, Consumer Price Index, All items, Index",PCPI_IX,Value,NA,NA,NA,NA,NA,NA,NA,NA,NA,NA,NA,NA,NA,NA,NA,NA,NA,NA,NA,NA,14.89201333333334,15.41952416666667,16.09517666666666,16.5311575,17.17067583333333,18.0173475,18.38757166666667,19.1184175,19.64701583333334,20.25222333333333,21.1378175,22.132195,23.53872833333334,25.31144833333332,27.72155083333332,30.0627075,32.2629025,34.035625,35.25216666666668,36.55910583333332,38.872685,41.51721,43.77409833333332,45.2357875,47.79757416666665,49.32208583333332,50.16324666666668,50.86651166666665,51.84097,53.17242666666668,54.90684333333335,56.73931916666668,59.02072083333335,61.16422666666665,62.97065666666668,64.38331916666668,65.58147416666668,66.43795416666669,67.0508225,67.4323375,69.01353333333336,70.84239250000002,72.12489333333332,73.10258500000002,74.60938,76.3247525,77.42501083333335,79.10401499999998,81.64796083333331,82.06135166666668,83.5495625,86.295485,88.44051083333332,90.20945916666665,91.65805333333331,92.47982583333335,93.30436833333334,95.24628333333332,97.14966583333332,98.63692583333332,100,102.7666666666667,111.55,120.2666666666666,123.8,128.1666666666667,NA
Austria,122,"Prices, Consumer Price Index, All items, Percentage change, Corresponding period previous year, Percent",PCPI_PC_CP_A_PT,Value,NA,NA,NA,NA,NA,NA,NA,NA,NA,NA,NA,NA,NA,NA,NA,NA,NA,NA,NA,NA,1.94574935198645,3.54223986727559,4.381798638511747,2.708766994998337,3.86856354936628,4.930916376762709,2.054820592579846,3.974672928988339,2.764864473397654,3.080404195395356,4.372824415821358,4.704258138286983,6.35514612686785,7.531078038271168,9.521788197422397,8.44525863917972,7.318685451069236,5.494615681276661,3.574318575512217,3.707400963534079,6.328325362261019,6.803041775992577,5.436030825128471,3.339164534095327,5.663185739093522,3.189516818051914,1.705444567319736,1.401952717839708,1.915716846712574,2.568348290293719,3.261872318785782,3.337427034747878,4.020847800385578,3.631785249431763,2.953409367610791,2.243366315009048,1.860971157604319,1.305978572276934,0.9224671966807927,0.5689937658855714,2.344862853572813,2.650000772795292,1.810357877641272,1.355553708964515,2.061206180328616,2.299137856392856,1.441548511190194,2.1685552880075,3.215950332398856,0.5063088276965154,1.813534389950624,3.286579148753771,2.485675621770154,2.000156169005993,1.605811829544746,0.896563335260335,0.8915917526553154,2.081269113855855,1.998379814295466,1.530895641526439,1.381910633518592,2.7666666666667,8.546869931884492,7.814134170028328,2.937915742793849,3.527194399569225,NA
Belgium,124,"Prices, Consumer Price Index, All items, Index",PCPI_IX,Value,NA,NA,NA,NA,NA,NA,NA,NA,NA,NA,NA,NA,NA,NA,NA,NA,NA,NA,NA,NA,14.48668,14.63048583333333,14.83598666666667,15.15466416666667,15.78642583333334,16.42817583333334,17.113945,17.5812075,18.056155,18.73398166666666,19.46619416666667,20.31173333333333,21.41840416666667,22.90811416666667,25.81237916666668,29.108155,31.74786,34.00068833333335,35.52072083333335,37.10817166666665,39.57537833333332,42.593985000000004,46.31097,49.85913583333335,53.02109,55.60254583333335,56.3222475,57.19714750000002,57.86116916666668,59.658945,61.716171666666654,63.70053833333335,65.24715916666665,67.04434416666668,68.63835083333332,69.64593916666665,71.0925,72.25,72.93583333333332,73.75333333333332,75.63,77.4975,78.77249999999998,80.02416666666664,81.7025,83.975,85.47916666666669,87.0375,90.945,90.89666666666668,92.88666666666668,96.1675,98.89833333333333,99.99916666666668,100.3391666666667,100.9025,102.8941666666667,105.0816666666667,107.2391666666667,108.78,109.5858333333333,112.26,123.0341666666667,128.0158333333334,132.04,135.2975,NA
Belgium,124,"Prices, Consumer Price Index, All items, Percentage change, Corresponding period previous year, Percent",PCPI_PC_CP_A_PT,Value,NA,NA,NA,NA,NA,NA,NA,NA,NA,NA,NA,NA,NA,NA,NA,NA,NA,NA,NA,NA,0.2994672547696901,0.9926762607673394,1.40460703543513,2.148003413322021,4.168760585643704,4.065201374746477,4.174347618529931,2.730302685909064,2.701449829313487,3.75399229053284,3.908472384719125,4.343628546120926,5.448431284380819,6.95528008719915,12.67788775134521,12.76819859205146,9.068609810549654,7.096000591325998,4.470593315929435,4.469083949004787,6.648688296553561,7.627486568142762,8.726549065554678,7.66160983743884,6.341774910091249,4.868733994969455,1.294368191024796,1.553382613149484,1.160934934153246,3.107050651110941,3.448312179618077,3.215310692608094,2.427955671646155,2.754426434734606,2.377540844763984,1.467966990902712,2.077021073506739,1.628160495129585,0.9492502883506159,1.120848234178445,2.544517761909085,2.46925823086077,1.645214361753579,1.588963999703793,2.097283112393153,2.781432636700223,1.791207700704591,1.823056300268081,4.489444205084016,-0.05314567412537248,2.189299204224577,3.532082107227431,2.83966343445896,1.113095940275394,0.3400028333569646,0.5614291527900868,1.973852646531751,2.125970860026078,2.053164998651842,1.436819569964301,0.740791812220353,2.440248511440835,9.597511728725014,4.049010776139445,3.143491365000369,2.467055437746138,NA
Canada,156,"Prices, Consumer Price Index, All items, Index",PCPI_IX,Value,NA,NA,NA,NA,NA,NA,NA,NA,NA,NA,NA,NA,NA,NA,NA,NA,NA,NA,NA,NA,15.54166666666667,15.7,15.86666666666666,16.125,16.43333333333333,16.81666666666667,17.45833333333333,18.08333333333333,18.81666666666666,19.675,20.33333333333334,20.88333333333333,21.925,23.56666666666666,26.15833333333332,28.95,31.13333333333332,33.61666666666668,36.63333333333335,39.98333333333332,44.03333333333335,49.525,54.85833333333332,58.075,60.575,62.97499999999998,65.61666666666667,68.475,71.23333333333335,74.78333333333332,78.35833333333332,82.76666666666668,84,85.56666666666668,85.70833333333336,87.55,88.925,90.36666666666667,91.26666666666665,92.85,95.375,97.78333333333335,99.99166666666667,102.75,104.6583333333333,106.975,109.1166666666667,111.45,114.0916666666667,114.4333333333334,116.4666666666667,119.8583333333333,121.675,122.8166666666667,125.1583333333333,126.5666666666666,128.375,130.425,133.3833333333334,135.9833333333334,136.9583333333333,141.6083333333333,151.2416666666666,157.1083333333334,160.85,164.1833333333333,NA
Canada,156,"Prices, Consumer Price Index, All items, Percentage change, Corresponding period previous year, Percent",PCPI_PC_CP_A_PT,Value,NA,NA,NA,NA,NA,NA,NA,NA,NA,NA,NA,NA,NA,NA,NA,NA,NA,NA,NA,NA,1.358695652173891,1.01876675603215,1.06157112526535,1.628151260504244,1.912144702842357,2.3326572008114,3.815659068384499,3.579952267303103,4.055299539170489,4.561558901682942,3.346039813638323,2.704918032786835,4.988028731045508,7.487647282402098,10.99717114568597,10.67218859509404,7.541738629821485,7.976445396145699,8.973723351512152,9.144676979071797,10.12922050854531,12.4716124148372,10.76897189971392,5.863588029773685,4.304778303917348,3.962030540652051,4.194786290856214,4.356108712217403,4.028234148716101,4.983621899859573,4.78047693336305,5.625864085930057,1.490132903745453,1.865079365079381,0.1655629139072886,2.148760330578493,1.570531125071388,1.621216380845297,0.9959424566580264,1.734842951059186,2.719439956919763,2.525120139799056,2.258394409408553,2.75856321360112,1.857258718572555,2.213552034397676,2.002025395341622,2.138383992668367,2.370270674442979,0.2994668030093053,1.776871540926273,2.912135088723468,1.515678231245248,0.9382918978152455,1.906635907178667,1.125241360942779,1.428759547010851,1.596884128529698,2.268225672481043,1.949269024115956,0.71699963230780706,3.395193185275328,6.802801153416091,3.879001597884271,2.381583832811711,2.072324111491016,NA
Switzerland,146,"Prices, Consumer Price Index, All items, Index",PCPI_IX,Value,NA,NA,NA,NA,NA,NA,NA,NA,NA,NA,NA,NA,NA,NA,NA,NA,NA,NA,NA,NA,24.4300975,24.88093,25.95478916666668,26.84768916666668,27.6747475,28.61969583333332,29.98656666666668,31.1875875,31.93478666666668,32.729655,33.913155,36.14234166666668,38.54942416666668,41.92429916666668,46.01921916666668,49.10094,49.943255,50.59051916666668,51.11099083333335,52.97533583333335,55.10626916666665,58.68283666666668,62.00141083333335,63.830325,65.70148333333331,67.95859166666668,68.46849166666668,69.45465833333331,70.755175,72.98769166666668,76.93191666666668,81.43981666666664,84.72756666666665,87.517325,88.26307500000001,89.85165833333332,90.580925,91.05215000000003,91.06848333333332,91.80289999999998,93.233675,94.155775,94.760925,95.36575833333332,96.13145833333331,97.258075,98.28853333333332,99.00835,101.4103333333333,100.923075,101.6176666666667,101.8527583333334,101.147375,100.9275583333333,100.9142333333334,99.75986666666668,99.32629166666668,99.85648333333334,100.791475,101.1572333333333,100.4229583333333,101.0072333333333,103.8708166666667,106.088875,107.2159,107.3814166666666,NA
Switzerland,146,"Prices, Consumer Price Index, All items, Percentage change, Corresponding period previous year, Percent",PCPI_PC_CP_A_PT,Value,NA,NA,NA,NA,NA,NA,NA,NA,NA,NA,NA,NA,NA,NA,NA,NA,NA,NA,NA,NA,1.438794703210905,1.845397874486584,4.315992877543886,3.440212880429548,3.080556871018054,3.414478608461812,4.775979595636958,4.005196215638734,2.395822269570162,2.48903598959375,3.615986786295181,6.57322111925794,6.660007041602402,8.754670330246391,9.767414319130237,6.696595225078303,1.715476322856548,1.295999162783203,1.028792894874265,3.647640105587856,4.022500848390027,6.490309640057193,5.655101823923422,2.949794435457241,2.931456691366243,3.435399352982686,0.7503098394107881,1.440321880417218,1.872468597318726,3.155269797109088,5.403959092189401,5.859596634686691,4.037030207787387,3.292621803136111,0.8521169951207032,1.79982776867144,0.8116340646282044,0.5202254227366523,0.01793843784391692,0.8064443809594501,1.558529196790102,0.9890203298325417,0.6427115065432789,0.6382729308871985,0.802908730955232,1.171954203337024,1.059509283248018,0.7323506031222498,2.42604117060157,-0.4804819364232772,0.6882387072200287,0.2313492076509333,-0.6925520181052857,-0.2173231551156913,-0.01320253875149891,-1.143908672281828,-0.4346186642858383,0.533787839825897,0.9363354641135635,0.362886179940615,-0.7258749333133866,0.5818141684898583,2.835027986444602,2.135400880163773,1.062340419765975,0.1543769782901603,NA
Cyprus,423,"Prices, Consumer Price Index, All items, Index",PCPI_IX,Value,NA,NA,NA,NA,NA,NA,NA,NA,NA,NA,NA,NA,NA,NA,NA,NA,NA,NA,NA,NA,NA,NA,NA,NA,NA,NA,NA,NA,NA,NA,NA,NA,NA,NA,NA,NA,NA,NA,NA,NA,NA,NA,NA,NA,NA,NA,NA,NA,NA,NA,NA,NA,NA,NA,NA,NA,NA,NA,NA,NA,76.19469549217234,77.69804877299136,79.87449159135183,83.18054902574671,85.08223693484338,87.2604794578497,89.27156067182489,91.38966399575318,95.65665510183342,95.96876043375381,98.30084050691713,101.534396910883,103.9601085836224,103.544935909533,102.1419135685978,100,98.57083333333335,99.095,100.5175,100.7691666666667,100.1258333333333,102.575,111.1866666666666,115.1241666666667,117.1966666666667,NA,NA
Germany,134,"Prices, Consumer Price Index, All items, Index",PCPI_IX,Value,NA,NA,NA,NA,NA,NA,NA,NA,NA,NA,NA,NA,NA,NA,NA,NA,NA,NA,NA,NA,21.807135,22.30732416666667,22.94158166666667,23.62224916666666,24.1740025,24.95780083333333,25.839575,26.30366666666668,26.69040666666668,27.20090833333332,28.1394075,29.61418666666668,31.238505,33.43520416666668,35.77113166666665,37.88532583333335,39.49417583333332,40.9689525,42.08277416666665,43.78444166666668,46.16677833333335,49.09571083333332,51.66883916666665,53.37050833333335,54.6544925,55.78378166666668,55.71158999999998,55.85081666666668,56.56242250000002,58.13518000000002,59.70277666666668,62.1189675,65.26031,68.1804325,70.01657,71.211165,72.2435325,73.64460333333332,74.31564083333332,74.75070916666665,75.82732000000001,77.33162583333332,78.43035833333334,79.2415025,80.5614575,81.80767166666668,83.09812749999998,85.00800833333335,87.24234166666668,87.5151825,88.48118416666665,90.31732166666669,92.131335000000007,93.51765666666668,94.36566916666668,94.85111083333335,95.31753833333332,96.75635166666665,98.432335,99.85533166666669,100,103.0666666666667,110.15,116.7,119.3333333333333,121.925,NA
Germany,134,"Prices, Consumer Price Index, All items, Percentage change, Corresponding period previous year, Percent",PCPI_PC_CP_A_PT,Value,NA,NA,NA,NA,NA,NA,NA,NA,NA,NA,NA,NA,NA,NA,NA,NA,NA,NA,NA,NA,1.536612342952021,2.293695007008807,2.843270197990652,2.966959775877077,2.335735811778324,3.242319236681348,3.533060354776865,1.796049922131769,1.470289313276982,1.912678487975978,3.450249363608925,5.240974482730953,5.484933122143214,7.032023993038975,6.986431093274972,5.910336263241045,4.246631022992088,3.734162406351469,2.718696961233388,4.043620064734002,5.441057544603464,6.344242777463251,5.241045072284228,3.293414743028532,2.405793399319599,2.066233012165798,-0.1294133608547335,0.249906108705029,1.274118940069226,2.780569555697512,2.696468242923922,4.047032597534664,5.056977967317309,4.474576507528083,2.69305639854954,1.706160413170768,1.449727019632385,1.939371989227299,0.9111835350144011,0.585433064230788,1.440268387197402,1.983857313344715,1.420806155515262,1.034222186285625,1.665736966559916,1.546911147513288,1.577426428405624,2.298344007009509,2.628379816372198,0.3127390073684442,1.103810377892602,2.075172837358742,2.008488847829526,1.504723302518823,0.9067940004342138,0.5144261371254552,0.4917470084452129,1.509494851096218,1.732168797669476,1.445659768882532,0.1448779258139629,3.0666666666667,6.872574385510962,5.946436677258284,2.256498143387575,2.171787709497235,NA
Spain,184,"Prices, Consumer Price Index, All items, Index",PCPI_IX,Value,NA,NA,NA,NA,NA,NA,NA,NA,NA,NA,NA,NA,NA,NA,NA,NA,NA,NA,NA,NA,2.507199416666668,2.527489,2.671719583333332,2.905326666666668,3.108096583333332,3.51880475,3.738391083333332,3.97733525,4.174387,4.26456825,4.508976833333332,4.880376166666668,5.284094916666668,5.887364583333332,6.810525333333335,7.965133166666668,9.368978333333333,11.66794416666667,13.975125,16.1636625,18.67903583333334,21.39671333333333,24.48105,27.46139083333332,30.55911166666668,33.25273083333332,36.17728833333332,38.07587916666668,39.9177125,42.62869833333335,45.4941225,48.19384083333332,51.04909999999998,53.38157,55.90033333333332,58.513005,60.59539249999998,61.7897725,62.92320083333332,64.37694583333332,66.58733833333335,68.97771333333333,71.09233333333331,73.25275,75.47908333333332,78.02183333333332,80.76475,83.0155,86.39866666666666,86.14999999999998,87.70058333333336,90.50358333333332,92.71741666666665,94.02341666666668,93.88133333333332,93.41158333333335,93.22233333333332,95.04583333333332,96.63783333333332,97.31383333333332,96.99975,100.0000833333334,108.3906666666667,112.2194166666667,115.3325833333334,118.4155,NA
Spain,184,"Prices, Consumer Price Index, All items, Percentage change, Corresponding period previous year, Percent",PCPI_PC_CP_A_PT,Value,NA,NA,NA,NA,NA,NA,NA,NA,NA,NA,NA,NA,NA,NA,NA,NA,NA,NA,NA,NA,1.177771084096341,0.8092528738821695,5.706477192713084,8.743697684091513,6.97924673989605,13.21413783821984,6.240367082979867,6.391631087821173,4.954366117364635,2.160347135998651,5.731144842935319,8.23688714893603,8.27228754941943,11.41670761370844,15.68037339853895,16.95328593349822,17.62488005274819,24.53806329292047,19.77367049736622,15.66023559717713,15.56190209572453,14.54934571703218,14.41500205483274,12.17407273516994,11.28027656040374,8.814455066783864,8.794939322903232,5.248018634895919,4.83727066490363,6.791435840250991,6.721819522286568,5.934213443359238,5.924531262284904,4.569071736818124,4.718413739673299,4.673803376247036,3.558845593385573,1.971073955829266,1.834329999084104,2.310348139870666,3.433515634187674,3.589834133381118,3.065656859022195,3.038888393966551,3.039248810909242,3.368814097503834,3.515575768321278,2.786797458049458,4.0753433595733934,-0.2878130835352437,1.79986457728772,3.196101888337842,2.44612782366812,1.408581091830136,-0.1511148375272046,-0.5003657099032504,-0.2025980004264603,1.95607633363965,1.674981368637938,0.6995189944586921,-0.3227530172996851,3.093135119764123,8.390576341186343,3.532361334924285,2.774178265347752,2.673066515605895,NA
Finland,172,"Prices, Consumer Price Index, All items, Index",PCPI_IX,Value,NA,NA,NA,NA,NA,NA,NA,NA,NA,NA,NA,NA,NA,NA,NA,NA,NA,NA,NA,NA,7.479091666666668,7.60556325,7.938989833333332,8.335652083333333,9.192212083333335,9.646361416666668,10.02002808333334,10.55888333333334,11.52942083333333,11.783715,12.10663833333333,12.89063583333334,13.74947416666667,15.2281575,17.80725916666666,20.97898083333333,23.98793166666666,26.81691166666668,28.90845666666668,31.06704,34.669145,38.58875416666668,42.28745833333335,45.82535083333335,49.06412916666668,51.61331583333335,53.12743333333332,55.31258,58.12573833333332,61.95791583333335,65.76805833333331,68.60280166666668,70.60553916666665,72.15226166666667,72.93767999999999,73.51479166666668,73.97734249999998,74.85956583333332,75.90720583333332,76.78942333333332,79.125435,81.1656375,82.44092833333332,83.16429833333335,83.31991583333333,83.83972749999998,85.15321416666669,87.29112666666668,90.84034333333335,90.84034250000002,91.916015,95.05660833333332,97.7261175,99.17078916666668,100.2033516666667,99.99500000000002,100.3516666666667,101.1083333333333,102.2041666666667,103.2508333333333,103.5508333333333,105.8233333333334,113.3616666666666,120.4475,122.3333333333333,122.7466666666667,NA
Finland,172,"Prices, Consumer Price Index, All items, Percentage change, Corresponding period previous year, Percent",PCPI_PC_CP_A_PT,Value,NA,NA,NA,NA,NA,NA,NA,NA,NA,NA,NA,NA,NA,NA,NA,NA,NA,NA,NA,NA,3.41812725350793,1.691001915339523,4.383982781726679,4.996381886452851,10.27586074174865,4.940588067553013,3.873654018613308,5.377781833728556,9.191667995195099,2.205610935212517,2.740420430512194,6.475765430618521,6.662497835153305,10.75447188313684,16.93639999892738,17.8113972340213,14.34269308522573,11.79334691840538,7.799350745521463,7.466961513107361,11.59461924921074,11.30575665095485,9.58492764677447,8.366292606456403,7.067656383281726,5.195621954294347,2.93357920442327,4.11302886205058,5.085928613948798,6.592909801891315,6.149565311798487,4.310212898434654,2.919323192850121,2.1906531955643622,1.088556775894043,0.7912394069384989,0.6291942381209676,1.192558834258395,1.399473785798406,1.162231556694437,3.042100806677951,2.578440800988961,1.571220127893802,0.8774403862547846,0.187120559084422,0.6238744500251907,1.566663807043863,2.510665652403392,4.0659535535838,-9.173603923337584e-7,1.184135231546468,3.4168075425521,2.808336225615751,1.478286156888081,1.041196211784392,-0.2079288399052519,0.3566845008917245,0.7540150470843531,1.083820984093036,1.024093929634245,0.2905545556533039,2.194574323400038,7.123507733014013,6.250643221547617,1.565689062316196,0.3378746594005995,NA
France,132,"Prices, Consumer Price Index, All items, Index",PCPI_IX,Value,NA,NA,NA,NA,NA,NA,NA,NA,NA,NA,NA,NA,NA,NA,NA,NA,NA,NA,NA,NA,9.882178,10.11939583333334,10.65888916666667,11.19174333333333,11.55113166666667,11.86337083333334,12.17205583333333,12.5118725,13.0803125,13.87114333333333,14.60626416666667,15.39464,16.3280175,17.53312333333333,19.926275,22.254845,24.39698416666667,26.71336916666668,29.184505,32.29170166666668,36.67128916666668,41.55385333333332,46.53137,50.9330275,54.8415275,58.03939166666668,59.51273666666668,61.47005,63.1302425,65.33872916666668,67.42583333333332,69.5925,71.2375,72.73666666666668,73.94083333333332,75.26916666666665,76.76166666666668,77.68583333333332,78.19166666666665,78.61166666666668,79.92916666666667,81.23583333333335,82.79833333333335,84.53583333333334,86.34666666666668,87.85416666666669,89.32583333333332,90.655,93.205,93.28666666666665,94.715,96.715,98.60499999999998,99.45666666666668,99.96166666666667,99.99916666666668,100.1825,101.2166666666666,103.09,104.2325,104.7291666666666,106.4491666666666,112.0083333333334,117.4725,119.8208333333334,120.9516666666667,NA
France,132,"Prices, Consumer Price Index, All items, Percentage change, Corresponding period previous year, Percent",PCPI_PC_CP_A_PT,Value,NA,NA,NA,NA,NA,NA,NA,NA,NA,NA,NA,NA,NA,NA,NA,NA,NA,NA,NA,NA,4.139935755184299,2.400461045463257,5.331280070656356,4.999152897968431,3.211191702931061,2.703104558730854,2.602000766364449,2.791777094351455,4.543204864020154,6.045962841738911,5.299641245626762,5.397518655951073,6.063003097181876,7.380601063989122,13.64931747281386,11.68592724932282,9.625495781555298,9.49455467190433,9.250558467244327,10.64673417166637,13.56257884830163,13.31440556800706,11.97847195238055,9.459548472353166,7.673802622473208,5.831099738545175,2.538525917814151,3.288898214001338,2.700815275081117,3.498302207007489,3.194283380294762,3.213407324096868,2.363760462693537,2.104462771246436,1.655515329269932,1.79648142095594,1.982883650897375,1.203942940269631,0.6511268678330413,0.5371416391346436,1.675959887209277,1.634780795496016,1.923412287270601,2.098472191469232,2.142089646402409,1.745869363804818,1.675124496087235,1.487998059538596,2.812861949147868,0.08762047815744863,1.531122704209266,2.111597951749987,1.954195316135015,0.8637154978618733,0.5077588229379629,0.0375143805125298,0.1833348611238293,1.03228275064667,1.850815083155015,1.108254922882918,0.4764988527250138,1.642331410383928,5.222367483697355,4.878357265084381,1.99904942291464,0.943770212469979,NA
United Kingdom,112,"Prices, Consumer Price Index, All items, Index",PCPI_IX,Value,NA,NA,NA,NA,NA,NA,NA,NA,NA,NA,NA,NA,NA,NA,NA,NA,NA,NA,NA,NA,5.653274250000002,5.848170666666668,6.093589083333332,6.216590833333335,6.420593666666668,6.727098333333335,6.990102166666668,7.163604583333332,7.50010975,7.9086155,8.412122916666668,9.20663425,9.857644416666668,10.76415666666667,12.49115916666667,15.51493,18.08412833333333,20.9487025,22.67972333333334,25.7236325,30.34512083333332,33.9490975,36.86833416666668,38.5677075,40.48094,42.9386975,44.41046833333335,46.25302416666668,48.175,50.95,55.05833333333335,59.16666666666668,61.88333333333332,63.46666666666665,64.875,66.625,68.525,70.03333333333332,71.30833333333332,72.55833333333332,73.41666666666669,74.54166666666669,75.675,76.71666666666668,77.78333333333332,79.40833333333332,81.35833333333332,83.29999999999998,86.23333333333332,87.925,90.11666666666667,93.59166666666668,96,98.2,99.625,99.99166666666665,101,103.5833333333333,105.9583333333333,107.8,108.8666666666667,111.6083333333334,120.45,128.6333333333333,132.8416666666667,138,NA
United Kingdom,112,"Prices, Consumer Price Index, All items, Percentage change, Corresponding period previous year, Percent",PCPI_PC_CP_A_PT,Value,NA,NA,NA,NA,NA,NA,NA,NA,NA,NA,NA,NA,NA,NA,NA,NA,NA,NA,NA,NA,1.003575703901713,3.447496230466193,4.196498882385511,2.018543559762291,3.281586946972135,4.77377455386914,3.909617792118884,2.482115604748037,4.697427988272451,5.446663630488874,6.366568417274402,9.444837423371363,7.071098394797947,9.19603316657811,16.04401118898616,24.2072876743291,16.55952255880839,15.84026674587672,8.263141038607714,13.42127997740122,17.96592426568573,11.87662651422962,8.598863833321873,4.609303272697777,4.960710978219278,6.071394340151192,3.427609403693137,4.148922320529449,4.15535171583102,5.760249091852621,8.063460909388322,7.461782957469342,4.591549295774602,2.55857796929706,2.219012605042044,2.697495183044316,2.851782363977486,2.201143135108822,1.820561637315564,1.752950800514199,1.182956242104091,1.532349602724177,1.520402459474549,1.376500385420126,1.390397566804223,2.089136490250697,2.455661664392906,2.386561507733271,3.521408563425379,1.961731735601098,2.492654724670662,3.856112446828185,2.573234796545262,2.291666666666667,1.45112016293279,0.3680468423253701,1.008417368114026,2.557755775577525,2.292839903459373,1.738104600865152,0.989486703772449,2.5183710961421,7.922048831479066,6.793967067939643,3.271572946359213,3.883068816259933,NA
Greece,174,"Prices, Consumer Price Index, All items, Index",PCPI_IX,Value,NA,NA,NA,NA,NA,NA,NA,NA,NA,NA,NA,NA,NA,NA,NA,NA,NA,NA,NA,NA,1.113807916666666,1.13723775,1.131831,1.167876,1.175085333333333,1.212933333333333,1.2724085,1.295838083333334,1.297640083333333,1.33188375,1.3697315,1.414788416666666,1.47606575,1.703152916666666,2.15552475,2.449296083333334,2.76829925,3.11073225,3.50182675,4.170471666666668,5.199572833333332,6.473783666666668,7.832701333333335,9.413299833333332,11.150695,13.3044175,16.36648916666667,19.05008,21.62733833333333,24.58067333333333,29.603365,35.36295,40.97755166666665,46.882935,51.98102083333332,56.6252725,61.26546,64.6571175,67.73882166666665,69.52484583333332,71.7157,74.135365,76.82600333333335,79.53846083333332,81.84416000000002,84.745595,87.45401916666665,89.98581583333335,93.72274416666669,94.8568575,99.32745083333332,102.6349091666666,104.176,103.2162583333333,101.8617916666667,100.093585,99.26715833333336,100.3801958333333,101.0081958333333,101.2637541666667,99.9999991666667,101.2238241666667,110.987125,114.8326083333333,117.9807333333333,120.908575,NA
Greece,174,"Prices, Consumer Price Index, All items, Percentage change, Corresponding period previous year, Percent",PCPI_PC_CP_A_PT,Value,NA,NA,NA,NA,NA,NA,NA,NA,NA,NA,NA,NA,NA,NA,NA,NA,NA,NA,NA,NA,1.477847584933772,2.103579349970265,-0.4754282910499586,3.184662727916093,0.6173029785125304,3.220872469970976,4.903415961305954,1.841357027506025,0.1390605835077517,2.638918688354867,2.841670678841153,3.289470722303313,4.331201232033508,15.38462407021273,26.5608465867349,13.6287617821755,13.02427945879549,12.36979708750779,12.57242567244416,19.09417468087672,24.67589397362322,24.50606759779663,20.99108862200163,20.17948128921376,18.45681320501868,19.31469294066424,23.01545082050131,16.39686316353632,13.52885832150484,13.65556387236124,20.43349910946298,19.45584564457453,15.8770737923919,14.41126444393482,10.87407568091315,8.934514159615176,8.194552176327274,5.536002667734805,4.766225723976405,2.636633060219806,3.151181624938299,3.373968322138667,3.629358718788732,3.530650277655516,2.898848107581707,3.545072733350772,3.195946841445446,2.895003215165783,4.152797081102935,1.210072691978088,4.712989077603925,3.329853233506451,1.501526961777553,-0.9212694542569306,-1.312260964055098,-1.735888047652836,-0.8256539783909728,1.121254520314196,0.6256214134536086,0.2530075220381911,-1.247983555814084,1.223825010198541,9.645259812806383,3.464801285134019,2.741490457886056,2.481626943608336,NA
Iceland,176,"Prices, Consumer Price Index, All items, Index",PCPI_IX,Value,NA,NA,NA,NA,NA,NA,NA,NA,NA,NA,NA,NA,NA,NA,NA,NA,NA,NA,NA,NA,0.05342246416666668,0.055939525,0.06210198666666665,0.07013054583333332,0.0836272075,0.08974626833333335,0.09933713166666668,0.1026353416666667,0.11826855,0.14400768333333341,0.163265075,0.174255875,0.1913526833333333,0.2322159166666667,0.3309452583333332,0.4943042666666668,0.6526551833333335,0.8505189666666665,1.222621,1.76600825,2.799625083333332,4.249641666666665,6.384798750000002,11.74484025,15.368405,20.28546916666667,24.774319166666672,29.30746666666668,36.84696166666665,44.49572583333332,51.39733416666668,54.896865,57.064035,59.37105,60.29287833333332,61.28845333333335,62.67382916666668,63.81162916666665,64.87041833333332,66.96692166666665,70.40665833333333,74.916265,78.80968,80.42974166666669,82.96986833333335,86.27791666666668,92.04738916666668,96.69721583333335,108.9723416666667,122.0524333333334,128.639275,133.7861666666667,140.7241833333333,146.1734166666667,149.1621,151.598,154.1705083333334,156.88455,161.0936333333333,165.94895,170.67505,178.2602583333333,193.0714666666667,209.938775,222.23455,231.325975,NA
Iceland,176,"Prices, Consumer Price Index, All items, Percentage change, Corresponding period previous year, Percent",PCPI_PC_CP_A_PT,Value,NA,NA,NA,NA,NA,NA,NA,NA,NA,NA,NA,NA,NA,NA,NA,NA,NA,NA,NA,NA,1.988397239020339,4.711614996793536,11.01629244557699,12.92802307559029,19.24505435725792,7.31706942783346,10.68664303423869,3.320218678215328,15.23179840342516,21.76329491934534,13.3724751491847,6.731874529809881,9.811323912799669,21.35493091682979,42.51618195852918,49.36133823340532,32.03511022360856,30.31674127259281,43.74999828536063,44.44445580437437,58.52842608936464,51.79324160101081,50.2432263896761,83.95004619370339,30.85239707709094,31.99462902407029,22.12840118766458,18.29776822323039,25.72550908528418,20.7581950334485,15.51072199425303,6.808778879436343,3.947711768240318,4.042852910769454,1.552656274957778,1.651231501166564,2.260418982672967,1.815430802822422,1.659241709534272,3.231832609064667,5.13647123245151,6.405085503868677,5.197022302166292,2.055663297537409,3.158193242984642,3.987047828065931,6.68707906136661,5.051557364921461,12.69439427758776,12.0031298461743,5.396731131674772,4.001026643431176,5.185899887507003,3.872279237482447,2.044614815393337,1.633055581813343,1.69692761997744,1.76041559180602,2.682917682673852,3.013971791560582,2.847924015186598,4.444239701897436,8.308755115589227,8.736302999372924,5.856838499700687,4.090914306528845,NA
Italy,136,"Prices, Consumer Price Index, All items, Index",PCPI_IX,Value,NA,NA,NA,NA,NA,NA,NA,NA,NA,NA,NA,NA,NA,NA,NA,NA,NA,NA,NA,NA,3.85730175,3.936403333333335,4.121065666666668,4.4282795,4.690093666666668,4.902051583333332,5.017082583333332,5.204387249999998,5.270863583333332,5.41092375,5.67975575,5.951910583333335,6.294115916666665,6.973793416666668,8.309956166666668,9.718535500000002,11.33318916666667,13.27457,14.87999833333334,17.08202583333333,20.6802125,24.39630166666667,28.41691333333332,32.57901833333332,36.09575916666668,39.41873166666668,41.7143,43.69459666666668,45.9047775,48.77833916666668,51.92776583333332,55.17325083333332,58.08120666666665,60.76847,63.2307125,66.5411075,69.20739416666667,70.62137583333335,72.00208416666668,73.19981000000001,75.05739083333332,77.14786333333332,79.0498075,81.16245749999997,82.95349916666667,84.60036916666665,86.36923083333332,87.94956416666668,90.89396833333332,91.59818583333332,92.99553083333332,95.58139500000001,98.4883725,99.68992416666666,99.93022416666668,99.96898749999998,99.87500000000001,101.1,102.25,102.875,102.7333333333334,104.6583333333333,113.2416666666666,119.6083333333334,120.7833333333334,122.6333333333334,NA
Italy,136,"Prices, Consumer Price Index, All items, Percentage change, Corresponding period previous year, Percent",PCPI_PC_CP_A_PT,Value,NA,NA,NA,NA,NA,NA,NA,NA,NA,NA,NA,NA,NA,NA,NA,NA,NA,NA,NA,NA,2.350161413770499,2.050697312786976,4.691143607404719,7.454718225391019,5.912322532185875,4.519268307434598,2.346588934133174,3.733338320738214,1.277313353907975,2.657252733869711,4.968319873293354,4.791664383337875,5.749503937300076,10.79861745476015,19.15976958546987,16.95050256683063,16.61416647257879,17.13004878664997,12.09401384250744,14.7985735661484,21.0641682770745,17.96929875196722,16.4804146202214,14.64657667487696,10.7944960076811,9.205991442531184,5.823546918620168,4.747284903897896,5.058247476671187,6.259831379569763,6.456609061463991,6.249999297902911,5.270589985929318,4.626734683312969,4.051842180657173,5.235422580443009,4.0069766898104,2.043107797501362,1.955085577193803,1.663459950077149,2.537685320950013,2.785165427135541,2.465323191711657,2.672555527728489,2.206736614236577,1.985292985279799,2.090843910127544,1.829741122024033,3.347832584010216,0.7747681313873762,1.525516021182479,2.780632728793267,3.041363332267728,1.219993422743025,0.2410474298267941,0.03879039965791464,-0.094016656915686,1.226533166458052,1.137487636003956,0.6112469437652812,-0.1377075739165006,1.87378325762482,8.201289911617138,5.622194421959058,0.9823730230613803,1.531668276528218,NA
Japan,158,"Prices, Consumer Price Index, All items, Index",PCPI_IX,Value,NA,NA,NA,NA,NA,NA,NA,NA,NA,NA,NA,NA,NA,NA,NA,NA,NA,NA,NA,NA,17.98915712953368,18.95489815544042,20.2505489119171,21.60873410362694,22.42995015544042,23.92288560621762,25.12879809326425,26.13139896373058,27.52666749222798,28.97176823834198,30.9778238341969,32.95896373056995,34.55533678756475,38.56673575129532,47.52279792746115,53.09782383419688,58.07523316062178,62.81523316062178,65.45948186528499,67.88269430051812,73.16300518134715,76.75689119170985,78.86082901554406,80.35896373056993,82.1763730569948,83.84642487046632,84.3458031088083,84.45222797927462,85.02528497409328,86.95730569948188,89.63430051813472,92.54870466321242,94.17782383419691,95.34849740932643,96.01160621761657,95.88880829015545,96.019792746114,97.6980310880829,98.34476683937822,98.00911917098448,97.3460103626943,96.62559585492228,95.73326424870469,95.4876683937824,95.47948186528495,95.20932642487048,95.44673575129535,95.5040414507772,96.82207253886013,95.5122279792746,94.81666666666665,94.55833333333332,94.51666666666668,94.83333333333331,97.45,98.225,98.09999999999998,98.575,99.55,100.0166666666667,99.99166666666667,99.75833333333333,102.25,105.5916666666666,108.4833333333334,NA,NA
Japan,158,"Prices, Consumer Price Index, All items, Percentage change, Corresponding period previous year, Percent",PCPI_PC_CP_A_PT,Value,NA,NA,NA,NA,NA,NA,NA,NA,NA,NA,NA,NA,NA,NA,NA,NA,NA,NA,NA,NA,3.574511525359122,5.368461784800555,6.835440348197299,6.706905563979905,3.800389453057512,6.655990942606202,5.040832058876753,3.989848088815184,5.339432957393446,5.249820911020257,6.924173834857807,6.395348837209278,4.843517138599049,11.60862354892206,23.22224580768422,11.73126614987075,9.374036386062347,8.16182689596842,4.209566010686803,3.7018509254627,7.778581765557187,4.912162918205222,2.741040955631403,1.899719713484849,2.261613691931553,2.032277346084899,0.595586799453245,0.1261768416965917,0.6785575804575501,2.272289620643172,3.078516286951598,3.251438487533085,1.760283060592706,1.243045897079241,0.695458057868984,-0.1278990450204535,0.1366003585759421,1.747804586921294,0.6619741913859389,-0.341296928327602,-0.67657868359508,-0.7400555041628115,-0.9234940269422856,-0.2565418163160597,-0.008573388203060427,-0.2829460687644293,0.2493551160791052,0.06003945449865453,1.380078861649256,-1.352836729517235,-0.7282432075177655,-0.2724556161012446,-0.04406451044326078,0.3350379121847716,2.759226713532528,0.7952796305797845,-0.1272588444897124,0.4841997961264221,0.9890945980218108,0.4687761593839277,-0.02499583402768204,-0.2333527793983098,2.49770278172251,3.268133659331638,2.738536816352429,NA,NA
Korea,542,"Prices, Consumer Price Index, All items, Index",PCPI_IX,Value,NA,NA,NA,NA,NA,NA,NA,NA,NA,NA,NA,NA,NA,NA,NA,NA,NA,NA,NA,NA,1.275684416666667,1.380235083333334,1.471583333333334,1.776078166666666,2.299361083333333,2.610883,2.904904583333332,3.221029083333332,3.567992583333335,4.010051333333335,4.64966825,5.277917583333332,5.894852666666668,6.084727583333332,7.563571916666668,9.473317583333332,10.92532333333334,12.02841666666667,13.767760000000001,16.290495,20.9654775,25.44195083333332,27.2714425,28.20429333333332,28.84564666666668,29.5549925,30.36774916666668,31.2938625,33.5301525,35.44142666666668,38.47991666666665,42.07116666666668,44.68516666666668,46.8305,49.76483333333332,51.99466666666665,54.55516666666668,56.97683333333332,61.25783333333332,61.75583333333332,63.151,65.71908333333334,67.53441666666664,69.90816666666667,72.41833333333332,74.41258333333334,76.08116666666668,78.00949999999997,81.65558333333333,83.90641666666669,86.37266666666667,89.84999999999998,91.81508333333332,93.00991666666668,94.19558333333332,94.86091666666668,95.78266666666666,97.645,99.08608333333332,99.46558333333336,100,102.4983333333334,107.715,111.59,114.1808333333333,116.605,NA
Korea,542,"Prices, Consumer Price Index, All items, Percentage change, Corresponding period previous year, Percent",PCPI_PC_CP_A_PT,Value,NA,NA,NA,NA,NA,NA,NA,NA,NA,NA,NA,NA,NA,NA,NA,NA,NA,NA,NA,NA,7.965565754825968,8.19565288254092,6.618310974923894,20.69164731864762,29.46283145007979,13.54819471046542,11.26138487758096,10.88244005719638,10.77182139693512,12.38956471111872,15.95034236469454,13.51170233130787,11.68898668068445,3.221029046923264,24.30419954023967,25.24925640567328,15.32732052131939,10.09666533133875,14.4602850195024,18.32349634217912,28.69760863620166,21.35164025400003,7.190846640068701,3.420614194989209,2.273956400018627,2.45910879215276,2.749980960633571,3.049660770874231,7.146097737216044,5.700165445614004,8.57327225728677,9.33279048161495,6.213281463551837,4.800996602153554,6.265859500396793,4.48074108557247,4.924543542927539,4.438931845746305,7.513580080793073,0.8129572544463703,2.259165800801566,4.066575878977926,2.762262102965982,3.514874514599392,3.590662988825778,2.753791627350391,2.242340285189216,2.534573821379316,4.673896555334082,2.756496544939295,2.939286526556868,4.025965004360908,2.187071044333156,1.30134754547413,1.274774464013217,0.7063317724557433,0.971685739912173,1.944332307863653,1.475839350026443,0.3830003036080883,0.5372880234117663,2.4983333333334,5.089513650628397,3.597456250290117,2.321743286435433,2.123094214586541,NA
Luxembourg,137,"Prices, Consumer Price Index, All items, Index",PCPI_IX,Value,NA,NA,NA,NA,NA,NA,NA,NA,NA,NA,NA,NA,NA,NA,NA,NA,NA,NA,NA,NA,15.64930416666667,15.72480166666666,15.8656875,16.32203583333333,16.82742833333333,17.38840083333334,17.96772666666667,18.35693583333333,18.83888416666666,19.27113,20.16518583333334,21.10734666666666,22.21034916666667,23.558095,25.80569166666668,28.57146083333332,31.37070583333332,33.47426666666668,34.51018166666668,36.07919666666668,38.35215,41.4482975,45.32663583333332,49.256125,52.42617916666668,54.57229083333332,54.73304083333332,54.70202750000002,55.48787166666668,57.358345,59.22465166666668,61.0714875,62.99778833333332,65.25821083333332,66.690475,67.93604916666665,68.74031666666669,69.68034916666667,70.34828416666667,71.0694925,73.30872666666669,75.26154,76.82252916666668,78.39726833333334,80.14214,82.13583333333335,84.32583333333332,86.27583333333332,89.21083333333335,89.53916666666667,91.57499999999997,94.69833333333332,97.22000000000001,98.90583333333332,99.5275,100,100.2908333333333,102.0266666666666,103.5858333333333,105.3916666666667,106.2558333333334,108.9408333333334,115.8433333333333,120.1775,122.6425,125.4108333333334,NA
Luxembourg,137,"Prices, Consumer Price Index, All items, Percentage change, Corresponding period previous year, Percent",PCPI_PC_CP_A_PT,Value,NA,NA,NA,NA,NA,NA,NA,NA,NA,NA,NA,NA,NA,NA,NA,NA,NA,NA,NA,NA,0.4496202963899007,0.4824335906308293,0.8959466473398449,2.876322462126712,3.096381512457367,3.333679329293494,3.331679772545672,2.16615698739848,2.625429089631544,2.294434370471642,4.63935344389945,4.67221498041399,5.225680505555461,6.068098359102023,9.540655416605968,10.71767113391964,9.797346437162986,6.70549411450665,3.094660774246485,4.546527790421656,6.299900062445919,8.072943759345955,9.357050994273818,8.669271598085212,6.435857807869945,4.093587785300915,0.2945634085454449,-0.05666290938911688,1.436590566349044,3.370958872904423,3.253766590836399,3.11835659874851,3.15417375961789,3.58809818535164,2.194764686890699,1.867694249691054,1.183859688435709,1.367512612079422,0.9585701104946863,1.025196764749313,3.15076707022592,2.663821105791024,2.074086135716436,2.049840305635173,2.225679164288887,2.487696651640885,2.666314945770688,2.312458617861273,3.401879630255708,0.3680419978888923,2.273679116215399,3.410683410683419,2.662841655080202,1.734039635191627,0.6285439854407106,0.4747431614377936,0.2908333333333,1.730799591188926,1.52819524307374,1.743320756538523,0.819957302127018,2.526920090661688,6.336008077779127,3.741403619831411,2.051132699548584,2.257238178717329,NA
Norway,142,"Prices, Consumer Price Index, All items, Index",PCPI_IX,Value,NA,NA,NA,NA,NA,NA,NA,NA,NA,NA,NA,NA,NA,NA,NA,NA,NA,NA,NA,NA,8.313881,8.4930595,8.941005499999997,9.161992333333336,9.699527833333333,10.10566883333333,10.43416,10.91196833333333,11.288245,11.62271,12.85904166666667,13.65937083333333,14.6508275,15.73784166666667,17.21905083333333,19.23182416666667,20.9937425,22.90497916666667,24.77440833333333,25.89166666666668,28.70833333333332,32.625,36.325,39.4,41.85,44.24166666666665,47.41666666666668,51.55,54.99166666666665,57.49166666666665,59.86666666666665,61.925,63.36666666666668,64.81666666666668,65.70833333333331,67.325,68.175,69.92500000000003,71.5,73.19166666666665,75.44999999999997,77.71666666666668,78.71666666666668,80.67500000000003,81.04166666666669,82.28333333333335,84.2,84.8,87.98333333333332,89.91666666666669,92.09166666666668,93.27499999999998,93.92500000000003,95.91666666666669,97.875,100,103.55,105.4916666666667,108.4083333333333,110.7583333333333,112.1833333333333,116.0916666666667,122.7833333333334,129.5583333333334,133.6333333333333,137.7166666666667,NA
Norway,142,"Prices, Consumer Price Index, All items, Percentage change, Corresponding period previous year, Percent",PCPI_PC_CP_A_PT,Value,NA,NA,NA,NA,NA,NA,NA,NA,NA,NA,NA,NA,NA,NA,NA,NA,NA,NA,NA,NA,0.3604923468446214,2.155172776709217,5.274259529207325,2.47161052896497,5.867015387519209,4.187224439980022,3.25056334305305,4.579269757539946,3.448293242542127,2.962949510752114,10.63720652641828,6.223863235012924,7.258435829615165,7.419472836375078,9.411768132118876,11.68922348168537,9.161472765475644,9.10383971160297,8.161671543396192,4.509727612062112,10.878661087866,13.64296081277219,11.34099616858238,8.465244322092223,6.218274111675127,5.714854639585783,7.176492748163566,8.717047451669565,6.676365987714161,4.546143355053797,4.131033483113496,3.438195991091343,2.328085049118579,2.288269331930562,1.375674980714795,2.460367786937243,1.262532491645006,2.566923359002596,2.252413299964218,2.365967365967343,3.085506091312759,3.004197039982373,1.286725284151833,2.487825534617836,0.4544985022208366,1.532133676092549,2.32934980757543,0.7125890736342043,3.753930817610047,2.197385868535738,2.418906394810009,1.284951588091539,0.6968641114983009,2.120486203531179,2.041702867072097,2.171136653895275,3.55,1.875100595525543,2.764831345287873,2.16773003305404,1.286584907079979,3.483880552666826,5.764123178522746,5.517849871046556,3.145301344310721,3.055624844100824,NA
New Zealand,196,"Prices, Consumer Price Index, All items, Index",PCPI_IX,Value,NA,NA,NA,NA,NA,NA,NA,NA,NA,NA,NA,NA,NA,NA,NA,NA,NA,NA,NA,NA,4.52389475,4.605221,4.72868025,4.82176425,4.989316,5.1588275,5.300978,5.622054,5.86447275,6.15331225,6.55433475,7.23517075,7.736771,8.3686075,9.29830975,10.663765,12.4666725,14.2598225,15.964815,18.15193,21.265085,24.5335625,28.4990925,30.5912325,32.479095,37.48661,42.439865,49.121725,52.2533575,55.240155,58.608945,60.13418,60.7442775,61.52679,62.600665,64.951285,66.435885,67.2245775,68.0751325,67.997345,69.775635,71.607815,73.5248225,74.814135,76.527565,78.851725,81.5054025,83.4420875,86.7455175,88.58075,90.6199,94.269985,95.269165,96.34992,97.5326225,97.818105,98.450245,100.27235,101.875,103.525,105.3,109.45,117.3,124.025,127.65,131.275,NA
New Zealand,196,"Prices, Consumer Price Index, All items, Percentage change, Corresponding period previous year, Percent",PCPI_PC_CP_A_PT,Value,NA,NA,NA,NA,NA,NA,NA,NA,NA,NA,NA,NA,NA,NA,NA,NA,NA,NA,NA,NA,0.6979292337964715,1.797704290092072,2.680853969874627,1.96849850441886,3.474905476766103,3.397489756110858,2.755480775428137,6.056920062675227,4.311924965501932,4.92524242695134,6.517181051554795,10.38756831881374,6.932804592068542,8.166669273266587,11.10940201222246,14.68498347239938,16.9068570059449,14.38354941946217,11.95661797333031,13.69959501566413,17.1505454240954,15.3701595831853,16.16369412310177,7.341075860573455,6.171253479244421,15.41765557199177,13.21339806400205,15.74430078889271,6.375249444110523,5.715991551356293,6.098444148102046,2.602392859997736,1.014560271712361,1.28820776574386,1.745377907737426,3.754944136775544,2.285713054021949,1.187148331056326,1.265244099154063,-0.1142671297775293,2.615234462463204,2.625816303929015,2.677092577116059,1.753574447595572,2.290249028475702,3.037023326170119,3.365401961719924,2.376143102906583,3.958949373120609,2.115651105545598,2.302023859585745,4.027906673920408,1.059913184456325,1.134422664458117,1.2275075059740581,0.2927046281360885,0.6462402844544985,1.85078767452534,1.598297038016961,1.619631901840491,1.714561700072446,3.941120607787274,7.172224760164459,5.733162830349531,2.922797823019553,2.839796318057188,NA
Portugal,182,"Prices, Consumer Price Index, All items, Index",PCPI_IX,Value,NA,NA,NA,NA,NA,NA,NA,NA,NA,NA,NA,NA,NA,NA,NA,NA,NA,NA,NA,NA,1.110331416666667,1.127530416666667,1.157546,1.18094675,1.221629166666667,1.263469083333334,1.327138666666667,1.400482666666666,1.485651083333333,1.616132416666667,1.719244,1.924640333333334,2.129871583333333,2.406214083333333,3.009759416666668,3.469400416666665,4.20289775,5.506500000000002,6.665,8.124583333333332,9.41375,11.20616666666667,13.63558333333334,16.9085,21.70791666666667,25.93258333333332,29.13041666666668,31.93708333333332,35.16325,39.62416666666668,45.02516666666668,50.36041666666668,55.1745,58.91741666666665,62.111,64.73383333333332,66.72049999999999,68.27966666666669,70.03633333333335,71.67525,73.72016666666669,76.94166666666668,79.71183333333335,82.27775,84.22391666666668,86.14183333333335,88.81883333333332,90.99841666666669,93.35391666666665,92.57391666666668,93.87233333333332,97.3015,100,100.2744166666667,99.99549999999998,100.4834166666667,101.09375,102.4773333333333,103.4956666666667,103.8456666666666,103.83275,105.1469166666666,113.38275,118.271,121.1285833333333,123.9581666666666,NA
Portugal,182,"Prices, Consumer Price Index, All items, Percentage change, Corresponding period previous year, Percent",PCPI_PC_CP_A_PT,Value,NA,NA,NA,NA,NA,NA,NA,NA,NA,NA,NA,NA,NA,NA,NA,NA,NA,NA,NA,NA,3.046592778327046,1.548996969898702,2.662064179347681,2.021582727597867,3.44489848222767,3.424927777455678,5.039267218581827,5.526476007530912,6.081361711486162,8.782771055541184,6.380144490016756,11.94689836540561,10.66335597594766,12.97460852393331,25.0827778589527,15.27168575184833,21.14190480319552,31.01674909888069,21.03877235993821,21.89922480620153,15.86748038360943,19.04041074669149,21.67928372770947,24.0027623802917,28.38463888971032,19.46141000786955,12.33133348972186,9.63483186245753,10.1016321152266,12.6863036456149,13.63057056930745,11.84948417736747,9.559260331775093,6.78377994665407,5.420440192416251,4.222816140994864,3.068977325097891,2.336862983141164,2.572752259091291,2.340094903121689,2.85303039287157,4.369903305517938,3.600346582909134,3.218990906828952,2.365362040973021,2.277163948878341,3.107665458710502,2.453965281387424,2.588506576579596,-0.8355300215041541,1.40257289895369,3.653011004307283,2.773338540515819,0.2744166666667,-0.27815336746749447,0.4879386239047958,0.6073970746416364,1.368614116434794,0.9937156834682795,0.3381784100460566,-0.01243832995753314,1.265657190690413,7.832691242333217,4.311281918986795,2.416131877918763,2.336016203166993,NA
San Marino,135,"Prices, Consumer Price Index, All items, Index",PCPI_IX,Value,NA,NA,NA,NA,NA,NA,NA,NA,NA,NA,NA,NA,NA,NA,NA,NA,NA,NA,NA,NA,NA,NA,NA,NA,NA,NA,NA,NA,NA,NA,NA,NA,NA,NA,NA,NA,NA,NA,NA,NA,NA,NA,NA,NA,NA,NA,NA,NA,NA,NA,NA,NA,NA,NA,NA,NA,NA,NA,NA,NA,NA,NA,NA,NA,NA,NA,NA,NA,NA,NA,91.64992705019078,94.30758782490585,96.9739766623449,98.5298203370995,99.62642081466045,99.7715626350559,100.4141666666667,101.4325,102.6125,103.0975,102.96,104.6233333333334,110.195,116.7316666666667,118.1816666666667,NA,NA
Sweden,144,"Prices, Consumer Price Index, All items, Index",PCPI_IX,Value,NA,NA,NA,NA,NA,NA,NA,NA,NA,NA,NA,NA,NA,NA,NA,NA,NA,NA,NA,NA,27.86048,28.46170166666668,29.8182425,30.674545,31.713695,33.30343,35.43645083333332,36.95643333333332,37.67454333333335,38.68874,41.40328083333332,44.4652775,47.13648,50.3031075,55.28901333333332,60.69620916666668,66.9171,74.57362416666668,82.02745583333332,87.94146,99.995,112.0983333333333,121.7266666666667,132.5275,143.1883333333333,153.745,160.2575,166.97,176.6958333333333,188.0808333333334,207.5783333333333,227.1833333333333,232.5775,243.5741666666666,248.8308333333334,254.94,256.2991666666668,257.9866666666668,257.2975,258.4866666666668,260.8108333333332,267.0858333333332,272.8508333333332,278.105,279.1441666666668,280.4091666666668,284.2233333333332,290.5108333333332,300.4958333333332,299.01,302.4725,311.4291666666668,314.1958333333332,314.0566666666668,313.4925,313.3458333333332,316.43,322.1083333333332,328.4008333333332,334.26,335.9225,343.1891666666668,371.9116666666668,403.705,415.1533333333332,417.9758333333332,NA
Sweden,144,"Prices, Consumer Price Index, All items, Percentage change, Corresponding period previous year, Percent",PCPI_PC_CP_A_PT,Value,NA,NA,NA,NA,NA,NA,NA,NA,NA,NA,NA,NA,NA,NA,NA,NA,NA,NA,NA,NA,4.141779150902146,2.157973109819644,4.76619721905824,2.871740344857682,3.387662310883503,5.012771296438337,6.404808253484161,4.289319229933229,1.943125824732447,2.691994585556975,7.016358851007606,7.395541138376408,6.007389698624955,6.717997398193501,9.91172530113238,9.7798739882258,10.24922465297837,11.44180510910766,9.995265417177343,7.209786170478079,13.70632236490047,12.10393853025981,8.589185090471226,8.873021523632152,8.0442423899442,7.372574581262465,4.235910110897915,4.18857151771368,5.824898684394382,6.443275874266099,10.36655338794927,9.444627329441898,2.374367251118788,4.728173046260537,2.158138007246308,2.455148578183946,0.533131978766298,0.6584102562435172,-0.2671326683550053,0.4621757563391794,0.8991437340416264,2.405958341454376,2.158482135892645,1.925655348923912,0.3736598287218137,0.4531708525761776,1.360214686276803,2.212168834367341,3.43704910602875,-0.4944605443779977,1.157988027156282,2.961150738221425,0.8883775069236393,-0.04429297014857508,-0.1796384941146926,-0.04678474498330901,0.9842692445780518,1.79449904665588,1.953535301270277,1.784150974038374,0.497367318853587,2.163197364471508,8.36929098869185,8.54862489748906,2.835816582240299,0.6798692852440064,NA
United States,111,"Prices, Consumer Price Index, All items, Index",PCPI_IX,Value,NA,NA,NA,NA,NA,NA,NA,NA,NA,NA,NA,NA,NA,NA,NA,NA,NA,NA,NA,NA,13.56306078039765,13.70828374733344,13.87261499939236,14.04458956550052,14.22420744565795,14.44968521011088,14.88535411091824,15.29809306957785,15.9515964207889,16.82293422240362,17.8051000777325,18.5694314826577,19.17707494957324,20.36178862720729,22.612744614712,24.68026106503466,26.0980958211709,27.79491154010485,29.91593118877228,33.28281102746778,37.79236631652645,41.69809979569422,44.254788345169,45.67644475832988,47.64077646898765,49.32994887387232,50.2662548449057,52.10829353077542,54.2331348364675,56.85096989833628,59.91976048911098,62.4573407534626,64.34906098065248,66.24842452189162,67.97581349702251,69.88282035231092,71.93122851751048,73.61275760834587,74.75543305870904,76.39110226524897,78.9707207568715,81.2025684592531,82.49046687655205,84.3630788186188,86.62167812017275,89.56053237211017,92.4497050827274,95.08699237885155,98.73747738534455,98.3864199710624,100,103.156841568622,105.2915045328674,106.833848874866,108.5669321189636,108.6957219606935,110.0670089342698,112.4115573023076,115.1573032247906,117.2441954762282,118.6905015771978,124.2664138258379,134.2112061684602,139.7357935632595,143.8573360146079,NA,NA
United States,111,"Prices, Consumer Price Index, All items, Percentage change, Corresponding period previous year, Percent",PCPI_PC_CP_A_PT,Value,NA,NA,NA,NA,NA,NA,NA,NA,NA,NA,NA,NA,NA,NA,NA,NA,NA,NA,NA,NA,1.457975986277906,1.070724147647241,1.198773348201856,1.239669421487533,1.27891156462591,1.585169263836621,3.0150753768844,2.772785622593087,4.27179615288537,5.462386200287452,5.838255338482507,4.292766688130508,3.272278246552827,6.177760063770383,11.05480480480481,9.143146864965345,5.744812635490851,6.501683994728401,7.630963838856056,11.25447112927951,13.54920197496842,10.33471534027709,6.131427000274928,3.212435233160646,4.30053547523429,3.545644152093654,1.898047722342757,3.664563217516898,4.077741107444131,4.827003030089444,5.397956439903248,4.234963964538487,3.028819678149688,2.951656966385589,2.607441592154526,2.805419688536616,2.931204199934415,2.337689937307354,1.552279098743638,2.188027196973577,3.376857271499291,2.826171118854072,1.586031626506012,2.270094973361147,2.677236693091719,3.392746845495504,3.22594410070404,2.852672481501383,3.839100296650996,-0.3555462662997474,1.640043442389904,3.156841568622,2.069337265260666,1.464832655627167,1.622222977408174,0.1186271355524506,1.261583205705358,2.130110003659612,2.442583296928166,1.812210075260205,1.233584396306293,4.697858863637421,8.00279982052121,4.116338383744878,2.949525204852073,NA,NA
Netherlands,138,"Prices, Consumer Price Index, All items, Index",PCPI_IX,Value,NA,NA,NA,NA,NA,NA,NA,NA,NA,NA,NA,NA,NA,NA,NA,NA,NA,NA,NA,NA,NA,15.62817083333333,16.00811083333333,16.5273575,17.4898725,18.17338333333333,19.22055916666666,19.88469333333333,20.62456166666667,22.15527333333333,22.968135,24.68561833333333,26.61178583333332,28.74663916666668,31.50385083333332,34.72274916666665,37.78899416666665,40.20722333333335,41.86054916666668,43.61839916666668,46.45946416666668,49.59033333333332,52.52166583333332,53.96120083333335,55.74280583333332,57.00180416666668,57.04931333333332,56.65498250000002,57.07306833333332,57.69068916666668,59.10647166666668,60.97317249999998,62.91430333333332,64.54012500000002,66.34823249999998,67.624255,68.9425,70.39666666666668,71.77583333333332,73.32416666666668,75.05499999999998,78.17416666666665,80.74416666666669,82.43333333333332,83.475,84.88416666666669,85.81916666666665,87.20416666666665,89.37249999999997,90.43583333333332,91.58916666666666,93.73333333333332,96.035,98.4425,99.40333333333335,100,100.3166666666667,101.7025,103.435,106.1591666666667,107.51,110.3866666666667,121.4266666666667,126.0875,130.3083333333333,134.5558333333334,NA
Netherlands,138,"Prices, Consumer Price Index, All items, Percentage change, Corresponding period previous year, Percent",PCPI_PC_CP_A_PT,Value,NA,NA,NA,NA,NA,NA,NA,NA,NA,NA,NA,NA,NA,NA,NA,NA,NA,NA,NA,NA,NA,NA,2.431122644178075,3.243647373964043,5.823768258174363,3.908037827796229,5.762140236224571,3.455332183147136,3.720793280191431,7.421790055012853,3.668930888086554,7.477678676711583,7.802792192566064,8.022209958789354,9.59142267268509,10.21747579482412,8.830651586031536,6.399294874060976,4.112011962692929,4.199299901683483,6.513455455217969,6.738926552047813,5.911096584683845,2.740840331622568,3.301640757593042,2.258584429886195,0.08334677710854325,-0.6912104814115205,0.7379506883323101,1.082158102532996,2.454091848183416,3.158200414771219,3.183581817615511,2.584184486717992,2.801524632931776,1.923220034535239,1.949367131660083,2.109245627394829,1.959136322742516,2.157179180550594,2.360522338019479,4.155841271956127,3.287531047127713,2.091998389976539,1.2636473918318,1.688130178696232,1.101501065177019,1.613858598021033,2.486501982894545,1.189776870215492,1.275305695566835,2.34107017751372,2.455547652916089,2.506898526578851,0.9760350796996724,0.6002481472787464,0.3166666666667,1.381458714072071,1.703497947444753,2.633699102495964,1.272460377891656,2.675720088053855,10.00120787534726,3.838393543428104,3.347543042199504,3.259576645136613,NA
Denmark,128,"Prices, Consumer Price Index, All items, Index",PCPI_IX,Value,NA,NA,NA,NA,NA,NA,NA,NA,NA,NA,NA,NA,NA,NA,NA,NA,NA,NA,NA,NA,NA,NA,NA,NA,NA,NA,NA,11.4254175,12.34004583333334,12.77045666666667,13.60243166666666,14.40087666666667,15.34591416666666,16.77360333333333,19.33580583333334,21.19312833333334,23.10269083333333,25.62602166666668,28.243375,30.95786,34.767325,38.85853083333332,42.791335,45.74745833333332,48.62533,50.90038833333335,52.77259833333332,54.89405333333335,57.38357166666665,60.12233083333332,61.71052416666665,63.18858583333332,64.51304666666668,65.32452833333332,66.6258025,68.01402333333333,69.46020416666668,70.97594166666669,72.28591,74.09146416666668,76.24254833333332,78.025,79.91666666666669,81.57500000000002,82.51666666666665,84.01666666666665,85.63333333333335,87.08333333333331,90.05833333333332,91.23333333333332,93.34166666666668,95.91666666666664,98.21666666666668,98.99166666666667,99.55,99.99999999999999,100.25,101.4,102.225,103,103.4333333333334,105.35,113.4583333333334,117.2083333333334,118.8166666666666,121.0666666666667,NA
Denmark,128,"Prices, Consumer Price Index, All items, Percentage change, Corresponding period previous year, Percent",PCPI_PC_CP_A_PT,Value,NA,NA,NA,NA,NA,NA,NA,NA,NA,NA,NA,NA,NA,NA,NA,NA,NA,NA,NA,NA,NA,NA,NA,NA,NA,NA,NA,NA,8.005207103664613,3.487919243951996,6.514841416529791,5.869869590719089,6.562360902565352,9.303382979736705,15.2752062218395,9.605612075386736,9.01029083562222,10.92223781003295,10.21365457104046,9.611050379071198,12.30532407601817,11.76738743441815,10.12082567798233,6.908228811588421,6.290779360237713,4.678751451832512,3.678184118634529,4.019993456831616,4.535133010157201,4.77272342435523,2.641603063820001,2.395153317244151,2.09604442933217,1.257856679532584,1.992014638095252,2.083608423828471,2.126298022755837,2.182166779071157,1.845651220078897,2.497795444045292,2.903282032364533,2.337870002552617,2.424436612196963,2.075078206465076,1.154356931249316,1.817814582912543,1.924221384645944,1.693265862203157,3.416267942583733,1.304709910243361,2.310924369747929,2.758682260512422,2.397914856646426,0.7890717800780586,0.5640205404495192,0.4520341536915922,0.2500000000000201,1.14713216957606,0.8136094674556213,0.7581315725116164,0.4207119741100971,1.853045439896808,7.696566998892644,3.305178112376054,1.372200497689185,1.893673727030524,NA
Israel,436,"Prices, Consumer Price Index, All items, Index",PCPI_IX,Value,NA,NA,NA,NA,NA,NA,NA,NA,NA,NA,NA,NA,NA,NA,NA,NA,NA,NA,NA,NA,NA,NA,NA,NA,NA,NA,NA,NA,NA,NA,0.0012556095,0.0014059382500000001,0.001587043666666667,0.00190496625,0.002660856333333332,0.003706752,0.004867368166666668,0.006552291166666668,0.009864536333333332,0.01758945583333333,0.0406360425,0.08809893583333332,0.1941387,0.47748705,2.259543358333334,9.200000000000003,13.58333333333333,16.175,18.825,22.65,26.55833333333332,31.63333333333332,35.45,39.30833333333335,44.125,48.50833333333332,54.06666666666668,58.90833333333332,62.14166666666668,65.36666666666665,66.04166666666664,66.78333333333332,70.65833333333332,71.15833333333335,70.85833333333332,71.80833333333335,73.28333333333335,73.625,76.95833333333331,79.54999999999998,81.7,84.55,85.96666666666668,87.33333333333331,87.74166666666667,87.2,86.73333333333332,86.95,87.65,88.36666666666667,87.85833333333332,89.15833333333332,93.09166666666668,97.025,100.0083333333333,103.05,NA
Israel,436,"Prices, Consumer Price Index, All items, Percentage change, Corresponding period previous year, Percent",PCPI_PC_CP_A_PT,Value,NA,NA,NA,NA,NA,NA,NA,NA,NA,NA,NA,NA,NA,NA,NA,NA,NA,NA,NA,NA,NA,NA,NA,NA,NA,NA,NA,NA,NA,NA,NA,11.97257188640258,12.88146308464593,20.0323778110705,39.67997245795468,39.30673195558981,31.31086640451446,34.61671569327557,50.55094595791131,78.31001112436132,131.0250122860064,116.7999894018551,120.3644098122525,145.9515027142965,373.2156313628472,307.1619146439408,47.64492753623182,19.07975460122702,16.38330757341577,20.31872509960159,17.25533480500362,19.10887982428617,12.06533192834567,10.88387400094034,12.25355098579601,9.933899905571263,11.45851228311293,8.954993834771836,5.488753713396567,5.189754592999817,1.032636409994901,1.123028391167198,5.802345894684304,0.7076306168180636,-0.4215950345474129,1.340703281194915,2.054079145874434,0.4662269729360699,4.527447651386513,3.367623172712499,2.702702702702729,3.488372093023256,1.675537157500509,1.589763474214781,0.4675572519084276,-0.6173425776427162,-0.5351681957186697,0.2498078401229977,0.8050603795284647,0.8176459402928465,-0.5752546208978045,1.479654747225648,4.411627254883665,4.22522603168918,3.074808898050296,3.041413215565404,NA
Ireland,178,"Prices, Consumer Price Index, All items, Index",PCPI_IX,Value,NA,NA,NA,NA,NA,NA,NA,NA,NA,NA,NA,NA,NA,NA,NA,NA,NA,NA,NA,NA,NA,NA,NA,NA,NA,NA,NA,NA,NA,NA,NA,NA,NA,NA,NA,NA,14.047815,15.9403725,17.169552500000002,19.452325,22.98379,27.666395,32.41038666666668,35.7965025,38.8932975,40.99178,42.5605525,43.905215,44.8424025,46.6760325,48.22443,49.772825,51.30085,52.0546725,53.25672,54.60138,55.56004083333332,56.41666666666665,57.775,58.71666666666668,61.99166666666665,65,68.00833333333335,70.38333333333333,71.91666666666664,73.68333333333335,76.58333333333331,80.325,83.56666666666668,79.85,79.11666666666665,81.13333333333333,82.50833333333333,82.93333333333335,83.09166666666668,82.81666666666668,82.83333333333331,83.13333333333335,83.525,84.30833333333335,84.03333333333332,86,92.73333333333332,98.57499999999997,100.6583333333334,102.8833333333333,NA
Ireland,178,"Prices, Consumer Price Index, All items, Percentage change, Corresponding period previous year, Percent",PCPI_PC_CP_A_PT,Value,NA,NA,NA,NA,NA,NA,NA,NA,NA,NA,NA,NA,NA,NA,NA,NA,NA,NA,NA,NA,NA,NA,NA,NA,NA,NA,NA,NA,NA,NA,NA,NA,NA,NA,NA,NA,NA,13.4722552937948,7.711112146218666,13.29546882482814,18.15446225579719,20.37351107019338,17.14712620370916,10.44762553485936,8.65111053796387,5.39548620170352,3.827041665426581,3.159410348350154,2.134569891071027,4.089053881535451,3.317328866801179,3.210810371423778,3.069998538359034,1.46941522411422,2.309201926109515,2.524864467808006,1.755744696074202,1.541802022613699,2.40768094534715,1.629886052214072,5.577632699403865,4.852802796074769,4.628205128205154,3.492219090797651,2.178546057305229,2.456546929316385,3.93576114001353,4.88574537540807,4.035688349413856,-4.447546868767466,-0.9183886453767689,2.548978302085532,1.694741166803616,0.5150994849005515,0.1909163987138223,-0.3309597833717781,0.02012477359626484,0.3621730382294125,0.4711307137128908,0.9378429611892846,-0.3261836512800592,2.340341134470464,7.82945736434107,6.299424874191223,2.113449995773188,2.210447884758571,NA
Slovenia,961,"Prices, Consumer Price Index, All items, Index",PCPI_IX,Value,NA,NA,NA,NA,NA,NA,NA,NA,NA,NA,NA,NA,NA,NA,NA,NA,NA,NA,NA,NA,NA,NA,NA,NA,NA,NA,NA,NA,NA,NA,NA,NA,NA,NA,NA,NA,NA,NA,NA,NA,4.000870166666668e-4,5.706159166666665e-4,7.424428833333332e-4,0.001041005091666666,0.001599733,0.002870023083333332,0.005621987916666668,0.01304710033333334,0.03897869666666668,0.5384686691666665,3.5112655,7.543354749999998,23.37940083333334,30.80519666666668,37.2717675,42.2899375,46.4616075,50.34564916666668,54.31850833333332,57.66213166666665,62.80083333333335,68.06333333333335,73.155,77.21083333333335,79.985,81.94583333333333,83.96000000000002,87.03083333333332,91.94583333333333,92.71750000000002,94.3875,96.08916666666666,98.585,100.3291666666667,100.5291666666666,100.0008333333333,99.94583333333333,101.3741666666667,103.1366666666667,104.8183333333334,104.7608333333334,106.7691666666667,116.2008333333334,124.8541666666666,127.3083333333333,130.3291666666667,NA
Slovenia,961,"Prices, Consumer Price Index, All items, Percentage change, Corresponding period previous year, Percent",PCPI_PC_CP_A_PT,Value,NA,NA,NA,NA,NA,NA,NA,NA,NA,NA,NA,NA,NA,NA,NA,NA,NA,NA,NA,NA,NA,NA,NA,NA,NA,NA,NA,NA,NA,NA,NA,NA,NA,NA,NA,NA,NA,NA,NA,NA,NA,42.62295273182438,30.11254359507148,40.2134918436935,53.6719669102484,79.40638114818735,95.88650521016439,132.0727210148309,198.7537128620226,1281.443494048757,552.0835289143249,114.8329355897467,209.9337311868217,31.76213063059324,20.99181804714978,13.46372961786693,9.864450615468513,8.359679907042992,7.891166828566842,6.155587544515592,8.911744186587683,8.37966587492204,7.480777707037537,5.544164217529014,3.592975942495094,2.451501323164743,2.457924441958652,3.657495632840995,5.647423805739346,0.8392622467938915,1.801170221371348,1.802851719419044,2.597413860390107,1.769200858818989,0.1993438265707711,-0.5255522858208318,-0.0549995416704661,1.429107433193026,1.73860861988179,1.630522607543421,-0.05485681576060164,1.917065060892635,8.833698867494546,7.446877173858359,1.965626564325074,2.37284807226555,NA
Slovak Republic,936,"Prices, Consumer Price Index, All items, Index",PCPI_IX,Value,NA,NA,NA,NA,NA,NA,NA,NA,NA,NA,NA,NA,NA,NA,NA,NA,NA,NA,NA,NA,NA,NA,NA,NA,NA,NA,NA,NA,NA,NA,NA,NA,NA,NA,NA,NA,NA,NA,NA,NA,NA,NA,NA,NA,NA,NA,NA,NA,NA,NA,NA,39.26287083333335,43.147345,53.19507916666668,60.33147583333335,66.26875416666665,70.09632333333334,74.40163250000002,79.36098583333332,87.7497925,98.311165,105.517,108.8166666666667,118.125,127.0416666666667,130.4833333333333,136.3333333333333,140.0916666666666,146.5333333333333,148.9,150.325,156.2166666666666,161.85,164.1166666666666,163.9916666666666,163.4583333333333,162.6083333333334,164.7416666666667,168.8833333333334,173.3833333333333,176.7416666666666,182.3083333333334,205.5966666666667,227.25,233.5166666666666,242.8583333333334,NA
Czech Republic,935,"Prices, Consumer Price Index, All items, Index",PCPI_IX,Value,NA,NA,NA,NA,NA,NA,NA,NA,NA,NA,NA,NA,NA,NA,NA,NA,NA,NA,NA,NA,NA,NA,NA,NA,NA,NA,NA,NA,NA,NA,NA,NA,NA,NA,NA,NA,NA,NA,NA,NA,NA,NA,NA,NA,NA,NA,NA,NA,NA,NA,NA,32.4515625,36.049305,43.5522575,47.92465583333332,52.23333333333332,56.80833333333332,61.69166666666665,68.29166666666664,69.75,72.38333333333335,75.75833333333333,77.2,77.29166666666669,79.425,80.89999999999998,82.94999999999997,85.31666666666668,90.74166666666667,91.66666666666669,93.01666666666665,94.8,97.91666666666664,99.325,99.66666666666664,99.975,100.6583333333333,103.125,105.3416666666667,108.3416666666667,111.7666666666667,116.0583333333333,133.5833333333334,147.825,151.425,155.15,NA
Lithuania,946,"Prices, Consumer Price Index, All items, Index",PCPI_IX,Value,NA,NA,NA,NA,NA,NA,NA,NA,NA,NA,NA,NA,NA,NA,NA,NA,NA,NA,NA,NA,NA,NA,NA,NA,NA,NA,NA,NA,NA,NA,NA,NA,NA,NA,NA,NA,NA,NA,NA,NA,NA,NA,NA,NA,NA,NA,NA,NA,NA,NA,NA,0.3464583333333332,3.882483333333332,19.81820833333334,34.13779166666668,47.67261666666668,59.41209166666668,64.68850833333335,67.96663333333332,68.46112499999998,69.13315000000001,70.07828333333332,70.27555833333335,69.47841666666665,70.28721666666665,72.15579166666664,74.85378333333335,79.148275,87.79592499999998,91.70551666666668,92.91530833333336,96.75296666666668,99.74261666666668,100.7874,100.891975,99.99999166666667,100.9055166666666,104.6621166666667,107.485825,109.9950916666667,111.3149166666667,116.5284,139.490375,152.2081583333333,153.2975666666666,159.1101583333333,NA
Latvia,941,"Prices, Consumer Price Index, All items, Index",PCPI_IX,Value,NA,NA,NA,NA,NA,NA,NA,NA,NA,NA,NA,NA,NA,NA,NA,NA,NA,NA,NA,NA,NA,NA,NA,NA,NA,NA,NA,NA,NA,NA,NA,NA,NA,NA,NA,NA,NA,NA,NA,NA,NA,NA,NA,NA,NA,NA,NA,NA,NA,NA,NA,1.050715308333333,11.05033291666666,23.09404,31.39050583333332,39.23057833333335,46.1392675,50.03682833333332,52.36064583333335,53.59888000000002,55.02153083333332,56.38993833333332,57.48326916666668,59.17479916666665,62.83913083333335,67.07979833333331,71.4642675,78.67714,90.79524416666665,94.004045,92.98444333333332,97.04854750000003,99.23969916666665,99.21046833333332,99.82606,99.99999916666665,100.1406325,103.0751166666667,105.6875083333333,108.6588166666666,108.89685,112.464125,131.9319833333333,143.724125,145.5433833333334,150.9951083333333,NA
Czech Republic,935,"Prices, Consumer Price Index, All items, Percentage change, Corresponding period previous year, Percent",PCPI_PC_CP_A_PT,Value,NA,NA,NA,NA,NA,NA,NA,NA,NA,NA,NA,NA,NA,NA,NA,NA,NA,NA,NA,NA,NA,NA,NA,NA,NA,NA,NA,NA,NA,NA,NA,NA,NA,NA,NA,NA,NA,NA,NA,NA,NA,NA,NA,NA,NA,NA,NA,NA,NA,NA,NA,NA,11.08650007222302,20.8130295438428,10.03942983514303,8.990523614784438,8.758774728781113,8.596156667155636,10.69836552748886,2.135448444173301,3.775388291517348,4.662675569882527,1.902980970190316,0.1187392055267876,2.760107816711573,1.8570978910922,2.533992583436342,2.853124372111755,6.358663801523734,1.019377353292313,1.47272727272724,1.91721913635551,3.287623066104061,1.438297872340443,0.3439885896467657,0.3093645484950001,0.6835042093856464,2.450533984601408,2.149494949494982,2.847875959180444,3.161295284978078,3.83984491500143,15.10016514683717,10.66126013724261,2.43531202435312,2.459963678388641,NA
Lithuania,946,"Prices, Consumer Price Index, All items, Percentage change, Corresponding period previous year, Percent",PCPI_PC_CP_A_PT,Value,NA,NA,NA,NA,NA,NA,NA,NA,NA,NA,NA,NA,NA,NA,NA,NA,NA,NA,NA,NA,NA,NA,NA,NA,NA,NA,NA,NA,NA,NA,NA,NA,NA,NA,NA,NA,NA,NA,NA,NA,NA,NA,NA,NA,NA,NA,NA,NA,NA,NA,NA,NA,1020.620565243536,410.4518585613164,72.2546816164428,39.64762903282895,24.62519538645001,8.88104848465892,5.067553858419679,0.7275506265574335,0.9816154788575855,1.367120308178204,0.2815066103455684,-1.134308549902473,1.164102521046704,2.658484840652628,3.739120040606628,5.737173827998428,10.9258856241655,4.453044565185344,1.319213620554637,4.130275626450858,3.08998277055415,1.047479370653487,0.1037580094337189,-0.884097405500606,0.9055250754603428,3.722888623037065,2.697927792083923,2.334509379880277,1.199894449835678,4.683544209034547,19.70504615183938,9.117319623904732,0.7157358352286965,3.7917051086047042,NA
Latvia,941,"Prices, Consumer Price Index, All items, Percentage change, Corresponding period previous year, Percent",PCPI_PC_CP_A_PT,Value,NA,NA,NA,NA,NA,NA,NA,NA,NA,NA,NA,NA,NA,NA,NA,NA,NA,NA,NA,NA,NA,NA,NA,NA,NA,NA,NA,NA,NA,NA,NA,NA,NA,NA,NA,NA,NA,NA,NA,NA,NA,NA,NA,NA,NA,NA,NA,NA,NA,NA,NA,NA,951.6961948708004,108.9895406243229,35.92470539296425,24.97593553167506,17.61046984310321,8.447383420929516,4.644214226607883,2.364818361118069,2.654254777960471,2.487040035554567,1.938875738558963,2.942647529484722,6.19238547197441,6.748450278931111,6.536199087658777,10.09297758491683,15.4023191064986,3.53410672858941,-1.084635950151592,4.370735599392236,2.257789243745899,-0.02945477825788116,0.6204906367323839,0.1742422436252117,0.1406333345052945,2.930363123746697,2.534454241865939,2.811409200756192,0.2190649048421137,3.275829374311562,17.3102830198815,8.938046233166386,1.265798858287292,3.745773167519397,NA
Slovak Republic,936,"Prices, Consumer Price Index, All items, Percentage change, Corresponding period previous year, Percent",PCPI_PC_CP_A_PT,Value,NA,NA,NA,NA,NA,NA,NA,NA,NA,NA,NA,NA,NA,NA,NA,NA,NA,NA,NA,NA,NA,NA,NA,NA,NA,NA,NA,NA,NA,NA,NA,NA,NA,NA,NA,NA,NA,NA,NA,NA,NA,NA,NA,NA,NA,NA,NA,NA,NA,NA,NA,NA,9.89350519771166,23.28702766454501,13.41552034222464,9.841095798377491,5.775827861559493,6.14198999595652,6.665651231958249,10.57044160752247,12.0357805974299,7.329620191155298,3.127142229846091,8.554143054066438,7.548500881834243,2.709084945883843,4.483331204496105,2.756723716381394,4.598179763250279,1.615104640582371,0.9570181329751511,3.919285991462897,3.606102635228893,1.400473689630275,-0.07616532954199252,-0.3252197774276946,-0.5200101962782973,1.311945882232337,2.5140371288381,2.664561334254356,1.936941266942209,3.149606299212675,12.774146363761,10.53194766452113,2.757609094242728,4.000428234958305,NA
Estonia,939,"Prices, Consumer Price Index, All items, Index",PCPI_IX,Value,NA,NA,NA,NA,NA,NA,NA,NA,NA,NA,NA,NA,NA,NA,NA,NA,NA,NA,NA,NA,NA,NA,NA,NA,NA,NA,NA,NA,NA,NA,NA,NA,NA,NA,NA,NA,NA,NA,NA,NA,NA,NA,NA,NA,NA,NA,NA,NA,NA,NA,NA,NA,NA,NA,NA,NA,NA,NA,108.2083333333333,111.775,116.2666666666667,122.95,127.3416666666667,129.0416666666666,132.975,138.4,144.5416666666667,154.0833333333334,170.05,169.9166666666667,174.9666666666667,183.6833333333333,190.9083333333334,196.2166666666667,196.0083333333334,195.0433333333333,195.3333333333333,202.0083333333333,208.95,213.7083333333333,212.7583333333334,222.6583333333333,265.8501833333332,290.2,300.4166666666668,314.9209166666668,NA
Macao SAR,546,"Prices, Consumer Price Index, All items, Index",PCPI_IX,Value,NA,NA,NA,NA,NA,NA,NA,NA,NA,NA,NA,NA,NA,NA,NA,NA,NA,NA,NA,NA,NA,NA,NA,NA,NA,NA,NA,NA,NA,NA,NA,NA,NA,NA,NA,NA,NA,NA,NA,NA,NA,NA,NA,NA,NA,NA,NA,NA,NA,NA,NA,NA,NA,NA,NA,NA,NA,NA,59.74,57.82583333333332,56.895,55.76583333333332,54.295,53.44666666666665,53.97083333333332,56.34333333333332,59.245,62.54583333333335,67.93166666666664,68.72583333333333,70.65666666666665,74.75916666666664,79.325,83.68833333333332,88.75000000000001,92.7975,94.99583333333335,96.16250000000002,99.05166666666665,101.7775,102.6033333333334,102.6304763933333,103.7029936325,104.1970186158333,NA,NA,NA
Estonia,939,"Prices, Consumer Price Index, All items, Percentage change, Corresponding period previous year, Percent",PCPI_PC_CP_A_PT,Value,NA,NA,NA,NA,NA,NA,NA,NA,NA,NA,NA,NA,NA,NA,NA,NA,NA,NA,NA,NA,NA,NA,NA,NA,NA,NA,NA,NA,NA,NA,NA,NA,NA,NA,NA,NA,NA,NA,NA,NA,NA,NA,NA,NA,NA,NA,NA,NA,NA,NA,NA,NA,NA,NA,NA,NA,NA,NA,NA,3.296110897189096,4.018489525087631,5.748279816513731,3.57191270164026,1.334991165499561,3.048111075234151,4.079714231998496,4.437620423892124,6.601326030556378,10.36235803136826,-0.07840831128097618,2.972045120156939,4.981901314536063,3.93339987296984,2.78056658954994,-0.10617514652168519,-0.4923260065473915,0.1486849076273649,3.417235494880547,3.436326884204464,2.277259312435176,-0.4445310976798129,4.653166738474747,19.39826340806164,9.159225079839821,3.520560532965817,4.828044382801662,NA
Macao SAR,546,"Prices, Consumer Price Index, All items, Percentage change, Corresponding period previous year, Percent",PCPI_PC_CP_A_PT,Value,NA,NA,NA,NA,NA,NA,NA,NA,NA,NA,NA,NA,NA,NA,NA,NA,NA,NA,NA,NA,NA,NA,NA,NA,NA,NA,NA,NA,NA,NA,NA,NA,NA,NA,NA,NA,NA,NA,NA,NA,NA,NA,NA,NA,NA,NA,NA,NA,NA,NA,NA,NA,NA,NA,NA,NA,NA,NA,NA,-3.204162481865886,-1.609718839618948,-1.984650086416522,-2.637516998161934,-1.562452036713049,0.9807284520394228,4.395892843356752,5.149973377506976,5.571496891439531,8.61101858636994,1.169066954537653,2.809472420608452,5.806246166910413,6.107389283365497,5.500577791784835,6.048234520940833,4.560563380281667,2.368957497059026,1.228124040528097,3.004462931669444,2.75193081051978,0.8114105114916362,0.02645436470540267,1.045028023699565,0.4763844957880512,NA,NA,NA
Cyprus,423,"Prices, Consumer Price Index, All items, Percentage change, Corresponding period previous year, Percent",PCPI_PC_CP_A_PT,Value,NA,NA,NA,NA,NA,NA,NA,NA,NA,NA,NA,NA,NA,NA,NA,NA,NA,NA,NA,NA,NA,NA,NA,NA,NA,NA,NA,NA,NA,NA,NA,NA,NA,NA,NA,NA,NA,NA,NA,NA,NA,NA,NA,NA,NA,NA,NA,NA,NA,NA,NA,NA,NA,NA,NA,NA,NA,NA,NA,NA,NA,1.973041917299142,2.801155051807458,4.139065386868583,2.286217068016748,2.560161323302342,2.304687329785545,2.372651836697191,4.669008419024852,0.3262766522498004,2.430040841022542,3.28944939564209,2.389054100423183,-0.3993576764643791,-1.354988854463165,-2.096997690531131,-1.42916666666665,0.5317664961744768,1.435491195317625,0.2503709967584749,-0.6384227979789451,2.446088671754743,8.395482979933316,3.541341887516581,1.800230186248181,NA,NA
Hong Kong SAR,532,"Prices, Consumer Price Index, All items, Index",PCPI_IX,Value,NA,NA,NA,NA,NA,NA,NA,NA,NA,NA,NA,NA,NA,NA,NA,NA,NA,NA,NA,NA,NA,NA,NA,NA,NA,NA,NA,NA,NA,NA,NA,NA,NA,NA,NA,NA,NA,NA,NA,NA,NA,NA,NA,NA,NA,NA,NA,NA,NA,NA,NA,NA,NA,NA,NA,NA,NA,NA,NA,NA,NA,NA,NA,NA,NA,66.24166666666665,67.56666666666665,68.94166666666665,71.90833333333332,72.325,73.98333333333332,77.90833333333332,81.06666666666668,84.58333333333336,88.325,90.96666666666668,93.15833333333335,94.55,96.82499999999997,99.61666666666667,99.86666666666667,101.4333333333333,103.3416666666667,105.5083333333333,107.3333333333333,NA,NA
Croatia,960,"Prices, Consumer Price Index, All items, Index",PCPI_IX,Value,NA,NA,NA,NA,NA,NA,NA,NA,NA,NA,NA,NA,NA,NA,NA,NA,NA,NA,NA,NA,NA,NA,NA,NA,NA,NA,NA,NA,NA,NA,NA,NA,NA,NA,NA,NA,NA,NA,NA,NA,NA,NA,NA,NA,NA,NA,NA,NA,NA,NA,NA,NA,NA,NA,NA,NA,NA,NA,NA,NA,NA,NA,NA,NA,NA,79.94166666666668,82.49166666666667,84.88333333333333,90.04166666666669,92.18333333333335,93.13333333333335,95.25,98.5,100.6833333333333,100.4666666666666,100,98.875,99.99166666666667,101.4916666666667,102.275,102.4333333333334,105.05,116.375,125.6166666666667,129.35,134.125,NA
Malta,181,"Prices, Consumer Price Index, All items, Index",PCPI_IX,Value,NA,NA,NA,NA,NA,NA,NA,NA,NA,NA,NA,NA,NA,NA,NA,NA,NA,NA,NA,NA,NA,NA,NA,NA,NA,NA,NA,NA,NA,NA,NA,NA,NA,NA,NA,NA,NA,NA,NA,NA,NA,NA,NA,NA,NA,NA,NA,NA,NA,NA,NA,NA,NA,NA,NA,NA,NA,NA,NA,NA,NA,NA,NA,NA,NA,80.48583333333332,82.71833333333332,83.75166666666668,87.31833333333331,89.13833333333332,90.48934523314333,93.17053121411509,95.38409586696282,96.5098994359043,96.80937590014997,97.87480980580432,98.5038539210533,99.84779566648238,101.0038570332665,102.662400985934,103.3179465699355,104.8655380114688,111.3187075787838,116.9892464642188,118.9204987360332,NA,NA
Singapore,576,"Prices, Consumer Price Index, All items, Index",PCPI_IX,Value,NA,NA,NA,NA,NA,NA,NA,NA,NA,NA,NA,NA,NA,NA,NA,NA,NA,NA,NA,NA,NA,NA,NA,NA,NA,NA,NA,NA,NA,NA,NA,NA,NA,NA,NA,NA,NA,NA,NA,NA,NA,NA,NA,NA,NA,NA,NA,NA,NA,NA,NA,NA,NA,NA,NA,NA,NA,NA,NA,NA,NA,NA,NA,NA,NA,66.04308333333331,66.68083333333333,68.08766666666665,72.60558333333336,73.03333333333335,75.09933333333332,79.04291666666668,82.66374999999998,84.61825,85.49249999999998,85.04625,84.59566666666667,85.08358333333335,85.45691666666669,85.94216666666668,85.79425,87.78133333333335,93.16316666666665,97.66641666666665,100.0001666666666,100.9031666666667,NA
Hong Kong SAR,532,"Prices, Consumer Price Index, All items, Percentage change, Corresponding period previous year, Percent",PCPI_PC_CP_A_PT,Value,NA,NA,NA,NA,NA,NA,NA,NA,NA,NA,NA,NA,NA,NA,NA,NA,NA,NA,NA,NA,NA,NA,NA,NA,NA,NA,NA,NA,NA,NA,NA,NA,NA,NA,NA,NA,NA,NA,NA,NA,NA,NA,NA,NA,NA,NA,NA,NA,NA,NA,NA,NA,NA,NA,NA,NA,NA,NA,NA,NA,NA,NA,NA,NA,NA,NA,2.000251603975343,2.035027133695116,4.303154841049202,0.5794414184726111,2.292890886046761,5.305248929939176,4.053909509038435,4.337993421052635,4.423645320197024,2.990848193225791,2.409307438622209,1.493872439395277,2.406134320465341,2.883208537739944,0.2509620210808097,1.568758344459232,1.881367071968519,2.096605112490863,1.729721191059159,NA,NA
Croatia,960,"Prices, Consumer Price Index, All items, Percentage change, Corresponding period previous year, Percent",PCPI_PC_CP_A_PT,Value,NA,NA,NA,NA,NA,NA,NA,NA,NA,NA,NA,NA,NA,NA,NA,NA,NA,NA,NA,NA,NA,NA,NA,NA,NA,NA,NA,NA,NA,NA,NA,NA,NA,NA,NA,NA,NA,NA,NA,NA,NA,NA,NA,NA,NA,NA,NA,NA,NA,NA,NA,NA,NA,NA,NA,NA,NA,NA,NA,NA,NA,NA,NA,NA,NA,NA,3.18982591472949,2.89928275583389,6.0769683879835394,2.378528459046741,1.030555053335744,2.272727272727254,3.412073490813648,2.216582064297766,-0.2151961595762623,-0.464499004644924,-1.125,1.129372102823444,1.500125010417555,0.7718203464980374,0.154811374562112,2.554506996420369,10.78058067586863,7.941281775868271,2.972004776436221,3.691534596057209,NA
Malta,181,"Prices, Consumer Price Index, All items, Percentage change, Corresponding period previous year, Percent",PCPI_PC_CP_A_PT,Value,NA,NA,NA,NA,NA,NA,NA,NA,NA,NA,NA,NA,NA,NA,NA,NA,NA,NA,NA,NA,NA,NA,NA,NA,NA,NA,NA,NA,NA,NA,NA,NA,NA,NA,NA,NA,NA,NA,NA,NA,NA,NA,NA,NA,NA,NA,NA,NA,NA,NA,NA,NA,NA,NA,NA,NA,NA,NA,NA,NA,NA,NA,NA,NA,NA,NA,2.773780064814719,1.249219237976297,4.258621718970734,2.084327460823424,1.51563513618533,2.962985281928781,2.375820577603824,1.180284363665508,0.3103064721817197,1.100548263789282,0.6427027715273022,1.364354481507082,1.157823624515123,1.642060017689467,0.6385449567766467,1.497892179347314,6.153756219330356,5.093967589788786,1.650794692831084,NA,NA
Singapore,576,"Prices, Consumer Price Index, All items, Percentage change, Corresponding period previous year, Percent",PCPI_PC_CP_A_PT,Value,NA,NA,NA,NA,NA,NA,NA,NA,NA,NA,NA,NA,NA,NA,NA,NA,NA,NA,NA,NA,NA,NA,NA,NA,NA,NA,NA,NA,NA,NA,NA,NA,NA,NA,NA,NA,NA,NA,NA,NA,NA,NA,NA,NA,NA,NA,NA,NA,NA,NA,NA,NA,NA,NA,NA,NA,NA,NA,NA,NA,NA,NA,NA,NA,NA,NA,0.9656575190185197,2.109801667145727,6.635440583953092,0.5891420196105212,2.828845276129579,5.251156246393702,4.580844794230939,2.364397937427253,1.033169558576288,-0.5219756118957571,-0.5298097603754663,0.5767631911800091,0.4387842151296283,0.5678299884054635,-0.1721118659253568,2.316103157651416,6.13095418919736,4.83372362825795,2.389511235950212,0.9029984950026089,NA
San Marino,135,"Prices, Consumer Price Index, All items, Percentage change, Corresponding period previous year, Percent",PCPI_PC_CP_A_PT,Value,NA,NA,NA,NA,NA,NA,NA,NA,NA,NA,NA,NA,NA,NA,NA,NA,NA,NA,NA,NA,NA,NA,NA,NA,NA,NA,NA,NA,NA,NA,NA,NA,NA,NA,NA,NA,NA,NA,NA,NA,NA,NA,NA,NA,NA,NA,NA,NA,NA,NA,NA,NA,NA,NA,NA,NA,NA,NA,NA,NA,NA,NA,NA,NA,NA,NA,NA,NA,NA,NA,NA,2.899795843001206,2.827332242225878,1.604392980780725,1.112963033738575,0.145686073241017,0.6440753403465423,1.01413313194516,1.163335222931506,0.4726519673529053,-0.1333688983728994,1.61551411551418,5.325453213113642,5.931908586294024,1.242165079455731,NA,NA
Australia,193,"Supplementary Items, Current Account, Net (Excluding Exceptional Financing), US Dollars",BCAXF_BP6_USD,Value,NA,NA,NA,NA,NA,NA,NA,NA,NA,NA,NA,NA,NA,NA,NA,NA,NA,NA,NA,NA,NA,NA,NA,NA,NA,NA,NA,NA,NA,NA,NA,NA,NA,NA,NA,NA,NA,NA,NA,NA,-3856000000,-7643000000,-7681000000,-5648000000,-8175000000,-8478000000,-9163000000,-7223000000,-10373000000,-18425000000,-15750000000,-10665000000,-10440000000,-9390000000,-15871000000,-18799000000,-14861000000,-12479000000,-18722000000,-22572000000,-16197000000,-8503000000,-16165000000,-28809000000,-41546000000,-43835000000,-46029000000,-64094000000,-51288000000,-45175000000,-46324000000,-45151000000,-68422000000,-51498000000,-44965000000,-58171000000,-43631000000,-39178000000,-36447000000,-327000000,23631000000,39852000000,6959000000,-4003000000,-34804000000,-33833000000,-32685000000
Austria,122,"Supplementary Items, Current Account, Net (Excluding Exceptional Financing), US Dollars",BCAXF_BP6_USD,Value,NA,NA,NA,NA,NA,NA,NA,NA,NA,NA,NA,NA,NA,NA,NA,NA,NA,NA,NA,NA,NA,NA,NA,NA,NA,NA,NA,NA,NA,NA,NA,NA,NA,NA,NA,NA,NA,NA,NA,NA,-3865000000,-3042000000,703000000,276000000,-178000000,-158000000,204000000,-263000000,-242000000,248000000,1166000000,61000000,-753000000,-1013000000,-2992000000,-6900000000,-6736000000,-5424000000,-4048000000,-4917000000,-1393000000,-1573000000,4504000000,4060000000,6255000000,7143000000,11080000000,14800000000,19397000000,10420000000,11207000000,7038000000,6074000000,7459000000,10515000000,5986000000,10132000000,5244000000,3830000000,10525000000,14614000000,8340000000,-4070000000,6863000000,12622000000,10157000000,13033000000
Belgium,124,"Supplementary Items, Current Account, Net (Excluding Exceptional Financing), US Dollars",BCAXF_BP6_USD,Value,NA,NA,NA,NA,NA,NA,NA,NA,NA,NA,NA,NA,NA,NA,NA,NA,NA,NA,NA,NA,NA,NA,NA,NA,NA,NA,NA,NA,NA,NA,NA,NA,NA,NA,NA,NA,NA,NA,NA,NA,-4938000000,-4186000000,-2607000000,-497000000,-55000000,675000000,3069000000,2801000000,3599000000,3604000000,3637000000,4763000000,6664000000,11251000000,12600000000,15391000000,13836000000,13842000000,13255000000,20070000000,9393000000,7896000000,11622000000,10806000000,11434000000,7701000000,7554000000,7044000000,-5203000000,8000000000,7824000000,-10150000000,-404000000,4982000000,4133000000,6395000000,2625000000,3510000000,-4968000000,664000000,4693000000,10981000000,-7802000000,-4436000000,-5672000000,-6520000000,-7067000000
Canada,156,"Supplementary Items, Current Account, Net (Excluding Exceptional Financing), US Dollars",BCAXF_BP6_USD,Value,NA,NA,NA,NA,NA,NA,NA,NA,NA,NA,NA,NA,NA,NA,NA,NA,NA,NA,NA,NA,NA,NA,NA,NA,NA,NA,NA,NA,NA,NA,NA,NA,NA,NA,NA,NA,NA,NA,NA,NA,-6088000000,-12843000000,1527000000,-2865000000,-1630000000,-6075000000,-11598000000,-13958000000,-15589000000,-22439000000,-20459000000,-22843000000,-21441000000,-22219000000,-13778000000,-4987000000,2619000000,-8760000000,-8485000000,1212000000,18990000000,16351000000,13191000000,11026000000,24072000000,22619000000,19064000000,12094000000,2287000000,-40047000000,-57616000000,-48633000000,-64620000000,-58011000000,-41891000000,-54402000000,-47188000000,-46226000000,-41010000000,-34054000000,-33396000000,-388000000,-6658000000,-13619000000,-10276000000,-32284000000,-31532000000
Switzerland,146,"Supplementary Items, Current Account, Net (Excluding Exceptional Financing), US Dollars",BCAXF_BP6_USD,Value,NA,NA,NA,NA,NA,NA,NA,NA,NA,NA,NA,NA,NA,NA,NA,NA,NA,NA,NA,NA,NA,NA,NA,NA,NA,NA,NA,NA,NA,NA,NA,NA,NA,NA,NA,NA,NA,NA,NA,NA,-639000000,2651000000,3849000000,822000000,6129000000,6071000000,4748000000,6652000000,9112000000,8248000000,7860000000,11246000000,13124000000,17455000000,16855000000,17151000000,18133000000,24845000000,23019000000,25370000000,31584000000,20534000000,22606000000,40730000000,50678000000,47468000000,56383000000,43364000000,9277000000,33833000000,82078000000,49562000000,64706000000,72811000000,54727000000,63714000000,49664000000,36989000000,44481000000,29621000000,4177000000,62467000000,76873000000,52358000000,72411000000,70154000000,75323000000
Cyprus,423,"Supplementary Items, Current Account, Net (Excluding Exceptional Financing), US Dollars",BCAXF_BP6_USD,Value,NA,NA,NA,NA,NA,NA,NA,NA,NA,NA,NA,NA,NA,NA,NA,NA,NA,NA,NA,NA,NA,NA,NA,NA,NA,NA,NA,NA,NA,NA,NA,NA,NA,NA,NA,NA,NA,NA,NA,NA,-258000000,-172000000,-178000000,-205000000,-222000000,-180000000,-19000000,-8000000,-108000000,-249000000,-154000000,-420000000,-638000000,110000000,74000000,-205000000,-468000000,-418000000,292000000,-170000000,-489000000,-316000000,-393000000,-297000000,-788000000,-995000000,-1284000000,-2565000000,-4121000000,-1740000000,-2743000000,-609000000,-938000000,-363000000,-929000000,-54000000,-831000000,-1151000000,-1000000000,-1444000000,-2476000000,-1667000000,-2146000000,-3846000000,-3068000000,-3380000000,-3922000000
Germany,134,"Supplementary Items, Current Account, Net (Excluding Exceptional Financing), US Dollars",BCAXF_BP6_USD,Value,NA,NA,NA,NA,NA,NA,NA,NA,NA,NA,NA,NA,NA,NA,NA,NA,NA,NA,NA,NA,NA,NA,NA,NA,NA,NA,NA,NA,NA,NA,NA,NA,NA,NA,NA,NA,NA,NA,NA,NA,-15215000000,-4911000000,6007000000,4611000000,9280000000,17594000000,37989000000,43574000000,54677000000,58960000000,50055000000,-22469000000,-21096000000,-16236000000,-29088000000,-27744000000,-12149000000,-7633000000,-11202000000,-25646000000,-29993000000,-3411000000,41056000000,37997000000,128708000000,134648000000,176991000000,232471000000,213277000000,201728000000,199298000000,240525000000,258763000000,255462000000,286940000000,277504000000,315006000000,303471000000,341672000000,311782000000,248834000000,301097000000,160228000000,251784000000,263785000000,271697000000,271333000000
Denmark,128,"Supplementary Items, Current Account, Net (Excluding Exceptional Financing), US Dollars",BCAXF_BP6_USD,Value,NA,NA,NA,NA,NA,NA,NA,NA,NA,NA,NA,NA,NA,NA,NA,NA,NA,NA,NA,NA,NA,NA,NA,NA,NA,NA,NA,NA,NA,NA,NA,NA,NA,NA,NA,NA,NA,NA,NA,NA,-2389000000,-1875000000,-2259000000,-1382000000,-1718000000,-2767000000,-4490000000,-3002000000,-1340000000,-1118000000,1372000000,1983000000,4199000000,4832000000,3189000000,1855000000,3090000000,2278000000,-264000000,4500000000,3265000000,6008000000,5358000000,8574000000,10168000000,10745000000,9011000000,4136000000,10171000000,11570000000,20678000000,21849000000,19818000000,25392000000,29643000000,24011000000,22126000000,24284000000,22409000000,25719000000,25700000000,34716000000,44665000000,44532000000,51763000000,56235000000,58310000000
Spain,184,"Supplementary Items, Current Account, Net (Excluding Exceptional Financing), US Dollars",BCAXF_BP6_USD,Value,NA,NA,NA,NA,NA,NA,NA,NA,NA,NA,NA,NA,NA,NA,NA,NA,NA,NA,NA,NA,NA,NA,NA,NA,NA,NA,NA,NA,NA,NA,NA,NA,NA,NA,NA,NA,NA,NA,NA,NA,-5300000000,-5113000000,-4704000000,-2455000000,2086000000,2088000000,3677000000,-37000000,-3685000000,-11508000000,-18054000000,-20055000000,-21424000000,-10412000000,-11389000000,-7339000000,-5115000000,-3938000000,-10052000000,-20337000000,-25347000000,-27093000000,-25936000000,-34689000000,-57932000000,-83124000000,-111001000000,-138104000000,-143820000000,-59448000000,-50852000000,-38872000000,2075000000,28348000000,24574000000,24681000000,39103000000,36909000000,26888000000,29880000000,10167000000,11303000000,6077000000,44258000000,54834000000,50174000000,53870000000
Finland,172,"Supplementary Items, Current Account, Net (Excluding Exceptional Financing), US Dollars",BCAXF_BP6_USD,Value,NA,NA,NA,NA,NA,NA,NA,NA,NA,NA,NA,NA,NA,NA,NA,NA,NA,NA,NA,NA,NA,NA,NA,NA,NA,NA,NA,NA,NA,NA,NA,NA,NA,NA,NA,NA,NA,NA,NA,NA,-1403000000,-478000000,-923000000,-1124000000,-21000000,-806000000,-693000000,-1731000000,-2694000000,-5797000000,-7159000000,-6866000000,-5275000000,-1304000000,852000000,5143000000,4646000000,6038000000,6317000000,6560000000,9024000000,9942000000,10969000000,7404000000,11061000000,5898000000,8534000000,10329000000,7265000000,5053000000,3399000000,-4268000000,-5745000000,-5088000000,-3711000000,-2117000000,-4706000000,-1662000000,-4414000000,-368000000,1144000000,972000000,-6776000000,-2416000000,-110000000,417000000,-238000000
France,132,"Supplementary Items, Current Account, Net (Excluding Exceptional Financing), US Dollars",BCAXF_BP6_USD,Value,NA,NA,NA,NA,NA,NA,NA,NA,NA,NA,NA,NA,NA,NA,NA,NA,NA,NA,NA,NA,NA,NA,NA,NA,NA,NA,NA,NA,NA,NA,NA,NA,NA,NA,NA,NA,NA,NA,NA,NA,-4170000000,-4746000000,-12062000000,-4692000000,-754000000,-349000000,2349000000,-4447000000,-4655000000,-4630000000,-9843000000,-6164000000,3827000000,9179000000,8155000000,7332000000,19357000000,45764000000,46800000000,57895000000,14980000000,21681000000,17171000000,15386000000,11277000000,2279000000,5871000000,-2709000000,-20306000000,-14808000000,-16623000000,-24598000000,-57201000000,-17154000000,-26102000000,-7935000000,-13035000000,-14123000000,-19405000000,16268000000,-54239000000,8212000000,-39607000000,-31793000000,2883000000,-2559000000,-6014000000
United Kingdom,112,"Supplementary Items, Current Account, Net (Excluding Exceptional Financing), US Dollars",BCAXF_BP6_USD,Value,NA,NA,NA,NA,NA,NA,NA,NA,NA,NA,NA,NA,NA,NA,NA,NA,NA,NA,NA,NA,NA,NA,NA,NA,NA,NA,NA,NA,NA,NA,NA,NA,NA,NA,NA,NA,NA,NA,NA,NA,4196000000,9963000000,4106000000,2174000000,-1434000000,-328000000,-4823000000,-10818000000,-32544000000,-38439000000,-33860000000,-13604000000,-16559000000,-12155000000,-2323000000,-5120000000,-3753000000,-2178000000,-4661000000,-35700000000,-30557000000,-29263000000,-35297000000,-37489000000,-55765000000,-50868000000,-84629000000,-115284000000,-114329000000,-74294000000,-68681000000,-43443000000,-85168000000,-129421000000,-153981000000,-144899000000,-147036000000,-93708000000,-112902000000,-76688000000,-79182000000,-13738000000,-65683000000,-118276000000,-96810000000,-122348000000,-125142000000
Greece,174,"Supplementary Items, Current Account, Net (Excluding Exceptional Financing), US Dollars",BCAXF_BP6_USD,Value,NA,NA,NA,NA,NA,NA,NA,NA,NA,NA,NA,NA,NA,NA,NA,NA,NA,NA,NA,NA,NA,NA,NA,NA,NA,NA,NA,NA,NA,NA,NA,NA,NA,NA,NA,NA,NA,NA,NA,NA,-2192000000,-2392000000,-1889000000,-1878000000,-2132000000,-3276000000,-1676000000,-1223000000,-958000000,-2561000000,-3537000000,-1573000000,-2144000000,-747000000,-146000000,-3214000000,-5094000000,-5331000000,-3795000000,-5347000000,-7836000000,-9388000000,-9659000000,-12738000000,-13325000000,-18220000000,-29710000000,-44399000000,-51535000000,-35972000000,-29861000000,-28716000000,-6202000000,-6171000000,-5872000000,-2894000000,-4583000000,-5143000000,-7589000000,-4584000000,-13840000000,-15258000000,-23390000000,-16322000000,-17969000000,-16252000000,-16061000000
Hong Kong SAR,532,"Supplementary Items, Current Account, Net (Excluding Exceptional Financing), US Dollars",BCAXF_BP6_USD,Value,NA,NA,NA,NA,NA,NA,NA,NA,NA,NA,NA,NA,NA,NA,NA,NA,NA,NA,NA,NA,NA,NA,NA,NA,NA,NA,NA,NA,NA,NA,NA,NA,NA,NA,NA,NA,NA,NA,NA,NA,-1432000000,-774000000,-176000000,168000000,2293000000,2612000000,2652000000,3879000000,3843000000,6298000000,4764000000,3836000000,3135000000,5711000000,-1120000000,-9064000000,-4001000000,-7729000000,2507000000,10650000000,7538000000,10393000000,13129000000,17461000000,16849000000,21637000000,24539000000,27553000000,33007000000,21148000000,15996000000,13844000000,4148000000,4188000000,4055000000,10264000000,12701000000,15593000000,13523000000,21379000000,24121000000,43528000000,36640000000,32404000000,52815000000,53695000000,54436000000
Ireland,178,"Supplementary Items, Current Account, Net (Excluding Exceptional Financing), US Dollars",BCAXF_BP6_USD,Value,NA,NA,NA,NA,NA,NA,NA,NA,NA,NA,NA,NA,NA,NA,NA,NA,NA,NA,NA,NA,NA,NA,NA,NA,NA,NA,NA,NA,NA,NA,NA,NA,NA,NA,NA,NA,NA,NA,NA,NA,-2262000000,-2580000000,-1872000000,-1155000000,-1027000000,-692000000,-820000000,-88000000,94000000,-494000000,-372000000,340000000,545000000,1830000000,1496000000,1716000000,2025000000,1947000000,328000000,-114000000,615000000,195000000,317000000,810000000,-190000000,-7505000000,-12430000000,-17587000000,-17227000000,-11022000000,-2859000000,-4057000000,-7629000000,5828000000,5501000000,18547000000,-3798000000,3983000000,16977000000,-84382000000,-30841000000,64676000000,48103000000,39927000000,98433000000,78774000000,86342000000
Iceland,176,"Supplementary Items, Current Account, Net (Excluding Exceptional Financing), US Dollars",BCAXF_BP6_USD,Value,NA,NA,NA,NA,NA,NA,NA,NA,NA,NA,NA,NA,NA,NA,NA,NA,NA,NA,NA,NA,NA,NA,NA,NA,NA,NA,NA,NA,NA,NA,NA,NA,NA,NA,NA,NA,NA,NA,NA,NA,-69000000,-145000000,-256000000,-53000000,-130000000,-116000000,21000000,-184000000,-208000000,-76000000,-132000000,-272000000,-166000000,43000000,122000000,18000000,-177000000,-173000000,-607000000,-631000000,-912000000,-343000000,120000000,-550000000,-1379000000,-2665000000,-4001000000,-3016000000,-3795000000,-1159000000,-814000000,-693000000,-436000000,1106000000,903000000,1115000000,1881000000,1227000000,1184000000,1843000000,411000000,-677000000,-499000000,-326000000,-868000000,-1370000000,-485000000
Israel,436,"Supplementary Items, Current Account, Net (Excluding Exceptional Financing), US Dollars",BCAXF_BP6_USD,Value,NA,NA,NA,NA,NA,NA,NA,NA,NA,NA,NA,NA,NA,NA,NA,NA,NA,NA,NA,NA,NA,NA,NA,NA,NA,NA,NA,NA,NA,NA,NA,NA,NA,NA,NA,NA,NA,NA,NA,NA,-879000000,-1364000000,-2258000000,-2369000000,-1573000000,991000000,1280000000,-1406000000,-832000000,214000000,169000000,-1273000000,-870000000,-2481000000,-3409000000,-5809000000,-5988000000,-4118000000,-1908000000,-2960000000,-3389000000,-3153000000,-2392000000,-653000000,1250000000,3462000000,4846000000,4160000000,1122000000,5553000000,6584000000,2527000000,-802000000,7029000000,11323000000,13640000000,9878000000,11288000000,9666000000,11236000000,15164000000,15455000000,14019000000,15993000000,15308000000,17009000000,20061000000
Italy,136,"Supplementary Items, Current Account, Net (Excluding Exceptional Financing), US Dollars",BCAXF_BP6_USD,Value,NA,NA,NA,NA,NA,NA,NA,NA,NA,NA,NA,NA,NA,NA,NA,NA,NA,NA,NA,NA,NA,NA,NA,NA,NA,NA,NA,NA,NA,NA,NA,NA,NA,NA,NA,NA,NA,NA,NA,NA,-16950000000,-15431000000,-10254000000,1366000000,-4026000000,-5567000000,2756000000,-2920000000,-8053000000,-15031000000,-21692000000,-29946000000,-34125000000,11908000000,12647000000,24415000000,38653000000,32360000000,21035000000,10046000000,-3130000000,1806000000,-6353000000,-12417000000,-8702000000,-16424000000,-28773000000,-30267000000,-65821000000,-40207000000,-69186000000,-63255000000,-4216000000,22170000000,38140000000,22933000000,46421000000,48052000000,52535000000,63767000000,71680000000,45792000000,-36326000000,3178000000,26795000000,24682000000,25684000000
Japan,158,"Supplementary Items, Current Account, Net (Excluding Exceptional Financing), US Dollars",BCAXF_BP6_USD,Value,NA,NA,NA,NA,NA,NA,NA,NA,NA,NA,NA,NA,NA,NA,NA,NA,NA,NA,NA,NA,NA,NA,NA,NA,NA,NA,NA,NA,NA,NA,NA,NA,NA,NA,NA,NA,NA,NA,NA,NA,-10750000000,4761000000,6847000000,20804000000,35009000000,50180000000,84522000000,84253000000,79173000000,63142000000,44709000000,68116000000,112394000000,131918000000,130543000000,110422000000,68912000000,95116000000,115137000000,114276000000,130591000000,86189000000,109149000000,139437000000,182066000000,170094000000,174480000000,212179000000,142573000000,145210000000,221060000000,129882000000,59675000000,45952000000,36771000000,136448000000,197779000000,203535000000,177821000000,176341000000,149936000000,196206000000,89909000000,155878000000,193665000000,166937000000,162020000000
Korea,542,"Supplementary Items, Current Account, Net (Excluding Exceptional Financing), US Dollars",BCAXF_BP6_USD,Value,NA,NA,NA,NA,NA,NA,NA,NA,NA,NA,NA,NA,NA,NA,NA,NA,NA,NA,NA,NA,NA,NA,NA,NA,NA,NA,NA,NA,NA,NA,NA,NA,NA,NA,NA,NA,NA,NA,NA,NA,-6896000000,-6487000000,-5631000000,-3594000000,-1847000000,-2178000000,2607000000,8631000000,12758000000,3766000000,-2804000000,-8033000000,-2901000000,1688000000,-4793000000,-10230000000,-24461000000,-10812000000,40113000000,21785000000,10181000000,2165000000,4066000000,11308000000,29290000000,12209000000,2095000000,10473000000,1753000000,33088000000,27951000000,16638000000,48791000000,77259000000,83030000000,105119000000,97924000000,75231000000,77467000000,59676000000,75902000000,85228000000,25829000000,32822000000,99043000000,89252000000,75901000000
Netherlands,138,"Supplementary Items, Current Account, Net (Excluding Exceptional Financing), US Dollars",BCAXF_BP6_USD,Value,NA,NA,NA,NA,NA,NA,NA,NA,NA,NA,NA,NA,NA,NA,NA,NA,NA,NA,NA,NA,NA,NA,NA,NA,NA,NA,NA,NA,NA,NA,NA,NA,NA,NA,NA,NA,NA,NA,NA,NA,-855000000,3826000000,5025000000,5089000000,6380000000,4248000000,4318000000,4187000000,7132000000,10039000000,8089000000,7466000000,6847000000,13203000000,17294000000,25773000000,21502000000,25077000000,13031000000,15682000000,7257000000,9814000000,11032000000,29892000000,50443000000,45652000000,60042000000,45360000000,37712000000,29327000000,55036000000,64623000000,63591000000,70147000000,77519000000,37301000000,57245000000,68278000000,82304000000,63143000000,53039000000,108128000000,70995000000,107021000000,111085000000,125870000000,131165000000
Norway,142,"Supplementary Items, Current Account, Net (Excluding Exceptional Financing), US Dollars",BCAXF_BP6_USD,Value,NA,NA,NA,NA,NA,NA,NA,NA,NA,NA,NA,NA,NA,NA,NA,NA,NA,NA,NA,NA,NA,NA,NA,NA,NA,NA,NA,NA,NA,NA,NA,NA,NA,NA,NA,NA,NA,NA,NA,NA,1079000000,2019000000,400000000,2315000000,3138000000,2890000000,-4888000000,-4565000000,-4296000000,-369000000,2589000000,4025000000,4104000000,3163000000,3422000000,4856000000,10551000000,9475000000,-607000000,8670000000,25085000000,27480000000,24353000000,27907000000,33539000000,50983000000,57618000000,50597000000,75024000000,43897000000,50155000000,66315000000,69395000000,59031000000,59322000000,34910000000,19360000000,25364000000,39380000000,15499000000,4053000000,74928000000,176690000000,83935000000,80763000000,83715000000,86867000000
New Zealand,196,"Supplementary Items, Current Account, Net (Excluding Exceptional Financing), US Dollars",BCAXF_BP6_USD,Value,NA,NA,NA,NA,NA,NA,NA,NA,NA,NA,NA,NA,NA,NA,NA,NA,NA,NA,NA,NA,NA,NA,NA,NA,NA,NA,NA,NA,NA,NA,NA,NA,NA,NA,NA,NA,NA,NA,NA,NA,-903000000,-1156000000,-1710000000,-978000000,-1978000000,-1491000000,-1540000000,-1486000000,-150000000,-1326000000,-1307000000,-1040000000,-1526000000,-1485000000,-1669000000,-2460000000,-3262000000,-3584000000,-1580000000,-2946000000,-1809000000,-437000000,-1320000000,-2046000000,-4668000000,-8089000000,-7889000000,-9243000000,-10508000000,-2650000000,-3327000000,-4671000000,-6885000000,-5934000000,-6267000000,-4973000000,-3819000000,-5844000000,-8885000000,-6032000000,-2254000000,-15050000000,-22669000000,-17578000000,-15841000000,-12373000000,-12253000000
Portugal,182,"Supplementary Items, Current Account, Net (Excluding Exceptional Financing), US Dollars",BCAXF_BP6_USD,Value,NA,NA,NA,NA,NA,NA,NA,NA,NA,NA,NA,NA,NA,NA,NA,NA,NA,NA,NA,NA,NA,NA,NA,NA,NA,NA,NA,NA,NA,NA,NA,NA,NA,NA,NA,NA,NA,NA,NA,NA,-1064000000,-4686000000,-3258000000,-1632000000,-623000000,380000000,1166000000,435000000,-1066000000,153000000,-181000000,-716000000,-184000000,233000000,-2196000000,-132000000,-5507000000,-7161000000,-9369000000,-11315000000,-12810000000,-12707000000,-11292000000,-10958000000,-15062000000,-18918000000,-21419000000,-23138000000,-31181000000,-25310000000,-24478000000,-14977000000,-3225000000,3477000000,789000000,1005000000,2930000000,3276000000,1822000000,1874000000,-1580000000,-1699000000,-5203000000,1594000000,6448000000,6125000000,7028000000
Singapore,576,"Supplementary Items, Current Account, Net (Excluding Exceptional Financing), US Dollars",BCAXF_BP6_USD,Value,NA,NA,NA,NA,NA,NA,NA,NA,NA,NA,NA,NA,NA,NA,NA,NA,NA,NA,NA,NA,NA,NA,NA,NA,NA,NA,NA,NA,NA,NA,NA,NA,NA,NA,NA,NA,NA,NA,NA,NA,-1613000000,-1542000000,-1348000000,-653000000,-403000000,20000000,337000000,-103000000,1947000000,2978000000,3142000000,4874000000,5854000000,4107000000,11264000000,14486000000,14085000000,15589000000,18682000000,14845000000,10637000000,12960000000,13767000000,23730000000,22214000000,29729000000,39971000000,49114000000,29204000000,31827000000,54996000000,62069000000,52064000000,48312000000,56519000000,57574000000,57555000000,63935000000,59180000000,57870000000,61108000000,86435000000,93771000000,89403000000,96015000000,99908000000,104877000000
Sweden,144,"Supplementary Items, Current Account, Net (Excluding Exceptional Financing), US Dollars",BCAXF_BP6_USD,Value,NA,NA,NA,NA,NA,NA,NA,NA,NA,NA,NA,NA,NA,NA,NA,NA,NA,NA,NA,NA,NA,NA,NA,NA,NA,NA,NA,NA,NA,NA,NA,NA,NA,NA,NA,NA,NA,NA,NA,NA,-4331000000,-2778000000,-3390000000,-730000000,737000000,-1151000000,912000000,315000000,-490000000,-3118000000,-6234000000,-4713000000,-7486000000,-2672000000,2281000000,8341000000,9514000000,10177000000,9484000000,10469000000,10030000000,11153000000,11636000000,19378000000,22820000000,23310000000,34141000000,39549000000,39902000000,25739000000,28956000000,31185000000,30214000000,27464000000,20056000000,13646000000,10500000000,11627000000,11608000000,27531000000,30498000000,39153000000,22859000000,33656000000,35798000000,38666000000,40809000000
United States,111,"Supplementary Items, Current Account, Net (Excluding Exceptional Financing), US Dollars",BCAXF_BP6_USD,Value,NA,NA,NA,NA,NA,NA,NA,NA,NA,NA,NA,NA,NA,NA,NA,NA,NA,NA,NA,NA,NA,NA,NA,NA,NA,NA,NA,NA,NA,NA,NA,NA,NA,NA,NA,NA,NA,NA,NA,NA,2316000000,5031000000,-5533000000,-38695000000,-94342000000,-118159000000,-147176000000,-160661000000,-121159000000,-99485000000,-78965000000,2895000000,-51614000000,-84816000000,-121612000000,-113571000000,-124773000000,-140720000000,-215066000000,-286609000000,-401917000000,-394085000000,-456106000000,-522293000000,-635891000000,-749232000000,-816647000000,-736549000000,-696523000000,-379729000000,-432010000000,-455302000000,-418182000000,-339517000000,-370056000000,-408454000000,-396216000000,-367615000000,-438994000000,-441963000000,-593498000000,-858633000000,-993134000000,-928003000000,-1185300000000,-1220841000000,-1153169000000
Taiwan Province of China,528,"Supplementary Items, Current Account, Net (Excluding Exceptional Financing), US Dollars",BCAXF_BP6_USD,Value,NA,NA,NA,NA,NA,NA,NA,NA,NA,NA,NA,NA,NA,NA,NA,NA,NA,NA,NA,NA,NA,NA,NA,NA,NA,NA,NA,NA,NA,NA,NA,NA,NA,NA,NA,NA,NA,NA,NA,NA,NA,NA,NA,NA,6980000000,9206000000,16282000000,18045000000,10266000000,11503000000,10914000000,12468000000,8550000000,7042000000,6498000000,5474000000,10923000000,6776000000,3129000000,7577000000,8219000000,17084000000,24346000000,28261000000,17263000000,14948000000,23157000000,32044000000,24794000000,40662000000,36726000000,37914000000,42925000000,49937000000,60607000000,72769000000,71259000000,83073000000,70883000000,65710000000,97560000000,116881000000,101445000000,105810000000,112632000000,122326000000,127401000000
Croatia,960,"Supplementary Items, Current Account, Net (Excluding Exceptional Financing), US Dollars",BCAXF_BP6_USD,Value,NA,NA,NA,NA,NA,NA,NA,NA,NA,NA,NA,NA,NA,NA,NA,NA,NA,NA,NA,NA,NA,NA,NA,NA,NA,NA,NA,NA,NA,NA,NA,NA,NA,NA,NA,NA,NA,NA,NA,NA,NA,NA,NA,NA,NA,NA,NA,NA,NA,NA,NA,NA,314000000,621000000,684000000,-1306000000,-942000000,-2487000000,-1463000000,-1489000000,-312000000,-502000000,-1708000000,-3150000000,-2493000000,-3289000000,-3932000000,-4709000000,-7510000000,-4041000000,-1273000000,-1083000000,-1015000000,-628000000,175000000,1301000000,1102000000,1890000000,689000000,1510000000,-769000000,376000000,-2472000000,347000000,-1146000000,-1686000000,-2298000000
Latvia,941,"Supplementary Items, Current Account, Net (Excluding Exceptional Financing), US Dollars",BCAXF_BP6_USD,Value,NA,NA,NA,NA,NA,NA,NA,NA,NA,NA,NA,NA,NA,NA,NA,NA,NA,NA,NA,NA,NA,NA,NA,NA,NA,NA,NA,NA,NA,NA,NA,NA,NA,NA,NA,NA,NA,NA,NA,NA,NA,NA,NA,NA,NA,NA,NA,NA,NA,NA,NA,NA,191000000,417000000,201000000,-16000000,-280000000,-345000000,-650000000,-544000000,-374000000,-628000000,-619000000,-915000000,-1767000000,-2007000000,-4484000000,-6426000000,-4416000000,2028000000,407000000,-945000000,-1051000000,-843000000,-444000000,-28000000,482000000,433000000,-131000000,-57000000,1013000000,-1554000000,-2080000000,-1634000000,-682000000,-1013000000,-1204000000
Slovenia,961,"Supplementary Items, Current Account, Net (Excluding Exceptional Financing), US Dollars",BCAXF_BP6_USD,Value,NA,NA,NA,NA,NA,NA,NA,NA,NA,NA,NA,NA,NA,NA,NA,NA,NA,NA,NA,NA,NA,NA,NA,NA,NA,NA,NA,NA,NA,NA,NA,NA,NA,NA,NA,NA,NA,NA,NA,NA,NA,NA,NA,NA,NA,NA,NA,NA,NA,NA,NA,NA,1087000000,282000000,565000000,-97000000,15000000,23000000,-147000000,-735000000,-564000000,8000000,206000000,-240000000,-927000000,-653000000,-725000000,-1989000000,-2967000000,-515000000,-333000000,-395000000,651000000,1688000000,2639000000,1758000000,2339000000,3270000000,3497000000,3477000000,3907000000,2139000000,-558000000,3291000000,3313000000,2272000000,2468000000
Estonia,939,"Supplementary Items, Current Account, Net (Excluding Exceptional Financing), US Dollars",BCAXF_BP6_USD,Value,NA,NA,NA,NA,NA,NA,NA,NA,NA,NA,NA,NA,NA,NA,NA,NA,NA,NA,NA,NA,NA,NA,NA,NA,NA,NA,NA,NA,NA,NA,NA,NA,NA,NA,NA,NA,NA,NA,NA,NA,NA,NA,NA,NA,NA,NA,NA,NA,NA,NA,NA,NA,NA,21000000,-165000000,-158000000,-399000000,-563000000,-480000000,-246000000,-309000000,-445000000,-818000000,-1273000000,-1450000000,-1226000000,-2545000000,-3340000000,-2115000000,502000000,349000000,305000000,-437000000,-36000000,158000000,344000000,240000000,463000000,173000000,641000000,-803000000,-1362000000,-1190000000,-517000000,-537000000,-432000000,-1124000000
Lithuania,946,"Supplementary Items, Current Account, Net (Excluding Exceptional Financing), US Dollars",BCAXF_BP6_USD,Value,NA,NA,NA,NA,NA,NA,NA,NA,NA,NA,NA,NA,NA,NA,NA,NA,NA,NA,NA,NA,NA,NA,NA,NA,NA,NA,NA,NA,NA,NA,NA,NA,NA,NA,NA,NA,NA,NA,NA,NA,NA,NA,NA,NA,NA,NA,NA,NA,NA,NA,NA,NA,NA,-86000000,-94000000,-614000000,-723000000,-981000000,-1298000000,-1194000000,-675000000,-574000000,-734000000,-1278000000,-1724000000,-1929000000,-3207000000,-6096000000,-6353000000,763000000,81000000,-1600000000,-675000000,784000000,1740000000,-1041000000,-433000000,490000000,194000000,2071000000,4134000000,972000000,-4336000000,877000000,2099000000,1983000000,2249000000
Slovak Republic,936,"Supplementary Items, Current Account, Net (Excluding Exceptional Financing), US Dollars",BCAXF_BP6_USD,Value,NA,NA,NA,NA,NA,NA,NA,NA,NA,NA,NA,NA,NA,NA,NA,NA,NA,NA,NA,NA,NA,NA,NA,NA,NA,NA,NA,NA,NA,NA,NA,NA,NA,NA,NA,NA,NA,NA,NA,NA,NA,NA,NA,NA,NA,NA,NA,NA,NA,NA,NA,NA,NA,-651000000,664000000,538000000,-2094000000,-1930000000,-2185000000,-932000000,-639000000,-1709000000,-1892000000,-1668000000,-2526000000,-3579000000,-4039000000,-3707000000,-6178000000,-3075000000,-4224000000,-4867000000,879000000,2910000000,1769000000,-1840000000,-1314000000,-1664000000,-1742000000,-3734000000,-501000000,-5829000000,-11159000000,-2240000000,-3905000000,-4463000000,-4266000000
Czech Republic,935,"Supplementary Items, Current Account, Net (Excluding Exceptional Financing), US Dollars",BCAXF_BP6_USD,Value,NA,NA,NA,NA,NA,NA,NA,NA,NA,NA,NA,NA,NA,NA,NA,NA,NA,NA,NA,NA,NA,NA,NA,NA,NA,NA,NA,NA,NA,NA,NA,NA,NA,NA,NA,NA,NA,NA,NA,NA,NA,NA,NA,NA,NA,NA,NA,NA,NA,NA,NA,NA,NA,NA,NA,-1369000000,-4121000000,-3565000000,-1254000000,-1464000000,-2717000000,-3273000000,-4165000000,-5696000000,-4452000000,-2869000000,-3834000000,-8718000000,-4414000000,-4682000000,-7424000000,-4792000000,-3234000000,-1113000000,380000000,843000000,3485000000,3415000000,988000000,853000000,4417000000,-5983000000,-14141000000,-382000000,6052000000,2186000000,1635000000
Luxembourg,137,"Supplementary Items, Current Account, Net (Excluding Exceptional Financing), US Dollars",BCAXF_BP6_USD,Value,NA,NA,NA,NA,NA,NA,NA,NA,NA,NA,NA,NA,NA,NA,NA,NA,NA,NA,NA,NA,NA,NA,NA,NA,NA,NA,NA,NA,NA,NA,NA,NA,NA,NA,NA,NA,NA,NA,NA,NA,NA,NA,NA,NA,NA,NA,NA,NA,NA,NA,NA,NA,NA,NA,NA,2473000000,2367000000,1839000000,1648000000,2272000000,2688000000,1770000000,1798000000,2119000000,2479000000,2615000000,2850000000,3379000000,3606000000,3147000000,3251000000,3479000000,2985000000,2566000000,2818000000,3367000000,4603000000,4233000000,5912000000,5960000000,3620000000,5546000000,5223000000,4894000000,6391000000,12241000000,13413000000
Malta,181,"Supplementary Items, Current Account, Net (Excluding Exceptional Financing), US Dollars",BCAXF_BP6_USD,Value,NA,NA,NA,NA,NA,NA,NA,NA,NA,NA,NA,NA,NA,NA,NA,NA,NA,NA,NA,NA,NA,NA,NA,NA,NA,NA,NA,NA,NA,NA,NA,NA,NA,NA,NA,NA,NA,NA,NA,NA,NA,NA,NA,NA,NA,NA,NA,NA,NA,NA,NA,NA,NA,NA,NA,-164000000,-181000000,-95000000,-98000000,-58000000,-209000000,-64000000,45000000,-67000000,-332000000,-523000000,-635000000,-307000000,-95000000,-563000000,-408000000,-19000000,157000000,270000000,989000000,299000000,-66000000,2680000000,2156000000,2924000000,2625000000,1851000000,-145000000,1422000000,1380000000,1421000000,1339000000
Macao SAR,546,"Supplementary Items, Current Account, Net (Excluding Exceptional Financing), US Dollars",BCAXF_BP6_USD,Value,NA,NA,NA,NA,NA,NA,NA,NA,NA,NA,NA,NA,NA,NA,NA,NA,NA,NA,NA,NA,NA,NA,NA,NA,NA,NA,NA,NA,NA,NA,NA,NA,NA,NA,NA,NA,NA,NA,NA,NA,NA,NA,NA,NA,NA,NA,NA,NA,NA,NA,NA,NA,NA,NA,NA,NA,NA,NA,NA,NA,NA,NA,2324000000,2525000000,3507000000,2876000000,2215000000,3999000000,3272000000,5947000000,10992000000,14879000000,16772000000,20272000000,17956000000,10515000000,11954000000,15501000000,18146000000,18476000000,3752000000,2705000000,3476000000,14380000000,17952000000,18601000000,19156000000
San Marino,135,"Supplementary Items, Current Account, Net (Excluding Exceptional Financing), US Dollars",BCAXF_BP6_USD,Value,NA,NA,NA,NA,NA,NA,NA,NA,NA,NA,NA,NA,NA,NA,NA,NA,NA,NA,NA,NA,NA,NA,NA,NA,NA,NA,NA,NA,NA,NA,NA,NA,NA,NA,NA,NA,NA,NA,NA,NA,NA,NA,NA,NA,NA,NA,NA,NA,NA,NA,NA,NA,NA,NA,NA,NA,NA,NA,NA,NA,NA,NA,NA,NA,NA,NA,NA,NA,NA,NA,NA,NA,NA,NA,NA,NA,NA,-6000000,-31000000,33000000,43000000,100000000,249000000,446000000,381000000,392000000,425000000
Euro area,163,"Supplementary Items, Current Account, Net (Excluding Exceptional Financing), US Dollars",BCAXF_BP6_USD,Value,NA,NA,NA,NA,NA,NA,NA,NA,NA,NA,NA,NA,NA,NA,NA,NA,NA,NA,NA,NA,NA,NA,NA,NA,NA,NA,NA,NA,NA,NA,NA,NA,NA,NA,NA,NA,NA,NA,NA,NA,NA,NA,NA,NA,NA,NA,NA,NA,NA,NA,NA,NA,NA,NA,NA,NA,NA,NA,NA,NA,NA,NA,NA,NA,NA,NA,NA,NA,NA,NA,NA,NA,NA,NA,NA,NA,NA,NA,NA,NA,NA,NA,NA,NA,NA,NA,NA
Australia,193,"Money and Quasi Money, Broad Money (M2), US Dollars",FMB_XDC,Value,NA,NA,NA,NA,NA,NA,NA,NA,NA,NA,NA,NA,NA,NA,NA,NA,NA,NA,NA,NA,NA,NA,NA,NA,NA,NA,NA,NA,NA,NA,NA,NA,NA,NA,NA,NA,NA,NA,NA,NA,NA,NA,NA,NA,NA,NA,NA,NA,NA,NA,NA,NA,NA,NA,NA,NA,NA,NA,NA,NA,NA,496349684400,531272436806.95,599081048679.34,667485892485.4,724227895075.61,833319752996.69,985258825231.474,1152799564528.8,1189775859355.71,1310309396138.14,1414711935846.84,1518663791174.9,1621130041674.28,1735142459087.75,1838974814198.07,1961564334926.97,2050266032025.33,2098935705144.84,2394036267182.5,2721258710700.45,2903577902569.58,3131247941418.95,3254406400558.85,3468352854701.84,NA,NA
Canada,156,"Money and Quasi Money, Broad Money (M2), US Dollars",FMB_XDC,Value,NA,NA,NA,NA,NA,NA,NA,NA,NA,NA,NA,NA,NA,NA,NA,NA,NA,NA,NA,NA,NA,NA,NA,NA,NA,NA,NA,NA,NA,NA,NA,NA,NA,NA,NA,NA,NA,NA,NA,NA,NA,NA,NA,NA,NA,NA,NA,NA,NA,NA,NA,NA,NA,NA,NA,NA,NA,NA,NA,NA,NA,1769929603000,1816930537000,1826209004000,1925976772000,2111740913000,2375275453000,1768376277000,2032249287000,NA,NA,NA,NA,NA,NA,NA,NA,NA,NA,NA,NA,NA,NA,NA,NA,NA,NA
Iceland,176,"Money and Quasi Money, Broad Money (M2), US Dollars",FMB_XDC,Value,NA,NA,NA,NA,NA,NA,NA,NA,NA,NA,NA,NA,NA,NA,NA,NA,NA,NA,NA,NA,NA,NA,NA,NA,NA,NA,NA,NA,NA,NA,NA,NA,NA,NA,NA,NA,NA,NA,NA,NA,NA,NA,NA,NA,NA,NA,NA,NA,NA,NA,NA,NA,NA,NA,NA,NA,NA,NA,NA,NA,NA,343347285000,393963012000,482088689000,560930422000,707930372000,1133532386000,1199894677896.41,1584948716516.1,1624112393428.34,1461357546817.04,1544548669906.48,1473986816915.12,1542586748370.7,1631855284205,1722791714699,1642935750064,1725644264375,1846297779127.78,1968042565345,2112996073127,2342619762974,2550356588209,2762558584343,3084539852401,NA,NA
Israel,436,"Money and Quasi Money, Broad Money (M2), US Dollars",FMB_XDC,Value,NA,NA,NA,NA,NA,NA,NA,NA,NA,NA,NA,NA,NA,NA,NA,NA,NA,NA,NA,NA,NA,NA,NA,NA,NA,NA,NA,NA,NA,NA,NA,NA,NA,NA,NA,NA,NA,NA,NA,NA,NA,NA,NA,NA,NA,NA,NA,NA,NA,NA,NA,NA,NA,NA,NA,NA,NA,NA,NA,NA,NA,476648970006.667,529294225372.546,528940781334.283,567188526016.672,624088983907.657,667431356662.302,531077551717.671,597562352468.031,632155459285.88,651958700389.544,727301038644.175,773125248696.428,839047592997.995,938268852924.529,977826303724.891,1034124577197.75,1087964699224.45,1133735871289.58,1218946346450.21,1488071537228.38,1718787893152.37,1817464861555.98,1901829622630.37,2056071189628.21,NA,NA
Japan,158,"Money and Quasi Money, Broad Money (M2), US Dollars",FMB_XDC,Value,NA,NA,NA,NA,NA,NA,NA,NA,NA,NA,NA,NA,NA,NA,NA,NA,NA,NA,NA,NA,NA,NA,NA,NA,NA,NA,NA,NA,NA,NA,NA,NA,NA,NA,NA,NA,NA,NA,NA,NA,NA,NA,NA,NA,NA,NA,NA,NA,NA,NA,NA,NA,NA,NA,NA,NA,NA,NA,NA,NA,NA,10150772e8,10244509e8,10299881e8,10363934e8,103861e10,10312005e8,10381389e8,10470651e8,10691101e8,10883858e8,11201527e8,11445745e8,11852441e8,12191788e8,12556914e8,13040687e8,13495389e8,13808832e8,14094217e8,15131114e8,15576647e8,15930249e8,16270287e8,16282156e8,NA,NA
Korea,542,"Money and Quasi Money, Broad Money (M2), US Dollars",FMB_XDC,Value,NA,NA,NA,NA,NA,NA,NA,NA,NA,NA,NA,NA,NA,NA,NA,NA,NA,NA,NA,NA,NA,NA,NA,NA,NA,NA,NA,NA,NA,NA,NA,NA,NA,NA,NA,NA,NA,NA,NA,NA,NA,NA,NA,NA,NA,NA,NA,NA,NA,NA,NA,NA,NA,NA,NA,NA,NA,NA,NA,NA,NA,764979288000000,872075556000000,898069427000000,954722520159534,1021448643977580,1149262113e6,1273611866e6,1425887495e6,1566849999e6,1660530025e6,1751458357e6,18356415984e5,19207950174e5,20772340344e5,22473750434e5,2407459074e6,2530353622e6,2700362359e6,2913609579e6,3199835655e6,3613687601e6,3758235458201570,3904552627e6,4160355825e6,NA,NA
Macao SAR,546,"Money and Quasi Money, Broad Money (M2), US Dollars",FMB_XDC,Value,NA,NA,NA,NA,NA,NA,NA,NA,NA,NA,NA,NA,NA,NA,NA,NA,NA,NA,NA,NA,NA,NA,NA,NA,NA,NA,NA,NA,NA,NA,NA,NA,NA,NA,NA,NA,NA,NA,NA,NA,NA,NA,NA,NA,NA,NA,NA,NA,NA,NA,NA,NA,NA,NA,NA,NA,NA,NA,NA,NA,NA,91550005000,98959342000,111090046000,120947033000,135659793000,168911862000,185540565000,189790344000,212233314000,243053843000,297963895000,374931002000,441410532000,487471794000,472829009000,532475286000,591465630000,651452054000,687520576000,692358396000,687540070000,717710704000,725579553000,782436627000,NA,NA
Norway,142,"Money and Quasi Money, Broad Money (M2), US Dollars",FMB_XDC,Value,NA,NA,NA,NA,NA,NA,NA,NA,NA,NA,NA,NA,NA,NA,NA,NA,NA,NA,NA,NA,NA,NA,NA,NA,NA,NA,NA,NA,NA,NA,NA,NA,NA,NA,NA,NA,NA,NA,NA,NA,NA,NA,NA,NA,NA,NA,NA,NA,NA,NA,NA,NA,NA,NA,NA,NA,NA,NA,NA,NA,NA,843455000000,906086879059.553,925542138240.144,988939473830.075,1093019174794.85,1167090000000,1378369000000,1420916000000,1433685000000,1526429000000,1624446000000,1697474000000,1812037000000,1922808000000,1820391000000,2024976000000,2148134000000,2259470000000,2349250000000,2634890000000,2911604000000,3073102000000,3086411000000,3192854000000,NA,NA
Sweden,144,"Money and Quasi Money, Broad Money (M2), US Dollars",FMB_XDC,Value,NA,NA,NA,NA,NA,NA,NA,NA,NA,NA,NA,NA,NA,NA,NA,NA,NA,NA,NA,NA,NA,NA,NA,NA,NA,NA,NA,NA,NA,NA,NA,NA,NA,NA,NA,NA,NA,NA,NA,NA,NA,NA,NA,NA,NA,NA,NA,NA,NA,NA,NA,NA,NA,NA,NA,NA,NA,NA,NA,NA,NA,1113899000000,1205880000000,1259082000000,1301510000000,1516024000000,1743754000000,2067914000000,2124142000000,2134871000000,2209655000000,2356567000000,2435958000000,2528914000000,2634557000000,2809711000000,3058282000000,3366065000000,3494589000000,3741185000000,4419599000000,4881338000000,5021481000000,4957130000000,4972347000000,NA,NA
Czech Republic,935,"Money and Quasi Money, Broad Money (M2), US Dollars",FMB_XDC,Value,NA,NA,NA,NA,NA,NA,NA,NA,NA,NA,NA,NA,NA,NA,NA,NA,NA,NA,NA,NA,NA,NA,NA,NA,NA,NA,NA,NA,NA,NA,NA,NA,NA,NA,NA,NA,NA,NA,NA,NA,NA,NA,NA,NA,NA,NA,NA,NA,NA,NA,NA,NA,NA,NA,NA,NA,NA,NA,NA,NA,NA,NA,1428987000000,1522799000000,1634864100000,1814653000000,2049661400000,2380013000000,2703367000000,2709134000000,2759970000000,2835992000000,2971845000000,3144516000000,3330670000000,3595489000000,3830195000000,4226892000000,4493667000000,4779393000000,5255243000000,5610992000000,5953591000000,6532890000000,7012901000000,NA,NA
Denmark,128,"Money and Quasi Money, Broad Money (M2), US Dollars",FMB_XDC,Value,NA,NA,NA,NA,NA,NA,NA,NA,NA,NA,NA,NA,NA,NA,NA,NA,NA,NA,NA,NA,NA,NA,NA,NA,NA,NA,NA,NA,NA,NA,NA,NA,NA,NA,NA,NA,NA,NA,NA,NA,NA,NA,NA,NA,NA,NA,NA,NA,NA,NA,NA,NA,NA,NA,NA,NA,NA,NA,NA,NA,NA,NA,NA,681096000000,699672000000,800544000000,892438000000,1045631000000,1118828000000,1169496000000,1261632000000,1186739000000,1211047000000,1097529000000,1252316000000,1376437000000,1277266000000,1343188000000,1363348000000,1442527940000,1584466120000,1567884320000,1721928740000,1804819920000,1831066890000,NA,NA
Hong Kong SAR,532,"Money and Quasi Money, Broad Money (M2), US Dollars",FMB_XDC,Value,NA,NA,NA,NA,NA,NA,NA,NA,NA,NA,NA,NA,NA,NA,NA,NA,NA,NA,NA,NA,NA,NA,NA,NA,NA,NA,NA,NA,NA,NA,NA,NA,NA,NA,NA,NA,NA,NA,NA,NA,NA,NA,NA,NA,NA,NA,NA,NA,NA,NA,NA,NA,NA,NA,NA,NA,NA,NA,NA,NA,NA,NA,NA,NA,3461226414000,3638884210000,4162358924000,4796729693000,4934931450000,5238248091000,5600142878000,6264527712000,6849663929000,7567789348000,8212082626000,8767814849000,9340707860000,10536096570000,10947556372000,11474373983000,12166916913000,12555934569000,12966463053000,13468556217000,14410838444000,NA,NA
New Zealand,196,"Money and Quasi Money, Broad Money (M2), US Dollars",FMB_XDC,Value,NA,NA,NA,NA,NA,NA,NA,NA,NA,NA,NA,NA,NA,NA,NA,NA,NA,NA,NA,NA,NA,NA,NA,NA,NA,NA,NA,NA,NA,NA,NA,NA,NA,NA,NA,NA,NA,NA,NA,NA,NA,NA,NA,NA,NA,NA,NA,NA,NA,NA,NA,NA,NA,NA,NA,NA,NA,NA,NA,NA,NA,NA,NA,NA,NA,NA,NA,NA,NA,NA,NA,NA,NA,216074000000,230571000000,253283000000,272688557000,292599860000,311398735000,326071184000,365779946000,391601940000,398778222000,412988273000,430064619000,NA,NA
Austria,122,"Money and Quasi Money, Broad Money (M2), US Dollars",FMB_XDC,Value,NA,NA,NA,NA,NA,NA,NA,NA,NA,NA,NA,NA,NA,NA,NA,NA,NA,NA,NA,NA,NA,NA,NA,NA,NA,NA,NA,NA,NA,NA,NA,NA,NA,NA,NA,NA,NA,NA,NA,NA,NA,NA,NA,NA,NA,NA,NA,NA,NA,NA,NA,NA,NA,NA,NA,NA,NA,NA,NA,NA,NA,NA,NA,NA,NA,NA,NA,NA,NA,NA,NA,NA,NA,NA,NA,NA,NA,NA,NA,NA,NA,NA,NA,NA,NA,NA,NA
Belgium,124,"Money and Quasi Money, Broad Money (M2), US Dollars",FMB_XDC,Value,NA,NA,NA,NA,NA,NA,NA,NA,NA,NA,NA,NA,NA,NA,NA,NA,NA,NA,NA,NA,NA,NA,NA,NA,NA,NA,NA,NA,NA,NA,NA,NA,NA,NA,NA,NA,NA,NA,NA,NA,NA,NA,NA,NA,NA,NA,NA,NA,NA,NA,NA,NA,NA,NA,NA,NA,NA,NA,NA,NA,NA,NA,NA,NA,NA,NA,NA,NA,NA,NA,NA,NA,NA,NA,NA,NA,NA,NA,NA,NA,NA,NA,NA,NA,NA,NA,NA
Croatia,960,"Money and Quasi Money, Broad Money (M2), US Dollars",FMB_XDC,Value,NA,NA,NA,NA,NA,NA,NA,NA,NA,NA,NA,NA,NA,NA,NA,NA,NA,NA,NA,NA,NA,NA,NA,NA,NA,NA,NA,NA,NA,NA,NA,NA,NA,NA,NA,NA,NA,NA,NA,NA,NA,NA,NA,NA,NA,NA,NA,NA,NA,NA,NA,NA,NA,NA,NA,NA,NA,NA,NA,NA,NA,NA,NA,NA,NA,NA,NA,NA,NA,NA,NA,NA,NA,NA,NA,NA,NA,NA,NA,NA,NA,NA,NA,NA,NA,NA,NA
Cyprus,423,"Money and Quasi Money, Broad Money (M2), US Dollars",FMB_XDC,Value,NA,NA,NA,NA,NA,NA,NA,NA,NA,NA,NA,NA,NA,NA,NA,NA,NA,NA,NA,NA,NA,NA,NA,NA,NA,NA,NA,NA,NA,NA,NA,NA,NA,NA,NA,NA,NA,NA,NA,NA,NA,NA,NA,NA,NA,NA,NA,NA,NA,NA,NA,NA,NA,NA,NA,NA,NA,NA,NA,NA,NA,NA,NA,NA,NA,NA,NA,NA,NA,NA,NA,NA,NA,NA,NA,NA,NA,NA,NA,NA,NA,NA,NA,NA,NA,NA,NA
Estonia,939,"Money and Quasi Money, Broad Money (M2), US Dollars",FMB_XDC,Value,NA,NA,NA,NA,NA,NA,NA,NA,NA,NA,NA,NA,NA,NA,NA,NA,NA,NA,NA,NA,NA,NA,NA,NA,NA,NA,NA,NA,NA,NA,NA,NA,NA,NA,NA,NA,NA,NA,NA,NA,NA,NA,NA,NA,NA,NA,NA,NA,NA,NA,NA,NA,NA,NA,NA,NA,NA,NA,NA,NA,NA,NA,NA,NA,NA,NA,NA,NA,NA,NA,NA,NA,NA,NA,NA,NA,NA,NA,NA,NA,NA,NA,NA,NA,NA,NA,NA
Euro area,163,"Money and Quasi Money, Broad Money (M2), US Dollars",FMB_XDC,Value,NA,NA,NA,NA,NA,NA,NA,NA,NA,NA,NA,NA,NA,NA,NA,NA,NA,NA,NA,NA,NA,NA,NA,NA,NA,NA,NA,NA,NA,NA,NA,NA,NA,NA,NA,NA,NA,NA,NA,NA,NA,NA,NA,NA,NA,NA,NA,NA,NA,NA,NA,NA,NA,NA,NA,NA,NA,NA,NA,NA,NA,NA,NA,NA,NA,NA,NA,NA,NA,NA,NA,NA,NA,NA,NA,NA,NA,NA,NA,NA,NA,NA,NA,NA,NA,NA,NA
Finland,172,"Money and Quasi Money, Broad Money (M2), US Dollars",FMB_XDC,Value,NA,NA,NA,NA,NA,NA,NA,NA,NA,NA,NA,NA,NA,NA,NA,NA,NA,NA,NA,NA,NA,NA,NA,NA,NA,NA,NA,NA,NA,NA,NA,NA,NA,NA,NA,NA,NA,NA,NA,NA,NA,NA,NA,NA,NA,NA,NA,NA,NA,NA,NA,NA,NA,NA,NA,NA,NA,NA,NA,NA,NA,NA,NA,NA,NA,NA,NA,NA,NA,NA,NA,NA,NA,NA,NA,NA,NA,NA,NA,NA,NA,NA,NA,NA,NA,NA,NA
France,132,"Money and Quasi Money, Broad Money (M2), US Dollars",FMB_XDC,Value,NA,NA,NA,NA,NA,NA,NA,NA,NA,NA,NA,NA,NA,NA,NA,NA,NA,NA,NA,NA,NA,NA,NA,NA,NA,NA,NA,NA,NA,NA,NA,NA,NA,NA,NA,NA,NA,NA,NA,NA,NA,NA,NA,NA,NA,NA,NA,NA,NA,NA,NA,NA,NA,NA,NA,NA,NA,NA,NA,NA,NA,NA,NA,NA,NA,NA,NA,NA,NA,NA,NA,NA,NA,NA,NA,NA,NA,NA,NA,NA,NA,NA,NA,NA,NA,NA,NA
Germany,134,"Money and Quasi Money, Broad Money (M2), US Dollars",FMB_XDC,Value,NA,NA,NA,NA,NA,NA,NA,NA,NA,NA,NA,NA,NA,NA,NA,NA,NA,NA,NA,NA,NA,NA,NA,NA,NA,NA,NA,NA,NA,NA,NA,NA,NA,NA,NA,NA,NA,NA,NA,NA,NA,NA,NA,NA,NA,NA,NA,NA,NA,NA,NA,NA,NA,NA,NA,NA,NA,NA,NA,NA,NA,NA,NA,NA,NA,NA,NA,NA,NA,NA,NA,NA,NA,NA,NA,NA,NA,NA,NA,NA,NA,NA,NA,NA,NA,NA,NA
Greece,174,"Money and Quasi Money, Broad Money (M2), US Dollars",FMB_XDC,Value,NA,NA,NA,NA,NA,NA,NA,NA,NA,NA,NA,NA,NA,NA,NA,NA,NA,NA,NA,NA,NA,NA,NA,NA,NA,NA,NA,NA,NA,NA,NA,NA,NA,NA,NA,NA,NA,NA,NA,NA,NA,NA,NA,NA,NA,NA,NA,NA,NA,NA,NA,NA,NA,NA,NA,NA,NA,NA,NA,NA,NA,NA,NA,NA,NA,NA,NA,NA,NA,NA,NA,NA,NA,NA,NA,NA,NA,NA,NA,NA,NA,NA,NA,NA,NA,NA,NA
Ireland,178,"Money and Quasi Money, Broad Money (M2), US Dollars",FMB_XDC,Value,NA,NA,NA,NA,NA,NA,NA,NA,NA,NA,NA,NA,NA,NA,NA,NA,NA,NA,NA,NA,NA,NA,NA,NA,NA,NA,NA,NA,NA,NA,NA,NA,NA,NA,NA,NA,NA,NA,NA,NA,NA,NA,NA,NA,NA,NA,NA,NA,NA,NA,NA,NA,NA,NA,NA,NA,NA,NA,NA,NA,NA,NA,NA,NA,NA,NA,NA,NA,NA,NA,NA,NA,NA,NA,NA,NA,NA,NA,NA,NA,NA,NA,NA,NA,NA,NA,NA
Italy,136,"Money and Quasi Money, Broad Money (M2), US Dollars",FMB_XDC,Value,NA,NA,NA,NA,NA,NA,NA,NA,NA,NA,NA,NA,NA,NA,NA,NA,NA,NA,NA,NA,NA,NA,NA,NA,NA,NA,NA,NA,NA,NA,NA,NA,NA,NA,NA,NA,NA,NA,NA,NA,NA,NA,NA,NA,NA,NA,NA,NA,NA,NA,NA,NA,NA,NA,NA,NA,NA,NA,NA,NA,NA,NA,NA,NA,NA,NA,NA,NA,NA,NA,NA,NA,NA,NA,NA,NA,NA,NA,NA,NA,NA,NA,NA,NA,NA,NA,NA
Latvia,941,"Money and Quasi Money, Broad Money (M2), US Dollars",FMB_XDC,Value,NA,NA,NA,NA,NA,NA,NA,NA,NA,NA,NA,NA,NA,NA,NA,NA,NA,NA,NA,NA,NA,NA,NA,NA,NA,NA,NA,NA,NA,NA,NA,NA,NA,NA,NA,NA,NA,NA,NA,NA,NA,NA,NA,NA,NA,NA,NA,NA,NA,NA,NA,NA,NA,NA,NA,NA,NA,NA,NA,NA,NA,NA,NA,NA,NA,NA,NA,NA,NA,NA,NA,NA,NA,NA,NA,NA,NA,NA,NA,NA,NA,NA,NA,NA,NA,NA,NA
Lithuania,946,"Money and Quasi Money, Broad Money (M2), US Dollars",FMB_XDC,Value,NA,NA,NA,NA,NA,NA,NA,NA,NA,NA,NA,NA,NA,NA,NA,NA,NA,NA,NA,NA,NA,NA,NA,NA,NA,NA,NA,NA,NA,NA,NA,NA,NA,NA,NA,NA,NA,NA,NA,NA,NA,NA,NA,NA,NA,NA,NA,NA,NA,NA,NA,NA,NA,NA,NA,NA,NA,NA,NA,NA,NA,NA,NA,NA,NA,NA,NA,NA,NA,NA,NA,NA,NA,NA,NA,NA,NA,NA,NA,NA,NA,NA,NA,NA,NA,NA,NA
Luxembourg,137,"Money and Quasi Money, Broad Money (M2), US Dollars",FMB_XDC,Value,NA,NA,NA,NA,NA,NA,NA,NA,NA,NA,NA,NA,NA,NA,NA,NA,NA,NA,NA,NA,NA,NA,NA,NA,NA,NA,NA,NA,NA,NA,NA,NA,NA,NA,NA,NA,NA,NA,NA,NA,NA,NA,NA,NA,NA,NA,NA,NA,NA,NA,NA,NA,NA,NA,NA,NA,NA,NA,NA,NA,NA,NA,NA,NA,NA,NA,NA,NA,NA,NA,NA,NA,NA,NA,NA,NA,NA,NA,NA,NA,NA,NA,NA,NA,NA,NA,NA
Malta,181,"Money and Quasi Money, Broad Money (M2), US Dollars",FMB_XDC,Value,NA,NA,NA,NA,NA,NA,NA,NA,NA,NA,NA,NA,NA,NA,NA,NA,NA,NA,NA,NA,NA,NA,NA,NA,NA,NA,NA,NA,NA,NA,NA,NA,NA,NA,NA,NA,NA,NA,NA,NA,NA,NA,NA,NA,NA,NA,NA,NA,NA,NA,NA,NA,NA,NA,NA,NA,NA,NA,NA,NA,NA,NA,NA,NA,NA,NA,NA,NA,NA,NA,NA,NA,NA,NA,NA,NA,NA,NA,NA,NA,NA,NA,NA,NA,NA,NA,NA
Netherlands,138,"Money and Quasi Money, Broad Money (M2), US Dollars",FMB_XDC,Value,NA,NA,NA,NA,NA,NA,NA,NA,NA,NA,NA,NA,NA,NA,NA,NA,NA,NA,NA,NA,NA,NA,NA,NA,NA,NA,NA,NA,NA,NA,NA,NA,NA,NA,NA,NA,NA,NA,NA,NA,NA,NA,NA,NA,NA,NA,NA,NA,NA,NA,NA,NA,NA,NA,NA,NA,NA,NA,NA,NA,NA,NA,NA,NA,NA,NA,NA,NA,NA,NA,NA,NA,NA,NA,NA,NA,NA,NA,NA,NA,NA,NA,NA,NA,NA,NA,NA
Portugal,182,"Money and Quasi Money, Broad Money (M2), US Dollars",FMB_XDC,Value,NA,NA,NA,NA,NA,NA,NA,NA,NA,NA,NA,NA,NA,NA,NA,NA,NA,NA,NA,NA,NA,NA,NA,NA,NA,NA,NA,NA,NA,NA,NA,NA,NA,NA,NA,NA,NA,NA,NA,NA,NA,NA,NA,NA,NA,NA,NA,NA,NA,NA,NA,NA,NA,NA,NA,NA,NA,NA,NA,NA,NA,NA,NA,NA,NA,NA,NA,NA,NA,NA,NA,NA,NA,NA,NA,NA,NA,NA,NA,NA,NA,NA,NA,NA,NA,NA,NA
San Marino,135,"Money and Quasi Money, Broad Money (M2), US Dollars",FMB_XDC,Value,NA,NA,NA,NA,NA,NA,NA,NA,NA,NA,NA,NA,NA,NA,NA,NA,NA,NA,NA,NA,NA,NA,NA,NA,NA,NA,NA,NA,NA,NA,NA,NA,NA,NA,NA,NA,NA,NA,NA,NA,NA,NA,NA,NA,NA,NA,NA,NA,NA,NA,NA,NA,NA,NA,NA,NA,NA,NA,NA,NA,NA,NA,NA,NA,NA,NA,NA,NA,NA,NA,NA,NA,NA,NA,NA,NA,NA,NA,NA,NA,NA,NA,NA,NA,NA,NA,NA
Singapore,576,"Money and Quasi Money, Broad Money (M2), US Dollars",FMB_XDC,Value,NA,NA,NA,NA,NA,NA,NA,NA,NA,NA,NA,NA,NA,NA,NA,NA,NA,NA,NA,NA,NA,NA,NA,NA,NA,NA,NA,NA,NA,NA,NA,NA,NA,NA,NA,NA,NA,NA,NA,NA,NA,NA,NA,NA,NA,NA,NA,NA,NA,NA,NA,NA,NA,NA,NA,NA,NA,NA,NA,NA,NA,NA,NA,NA,NA,NA,NA,NA,NA,NA,NA,NA,NA,NA,NA,NA,NA,NA,NA,NA,NA,NA,NA,NA,NA,NA,NA
Slovak Republic,936,"Money and Quasi Money, Broad Money (M2), US Dollars",FMB_XDC,Value,NA,NA,NA,NA,NA,NA,NA,NA,NA,NA,NA,NA,NA,NA,NA,NA,NA,NA,NA,NA,NA,NA,NA,NA,NA,NA,NA,NA,NA,NA,NA,NA,NA,NA,NA,NA,NA,NA,NA,NA,NA,NA,NA,NA,NA,NA,NA,NA,NA,NA,NA,NA,NA,NA,NA,NA,NA,NA,NA,NA,NA,NA,NA,NA,NA,NA,NA,NA,NA,NA,NA,NA,NA,NA,NA,NA,NA,NA,NA,NA,NA,NA,NA,NA,NA,NA,NA
Slovenia,961,"Money and Quasi Money, Broad Money (M2), US Dollars",FMB_XDC,Value,NA,NA,NA,NA,NA,NA,NA,NA,NA,NA,NA,NA,NA,NA,NA,NA,NA,NA,NA,NA,NA,NA,NA,NA,NA,NA,NA,NA,NA,NA,NA,NA,NA,NA,NA,NA,NA,NA,NA,NA,NA,NA,NA,NA,NA,NA,NA,NA,NA,NA,NA,NA,NA,NA,NA,NA,NA,NA,NA,NA,NA,NA,NA,NA,NA,NA,NA,NA,NA,NA,NA,NA,NA,NA,NA,NA,NA,NA,NA,NA,NA,NA,NA,NA,NA,NA,NA
Spain,184,"Money and Quasi Money, Broad Money (M2), US Dollars",FMB_XDC,Value,NA,NA,NA,NA,NA,NA,NA,NA,NA,NA,NA,NA,NA,NA,NA,NA,NA,NA,NA,NA,NA,NA,NA,NA,NA,NA,NA,NA,NA,NA,NA,NA,NA,NA,NA,NA,NA,NA,NA,NA,NA,NA,NA,NA,NA,NA,NA,NA,NA,NA,NA,NA,NA,NA,NA,NA,NA,NA,NA,NA,NA,NA,NA,NA,NA,NA,NA,NA,NA,NA,NA,NA,NA,NA,NA,NA,NA,NA,NA,NA,NA,NA,NA,NA,NA,NA,NA
Switzerland,146,"Money and Quasi Money, Broad Money (M2), US Dollars",FMB_XDC,Value,NA,NA,NA,NA,NA,NA,NA,NA,NA,NA,NA,NA,NA,NA,NA,NA,NA,NA,NA,NA,NA,NA,NA,NA,NA,NA,NA,NA,NA,NA,NA,NA,NA,NA,NA,NA,NA,NA,NA,NA,NA,NA,NA,NA,NA,NA,NA,NA,NA,NA,NA,NA,NA,NA,NA,NA,NA,NA,NA,NA,NA,NA,NA,NA,NA,NA,NA,NA,NA,NA,NA,NA,NA,NA,NA,NA,NA,NA,NA,NA,NA,NA,NA,NA,NA,NA,NA
Taiwan Province of China,528,"Money and Quasi Money, Broad Money (M2), US Dollars",FMB_XDC,Value,NA,NA,NA,NA,NA,NA,NA,NA,NA,NA,NA,NA,NA,NA,NA,NA,NA,NA,NA,NA,NA,NA,NA,NA,NA,NA,NA,NA,NA,NA,NA,NA,NA,NA,NA,NA,NA,NA,NA,NA,NA,NA,NA,NA,NA,NA,NA,NA,NA,NA,NA,NA,NA,NA,NA,NA,NA,NA,NA,NA,NA,NA,NA,NA,NA,NA,NA,NA,NA,NA,NA,NA,NA,NA,NA,NA,NA,NA,NA,NA,NA,NA,NA,NA,NA,NA,NA
United Kingdom,112,"Money and Quasi Money, Broad Money (M2), US Dollars",FMB_XDC,Value,NA,NA,NA,NA,NA,NA,NA,NA,NA,NA,NA,NA,NA,NA,NA,NA,NA,NA,NA,NA,NA,NA,NA,NA,NA,NA,NA,NA,NA,NA,NA,NA,NA,NA,NA,NA,NA,NA,NA,NA,NA,NA,NA,NA,NA,NA,NA,NA,NA,NA,NA,NA,NA,NA,NA,NA,NA,NA,NA,NA,NA,NA,NA,NA,NA,NA,NA,NA,NA,NA,NA,NA,NA,NA,NA,NA,NA,NA,NA,NA,NA,NA,NA,NA,NA,NA,NA
United States,111,"Money and Quasi Money, Broad Money (M2), US Dollars",FMB_XDC,Value,NA,NA,NA,NA,NA,NA,NA,NA,NA,NA,NA,NA,NA,NA,NA,NA,NA,NA,NA,NA,NA,NA,NA,NA,NA,NA,NA,NA,NA,NA,NA,NA,NA,NA,NA,NA,NA,NA,NA,NA,NA,NA,NA,NA,NA,NA,NA,NA,NA,NA,NA,NA,NA,NA,NA,NA,NA,NA,NA,NA,NA,NA,NA,NA,NA,NA,NA,NA,NA,NA,NA,NA,NA,NA,NA,NA,NA,NA,NA,NA,NA,NA,NA,NA,NA,NA,NA
Canada,156,"Fiscal, General Government, Expense, Interest, 2001 Manual, Domestic Currency",GG_GEI_G01_XDC,Value,NA,NA,NA,NA,NA,NA,NA,NA,NA,NA,NA,NA,NA,NA,NA,NA,NA,NA,NA,NA,NA,NA,NA,NA,NA,NA,NA,NA,NA,NA,NA,NA,NA,NA,NA,NA,NA,NA,NA,NA,NA,NA,NA,NA,NA,NA,NA,NA,NA,NA,64876000000,65139000000,65867000000,67539000000,70277000000,78254000000,77112000000,74862000000,76392000000,75947000000,77481000000,74177000000,68065000000,66450000000,64824000000,63583000000,63675000000,62633000000,61887000000,58759000000,60965000000,64264000000,63576000000,64064000000,62975000000,62123000000,61145000000,61846000000,66809000000,69527000000,66230000000,67905000000,77734000000,96175000000,110787000000,NA,NA
Canada,156,"Fiscal, Budgetary Central Government, Expense, Interest, 2001 Manual, Domestic Currency",BCG_GEI_G01_XDC,Value,NA,NA,NA,NA,NA,NA,NA,NA,NA,NA,NA,NA,NA,NA,NA,NA,NA,NA,NA,NA,NA,NA,NA,NA,NA,NA,NA,NA,NA,NA,NA,NA,NA,NA,NA,NA,NA,NA,NA,NA,NA,NA,NA,NA,NA,NA,NA,NA,NA,NA,42144000000,41311000000,39796000000,39489000000,40425000000,46579000000,45667000000,43735000000,44250000000,44028000000,45626000000,42172000000,37108000000,35527000000,33808000000,32467000000,32529000000,31932000000,30645000000,27703000000,28272000000,28856000000,27307000000,27259000000,25182000000,23781000000,22430000000,21876000000,24198000000,25216000000,22462000000,24111000000,30695000000,41999000000,50895000000,NA,NA
Norway,142,"Fiscal, General Government, Expense, Interest, 2001 Manual, Domestic Currency",GG_GEI_G01_XDC,Value,NA,NA,NA,NA,NA,NA,NA,NA,NA,NA,NA,NA,NA,NA,NA,NA,NA,NA,NA,NA,NA,NA,NA,NA,NA,NA,NA,NA,NA,NA,NA,NA,NA,NA,NA,NA,NA,NA,NA,NA,NA,NA,NA,NA,NA,NA,NA,NA,NA,NA,NA,NA,NA,NA,NA,NA,25391000000,23060000000,23297000000,NA,NA,NA,28621000000,29664000000,26464000000,31940000000,53281000000,62192000000,53464000000,34694000000,30931000000,30375000000,25515000000,24123000000,23954000000,23404000000,20033000000,17923000000,19318000000,21006000000,18727000000,14254000000,27641000000,54142000000,78564000000,NA,NA
Belgium,124,"Fiscal, General Government, Expense, Interest, 2001 Manual, Domestic Currency",GG_GEI_G01_XDC,Value,NA,NA,NA,NA,NA,NA,NA,NA,NA,NA,NA,NA,NA,NA,NA,NA,NA,NA,NA,NA,NA,NA,NA,NA,NA,NA,NA,NA,NA,NA,NA,NA,NA,NA,NA,NA,NA,NA,NA,NA,NA,NA,NA,NA,NA,NA,NA,NA,NA,NA,NA,NA,NA,NA,NA,NA,NA,NA,NA,16807200000,17213800000,17370700000,15956000000,15231900000,14419400000,13657000000,13471800000,13845000000,14173600000,13749200000,13226300000,13592900000,13814100000,13223000000,13332700000,12396200000,11882900000,10697200000,10006200000,9627900000,9126600000,8580900000,8741200000,11766800000,13723300000,NA,NA
Cyprus,423,"Fiscal, General Government, Expense, Interest, 2001 Manual, Domestic Currency",GG_GEI_G01_XDC,Value,NA,NA,NA,NA,NA,NA,NA,NA,NA,NA,NA,NA,NA,NA,NA,NA,NA,NA,NA,NA,NA,NA,NA,NA,NA,NA,NA,NA,NA,NA,NA,NA,NA,NA,NA,NA,NA,NA,NA,NA,NA,NA,NA,NA,NA,NA,NA,NA,NA,NA,NA,NA,NA,NA,NA,NA,NA,NA,NA,278800000,337200000,363200000,352400000,410300000,412000000,470300000,473400000,494100000,500600000,433600000,381600000,425900000,651600000,583500000,579100000,561600000,500400000,503400000,512500000,509300000,456000000,434700000,386900000,396100000,423100000,NA,NA
Czech Republic,935,"Fiscal, General Government, Expense, Interest, 2001 Manual, Domestic Currency",GG_GEI_G01_XDC,Value,NA,NA,NA,NA,NA,NA,NA,NA,NA,NA,NA,NA,NA,NA,NA,NA,NA,NA,NA,NA,NA,NA,NA,NA,NA,NA,NA,NA,NA,NA,NA,NA,NA,NA,NA,NA,NA,NA,NA,NA,NA,NA,NA,NA,NA,NA,NA,NA,NA,NA,NA,NA,NA,NA,NA,NA,NA,NA,NA,20510000000,18163000000,23803000000,29471000000,29366000000,33112000000,35303000000,36298000000,41083000000,40013000000,48315000000,52043000000,53023000000,57831000000,55017000000,56136000000,49002000000,43793000000,37541000000,39641000000,40116000000,43345000000,45551000000,78355000000,98513000000,107216000000,NA,NA
Denmark,128,"Fiscal, General Government, Expense, Interest, 2001 Manual, Domestic Currency",GG_GEI_G01_XDC,Value,NA,NA,NA,NA,NA,NA,NA,NA,NA,NA,NA,NA,NA,NA,NA,NA,NA,NA,NA,NA,NA,NA,NA,NA,NA,NA,NA,NA,NA,NA,NA,NA,NA,NA,NA,NA,NA,NA,NA,NA,NA,NA,NA,NA,NA,NA,NA,NA,NA,NA,NA,NA,NA,NA,NA,NA,NA,NA,NA,52202060000,50769220000,44688090000,42162850000,38109580000,35901230000,29920670000,27946050000,26384510000,25511320000,31075960000,32011850000,33445220000,31041010000,30152100000,26795630000,25571560000,22288160000,16712390000,18039310000,17031350000,12058250000,12664360000,19942990000,19047100000,22872430000,NA,NA
Spain,184,"Fiscal, General Government, Expense, Interest, 2001 Manual, Domestic Currency",GG_GEI_G01_XDC,Value,NA,NA,NA,NA,NA,NA,NA,NA,NA,NA,NA,NA,NA,NA,NA,NA,NA,NA,NA,NA,NA,NA,NA,NA,NA,NA,NA,NA,NA,NA,NA,NA,NA,NA,NA,NA,NA,NA,NA,NA,NA,NA,NA,NA,NA,NA,NA,NA,NA,NA,NA,NA,NA,NA,NA,NA,NA,NA,NA,20307000000,20485000000,20815000000,19712000000,18459000000,17104000000,16201000000,16168000000,17009000000,17542000000,18355000000,20437000000,26562000000,31353000000,36553000000,36706000000,33368000000,31226000000,29613000000,29593000000,28231000000,25127000000,26170000000,31775000000,35551000000,38793000000,NA,NA
Finland,172,"Fiscal, General Government, Expense, Interest, 2001 Manual, Domestic Currency",GG_GEI_G01_XDC,Value,NA,NA,NA,NA,NA,NA,NA,NA,NA,NA,NA,NA,NA,NA,NA,NA,NA,NA,NA,NA,NA,NA,NA,NA,NA,NA,NA,NA,NA,NA,NA,NA,NA,NA,NA,NA,NA,NA,NA,NA,NA,NA,NA,NA,NA,NA,NA,NA,NA,NA,NA,NA,NA,NA,NA,NA,NA,NA,NA,3680000000,3699000000,3693000000,3013000000,2755000000,2686000000,2653000000,2581000000,2650000000,2713000000,2414000000,2637000000,2930000000,3040000000,2740000000,2684000000,2565000000,2481000000,2342000000,2266000000,2033000000,1584000000,1265000000,1497000000,3173000000,4342000000,NA,NA
France,132,"Fiscal, General Government, Expense, Interest, 2001 Manual, Domestic Currency",GG_GEI_G01_XDC,Value,NA,NA,NA,NA,NA,NA,NA,NA,NA,NA,NA,NA,NA,NA,NA,NA,NA,NA,NA,NA,NA,NA,NA,NA,NA,NA,NA,NA,NA,NA,NA,NA,NA,NA,NA,NA,NA,NA,NA,NA,NA,NA,NA,NA,NA,NA,NA,NA,NA,NA,NA,NA,NA,NA,NA,NA,NA,NA,NA,42943300000,43605900000,46706400000,47793500000,46658100000,47510600000,47845000000,48060200000,52095200000,57169300000,49281500000,50708000000,55995700000,54940800000,49426100000,47315800000,44707400000,42430700000,41020100000,41660600000,36868200000,29724100000,34799900000,50934000000,52887200000,60166200000,NA,NA
United Kingdom,112,"Fiscal, General Government, Expense, Interest, 2001 Manual, Domestic Currency",GG_GEI_G01_XDC,Value,NA,NA,NA,NA,NA,NA,NA,NA,NA,NA,NA,NA,NA,NA,NA,NA,NA,NA,NA,NA,NA,NA,NA,NA,NA,NA,NA,NA,NA,NA,NA,NA,NA,NA,NA,NA,NA,NA,NA,NA,NA,NA,NA,NA,NA,NA,NA,NA,NA,NA,NA,NA,NA,NA,NA,NA,NA,NA,NA,27326000000,27405000000,24986000000,22741000000,23859000000,25757000000,28978000000,30633000000,35400000000,36701000000,31558000000,48872000000,55611000000,51908000000,53055000000,52246000000,47122000000,51337000000,58741000000,55972000000,51459000000,44202000000,64304000000,110233000000,88809000000,84665000000,NA,NA
Greece,174,"Fiscal, General Government, Expense, Interest, 2001 Manual, Domestic Currency",GG_GEI_G01_XDC,Value,NA,NA,NA,NA,NA,NA,NA,NA,NA,NA,NA,NA,NA,NA,NA,NA,NA,NA,NA,NA,NA,NA,NA,NA,NA,NA,NA,NA,NA,NA,NA,NA,NA,NA,NA,NA,NA,NA,NA,NA,NA,NA,NA,NA,NA,NA,NA,NA,NA,NA,NA,NA,NA,NA,NA,NA,NA,NA,NA,10144000000,9679000000,9566000000,9103000000,8761000000,9269000000,9353000000,9623000000,10469000000,11653000000,11972000000,13659000000,15599000000,10076000000,7417000000,7070000000,6281000000,5612000000,5566000000,6078000000,5503000000,4952000000,4528000000,5170000000,7620000000,8220000000,NA,NA
Italy,136,"Fiscal, General Government, Expense, Interest, 2001 Manual, Domestic Currency",GG_GEI_G01_XDC,Value,NA,NA,NA,NA,NA,NA,NA,NA,NA,NA,NA,NA,NA,NA,NA,NA,NA,NA,NA,NA,NA,NA,NA,NA,NA,NA,NA,NA,NA,NA,NA,NA,NA,NA,NA,NA,NA,NA,NA,NA,NA,NA,NA,NA,NA,NA,NA,NA,NA,NA,NA,NA,NA,NA,NA,NA,NA,NA,NA,74998000000,75961000000,79082000000,73477000000,69137000000,66749000000,67223000000,68871000000,76677000000,80678000000,69499000000,68858000000,76567000000,83582000000,77659000000,74441000000,68116000000,66258000000,65333000000,64366000000,60214000000,57125000000,63003000000,81614000000,77778000000,85621000000,NA,NA
Lithuania,946,"Fiscal, General Government, Expense, Interest, 2001 Manual, Domestic Currency",GG_GEI_G01_XDC,Value,NA,NA,NA,NA,NA,NA,NA,NA,NA,NA,NA,NA,NA,NA,NA,NA,NA,NA,NA,NA,NA,NA,NA,NA,NA,NA,NA,NA,NA,NA,NA,NA,NA,NA,NA,NA,NA,NA,NA,NA,NA,NA,NA,NA,NA,NA,NA,NA,NA,NA,NA,NA,NA,NA,NA,NA,NA,NA,NA,186943180,231697410,213520040,198413180,205810960,163711310,160718080,168007170,192310890,214101710,333203870,510209520,575736150,658692300,616865140,620132900,601099080,553274460,502908210,441068990,456673370,359198500,269717730,232252710,437221190,629855640,NA,NA
Latvia,941,"Fiscal, General Government, Expense, Interest, 2001 Manual, Domestic Currency",GG_GEI_G01_XDC,Value,NA,NA,NA,NA,NA,NA,NA,NA,NA,NA,NA,NA,NA,NA,NA,NA,NA,NA,NA,NA,NA,NA,NA,NA,NA,NA,NA,NA,NA,NA,NA,NA,NA,NA,NA,NA,NA,NA,NA,NA,NA,NA,NA,NA,NA,NA,NA,NA,NA,NA,NA,NA,NA,NA,NA,NA,NA,NA,NA,39848000,64299000,67644000,60492000,72491000,82333000,74661000,78151000,85393000,141322000,293647000,321974000,359623000,368138000,344764000,321064000,311188000,273877000,264394000,225830000,223028000,211764000,175245000,183190000,286865000,443345000,NA,NA
Malta,181,"Fiscal, General Government, Expense, Interest, 2001 Manual, Domestic Currency",GG_GEI_G01_XDC,Value,NA,NA,NA,NA,NA,NA,NA,NA,NA,NA,NA,NA,NA,NA,NA,NA,NA,NA,NA,NA,NA,NA,NA,NA,NA,NA,NA,NA,NA,NA,NA,NA,NA,NA,NA,NA,NA,NA,NA,NA,NA,NA,NA,NA,NA,NA,NA,NA,NA,NA,NA,NA,NA,NA,NA,NA,NA,NA,NA,145971390,167679750,159158450,174388970,168459970,181693330,195682880,200554140,201699980,205763090,201197880,204729190,219193390,219255940,224227820,234978260,231596850,220765530,210556050,194018140,183597400,170912230,167937650,163743710,215600020,266491540,NA,NA
Netherlands,138,"Fiscal, General Government, Expense, Interest, 2001 Manual, Domestic Currency",GG_GEI_G01_XDC,Value,NA,NA,NA,NA,NA,NA,NA,NA,NA,NA,NA,NA,NA,NA,NA,NA,NA,NA,NA,NA,NA,NA,NA,NA,NA,NA,NA,NA,NA,NA,NA,NA,NA,NA,NA,NA,NA,NA,NA,NA,NA,NA,NA,NA,NA,NA,NA,NA,NA,NA,NA,NA,NA,NA,NA,NA,NA,NA,NA,16970000000,15549000000,14539000000,13546000000,12748000000,12808000000,12460000000,12253000000,12875000000,13931000000,13249000000,12086000000,12184000000,11454000000,11176000000,10309000000,9371000000,8556000000,7654000000,7130000000,6446000000,5659000000,4841000000,5650000000,7125000000,7928000000,NA,NA
Portugal,182,"Fiscal, General Government, Expense, Interest, 2001 Manual, Domestic Currency",GG_GEI_G01_XDC,Value,NA,NA,NA,NA,NA,NA,NA,NA,NA,NA,NA,NA,NA,NA,NA,NA,NA,NA,NA,NA,NA,NA,NA,NA,NA,NA,NA,NA,NA,NA,NA,NA,NA,NA,NA,NA,NA,NA,NA,NA,NA,NA,NA,NA,NA,NA,NA,NA,NA,NA,NA,NA,NA,NA,NA,NA,NA,NA,NA,3523040000,3861900000,4057376000,4042533000,3883130000,3908818000,4071339000,4626240000,5205108000,5572850000,5230123000,5245475000,7521560000,8136945000,8139253000,8334364000,8132839000,7633305000,7299371000,6805846000,6226933000,5697126000,5117779000,4608019000,5553291000,5934789000,NA,NA
Slovak Republic,936,"Fiscal, General Government, Expense, Interest, 2001 Manual, Domestic Currency",GG_GEI_G01_XDC,Value,NA,NA,NA,NA,NA,NA,NA,NA,NA,NA,NA,NA,NA,NA,NA,NA,NA,NA,NA,NA,NA,NA,NA,NA,NA,NA,NA,NA,NA,NA,NA,NA,NA,NA,NA,NA,NA,NA,NA,NA,NA,NA,NA,NA,NA,NA,NA,NA,NA,NA,NA,NA,NA,NA,NA,NA,NA,NA,NA,970089000,1279964000,1370536000,1329694000,1044603000,1010348000,874144000,824952000,895725000,927416000,934216000,884325000,1106872000,1312874000,1418299000,1473999000,1408811000,1373232000,1220378000,1209762000,1164961000,1104659000,1099173000,1139048000,1428032000,1850046000,NA,NA
Slovenia,961,"Fiscal, General Government, Expense, Interest, 2001 Manual, Domestic Currency",GG_GEI_G01_XDC,Value,NA,NA,NA,NA,NA,NA,NA,NA,NA,NA,NA,NA,NA,NA,NA,NA,NA,NA,NA,NA,NA,NA,NA,NA,NA,NA,NA,NA,NA,NA,NA,NA,NA,NA,NA,NA,NA,NA,NA,NA,NA,NA,NA,NA,NA,NA,NA,NA,NA,NA,NA,NA,NA,NA,NA,NA,NA,NA,NA,398799500,448979320,491330400,511444850,496969970,464876990,452030710,437895470,442874910,421259610,479037210,596832390,704198920,736608590,940591520,1231416830,1262142530,1229715910,1081734270,922507290,785143430,738745360,642359120,641195500,793212790,872184820,NA,NA
Sweden,144,"Fiscal, General Government, Expense, Interest, 2001 Manual, Domestic Currency",GG_GEI_G01_XDC,Value,NA,NA,NA,NA,NA,NA,NA,NA,NA,NA,NA,NA,NA,NA,NA,NA,NA,NA,NA,NA,NA,NA,NA,NA,NA,NA,NA,NA,NA,NA,NA,NA,NA,NA,NA,NA,NA,NA,NA,NA,NA,NA,NA,NA,NA,NA,NA,NA,NA,NA,NA,NA,NA,NA,NA,NA,NA,NA,NA,87080000000,80204000000,66424000000,75875000000,56974000000,53147000000,52987000000,54939000000,56251000000,54439000000,43609000000,38998000000,45767000000,37401000000,32751000000,26414000000,23219000000,20471000000,19374000000,21585000000,19934000000,13907000000,12321000000,29731000000,44043000000,43339000000,NA,NA
Austria,122,"Fiscal, General Government, Expense, Interest, 2001 Manual, Domestic Currency",GG_GEI_G01_XDC,Value,NA,NA,NA,NA,NA,NA,NA,NA,NA,NA,NA,NA,NA,NA,NA,NA,NA,NA,NA,NA,NA,NA,NA,NA,NA,NA,NA,NA,NA,NA,NA,NA,NA,NA,NA,NA,NA,NA,NA,NA,NA,NA,NA,NA,NA,NA,NA,NA,NA,NA,NA,NA,NA,NA,NA,NA,NA,NA,NA,NA,NA,7964579900,7827430000,7391650100,7343500000,8242899900,8436580200,8988080100,8683499800,9190289800,8714089800,8761119900,8821480000,8533730000,8137679900,8044969900,7455070000,6785680000,6258490000,5663450000,5134850100,4489360000,4257970010,5743060100,7330470100,NA,NA
Germany,134,"Fiscal, General Government, Expense, Interest, 2001 Manual, Domestic Currency",GG_GEI_G01_XDC,Value,NA,NA,NA,NA,NA,NA,NA,NA,NA,NA,NA,NA,NA,NA,NA,NA,NA,NA,NA,NA,NA,NA,NA,NA,NA,NA,NA,NA,NA,NA,NA,NA,NA,NA,NA,NA,NA,NA,NA,NA,NA,NA,NA,NA,NA,NA,NA,NA,NA,NA,NA,NA,NA,NA,NA,NA,NA,NA,NA,NA,NA,NA,66135000000,65075000000,63816000000,63494000000,65218000000,67686000000,69096000000,65189000000,63851000000,67980000000,64185000000,51902000000,47547000000,42913000000,37888000000,34489000000,31787000000,28052000000,22390000000,21756000000,28018000000,36848000000,45828000000,NA,NA
Estonia,939,"Fiscal, General Government, Expense, Interest, 2001 Manual, Domestic Currency",GG_GEI_G01_XDC,Value,NA,NA,NA,NA,NA,NA,NA,NA,NA,NA,NA,NA,NA,NA,NA,NA,NA,NA,NA,NA,NA,NA,NA,NA,NA,NA,NA,NA,NA,NA,NA,NA,NA,NA,NA,NA,NA,NA,NA,NA,NA,NA,NA,NA,NA,NA,NA,NA,NA,NA,NA,NA,NA,NA,NA,NA,NA,NA,NA,NA,NA,NA,20300000,20100000,21400000,21500000,22800000,27800000,35100000,27100000,14100000,16800000,20800000,16000000,15500000,14100000,9800000,10200000,10700000,10700000,19500000,20000000,40300000,138400000,233700000,NA,NA
Ireland,178,"Fiscal, General Government, Expense, Interest, 2001 Manual, Domestic Currency",GG_GEI_G01_XDC,Value,NA,NA,NA,NA,NA,NA,NA,NA,NA,NA,NA,NA,NA,NA,NA,NA,NA,NA,NA,NA,NA,NA,NA,NA,NA,NA,NA,NA,NA,NA,NA,NA,NA,NA,NA,NA,NA,NA,NA,NA,NA,NA,NA,NA,NA,NA,NA,NA,NA,NA,NA,NA,NA,NA,NA,NA,NA,NA,NA,NA,NA,NA,1793396000,1774563300,1713735100,1741623600,1850287000,1985083500,2402974700,3416440300,4747623100,5768331800,7297711600,7761144200,7590841000,6935852300,6271151800,5907631000,5305845500,4617793000,3825492000,3290187500,3322511500,3443843600,3362547100,NA,NA
Iceland,176,"Fiscal, General Government, Expense, Interest, 2001 Manual, Domestic Currency",GG_GEI_G01_XDC,Value,NA,NA,NA,NA,NA,NA,NA,NA,NA,NA,NA,NA,NA,NA,NA,NA,NA,NA,NA,NA,NA,NA,NA,NA,NA,NA,NA,NA,NA,NA,NA,NA,NA,NA,NA,NA,NA,NA,NA,NA,NA,NA,NA,NA,NA,NA,NA,NA,NA,NA,NA,NA,NA,NA,NA,NA,NA,NA,NA,NA,NA,NA,48140632804.0004,56209594063.6088,62578363512.2168,58085525520.848,75419925404.4384,88022886625.6224,184021231177.8433,196394814569.3959,133724161647.8297,153285186148.7807,163800291896.525,158802929346.9094,140995692330.9232,155444973033.3506,150639489525.2785,151809563959.2219,142143960845.237,132767761787.5446,120576607726.8055,131074485051.2006,232063087618.3608,245443171312.9916,212163593177.5392,NA,NA
Luxembourg,137,"Fiscal, General Government, Expense, Interest, 2001 Manual, Domestic Currency",GG_GEI_G01_XDC,Value,NA,NA,NA,NA,NA,NA,NA,NA,NA,NA,NA,NA,NA,NA,NA,NA,NA,NA,NA,NA,NA,NA,NA,NA,NA,NA,NA,NA,NA,NA,NA,NA,NA,NA,NA,NA,NA,NA,NA,NA,NA,NA,NA,NA,NA,NA,NA,NA,NA,NA,NA,NA,NA,NA,NA,NA,NA,NA,NA,NA,NA,NA,66678770,63384030,52503570,57949550,73649800,105635560,139055780,141532630,174532220,222046980,222205820,244493610,209733930,202977290,207905720,214895340,209861840,204167030,142289890,107256360,117066090,235772490,263932470,NA,NA
Australia,193,"Fiscal, General Government, Expense, Interest, 2001 Manual, Domestic Currency",GG_GEI_G01_XDC,Value,NA,NA,NA,NA,NA,NA,NA,NA,NA,NA,NA,NA,NA,NA,NA,NA,NA,NA,NA,NA,NA,NA,NA,NA,NA,NA,NA,NA,NA,NA,NA,NA,NA,NA,NA,NA,NA,NA,NA,NA,NA,NA,NA,NA,NA,NA,NA,NA,NA,NA,NA,NA,NA,NA,NA,NA,NA,NA,NA,NA,NA,NA,NA,NA,14968000000,14912000000,15127000000,15597000000,15822000000,17691000000,21848000000,26883000000,30383000000,31475000000,35031000000,37439000000,37828000000,36469000000,38505000000,38409000000,35121000000,34538000000,39634000000,52796000000,59662000000,65270000000,NA
Israel,436,"Fiscal, Budgetary Central Government, Expense, Interest, 2001 Manual, Domestic Currency",BCG_GEI_G01_XDC,Value,NA,NA,NA,NA,NA,NA,NA,NA,NA,NA,NA,NA,NA,NA,NA,NA,NA,NA,NA,NA,NA,NA,NA,NA,NA,NA,NA,NA,NA,NA,NA,NA,NA,NA,NA,NA,NA,NA,NA,NA,NA,NA,NA,NA,NA,NA,NA,NA,NA,NA,NA,NA,NA,NA,NA,NA,NA,NA,NA,NA,NA,NA,NA,NA,NA,NA,33601779212.44208,34665016196.07624,40658833364.93271,39816250277.36,34271914320.56528,36463947739.11615,34134072427.77648,35423845953.85872,25520161543.99452,22777908070.37192,24324810036.41496,26108057561.88612,30219440367.38634,27825747758.22874,25993715498.09377,42127976237.2573,57277154762.6961,51768337652.86119,60367192499.16118,NA,NA
Switzerland,146,"Fiscal, Budgetary Central Government, Expense, Interest, 2001 Manual, Domestic Currency",BCG_GEI_G01_XDC,Value,NA,NA,NA,NA,NA,NA,NA,NA,NA,NA,NA,NA,NA,NA,NA,NA,NA,NA,NA,NA,NA,NA,NA,NA,NA,NA,NA,NA,NA,NA,NA,NA,NA,NA,NA,NA,NA,NA,NA,NA,NA,NA,NA,NA,NA,NA,NA,NA,NA,NA,NA,NA,NA,NA,NA,NA,NA,NA,NA,NA,NA,NA,NA,NA,NA,NA,NA,3605732905,3308011422,2953980017,2813057842,2594617659,2346623011,2090146293,1949735329,1853470103,1645680354,1388343209,1135559901,1037835133,891121430.32,759954499.98,851591492.98,1232839342.29,NA,NA,NA
