Country Name,Country Code,Indicator Name,Indicator Code,Attribute,1940,1941,1942,1943,1944,1945,1946,1947,1948,1949,1950,1951,1952,1953,1954,1955,1956,1957,1958,1959,1960,1961,1962,1963,1964,1965,1966,1967,1968,1969,1970,1971,1972,1973,1974,1975,1976,1977,1978,1979,1980,1981,1982,1983,1984,1985,1986,1987,1988,1989,1990,1991,1992,1993,1994,1995,1996,1997,1998,1999,2000,2001,2002,2003,2004,2005,2006,2007,2008,2009,2010,2011,2012,2013,2014,2015,2016,2017,2018,2019,2020,2021,2022,2023,2024,2025
"Bahamas, The",313,"Exchange rates, domestic currency per usd, period average, rate",ENDA_XDC_USD_RATE,Value,1.02041,1.02041,1.02041,1.02041,1.02041,1.02041,1.02041,1.02041,1.02041,1.02041,1.02041,1.02041,1.02041,1.02041,1.02041,1.02041,1.02041,1.02041,1.02041,1.02041,1.02041,1.02041,1.02041,1.02041,1.02041,1.02041,1,1,1,1,1,1,1,1,1,1,1,1,1,1,1,1,1,1,1,1,1,1,1,1,1,1,1,1,1,1,1,1,1,1,1,1,1,1,1,1,1,1,1,1,1,1,1,1,1,1,1,1,1,1,1,1,1,1,1,1
Bermuda,319,"Exchange rates, domestic currency per usd, period average, rate",ENDA_XDC_USD_RATE,Value,0.85714,0.85714,0.85714,0.85714,0.85714,0.85714,0.85714,0.85714,0.85714,0.85714,0.85714,0.85714,0.85714,0.85714,0.85714,0.85714,0.85714,0.85714,0.85714,0.85714,0.85714,0.85714,0.85714,0.85714,0.85714,0.85714,0.85714,0.869045,1,1,1,1,1,1,1,1,1,1,1,1,1,1,1,1,1,1,1,1,1,1,1,1,1,1,1,1,1,1,1,1,1,1,1,1,1,1,1,1,1,1,1,1,1,1,1,1,1,1,1,1,1,1,1,1,1,1
Micronesia,868,"Exchange rates, domestic currency per usd, period average, rate",ENDA_XDC_USD_RATE,Value,1,1,1,1,1,1,1,1,1,1,1,1,1,1,1,1,1,1,1,1,1,1,1,1,1,1,1,1,1,1,1,1,1,1,1,1,1,1,1,1,1,1,1,1,1,1,1,1,1,1,1,1,1,1,1,1,1,1,1,1,1,1,1,1,1,1,1,1,1,1,1,1,1,1,1,1,1,1,1,1,1,1,1,1,1,1
Panama,283,"Exchange rates, domestic currency per usd, period average, rate",ENDA_XDC_USD_RATE,Value,1,1,1,1,1,1,1,1,1,1,1,1,1,1,1,1,1,1,1,1,1,1,1,1,1,1,1,1,1,1,1,1,1,1,1,1,1,1,1,1,1,1,1,1,1,1,1,1,1,1,1,1,1,1,1,1,1,1,1,1,1,1,1,1,1,1,1,1,1,1,1,1,1,1,1,1,1,1,1,1,1,1,1,1,1,1
Timor-Leste,537,"Exchange rates, domestic currency per usd, period average, rate",ENDA_XDC_USD_RATE,Value,1,1,1,1,1,1,1,1,1,1,1,1,1,1,1,1,1,1,1,1,1,1,1,1,1,1,1,1,1,1,1,1,1,1,1,1,1,1,1,1,1,1,1,1,1,1,1,1,1,1,1,1,1,1,1,1,1,1,1,1,1,1,1,1,1,1,1,1,1,1,1,1,1,1,1,1,1,1,1,1,1,1,1,1,1,1
United States,111,"Exchange rates, domestic currency per usd, period average, rate",ENDA_XDC_USD_RATE,Value,1,1,1,1,1,1,1,1,1,1,1,1,1,1,1,1,1,1,1,1,1,1,1,1,1,1,1,1,1,1,1,1,1,1,1,1,1,1,1,1,1,1,1,1,1,1,1,1,1,1,1,1,1,1,1,1,1,1,1,1,1,1,1,1,1,1,1,1,1,1,1,1,1,1,1,1,1,1,1,1,1,1,1,1,1,1
Angola,614,"Exchange rates, domestic currency per usd, period average, rate",ENDA_XDC_USD_RATE,Value,NA,NA,NA,NA,NA,NA,NA,NA,NA,NA,2.877436e-8,2.874936e-8,2.874936e-8,2.874936e-8,2.874936e-8,2.874936e-8,2.874936e-8,2.874936e-8,2.874936e-8,2.865452666666668e-8,2.866844333333332e-8,2.873486e-8,2.867844333333332e-8,2.875202666666668e-8,2.881977666666668e-8,2.877852666666668e-8,2.882386e-8,2.884161e-8,2.872761e-8,2.856119333333332e-8,2.862511e-8,2.819112e-8,2.7052815e-8,2.451462e-8,2.540760083333332e-8,2.555218083333332e-8,2.938362333333332e-8,2.9918e-8,2.9918e-8,2.9918e-8,2.9918e-8,2.9918e-8,2.9918e-8,2.9918e-8,2.9918e-8,2.9918e-8,2.9918e-8,2.9918e-8,2.9918e-8,2.9918e-8,2.9918e-8,5.509833333333335e-8,2.514166666666668e-7,2.660166666666668e-6,5.9515e-5,0.002750229583333332,0.1280291666666667,0.2290400833333333,0.3928235175,2.790706166666668,10.04054416666667,22.05786166666667,43.53020666666668,74.60630083333332,83.54136250000002,87.15914166666668,80.36807205555554,76.70614275,75.03335416666668,79.32816666666668,91.9057203405018,93.93475000000002,95.467955421311,96.51827947915258,98.3024168556335,120.0607016650187,163.6564341165789,165.9159506914978,252.855747731297,364.8258049808865,578.2587802801105,631.441955506727,460.5675116314618,685.0202377614488,869.8461895900078,911.99303781631
Netherlands Antilles,353,"Exchange rates, domestic currency per usd, period average, rate",ENDA_XDC_USD_RATE,Value,NA,NA,NA,NA,NA,NA,NA,NA,NA,NA,1.88586000088586,1.88586000088586,1.88586000088586,1.88586000088586,1.88586000088586,1.88586000088586,1.88586000088586,1.88586000088586,1.88586000088586,1.88586000088586,1.88586000088586,1.88585166755252,1.88585000088585,1.88585000088585,1.88585000088585,1.88585000088585,1.88585000088585,1.88585000088585,1.88585000088585,1.88585000088585,1.88585000088585,1.88341795350677,1.799999999,1.799999999,1.799999999,1.799999999,1.799999999,1.799999999,1.799999999,1.799999999,1.799999999,1.799999999,1.799999999,1.799999999,1.79999999958333,1.8,1.8,1.8,1.8,1.79333333333333,1.79,1.79,1.79,1.79,1.79,1.79,1.79,1.79,1.79,1.79,1.79,1.79,1.79,1.79,1.79,1.79,1.79,1.79,1.79,1.79,NA,NA,NA,NA,NA,NA,NA,NA,NA,NA,NA,NA,NA,NA,NA,NA
Antigua and Barbuda,311,"Exchange rates, domestic currency per usd, period average, rate",ENDA_XDC_USD_RATE,Value,NA,NA,NA,NA,NA,NA,NA,NA,NA,NA,1.71429000071429,1.71429000071429,1.71429000071429,1.71429000071429,1.71429000071429,1.71429000071429,1.71429000071429,1.71429000071429,1.71429000071429,1.71429000071429,1.71429000071429,1.71429000071429,1.71429000071429,1.71429000071429,1.71429000071429,1.71429000071429,1.71429000071429,1.761908334095242,2.000000001,2.000000001,2.000000001,1.974872733211454,1.921278149476007,1.95921923598161,2.053232408517626,2.169795832333334,2.614670832833332,2.7,2.7,2.7,2.7,2.7,2.7,2.7,2.7,2.7,2.7,2.7,2.7,2.7,2.7,2.7,2.7,2.7,2.7,2.7,2.7,2.7,2.7,2.7,2.7,2.7,2.7,2.7,2.7,2.7,2.7,2.7,2.7,2.7,2.7,2.7,2.7,2.7,2.7,2.7,2.7,2.7,2.7,2.7,2.7,2.7,2.7,2.7,2.7,2.7
Australia,193,"Exchange rates, domestic currency per usd, period average, rate",ENDA_XDC_USD_RATE,Value,NA,NA,NA,NA,NA,NA,NA,NA,NA,NA,0.892856999892857,0.892856999892857,0.892856999892857,0.892856999892857,0.892856999892857,0.892856999892857,0.892856999892857,0.892856999892857,0.892856999892857,0.892856999892857,0.892856999892857,0.892856999892857,0.892856999892857,0.892856999892857,0.892856999892857,0.892856999892857,0.892856999892857,0.892856999892857,0.892856999892857,0.892856999892857,0.892856999892857,0.8826702592955478,0.8386978072622072,0.704113907966658,0.696665868638096,0.7638712489999998,0.8182840823333332,0.901824999,0.873659249,0.8946409156666665,0.8782443323333332,0.8702145823333335,0.9858628323333332,1.110014999166666,1.139519165916666,1.4318949995,1.495974166416666,1.42818,1.279908333333333,1.264596666666666,1.281056666666667,1.283755833333333,1.361648333333333,1.47056,1.367750833333334,1.3490325,1.277863333333333,1.34738,1.591828333333334,1.54995,1.724826666666667,1.9334425,1.8405625,1.541914166666667,1.3597525,1.309473333333334,1.3279734405,1.1950725,1.192178333333333,1.282188810084518,1.090159486386772,0.9694632014967351,0.9658010306587078,1.035843096520538,1.109363292816917,1.331090262455018,1.345213976019468,1.304758076715922,1.338412146464508,1.438506544213818,1.45308511847016,1.331224259570809,1.441664458965217,1.505191065605085,1.51535803855596,1.551997886648505
Austria,122,"Exchange rates, domestic currency per usd, period average, rate",ENDA_XDC_USD_RATE,Value,NA,NA,NA,NA,NA,NA,NA,NA,NA,NA,19.995999999,21.358,21.358,24.413999999,26.000000025,26.000000025,26.000000025,26.000000025,26.000000025,26.000000025,26.000000025,26.000000025,26.000000025,26.000000025,26.000000025,26.000000025,26.000000025,26.000000025,26.000000025,26.000000025,26.000000025,24.9855838961397,23.1153333323333,19.5799999990833,18.692499999,17.4167499991667,17.9396666658333,16.526916666,14.52166666575,13.3674999994167,12.9379999990833,15.9268333323333,17.0592499991667,17.9633333325,20.0090833326667,20.6894999998333,15.2671333333333,12.6425,12.3476666666667,13.2306666666667,11.3698333333333,11.6759166666667,10.9893333333333,11.6321825,11.4218249166667,10.0814958333333,10.5865575,12.2042441666667,12.379065,NA,NA,NA,NA,NA,NA,NA,NA,NA,NA,NA,NA,NA,NA,NA,NA,NA,NA,NA,NA,NA,NA,NA,NA,NA,NA,NA
Burundi,618,"Exchange rates, domestic currency per usd, period average, rate",ENDA_XDC_USD_RATE,Value,NA,NA,NA,NA,NA,NA,NA,NA,NA,NA,50.000000049,50.000000049,50.000000049,50.000000049,50.000000049,50.000000049,50.000000049,50.000000049,50.000000049,50.000000049,50.000000049,50.000000049,50.000000049,50.000000049,50.000000049,84.375000080125,87.5000000875,87.5000000875,87.5000000875,87.5000000875,87.5000000875,87.50000008020832,87.5,80.02608333333332,78.75,78.75,86.25,90,90,90,90,90,90,92.94833333316669,119.7091666661667,120.6907499994166,114.1710833331667,123.5638333333334,140.395,158.6666666666667,171.2554166666666,181.5125833333334,208.3026666666666,242.78,252.6625,249.7575,302.7466666666668,352.3508333333332,447.7658333333332,563.5625,720.6733333333332,830.3533333333332,930.7491666666665,1082.62,1100.9,1081.577166666667,1028.683553,1081.8696825,1185.690833333334,1230.179166666667,1230.748333333333,1261.073333333333,1442.505625,1555.090833333333,1546.686666666667,1571.898333333334,1654.626666666667,1729.055,1782.876875,1845.62289069697,1915.046175833333,1975.950881387681,2034.306634304721,2574.05174879329,2885.24549799567,NA
Belgium,124,"Exchange rates, domestic currency per usd, period average, rate",ENDA_XDC_USD_RATE,Value,NA,NA,NA,NA,NA,NA,NA,NA,NA,NA,50.000000049,50.000000049,50.000000049,50.000000049,50.000000049,50.000000049,50.000000049,50.000000049,50.000000049,50.000000049,50.000000049,50.000000049,50.000000049,50.000000049,50.000000049,50.000000049,50.000000049,50.000000049,50.000000049,50.000000049,50.000000049,49.0569774216899,44.0145833323333,38.976499999,38.951499999,36.7789166656667,38.6051666656667,35.842749999,31.4920833323333,29.3186666656667,29.24166666575,37.1292499991667,45.6905833323333,51.1316666658333,57.7839166664167,59.378,44.6719166666667,37.3340833333333,36.7683333333333,39.404,33.4179166666667,34.14825,32.1495,34.5965208333333,33.4564975,29.4800166666667,30.9615133333333,35.7738908333333,36.2986408333333,NA,NA,NA,NA,NA,NA,NA,NA,NA,NA,NA,NA,NA,NA,NA,NA,NA,NA,NA,NA,NA,NA,NA,NA,NA,NA,NA
Benin,638,"Exchange rates, domestic currency per usd, period average, rate",ENDA_XDC_USD_RATE,Value,NA,NA,NA,NA,NA,NA,NA,NA,NA,NA,174.840666544651,174.980667078374,174.985667097436,174.980667078374,174.985667097436,174.985667097436,174.895666754328,180.821105973032,210.238718125891,245.213434789085,245.195101398359,245.26010162116,245.013850686544,245.016350696075,245.027184079042,245.060934207708,245.678436557644,246.000937791281,247.564693756951,259.960574351236,276.403137026845,275.356456685332,252.027627462649,222.889183053227,240.704667637823,214.312900341219,238.950494267059,245.679686566576,225.655860233957,212.721644262377,211.279555414705,271.731452550327,328.60625269899,381.066036024628,436.956665788008,449.262962711607,346.305903554493,300.536562401478,297.848218819378,319.008299487903,272.264787954393,282.10690880882,264.691800750579,283.162579500018,555.204695655697,499.14842590131,511.552430272516,583.669372353396,589.951774567332,615.473349319193,710.207977031373,732.397693260192,693.713226496371,579.897426172445,527.338032291584,527.258362649643,522.42562489518,478.633718476359,446.000041432788,470.293423341398,494.794262222936,471.248625718934,510.556338454251,493.899623852233,493.757329875319,591.21169798261,592.605615063006,580.656749587853,555.446458398235,585.950813757166,574.294549649056,554.607798864163,622.912348249567,606.654982255763,606.3452976090625,581.9284810403395
Burkina Faso,748,"Exchange rates, domestic currency per usd, period average, rate",ENDA_XDC_USD_RATE,Value,NA,NA,NA,NA,NA,NA,NA,NA,NA,NA,174.840666544651,174.980667078374,174.985667097436,174.980667078374,174.985667097436,174.985667097436,174.895666754328,180.821105973032,210.238718125891,245.213434789085,245.195101398359,245.26010162116,245.013850686544,245.016350696075,245.027184079042,245.060934207708,245.678436557644,246.000937791281,247.564693756951,259.960574351236,276.403137026845,275.356456685332,252.027627462649,222.889183053227,240.704667637823,214.312900341219,238.950494267059,245.679686566576,225.655860233957,212.721644262377,211.279555414705,271.731452550327,328.60625269899,381.066036024628,436.956665788008,449.262962711607,346.305903554493,300.536562401478,297.848218819378,319.008299487903,272.264787954393,282.10690880882,264.691800750579,283.162579500018,555.204695655697,499.14842590131,511.552430272516,583.669372353396,589.951774567332,615.473349319164,710.207977031367,732.397693260228,693.713226496374,579.897426172466,527.338032291576,527.258362649626,522.425624895176,478.633718476363,446.000041432788,470.293423341398,494.794262222947,471.248625718937,510.556338454251,493.899623852237,493.757329875312,591.21169798261,592.605615063022,580.656749587858,555.446458398226,585.911013180369,575.586004510945,554.530675033104,623.759700911182,606.569750165917,606.3452976090625,581.9284810403395
Belize,339,"Exchange rates, domestic currency per usd, period average, rate",ENDA_XDC_USD_RATE,Value,NA,NA,NA,NA,NA,NA,NA,NA,NA,NA,1.42857000042857,1.42857000042857,1.42857000042857,1.42857000042857,1.42857000042857,1.42857000042857,1.42857000042857,1.42857000042857,1.42857000042857,1.42857000042857,1.42857000042857,1.42857000042857,1.42857000042857,1.42857000042857,1.42857000042857,1.42857000042857,1.42857000042857,1.448411666996031,1.66667000066667,1.66667000066667,1.66667000066667,1.643682118134366,1.601561846120032,1.63268378119723,1.710926784079048,1.808043704643561,2.225673131651563,2,2,2,2,2,2,2,2,2,2,2,2,2,2,2,2,2,2,2,2,2,2,2,2,2,2,2,2,2,2,2,2,2,2,2,2,2,2,2,2,2,2,2,2,2,2,2,2,2
Bolivia,218,"Exchange rates, domestic currency per usd, period average, rate",ENDA_XDC_USD_RATE,Value,NA,NA,NA,NA,NA,NA,NA,NA,NA,NA,6e-8,6e-8,6e-8,1.9e-7,1.9e-7,1.9e-7,7.76e-6,8.33e-6,9.6975e-6,1.188e-5,1.188e-5,1.188e-5,1.188e-5,1.188e-5,1.188e-5,1.188e-5,1.188e-5,1.188e-5,1.188e-5,1.188e-5,1.188e-5,1.188e-5,1.3295e-5,2.001e-5,2.001e-5,2.001e-5,2.001e-5,2.001e-5,2.001e-5,2.040333333333333e-5,2.452e-5,2.452e-5,6.407166666666669e-5,2.3163e-4,0.003135909166666668,0.4400290083333332,1.921958333333333,2.05485,2.350241666666666,2.691683333333332,3.17265,3.580608333333332,3.900516666666665,4.265083333333335,4.620516666666665,4.800341666666665,5.0746125,5.254258333333332,5.510133333333335,5.812408333333332,6.183541666666668,6.606916666666668,7.170000000000002,7.659166666666668,7.936266666666665,8.066062499999997,8.011616666666669,7.85124516125,7.238320698916665,7.02,7.016666666666668,6.936962499999998,6.91,6.91,6.91,6.91,6.91,6.91,6.91,6.91,6.91,6.91,6.91,6.91,6.91,6.91
Brazil,223,"Exchange rates, domestic currency per usd, period average, rate",ENDA_XDC_USD_RATE,Value,NA,NA,NA,NA,NA,NA,NA,NA,NA,NA,8.22231890578776e-15,8.22231890578776e-15,8.22231890578776e-15,1.86084055119239e-14,2.63979707910913e-14,3.07255070572954e-14,3.0292753430675e-14,3.303352639927088e-14,5.593340588005978e-14,6.527367172674252e-14,8.099705334969945e-14,1.168434788268823e-13,1.677641554870912e-13,2.488693976761998e-13,5.42023917053559e-13,8.216548853465912e-13,9.60713051097307e-13,1.152603221340616e-12,1.469595252767934e-12,1.763362839638755e-12,1.987853783448092e-12,2.288220863124874e-12,2.567960019932748e-12,2.650940527837212e-12,2.9383610615176e-12,3.516844471938495e-12,4.61870733099062e-12,6.12086729455843e-12,7.819749844191373e-12,1.166069072006302e-11,2.281231892444434e-11,4.03001093531326e-11,7.768544271710992e-11,2.497181722211352e-10,7.997413239741378e-10,2.683242340845918e-9,5.909682267492505e-9,1.697630782458403e-8,1.1354767374037e-7,1.226387434737437e-6,2.955726789426992e-5,1.759614430860239e-4,0.001953023522488111,0.038276610926673,0.6646835140705768,0.9176666666666665,1.0051,1.077991666666666,1.160516666666667,1.813932846572129,1.829423122075611,2.34963170932244,2.920363017755192,3.077475118478015,2.925119449515862,2.434390036231884,2.175326666666666,1.947058333333333,1.833766666666667,1.999428173144258,1.759226710587178,1.672828755256592,1.953068611124869,2.156089151263111,2.352951962766688,3.326904382768792,3.491313421572705,3.19138944630048,3.653825361457552,3.944471097250702,5.155178787512808,5.39440078962503,5.163970291021112,4.99437976287199,5.388934905709595,5.58728623856661
Barbados,316,"Exchange rates, domestic currency per usd, period average, rate",ENDA_XDC_USD_RATE,Value,NA,NA,NA,NA,NA,NA,NA,NA,NA,NA,1.71429000071429,1.71429000071429,1.71429000071429,1.71429000071429,1.71429000071429,1.71429000071429,1.71429000071429,1.71429000071429,1.71429000071429,1.71429000071429,1.71429000071429,1.71429000071429,1.71429000071429,1.71429000071429,1.71429000071429,1.71429000071429,1.71429000071429,1.738099167261908,2.000000001,2.000000001,2.000000001,1.974876151968773,1.921280710357255,1.959220537436676,2.053230910788784,2.0188665976,2,2,2,2,2,2,2,2,2,2,2,2,2,2,2,2,2,2,2,2,2,2,2,2,2,2,2,2,2,2,2,2,2,2,2,2,2,2,2,2,2,2,2,2,2,2,2,2,2,2
Brunei Darussalam,516,"Exchange rates, domestic currency per usd, period average, rate",ENDA_XDC_USD_RATE,Value,NA,NA,NA,NA,NA,NA,NA,NA,NA,NA,3.06122000206122,3.06122000206122,3.06122000206122,3.06122000206122,3.06122000206122,3.06122000206122,3.06122000206122,3.06122000206122,3.06122000206122,3.06122000206122,3.06122000206122,3.06122000206122,3.06122000206122,3.06122000206122,3.06122000206122,3.06122000206122,3.06122000206122,3.06122000206122,3.06122000206122,3.06122000206122,3.06122000206122,3.05226042980931,2.81955586834381,2.458579654945318,2.436866665833333,2.371299999083333,2.470841665916666,2.43939999925,2.274024999166667,2.1745583325,2.141208332583333,2.112691666,2.140024999166667,2.113049999,2.133083333,2.200149999666667,2.1774166665,2.105983333333333,2.012425,1.950258333333334,1.812533333333333,1.72755,1.628966666666666,1.615790833333334,1.527444166666666,1.417375,1.410040833333333,1.484805833333333,1.673601666666666,1.694956666666666,1.723963333333333,1.7917225,1.790588333333334,1.742183333333334,1.690228333333333,1.6643975,1.588933333333334,1.507101666666667,1.417166666666667,1.454569273323295,1.363509473684211,1.257913020146921,1.249567016499582,1.251165669760594,1.267040123081396,1.374910844598871,1.381346876882863,1.380891164052807,1.348918565425372,1.364218514054746,1.379703429713991,1.343806962973387,1.378956396522158,1.343079601149338,1.33603327650724,1.307595108858004
Bhutan,514,"Exchange rates, domestic currency per usd, period average, rate",ENDA_XDC_USD_RATE,Value,NA,NA,NA,NA,NA,NA,NA,NA,NA,NA,4.7619000037619,4.7619000037619,4.7619000037619,4.7619000037619,4.7619000037619,4.7619000037619,4.7619000037619,4.7619000037619,4.7619000037619,4.7619000037619,4.7619000037619,4.7619000037619,4.7619000037619,4.7619000037619,4.7619000037619,4.7619000037619,6.359125005359125,7.5000000065,7.5000000065,7.5000000065,7.5000000065,7.491935230968242,7.594468373949362,7.742038562149682,8.101603227218298,8.375891945653859,8.960412728123922,8.738576171314575,8.192840348403928,8.125790946356892,7.862944701137982,8.658522817093168,9.45513193348639,10.09889824404612,11.36258333266667,12.36874999958333,12.61083333325,12.9615,13.91708333333333,16.2255,17.5035,22.74243333333334,25.91808333333332,30.49329166666668,31.3737425,32.42707666666668,35.43317333333332,36.31328583333332,41.259365,43.05542833333335,44.941605,47.18641416666665,48.61031916666668,46.58328416666668,45.31646666666665,44.099975,45.30700833333335,41.34853333333332,43.50518333333332,48.40526666666665,45.72581212121212,46.67046666666668,53.43723333333332,58.59784541666668,61.0295144607843,64.1519444632786,67.19531280738939,65.12156864506595,68.38946709354215,70.42034053595508,74.09956688360525,73.91801281543512,78.60449058299157,82.59927644607845,83.669281580941,87.15844835073932
Botswana,616,"Exchange rates, domestic currency per usd, period average, rate",ENDA_XDC_USD_RATE,Value,NA,NA,NA,NA,NA,NA,NA,NA,NA,NA,0.716075904558207,0.716332378736149,0.716845878649406,0.711997152519399,0.713012478227454,0.717360115291376,0.716332378736149,0.7168969571400398,0.7127055341041522,0.7130019023740838,0.7133208821692152,0.7146944350861778,0.7132654942716765,0.7152871852502612,0.7172586462458945,0.7163344011426795,0.7169834316338728,0.7170496191376882,0.7169981561101972,0.7180571254276789,0.7164135200369365,0.7124437617491488,0.7728284110384622,0.6941141375837508,0.6794770035702512,0.739507700509474,0.869564999,0.8419596656666668,0.828156999,0.8150066656666668,0.777224999,0.8367383323333332,1.0296608325,1.0969258325,1.298373332916667,1.902566666416666,1.8791441665,1.678940833333333,1.8285875,2.014885833333333,1.860465833333334,2.021556666666667,2.109725,2.423075,2.6846455,2.772206666666668,3.324196666666668,3.650763333333332,4.22588,4.62439525,5.102241666666668,5.841416666666668,6.327791666666668,4.949666666666668,4.693833333333335,5.11675,5.8303,6.139408333333332,6.826858333333332,7.155141666666668,6.793625,6.838233333333332,7.640525,8.398908333333331,8.976083333333332,10.12899166666666,10.90115833333334,10.34741666666666,10.199975,10.75586666666667,11.45624166666666,11.08725833333333,12.36880833333334,13.59638333333334,13.56313333333334,13.50238333333334
Central African Republic,626,"Exchange rates, domestic currency per usd, period average, rate",ENDA_XDC_USD_RATE,Value,NA,NA,NA,NA,NA,NA,NA,NA,NA,NA,174.840666544651,174.980667078374,174.985667097436,174.980667078374,174.985667097436,174.985667097436,174.895666754328,180.821105973032,210.238718125891,245.213434789085,245.195101398359,245.26010162116,245.013850686544,245.016350696075,245.027184079042,245.060934207708,245.678436557644,246.000937791281,247.564693756951,259.960574351236,276.403137026845,275.356456685332,252.027627462649,222.889183053227,240.704667637823,214.312900341219,238.950494267059,245.679686566576,225.655860233957,212.721644262377,211.279555414705,271.731452550327,328.60625269899,381.066036024628,436.956665788008,449.262962711607,346.305903554493,300.536562401478,297.848218819378,319.008299487903,272.264787954393,282.10690880882,264.691800750579,283.162579500018,555.204695655697,499.14842590131,511.552430272516,583.669372353396,589.951774567332,615.473349319164,710.207977031367,732.397693260228,693.713226496374,579.897426172466,527.338032291576,527.258362649626,522.425624895176,478.633718476363,446.000041432788,470.293423341398,494.794262222947,471.248625718937,510.556338454251,493.899623852237,493.757329875312,591.21169798261,592.605615063022,580.656749587858,555.446458398226,585.911013180369,575.586004510945,554.530675033104,623.759700911182,606.569750165917,606.3452976090625,581.9284810403395
Canada,156,"Exchange rates, domestic currency per usd, period average, rate",ENDA_XDC_USD_RATE,Value,NA,NA,NA,NA,NA,NA,NA,NA,NA,NA,1.088999999,1.052999999,0.978999999,0.982999999,0.972999999,0.985999999,0.983999999,0.9588443650000003,0.9706189756666668,0.9591137533333335,0.9697667866666668,1.013062515833334,1.068769224083334,1.078514344166667,1.078598419166667,1.077984284166666,1.077341566666666,1.078710424166667,1.077471400833333,1.0767805125,1.044218744166666,1.009810544166666,0.9906625558333335,1.00009014,0.9780175255833335,1.017159263333334,0.9860283040833332,1.063441610833333,1.14065917075,1.171424495833333,1.169226866666667,1.198903120833333,1.233734911666667,1.232411827416667,1.295065610833334,1.365507391666667,1.389471059166667,1.325982581666667,1.230700846666667,1.183972084166667,1.166773626666666,1.145725844166666,1.20872292,1.290087881666666,1.3656734475,1.372445418333333,1.363521635833333,1.384598028333334,1.483505301666666,1.485704819166667,1.485394095,1.548839955,1.570342834166666,1.4010145475,1.301281595,1.211405134166667,1.134344725833333,1.074045621666667,1.067086918333333,1.141535405912698,1.030112735175984,0.9892581586363638,0.9993647435930738,1.030137363730158,1.104747132378863,1.278786203625542,1.325615163748196,1.297935846460393,1.295817928135338,1.326793362660122,1.34115267222386,1.253876902126798,1.301554774743554,1.349908640793904,1.369359766040919,1.39801326336675
Switzerland,146,"Exchange rates, domestic currency per usd, period average, rate",ENDA_XDC_USD_RATE,Value,NA,NA,NA,NA,NA,NA,NA,NA,NA,NA,4.37295000337295,4.37295000337295,4.37295000337295,4.37295000337295,4.37295000337295,4.37295000337295,4.37295000337295,4.37295000337295,4.37295000337295,4.37295000337295,4.37295000337295,4.37295000337295,4.37295000337295,4.37295000337295,4.37295000337295,4.37295000337295,4.37295000337295,4.37295000337295,4.37295000337295,4.37295000337295,4.37295000337295,4.133854168312022,3.819249999,3.164833332416668,2.979249999,2.581283332416668,2.49964166575,2.403524999333333,1.78802499925,1.662724999083333,1.675708332583334,1.964241665916666,2.030274999083333,2.09914166575,2.349683332833334,2.457125,1.7989166665,1.491191666666666,1.4633,1.635925,1.389158333333333,1.433991666666667,1.406218333333333,1.477616666666666,1.3676925,1.182469166666667,1.23601,1.4513125,1.449813308333333,1.502155,1.6888425,1.687615,1.5586075,1.346650833333333,1.243495833333334,1.245176666666667,1.253843333333334,1.200365833333334,1.08309,1.08814169630268,1.042905645733516,0.888042028223281,0.9376844807093492,0.9269035477582845,0.9161510472836132,0.962381328004354,0.9853943942448345,0.9846916666666665,0.9778916666666668,0.9937091666666668,0.938965,0.9138458333333332,0.9548325,0.89849,0.8804408333333332,0.8313558333333335
Chile,228,"Exchange rates, domestic currency per usd, period average, rate",ENDA_XDC_USD_RATE,Value,NA,NA,NA,NA,NA,NA,NA,NA,NA,NA,4.79985987073856e-5,5.59983641586458e-5,6.1998188997069e-5,7.09979262547038e-5,9.1997313189185e-5,1.61995270637426e-4,3.35990189951729e-4,5.213181127385788e-4,7.04646093912621e-4,9.443057638474142e-4,0.001048969375084348,0.00105013600777515,0.00105763578898984,0.001621785985269367,0.002307432634776953,0.003156657842115438,0.003851137567162922,0.005068268700357495,0.006876465911037288,0.008617581747120812,0.01127750409198844,0.0122086435743848,0.02083522505959658,0.07164190845291538,0.592826261289235,4.910416666666668,13.05416666666667,21.53583333333334,31.65583333333332,37.24583333333332,39,39,50.90833333333332,78.78833333333333,98.47749999999998,160.8599999999166,192.9299999996666,219.4066666666666,245.0116666666666,266.9541666666668,304.9033333333332,349.2158333333332,362.5758333333332,404.1658333333332,420.1766666666668,396.7733333333332,412.2666666666668,419.295,460.2875,508.7766666666668,539.5875,634.9383333333335,688.9366666666668,691.3975,609.5291666666668,559.7675,530.2750000000002,522.4641666666668,522.4610358333335,560.8598948412698,510.2491666666668,483.6675,486.4713033910535,495.2728776455028,570.3482161274399,654.124084254196,676.957736044657,648.833792598261,641.2768130663948,702.8974225615285,792.7272061031686,758.955378658977,873.3141895430138,840.066526651499,943.5721674214875,951.3294541910332
Côte d'Ivoire,662,"Exchange rates, domestic currency per usd, period average, rate",ENDA_XDC_USD_RATE,Value,NA,NA,NA,NA,NA,NA,NA,NA,NA,NA,174.840666544651,174.980667078374,174.985667097436,174.980667078374,174.985667097436,174.985667097436,174.895666754328,180.821105973032,210.238718125891,245.213434789085,245.195101398359,245.26010162116,245.013850686544,245.016350696075,245.027184079042,245.060934207708,245.678436557644,246.000937791281,247.564693756951,259.960574351236,276.403137026845,275.356456685332,252.027627462649,222.889183053227,240.704667637823,214.312900341219,238.950494267059,245.679686566576,225.655860233957,212.721644262377,211.279555414705,271.731452550327,328.60625269899,381.066036024628,436.956665788008,449.262962711607,346.305903554493,300.536562401478,297.848218819378,319.008299487903,272.264787954393,282.10690880882,264.691800750579,283.162579500018,555.204695655697,499.14842590131,511.552430272516,583.669372353396,589.951774567332,615.473349319164,710.207977031367,732.397693260228,693.713226496374,579.897426172466,527.338032291576,527.258362649626,522.425624895176,478.633718476363,446.000041432788,470.293423341398,494.794262222947,471.248625718937,510.556338454251,493.899623852237,493.757329875312,591.21169798261,592.605615063022,580.656749587858,555.446458398226,585.911013180369,575.586004510945,554.530675033104,623.759700911182,606.569750165917,606.3452976090625,581.9284810403395
Cameroon,622,"Exchange rates, domestic currency per usd, period average, rate",ENDA_XDC_USD_RATE,Value,NA,NA,NA,NA,NA,NA,NA,NA,NA,NA,174.840666544651,174.980667078374,174.985667097436,174.980667078374,174.985667097436,174.985667097436,174.895666754328,180.821105973032,210.238718125891,245.213434789085,245.195101398359,245.26010162116,245.013850686544,245.016350696075,245.027184079042,245.060934207708,245.678436557644,246.000937791281,247.564693756951,259.960574351236,276.403137026845,275.356456685332,252.027627462649,222.889183053227,240.704667637823,214.312900341219,238.950494267059,245.679686566576,225.655860233957,212.721644262377,211.279555414705,271.731452550327,328.60625269899,381.066036024628,436.956665788008,449.262962711607,346.305903554493,300.536562401478,297.848218819378,319.008299487903,272.264787954393,282.10690880882,264.691800750579,283.162579500018,555.204695655697,499.14842590131,511.552430272516,583.669372353396,589.951774567332,615.473349319164,710.207977031367,732.397693260228,693.713226496374,579.897426172466,527.338032291576,527.258362649626,522.425624895176,478.633718476363,446.000041432788,470.293423341398,494.794262222947,471.248625718937,510.556338454251,493.899623852237,493.757329875312,591.21169798261,592.605615063022,580.656749587858,555.446458398226,585.911013180369,575.586004510945,554.530675033104,623.759700911182,606.569750165917,606.3452976090625,581.9284810403395
"Congo, Democratic Republic of the",636,"Exchange rates, domestic currency per usd, period average, rate",ENDA_XDC_USD_RATE,Value,NA,NA,NA,NA,NA,NA,NA,NA,NA,NA,1.7e-13,1.7e-13,1.7e-13,1.7e-13,1.7e-13,1.7e-13,1.7e-13,1.7e-13,1.7e-13,1.7e-13,1.7e-13,1.75e-13,2.1e-13,2.525e-13,5.5e-13,5.5e-13,5.5e-13,1.156666666666667e-12,1.67e-12,1.67e-12,1.67e-12,1.67e-12,1.67e-12,1.67e-12,1.67e-12,1.67e-12,2.640833333333332e-12,2.855e-12,2.786666666666668e-12,5.760833333333332e-12,9.330833333333335e-12,1.460833333333333e-11,1.91625e-11,4.2955e-11,1.204041666666667e-10,1.662075e-10,1.987058333333333e-10,3.74595e-10,6.234300000000002e-10,1.271208333333333e-9,2.394748333333334e-9,5.194569416666668e-8,2.1513626025e-6,2.514416814e-5,0.01194119166666667,0.07024471666666668,0.501849175,1.3134476,1.606659883065258,4.018333332231398,21.81833332735013,206.6174999433397,346.4849999049842,405.1781832306695,399.4757916666665,473.9080083333332,468.278825,516.7498916666665,559.2925083333332,809.7858333333332,905.9134583333332,919.4913000000003,919.7550166666668,919.565907354881,925.226282531997,925.9849612803932,1010.302757168656,1464.417931637428,1622.523501622917,1647.760127276388,1851.122161832612,1989.391471228276,2006.708219440552,2340.035704361452,NA,NA
"Congo, Republic of",634,"Exchange rates, domestic currency per usd, period average, rate",ENDA_XDC_USD_RATE,Value,NA,NA,NA,NA,NA,NA,NA,NA,NA,NA,174.840666544651,174.980667078374,174.985667097436,174.980667078374,174.985667097436,174.985667097436,174.895666754328,180.821105973032,210.238718125891,245.213434789085,245.195101398359,245.26010162116,245.013850686544,245.016350696075,245.027184079042,245.060934207708,245.678436557644,246.000937791281,247.564693756951,259.960574351236,276.403137026845,275.356456685332,252.027627462649,222.889183053227,240.704667637823,214.312900341219,238.950494267059,245.679686566576,225.655860233957,212.721644262377,211.279555414705,271.731452550327,328.60625269899,381.066036024628,436.956665788008,449.262962711607,346.305903554493,300.536562401478,297.848218819378,319.008299487903,272.264787954393,282.10690880882,264.691800750579,283.162579500018,555.204695655697,499.14842590131,511.552430272516,583.669372353396,589.951774567332,615.473349319164,710.207977031367,732.397693260228,693.713226496374,579.897426172466,527.338032291576,527.258362649626,522.425624895176,478.633718476363,446.000041432788,470.293423341398,494.794262222947,471.248625718937,510.556338454251,493.899623852237,493.757329875312,591.21169798261,592.605615063022,580.656749587858,555.446458398226,585.911013180369,575.586004510945,554.530675033104,623.759700911182,606.569750165917,606.3452976090625,581.9284810403395
Colombia,233,"Exchange rates, domestic currency per usd, period average, rate",ENDA_XDC_USD_RATE,Value,NA,NA,NA,NA,NA,NA,NA,NA,NA,NA,1.959999999,2.399999999,2.509999999,2.509999999,2.509999999,2.509999999,2.509999999,3.7975,6.400000000000002,6.4,6.635,6.7,6.961666666666668,9,9,10.5,13.5,14.50666666666667,16.29166666666667,17.32166666666666,18.44416666666667,19.93333333333333,21.86666666666666,23.57166666666667,26.06166666666668,30.9275,34.695,36.77416666666665,39.095,42.54833333333335,47.27833333333335,54.48916666666668,64.08583333333335,78.8575,100.8175,142.3116666666667,194.2608333333334,242.6066666666667,299.1733333333332,382.5666666666668,502.26,627.1525000000001,680.3858333333332,786.3466666666668,826.54,912.895,1036.6225,1141.116666666667,1426.424166666667,1756.685833333333,2087.918333333333,2299.893333333333,2504.680833333332,2877.543333333332,2628.368333333332,2321.131666666667,2358.594605263158,2077.810958333334,1965.1375,2157.598333333333,1898.9975,1848.016666666667,1798.011666666666,1868.895,2001.105,2741.781666666668,3055.255,2951.486911201615,2955.703969978422,3281.622193817878,3693.275833333332,3744.244166666668,4256.194166666665,4325.955,4074.434166666665,4053.135833333332
Comoros,632,"Exchange rates, domestic currency per usd, period average, rate",ENDA_XDC_USD_RATE,Value,NA,NA,NA,NA,NA,NA,NA,NA,NA,NA,174.839184955009,174.979184302376,174.984184279068,174.979184302376,174.984184279068,174.984184279068,174.894184698618,180.8195737054946,210.2369365752179,245.2113568646972,245.1930236293275,245.2580233013197,245.0117744534207,245.0142744417665,245.0251077329318,245.0588575756006,245.6763546928576,245.9988531936383,247.5625959081309,259.9583714604452,276.4007948027338,275.3543125509595,252.0254917951882,222.8872943032506,240.7026279204657,214.3110842661631,238.9484694144648,245.6776046911972,225.6539480393192,212.7198416715328,211.277765044038,271.7291499137982,328.603468108712,381.0628068931972,436.95296304263,449.259155683385,346.3029689784028,300.534015672123,297.845694870891,319.0055962301225,272.2624807984118,282.1045182512788,264.6895577676508,283.1601799967845,416.3988209518235,374.3570932515245,383.6599915080882,437.7470874712532,442.4588359400568,461.7929984631645,532.6559827735296,549.2982699451435,520.2849198722781,434.9230696293338,395.5035242186881,395.4437719872323,391.8192186713852,358.9752888572693,334.5000310745912,352.7200675060486,371.0956966672021,353.4364692892004,382.9172538406882,370.424717889175,370.3179974064895,443.4087734869574,444.4542112972542,435.4925621908895,416.5848437986763,439.4631103178747,430.7209122367922,415.9558491481223,467.1842611871756,454.9912366918225,454.5238612520003,436.3740008850852
Cabo Verde,624,"Exchange rates, domestic currency per usd, period average, rate",ENDA_XDC_USD_RATE,Value,NA,NA,NA,NA,NA,NA,NA,NA,NA,NA,28.75000002875,28.75000002875,28.75000002875,28.75000002875,28.75000002875,28.75000002875,28.75000002875,28.75000002875,28.75000002875,28.75000002875,28.75000002875,28.75000002875,28.75000002875,28.75000002875,28.75000002875,28.75000002875,28.75000002875,28.75000002875,28.75000002875,28.75000002875,28.75000002875,28.36017028782272,27.05341666666668,24.51516666658334,25.40816666658332,25.54324999991668,30.22908333333332,34.04649166583335,35.500749999,37.432999999,40.17491666566668,48.69466666566668,58.29333333241668,71.6858333325,84.87791666616668,91.63166666633332,80.14491666666665,72.46583333333335,72.06749999999998,77.97808333333332,70.03133333333332,71.40833333333332,68.01758333333335,80.4265973625,81.89083333333332,76.85333333333335,82.59146666666668,93.17666666666668,98.15750000000001,102.7,115.8765515833334,123.2133333333333,117.2558333333333,97.7875,88.74792490227271,88.6461685261408,87.92606491133135,80.61502715752658,75.33600383885438,80.03541772778452,83.27868937590188,79.2768814761183,86.3189541847042,83.0725,83.03449999999998,99.3856935425685,99.68811363636362,97.8069377715121,93.4135789085279,98.49517858789756,96.79574278698848,93.21809241161093,104.8630658463674,101.8048125447015,101.9220107981994,NA
Costa Rica,238,"Exchange rates, domestic currency per usd, period average, rate",ENDA_XDC_USD_RATE,Value,NA,NA,NA,NA,NA,NA,NA,NA,NA,NA,5.615000004615,5.615000004615,5.615000004615,5.615000004615,5.615000004615,5.615000004615,5.615000004615,5.615000004615,5.615000004615,5.615000004615,5.615000004615,5.951666671618332,6.625000005625,6.625000005625,6.625000005625,6.625000005625,6.625000005625,6.625000005625,6.625000005625,6.625000005625,6.625000005625,6.62583333840625,6.634999999,6.646758332333332,7.929999999,8.569999999,8.569999999,8.569999999,8.569999999,8.569999999,8.569999999083333,21.7633333325,37.40666666575,41.09416666566668,44.532683333,50.45335,55.98589166666668,62.7762,75.80473333333332,81.50420833333335,91.57929166666665,122.4324166666666,134.5063333333333,142.1716666666666,157.0666666666666,179.7291666666667,207.6891666666667,232.5975,257.2291666666668,285.6846948333332,308.1866666666668,328.8708333333332,359.8175268817205,398.6622222222222,437.935,477.7867414874552,511.3018179403482,516.617390232975,526.2355134408602,573.2879567332305,525.8292007168455,505.664239919355,502.9014619815668,499.7668325652842,538.317200279058,534.565769969278,544.73936722902,567.51309030978,576.97250124808,587.2945956861238,584.9008549623038,620.784720014081,647.1358176313628,544.0507755056325,515.109771921403,503.496832373272
Caymen Islands,377,"Exchange rates, domestic currency per usd, period average, rate",ENDA_XDC_USD_RATE,Value,NA,NA,NA,NA,NA,NA,NA,NA,NA,NA,0.71429,0.71429,0.71429,0.71429,0.71429,0.71429,0.71429,0.714285714753401,0.714285714795918,0.714285714795918,0.714285714795918,0.714285714795918,0.714285714795918,0.714285714795918,0.714285714795918,0.714285714795918,0.714285714795918,0.727466995356869,0.833333334027778,0.833333334027778,0.827843865271655,0.832759412941441,0.80049730397871,0.816341890598615,0.83882588132866,0.83333,0.83333,0.83333,0.83333,0.83333,0.83333,0.83333,0.83333,0.83333,0.83333,0.83333,0.83333,0.83333,0.83333,0.83333,0.83333,0.83333,0.83333,0.83333,0.83333,0.83333,0.83333,0.83333,0.83333,0.83333,0.83333,0.83333,0.83333,0.83333,0.83333,0.83333,0.83333,0.83333,0.83333,0.83333,0.83333,0.83333,0.83333,0.83333,0.83333,0.83333,0.83333,0.83333,0.83333,0.83333,0.83333,0.83333,0.83333,0.83333,0.83333,0.83333
Cyprus,423,"Exchange rates, domestic currency per usd, period average, rate",ENDA_XDC_USD_RATE,Value,NA,NA,NA,NA,NA,NA,NA,NA,NA,NA,0.357142999357143,0.357142999357143,0.357142999357143,0.357142999357143,0.357142999357143,0.357142999357143,0.357142999357143,0.357142999357143,0.357142999357143,0.357142999357143,0.357142999357143,0.357142999357143,0.357142999357143,0.357142999357143,0.357142999357143,0.357142999357143,0.357142999357143,0.362103332665675,0.416666999416667,0.416666999416667,0.416666999416667,0.410730598428557,0.383572369170173,0.349950502818348,0.364692710725132,0.368907243107116,0.41049569197004,0.408121577265547,0.373512583264684,0.354443863948176,0.353051686694203,0.42143075903062,0.475385895733429,0.526640771160504,0.588385860092809,0.612552316163745,0.518143083333333,0.481096583333333,0.466628833333333,0.494624916666667,0.458079916666667,0.4644285,0.449548583333333,0.497405166666667,0.492191,0.452420166666667,0.46631125,0.513897333333333,0.517825583333333,0.54294775,0.622409116666667,0.643107026158333,0.610659989666667,0.517443261666667,0.46860055225,0.464070507161667,0.458915946916667,0.426125,NA,NA,NA,NA,NA,NA,NA,NA,NA,NA,NA,NA,NA,NA,NA,NA,NA,NA
Germany,134,"Exchange rates, domestic currency per usd, period average, rate",ENDA_XDC_USD_RATE,Value,NA,NA,NA,NA,NA,NA,NA,NA,NA,NA,4.1949828007465,4.1949828007465,4.1949828007465,4.2000000032000004,4.2000000032000004,4.2000000032000004,4.2000000032000004,4.2000000032000004,4.2000000032000004,4.2000000032000004,4.2000000032000004,4.03333333636667,4.000000003,4.000000003,4.000000003,4.000000003,4.000000003,4.000000003,4.000000003,3.94333333594333,3.66000000266,3.50739351008637,3.18864166566667,2.67259999908333,2.587749999,2.46029166608333,2.51799999908333,2.32218333241667,2.00862499916667,1.8328833325,1.81766666583333,2.25999999908333,2.42659166575,2.55325833241667,2.84594166616667,2.9439666665,2.17148333308333,1.79739166666667,1.756225,1.88004166666667,1.61573333333333,1.65954166666667,1.56165,1.65332083333333,1.62279416666667,1.4331325,1.50477416666667,1.73405583333333,1.7596676,NA,NA,NA,NA,NA,NA,NA,NA,NA,NA,NA,NA,NA,NA,NA,NA,NA,NA,NA,NA,NA,NA,NA,NA,NA,NA,NA
Djibouti,611,"Exchange rates, domestic currency per usd, period average, rate",ENDA_XDC_USD_RATE,Value,NA,NA,NA,NA,NA,NA,NA,NA,NA,NA,214.392000213392,214.392000213392,214.392000213392,214.392000213392,214.392000213392,214.392000213392,214.392000213392,214.392000213392,214.392000213392,214.392000213392,214.392000213392,214.392000213392,214.392000213392,214.392000213392,214.392000213392,214.392000213392,214.392000213392,214.392000213392,214.392000213392,214.392000213392,214.392000213392,213.778750195526,197.465999999,179.9423333331667,177.721,177.721,177.721,177.721,177.721,177.721,177.721,177.721,177.721,177.721,177.721,177.721,177.721,177.721,177.721,177.721,177.721,177.721,177.721,177.721,177.721,177.721,177.721,177.721,177.721,177.721,177.721,177.721,177.721,177.721,177.721,177.721,177.721,177.721,177.721,177.721,177.721,177.721,177.721,177.721,177.721,177.721,177.721,177.721,177.721,177.721,177.721,177.721,177.721,177.721,177.721,177.721
Dominica,321,"Exchange rates, domestic currency per usd, period average, rate",ENDA_XDC_USD_RATE,Value,NA,NA,NA,NA,NA,NA,NA,NA,NA,NA,1.71429000071429,1.71429000071429,1.71429000071429,1.71429000071429,1.71429000071429,1.71429000071429,1.71429000071429,1.71429000071429,1.71429000071429,1.71429000071429,1.71429000071429,1.71429000071429,1.71429000071429,1.71429000071429,1.71429000071429,1.71429000071429,1.71429000071429,1.76190833409524,2.000000001,2.000000001,2.000000001,1.97487273321145,1.92127814947601,1.95921923598161,2.05323240851763,2.16979583233333,2.61467083283333,2.7,2.7,2.7,2.7,2.7,2.7,2.7,2.7,2.7,2.7,2.7,2.7,2.7,2.7,2.7,2.7,2.7,2.7,2.7,2.7,2.7,2.7,2.7,2.7,2.7,2.7,2.7,2.7,2.7,2.7,2.7,2.7,2.7,2.7,2.7,2.7,2.7,2.7,2.7,2.7,2.7,2.7,2.7,2.7,2.7,2.7,2.7,2.7,2.7
Denmark,128,"Exchange rates, domestic currency per usd, period average, rate",ENDA_XDC_USD_RATE,Value,NA,NA,NA,NA,NA,NA,NA,NA,NA,NA,6.90714000590714,6.90714000590714,6.90714000590714,6.90714000590714,6.90714000590714,6.90714000590714,6.90714000590714,6.90714000590714,6.90714000590714,6.90714000590714,6.90714000590714,6.90714000590714,6.90714000590714,6.90714000590714,6.90714000590714,6.90714000590714,6.90714000590714,6.956541672047618,7.5000000065,7.5000000065,7.5000000065,7.42633796871194,6.949291665666665,6.049499999,6.094899999,5.746149999,6.045024999,6.003191665666665,5.514624999,5.260958332333332,5.635941665666668,7.123366665666665,8.332441666166668,9.14499166575,10.35659166625,10.59639166641666,8.090991666583331,6.840316666666668,6.731524999999998,7.310175,6.188558333333335,6.396458333333332,6.036133333333335,6.483939166666665,6.360551666666668,5.602366666666668,5.798671666666665,6.604459166666668,6.700826666666668,6.976239999999998,8.083144166666669,8.322817499999998,7.894714166666665,6.587673333333335,5.991056666666668,5.99691,5.946778333333335,5.443700833333335,5.098130833333335,5.360866666666668,5.624075,5.36871153508772,5.792475537039158,5.616311686176225,5.612466666666665,6.727906831296295,6.731718257246378,6.602893465614035,6.314618786666668,6.669446615,6.542152204166668,6.2871130825,7.0761518625,6.889702585833335,6.894481416666665,6.621825083333332
Dominican Republic,243,"Exchange rates, domestic currency per usd, period average, rate",ENDA_XDC_USD_RATE,Value,NA,NA,NA,NA,NA,NA,NA,NA,NA,NA,1,1,1,1,1,1,1,1,1,1,1,1,1,1,1,1,1,1,1,1,1,0.9999999999166668,1,0.9999999999166668,0.9999999995,0.999999999,0.999999999,0.999999999,0.999999999,0.999999999,0.999999999,0.999999999,0.999999999,0.999999999,0.9999999995833332,3.112608333333332,2.90433333325,3.844758333333332,6.112516666666668,6.34,8.5253,12.57591896407686,12.5,12.5,12.6167803030303,12.87,12.89634920634921,14.00592105263158,14.70311084446954,15.83442990659702,16.18145767828663,16.690961523126,17.59304368876738,29.3699996161352,41.93031457293872,30.28280817700818,33.300035201723,33.17187057554955,34.52936095735058,35.97186554526,36.82129186708148,38.08758486680992,39.32030084322575,41.79450342522975,43.54967261904762,45.04549907407405,46.06444393939392,47.5343581962482,49.50999285714288,51.29485833333332,56.52453333333335,57.22111666666668,55.14099166666668,56.1576,59.56513333333332,61.98656666666668
Algeria,612,"Exchange rates, domestic currency per usd, period average, rate",ENDA_XDC_USD_RATE,Value,NA,NA,NA,NA,NA,NA,NA,NA,NA,NA,3.49899999927882,3.49999999928862,3.49999999928862,3.49999999928862,3.49999999928862,3.49999999928862,3.49999999928862,3.678916665881838,4.25624999913074,4.93706000393706,4.93706000393706,4.93706000393706,4.93706000393706,4.93706000393706,4.93706000393706,4.93706000393706,4.93706000393706,4.93706000393706,4.93706000393706,4.93706000393706,4.93706000393706,4.912638336858972,4.480514953211315,3.962495412242232,4.180749999,3.949408332333332,4.163824999,4.146758332333332,3.965899999,3.853266665666668,3.837449999,4.315808332333332,4.592191665666668,4.788799999,4.983374999583332,5.0278,4.702316666666665,4.849741666666665,5.914766666666665,7.608558333333332,8.957508333333331,18.472875,21.836075,23.34540666666666,35.05850083333332,47.66272666666668,54.74893333333335,57.70735,58.73895833333332,66.573875,75.25979166666664,77.21502083333336,79.68190000000001,77.39497499999997,72.06065,73.27630833333335,72.64661666666667,69.2924,64.58279999999998,72.64741666666669,74.38598333333331,72.93788333333335,77.53596666666668,79.36840000000002,80.57901666666667,100.6914333333333,109.4430666666667,110.9730166666667,116.5937916666667,119.3535583333333,126.7768,135.0640583333333,141.994975,135.8429333333334,134.0532416666667,131.605925
Ecuador,248,"Exchange rates, domestic currency per usd, period average, rate",ENDA_XDC_USD_RATE,Value,NA,NA,NA,NA,NA,NA,NA,NA,NA,NA,15.000000015,15.000000015,15.000000015,15.000000015,15.000000015,15.000000015,15.000000015,15.000000015,15.000000015,15.000000015,15.000000015,16.5000000165,18.000000018,18.000000018,18.000000018,18.000000018,18.000000018,18.000000018,18.000000018,18.000000018,20.9166666871667,25.0000000219167,25.0001381805456,24.99997699209,24.9999792857767,24.999999999,24.999999999,24.999999999,24.999999999,24.999999999,24.999999999,24.999999999,30.0258333323333,44.115008332333304,62.53589999925,69.5562499990833,122.779241666667,170.46166666666701,301.610833333333,526.348333333333,767.750833333333,1046.24933333333,1533.96166666667,1919.105,2196.72833333333,2564.49416666667,3189.47416666667,3998.26666666667,5446.5729,11786.8016666667,1,1,1,1,1,1,1,1,1,1,1,1,1,1,1,1,1,1,1,1,1,1,1,1,1,1
Egypt,469,"Exchange rates, domestic currency per usd, period average, rate",ENDA_XDC_USD_RATE,Value,NA,NA,NA,NA,NA,NA,NA,NA,NA,NA,0.348241999348242,0.348241999348242,0.348241999348242,0.348241999348242,0.348241999348242,0.348241999348242,0.348241999348242,0.348241999348242,0.348241999348242,0.348241999348242,0.348241999348242,0.348241999348242,0.4044891253802598,0.434782608884688,0.434782608884688,0.434782608884688,0.434782608884688,0.434782608884688,0.434782608884688,0.434782608884688,0.434782608884688,0.4347826413942972,0.434782608884688,0.397956243179606,0.391303667451088,0.391303667451088,0.391303667451088,0.391303667451088,0.391303667451088,0.700000700490701,0.700000700490701,0.700000700490701,0.700000700490701,0.700000700490701,0.700000700204867,0.7000007000007,0.7000007000007,0.7000007000007,0.7000007000007,0.8666666666666668,1.55,3.138008333333332,3.321748333333332,3.3525175,3.385133333333332,3.392208333333335,3.391483333333335,3.38875,3.388,3.39525,3.47205,3.973,4.499666666666668,5.850875,6.196241666666665,5.778833333333335,5.733166666666665,5.635433333333335,5.432499999999998,5.544553308629775,5.621942917610505,5.932827651515152,6.056058333333332,6.870324999999998,7.077608560606062,7.691258333333335,10.02540078854647,17.78253351506358,17.76729042181069,16.77058184287632,15.75917291666667,15.64452727771133,19.16043974122044,30.62641369803105,45.29926,NA
Spain,184,"Exchange rates, domestic currency per usd, period average, rate",ENDA_XDC_USD_RATE,Value,NA,NA,NA,NA,NA,NA,NA,NA,NA,NA,39.799999999,39.649999999,39.649999999,39.649999999,38.949999999,38.949999999,38.949999999,41.3016666656667,41.999160034439,50.9995800467195,60.000000059,60.000000059,60.000000059,60.000000059,60.000000059,60.000000059,60.000000059,61.6666667275,70.00000007,70.00000007,70.00000007,69.4686667071667,64.2714166659167,58.2600833323333,57.686499999,57.4069166656667,66.9029166660833,75.9618333324167,76.6678333328333,67.1249999995833,71.7019166659167,92.3218333325,109.859166665833,143.429916666333,160.760999999667,170.044083333167,140.048375442168,123.478333333333,116.486833333333,118.377666666667,101.933916666667,103.911583333333,102.379083333333,127.260416666667,133.957955,124.689,126.661583333333,146.413628333333,149.395331666667,NA,NA,NA,NA,NA,NA,NA,NA,NA,NA,NA,NA,NA,NA,NA,NA,NA,NA,NA,NA,NA,NA,NA,NA,NA,NA,NA
Ethiopia,644,"Exchange rates, domestic currency per usd, period average, rate",ENDA_XDC_USD_RATE,Value,NA,NA,NA,NA,NA,NA,NA,NA,NA,NA,2.48447000148447,2.48447000148447,2.48447000148447,2.48447000148447,2.48447000148447,2.48447000148447,2.48447000148447,2.48447000148447,2.48447000148447,2.48447000148447,2.48447000148447,2.48447000148447,2.48447000148447,2.484470001277431,2.5000000015,2.5000000015,2.5000000015,2.5000000015,2.5000000015,2.5000000015,2.5000000015,2.493475001291667,2.299999999,2.098749999,2.069999999,2.069999999,2.069999999,2.069999999,2.069999999,2.069999999,2.069999999,2.069999999,2.069999999,2.069999999,2.069999999583333,2.07,2.07,2.07,2.07,2.07,2.07,2.07,2.8025,5,5.465,6.158333333333332,6.351675,6.709341666666668,7.115908333333335,7.94225,8.217258333333332,8.457491666666668,8.567749999999998,8.599683333333335,8.635583333333331,8.666441666666667,8.698615833333331,8.965950000000001,9.599741666666668,11.7775996725,14.40958980800658,16.89922575952752,17.70476137826742,18.62662895754784,19.58578990769497,20.57684875,21.73154722222222,23.86610445741254,27.42938659416668,29.06975,34.9271654040404,43.73377831884002,51.7562150334169,54.60094806765692,82.60133635047642,NA
Finland,172,"Exchange rates, domestic currency per usd, period average, rate",ENDA_XDC_USD_RATE,Value,NA,NA,NA,NA,NA,NA,NA,NA,NA,NA,2.30999999928261,2.30000000157844,2.30000000157844,2.30000000157844,2.30000000157844,2.30000000157844,2.30000000157844,2.52500000151896,3.2000000022,3.2000000022,3.2000000022,3.2000000022,3.2000000022,3.2000000022,3.2000000022,3.2000000022,3.2000000022,3.44999250244999,4.19997000319997,4.19997000319997,4.19997000319997,4.18441779068686,4.14633333257077,3.82116666588548,3.7737499992161,3.67866666587732,3.86441666588796,4.02941666589741,4.11733333256911,3.8953333325564,3.73008333254693,4.31524999924711,4.8204166659427,5.5700833326523,6.00999999977647,6.19789583316667,5.06952,4.395565,4.18283333333333,4.29121583333333,3.823505,4.04397916666667,4.47944,5.71229166666667,5.2235125,4.36666666666667,4.59355,5.191435,5.34406583333333,NA,NA,NA,NA,NA,NA,NA,NA,NA,NA,NA,NA,NA,NA,NA,NA,NA,NA,NA,NA,NA,NA,NA,NA,NA,NA,NA
Fiji,819,"Exchange rates, domestic currency per usd, period average, rate",ENDA_XDC_USD_RATE,Value,NA,NA,NA,NA,NA,NA,NA,NA,NA,NA,0.792857999703316,0.792857999703316,0.792857999703316,0.792857999703316,0.792857999703316,0.792857999703316,0.792857999703316,0.792857999703316,0.792857999703316,0.792857999703316,0.792857999703316,0.792857999703316,0.792857999703316,0.792857999703316,0.792857999703316,0.792857999703316,0.792857999703316,0.8058539997312358,0.870833999870834,0.870833999870834,0.870833999870834,0.8588232310577208,0.825183711570471,0.7942238252139695,0.8056038281087385,0.8218830642192008,0.8977154030213282,0.9174403323333332,0.846770749,0.835743249,0.8179646656666665,0.8546265823333332,0.9324486656666668,1.017020332333333,1.082596666083333,1.15355416625,1.13286583325,1.243858333333333,1.430258333333333,1.483333333333333,1.480908333333333,1.4755575,1.502990833333333,1.541775,1.464125,1.406333333333333,1.4033,1.443675,1.986816666666667,1.969625,2.128625,2.276602946026132,2.186783350011502,1.895768381799966,1.733101678371328,1.691046215715517,1.731264932787449,1.610413796103594,1.594034410773436,1.958095035388861,1.91850867822547,1.790883831260123,1.789892817410945,1.841476617065321,1.887345358319217,2.097629816331012,2.094695939185084,2.066875303814543,2.087379789249969,2.160393115314637,2.168804924242424,2.070633333333334,2.201406986958503,2.250125,2.2683,2.299033333333334
France,132,"Exchange rates, domestic currency per usd, period average, rate",ENDA_XDC_USD_RATE,Value,NA,NA,NA,NA,NA,NA,NA,NA,NA,NA,3.4968,3.4996,3.4997,3.4996,3.4997,3.4997,3.4979,3.61640833258333,4.19722499933333,4.93706000393706,4.93706000393706,4.93706000393706,4.93706000393706,4.93706000393706,4.93706000393706,4.93706000393706,4.93706000393706,4.93706000393706,4.93706000393706,5.1941975041942,5.55419000455419,5.54060135472093,5.04454451564062,4.45277967399083,4.80961847285583,4.28779951537657,4.8028783632131,4.90517332253217,4.51309999933333,4.25441666608333,4.22557499908333,5.43460833258333,6.57209999908333,7.62129166575,8.73909999958333,8.98522499975,6.92609166666667,6.01070833333333,5.95694166666667,6.38014166666667,5.445275,5.64211666666667,5.29381583333333,5.66323,5.552045,4.9914825,5.1155225,5.83669166666667,5.89951566666667,NA,NA,NA,NA,NA,NA,NA,NA,NA,NA,NA,NA,NA,NA,NA,NA,NA,NA,NA,NA,NA,NA,NA,NA,NA,NA,NA
Faroe Islands,816,"Exchange rates, domestic currency per usd, period average, rate",ENDA_XDC_USD_RATE,Value,NA,NA,NA,NA,NA,NA,NA,NA,NA,NA,6.90714000590714,6.90714000590714,6.90714000590714,6.90714000590714,6.90714000590714,6.90714000590714,6.90714000590714,6.90714000590714,6.90714000590714,6.90714000590714,6.90714000590714,6.90714000590714,6.90714000590714,6.90714000590714,6.90714000590714,6.90714000590714,6.90714000590714,6.95654500538095,7.5000000065,7.5000000065,7.5000000065,7.42633796871194,6.949291665666665,6.049499999,6.094899999,5.746149999,6.045024999,6.003191665666665,5.514624999,5.260958332333332,5.635941665666668,7.123366665666665,8.332441666166668,9.14499166575,10.35659166625,10.59639166641666,8.090991666583331,6.840316666666668,6.731524999999998,7.310175,6.188558333333335,6.396458333333332,6.036133333333335,6.483939166666665,6.360551666666668,5.602366666666668,5.798671666666665,6.604459166666668,6.700826666666668,6.976239999999998,8.083144166666669,8.322817499999998,7.894714166666665,6.587673333333335,5.991056666666668,5.99691,5.946778333333335,5.443700833333335,5.098130833333335,5.360866666666668,5.624075,5.36871153508772,5.792475537039158,5.616311686176225,5.612466666666665,6.727906831296295,6.731718257246378,6.602152258508772,6.314618786666668,6.669446615,6.542152204166668,6.2871130825,7.0761518625,6.889702585833335,6.894481416666665,NA
Gabon,646,"Exchange rates, domestic currency per usd, period average, rate",ENDA_XDC_USD_RATE,Value,NA,NA,NA,NA,NA,NA,NA,NA,NA,NA,174.840666544651,174.980667078374,174.985667097436,174.980667078374,174.985667097436,174.985667097436,174.895666754328,180.821105973032,210.238718125891,245.213434789085,245.195101398359,245.26010162116,245.013850686544,245.016350696075,245.027184079042,245.060934207708,245.678436557644,246.000937791281,247.564693756951,259.960574351236,276.403137026845,275.356456685332,252.027627462649,222.889183053227,240.704667637823,214.312900341219,238.950494267059,245.679686566576,225.655860233957,212.721644262377,211.279555414705,271.731452550327,328.60625269899,381.066036024628,436.956665788008,449.262962711607,346.305903554493,300.536562401478,297.848218819378,319.008299487903,272.264787954393,282.10690880882,264.691800750579,283.162579500018,555.204695655697,499.14842590131,511.552430272516,583.669372353396,589.951774567332,615.473349319164,710.207977031367,732.397693260228,693.713226496374,579.897426172466,527.338032291576,527.258362649626,522.425624895176,478.633718476363,446.000041432788,470.293423341398,494.794262222947,471.248625718937,510.556338454251,493.899623852237,493.757329875312,591.21169798261,592.605615063022,580.656749587858,555.446458398226,585.911013180369,575.586004510945,554.530675033104,623.759700911182,606.569750165917,606.3452976090625,581.9284810403395
United Kingdom,112,"Exchange rates, domestic currency per usd, period average, rate",ENDA_XDC_USD_RATE,Value,NA,NA,NA,NA,NA,NA,NA,NA,NA,NA,0.357142999357143,0.357142999357143,0.357142999357143,0.357142999357143,0.357142999357143,0.357142999357143,0.357142999357143,0.357142999357143,0.357142999357143,0.357142999357143,0.357142999357143,0.357142999357143,0.357142999357143,0.357142999357143,0.357142999357143,0.357142999357143,0.357142999357143,0.3621033326656748,0.416666999416667,0.416666999416667,0.416666999416667,0.4109202374294245,0.4003904615300082,0.4081709452993075,0.4277564397476632,0.4520411656666668,0.5565098323333335,0.573271999,0.5215045823333335,0.4721811656666668,0.430294999,0.4976413323333335,0.5724468323333335,0.6597245823333335,0.75180666625,0.77924599975,0.6821973333333332,0.6119265,0.5621701666666667,0.61117275,0.5631771666666668,0.5670153333333332,0.5697741666666668,0.6667565533333332,0.6534266041666665,0.63366812,0.640958255,0.6108361141666668,0.6038235941666668,0.6180568449999998,0.6609308333333332,0.6946549999999998,0.6672233333333332,0.6124725,0.54618,0.5499983333333331,0.5434866666666668,0.4997716666666668,0.54396625,0.641919263495996,0.6471793455601648,0.6241408357404948,0.6330469888573272,0.6396605776134768,0.607729626878255,0.654545478931426,0.7406344636970842,0.7769766823441225,0.7495315402598468,0.783445110011929,0.7799995766971533,0.7270649446883225,0.8113017158277732,0.8045389067343528,0.7824145809862618,0.7594739573386078
Ghana,652,"Exchange rates, domestic currency per usd, period average, rate",ENDA_XDC_USD_RATE,Value,NA,NA,NA,NA,NA,NA,NA,NA,NA,NA,0.71428999971429,0.71428999971429,0.71428999971429,0.71428999971429,0.71428999971429,0.71428999971429,0.71428999971429,7.139159668257615e-5,7.13915966742473e-5,7.13915966742473e-5,7.13915966742473e-5,7.13915966742473e-5,7.13915966742473e-5,7.13915966742473e-5,7.13915966742473e-5,7.13915966742473e-5,7.13915966742473e-5,8.608119479252688e-5,1.01985139685e-4,1.01985139685e-4,1.01985139685e-4,1.034293628032796e-4,1.332674788427064e-4,1.164373654914521e-4,1.14938171943065e-4,1.14938171943065e-4,1.14938171943065e-4,1.14938171943065e-4,1.762631838126659e-4,2.74852150537634e-4,2.74852150537634e-4,2.74852150537634e-4,2.74852150537634e-4,8.82522770144633e-4,0.003596684425137568,0.005433577150537638,0.008915620743727598,0.01536506810035844,0.02022370452508961,0.02698548387096775,0.03261562195340502,0.03676330748207888,0.04368516738351252,0.06487118758960575,0.0955682388545159,0.1199138729601448,0.1635471675752014,0.2047962778982158,0.231165900582341,0.2666429724071908,0.5449191758687661,0.7163051578089955,0.7924170843131672,0.866764326525345,0.8994948540070625,0.9052094858333332,0.9151067991666668,0.932619195,1.052275,1.404966666666667,1.429983333333334,1.520625,1.824866666666667,1.98135,2.896575,3.714641666666668,3.909816666666668,4.350533333333332,4.585325,5.217366666666668,5.595708333333332,5.8057,8.2724,11.02040833333333,14.18194166666667,NA
Gibraltar,823,"Exchange rates, domestic currency per usd, period average, rate",ENDA_XDC_USD_RATE,Value,NA,NA,NA,NA,NA,NA,NA,NA,NA,NA,0.357142999357143,0.357142999357143,0.357142999357143,0.357142999357143,0.357142999357143,0.357142999357143,0.357142999357143,0.357142999357143,0.357142999357143,0.357142999357143,0.357142999357143,0.357142999357143,0.357142999357143,0.357142999357143,0.357142999357143,0.357142999357143,0.357142999357143,0.362103332665675,0.416666999416667,0.416666999416667,0.416666999416667,0.410920237429425,0.400390461530008,0.408170945299308,0.427756439747663,0.452041165666667,0.556509832333333,0.573271999,0.521504582333333,0.472181165666667,0.430294999,0.497641332333333,0.572446832333333,0.659724582333333,0.75180666625,0.77924599975,0.682197333333333,0.6119265,0.562170166666667,0.61117275,0.563177166666667,0.567015333333333,0.569774166666667,0.666756553333333,0.653426604166667,0.63366812,0.640958255,0.610836114166667,0.603823594166667,0.618056845,0.660930833333333,0.694655,0.667223333333333,0.6124725,0.54618,0.549998333333333,0.543486666666667,0.499771666666667,0.54396625,0.641919263495996,0.647179345560165,0.624140835740495,0.633046988857327,0.639660577613477,0.607729626878255,0.654545478931426,0.740634463697084,0.776976682344123,0.749531540259847,0.783445110011929,0.779999576697153,0.727064944688322,0.811301715827773,0.804538906734353,0.7824145809862618,0.7594739573386078
Guinea,656,"Exchange rates, domestic currency per usd, period average, rate",ENDA_XDC_USD_RATE,Value,NA,NA,NA,NA,NA,NA,NA,NA,NA,NA,17.4941995432803,17.499199314513,17.499199314513,17.499199314513,17.499199314513,17.499199314513,17.499199314513,17.9361627143024,21.3062026005205,24.685000023685,24.685000023685,24.685000023685,24.685000023685,24.685000023685,24.685000023685,24.685000023685,24.685000023685,24.685000023685,24.685000023685,24.685000023685,24.685000023685,24.612752017628,22.7362739789965,20.716091769979,20.5562761717008,20.6732649333333,21.3819569425,21.1444826725,19.723540755,19.1070133208333,18.9688930416667,20.9481171191667,22.3660285241667,23.095183975,24.0899436958333,24.3330987866667,333.4525,428.4025,474.395833333333,591.645833333333,660.166666666667,753.858083333333,902.001333333333,955.490333333333,976.636416666667,991.4115,1004.01658333333,1095.3255,1236.83175,1387.40133333333,1746.86991666667,1950.55833333333,1975.84375,1984.93125,2243.93125,3644.33333333333,5148.75,4197.75200416667,4601.69100416667,4801.0832375,5726.07102083333,6658.03125833333,6985.82902633333,6907.8780695,7014.11877725,7485.51674166667,8967.92707958333,9088.31949623166,9011.13417725194,9183.87586390984,9565.08218343833,NA,NA,NA,NA,NA
"Gambia, The",648,"Exchange rates, domestic currency per usd, period average, rate",ENDA_XDC_USD_RATE,Value,NA,NA,NA,NA,NA,NA,NA,NA,NA,NA,1.785709999,1.785709999,1.785709999,1.785709999,1.785709999,1.785709999,1.785709999,1.78571071450171,1.78571071450171,1.78571071450171,1.78571071450171,1.78571071450171,1.78571071450171,1.78571071450171,1.78571071450171,1.78571071450171,1.78571071450171,1.83531392893198,2.08333000108333,2.08333000108333,2.08333000108333,2.054598273814617,2.001332796042462,1.702404564063584,1.710926786275578,1.808043707105841,2.225673135384842,2.293018880778619,2.085745296671855,1.888415799619044,1.720982839917061,1.990170209311176,2.289510185307297,2.63857461911583,3.584058012602675,3.89387380444162,6.924971088261072,7.074400105391222,6.70842323781853,7.58358294004149,7.878992180844065,8.73314083987557,8.89571491305405,9.114419471568056,9.581770960113388,9.544264819309891,9.797173469509298,10.20016666666667,10.6431,11.39509166666666,12.78762509509436,15.68715833333333,19.917825,28.53050833333332,30.03008333333332,28.57543333333332,28.065725,24.87343333333334,22.19235,26.64436120423128,28.0119536626841,29.46152006015762,32.07713388862168,35.95758683416508,41.7329616505126,42.50620809237252,43.37252767318188,46.60890946211015,48.1517806379073,50.0624613684222,51.5016603661723,51.48444387838325,54.92346735866792,61.0963330077956,67.66123825894198,71.28938182426921
Guinea-Bissau,654,"Exchange rates, domestic currency per usd, period average, rate",ENDA_XDC_USD_RATE,Value,NA,NA,NA,NA,NA,NA,NA,NA,NA,NA,174.840666544651,174.980667078374,174.985667097436,174.980667078374,174.985667097436,174.985667097436,174.895666754328,180.821105973032,210.238718125891,245.213434789085,245.195101398359,245.26010162116,245.013850686544,245.016350696075,245.027184079042,245.060934207708,245.678436557644,246.000937791281,247.564693756951,259.960574351236,276.403137026845,275.356456685332,252.027627462649,222.889183053227,240.704667637823,214.312900341219,238.950494267059,245.679686566576,225.655860233957,212.721644262377,211.279555414705,271.731452550327,328.60625269899,381.066036024628,436.956665788008,449.262962711607,346.305903554493,300.536562401478,297.848218819378,319.008299487903,272.264787954393,282.10690880882,264.691800750579,283.162579500018,555.204695655697,499.14842590131,511.552430272516,583.669372353396,589.951774567332,615.473349319164,710.207977031367,732.397693260228,693.713226496374,579.897426172466,527.338032291576,527.258362649626,522.425624895176,478.633718476363,446.000041432788,470.293423341398,494.794262222947,471.248625718937,510.556338454251,493.899623852237,493.757329875312,591.21169798261,592.605615063022,580.656749587858,555.446458398226,585.911013180369,575.586004510945,554.530675033104,623.759700911182,606.569750165917,606.3452976090625,581.9284810403395
Greece,174,"Exchange rates, domestic currency per usd, period average, rate",ENDA_XDC_USD_RATE,Value,NA,NA,NA,NA,NA,NA,NA,NA,NA,NA,14.999925000375,14.999925000375,14.999925000375,26.339999999,30.000300003,30.000300003,30.000300003,30.000300003,30.000300003,30.000300003,30.000300003,30.0000500246667,30.000000029,30.000000029,30.000000029,30.000000029,30.000000029,30.000000029,30.000000029,30.000000029,30.000000029,30.0000000289151,30.000300003,29.625225002,30.000300003,32.051325,36.5175833323333,36.8384166656667,36.7454166656667,37.0384166656667,42.6165833323333,55.4084166656667,66.80316666575,88.0642499995,112.716583333,138.119083333,139.981166666583,135.4295,141.8605,162.416583333333,158.513916666667,182.266416666667,190.62425,229.249843333333,242.6028175,231.662735833333,240.7115425,273.057853333333,295.529105,305.646604166667,365.398560833333,NA,NA,NA,NA,NA,NA,NA,NA,NA,NA,NA,NA,NA,NA,NA,NA,NA,NA,NA,NA,NA,NA,NA,NA,NA
Grenada,328,"Exchange rates, domestic currency per usd, period average, rate",ENDA_XDC_USD_RATE,Value,NA,NA,NA,NA,NA,NA,NA,NA,NA,NA,1.71429000071429,1.71429000071429,1.71429000071429,1.71429000071429,1.71429000071429,1.71429000071429,1.71429000071429,1.71429000071429,1.71429000071429,1.71429000071429,1.71429000071429,1.71429000071429,1.71429000071429,1.71429000071429,1.71429000071429,1.71429000071429,1.71429000071429,1.76190833409524,2.000000001,2.000000001,2.000000001,1.97487273321145,1.92127814947601,1.95921923598161,2.05323240851763,2.16979583233333,2.61467083283333,2.7,2.7,2.7,2.7,2.7,2.7,2.7,2.7,2.7,2.7,2.7,2.7,2.7,2.7,2.7,2.7,2.7,2.7,2.7,2.7,2.7,2.7,2.7,2.7,2.7,2.7,2.7,2.7,2.7,2.7,2.7,2.7,2.7,2.7,2.7,2.7,2.7,2.7,2.7,2.7,2.7,2.7,2.7,2.7,2.7,2.7,2.7,2.7,2.7
Greenland,326,"Exchange rates, domestic currency per usd, period average, rate",ENDA_XDC_USD_RATE,Value,NA,NA,NA,NA,NA,NA,NA,NA,NA,NA,6.90714000590714,6.90714000590714,6.90714000590714,6.90714000590714,6.90714000590714,6.90714000590714,6.90714000590714,6.90714000590714,6.90714000590714,6.90714000590714,6.90714000590714,6.90714000590714,6.90714000590714,6.90714000590714,6.90714000590714,6.90714000590714,6.90714000590714,7.00595000600595,7.5000000065,7.5000000065,7.5000000065,7.41759565558043,6.94929166566667,6.049499999,6.094899999,5.746149999,6.045024999,6.00319166566667,5.514624999,5.26095833233333,5.63594166566667,7.12336666566667,8.33244166616667,9.14499166575,10.35659166625,10.5963916664167,8.09099166658334,6.84031666666667,6.731525,7.310175,6.18855833333333,6.39645833333333,6.03613333333333,6.48393916666667,6.36055166666667,5.60236666666667,5.79867166666667,6.60445916666667,6.70082666666667,6.97624,8.08314416666667,8.3228175,7.89471416666667,6.58767333333333,5.99105666666667,5.99691,5.94677833333333,5.44370083333333,5.09813083333333,5.36086666666667,5.624075,5.36871153508772,5.79247553703916,5.61631168617622,5.61246666666667,6.7279068312963,6.73171825724638,NA,NA,NA,NA,NA,NA,NA,NA,NA
Guatemala,258,"Exchange rates, domestic currency per usd, period average, rate",ENDA_XDC_USD_RATE,Value,NA,NA,NA,NA,NA,NA,NA,NA,NA,NA,1,1,1,1,1,1,1,1,1,1,1,1,1,1,1,1,1,1,1,1,1,0.9999999999166668,1,0.9999999999166668,0.9999999995,0.999999999,0.999999999,0.999999999,0.999999999,0.999999999,0.999999999,0.999999999,0.999999999,0.999999999,0.9999999995833332,1,1.875,2.5,2.619583333333332,2.816116666666668,4.485758333333332,5.02888,5.17063,5.6353625,5.751200833333332,5.8103425,6.0495125,6.065269166666668,6.394653333333335,7.38561,7.763159166666668,7.858592500000002,7.821645000000002,7.940846666666668,7.946495833333332,7.633944166666668,7.602630833333332,7.673304166666665,7.560028333333332,8.161555416666667,8.057770833333333,7.785418333333335,7.833605416666668,7.85681375,7.732233333333332,7.654815,7.599937083333332,7.34793875,7.519164583333332,7.696698333333335,7.721650000000002,7.734388333333332,7.748243749999998,7.831974166666665,7.7585375,7.680124583333335
Guyana,336,"Exchange rates, domestic currency per usd, period average, rate",ENDA_XDC_USD_RATE,Value,NA,NA,NA,NA,NA,NA,NA,NA,NA,NA,1.71429000071429,1.71429000071429,1.71429000071429,1.71429000071429,1.71429000071429,1.71429000071429,1.71429000071429,1.71429000071429,1.71429000071429,1.71429000071429,1.71429000071429,1.71429000071429,1.71429000071429,1.71429000071429,1.71429000071429,1.71429000071429,1.71429000071429,1.738099167261908,2.000000001,2.000000001,2.000000001,1.988660244932475,2.087272963151732,2.106176210756796,2.226855293232599,2.355384154378478,2.549999999,2.549999999,2.549999999,2.549999999,2.549999999,2.812499999,2.999999999,2.999999999,3.83157166625,4.251854999916668,4.272416666666668,9.755833333333332,10,27.15875,39.53333333333332,111.8106666666667,125.0025,126.7304416666667,138.29024083333331,141.9891666666667,140.375,142.4008333333333,150.5191666666667,177.995,182.43,187.3208333333333,190.665,193.8783333333334,198.3075,199.875,200.1883333333333,202.3466666666666,203.6333333333333,203.95,203.6358333333333,204.0175,204.3583333333334,205.3941666666667,206.4491666666667,206.5,206.5,206.5,207.7166666666667,208.5,208.5,208.5,208.5,208.5,208.5,NA
Hong Kong SAR,532,"Exchange rates, domestic currency per usd, period average, rate",ENDA_XDC_USD_RATE,Value,NA,NA,NA,NA,NA,NA,NA,NA,NA,NA,5.7143000047143,5.7143000047143,5.7143000047143,5.7143000047143,5.7143000047143,5.7143000047143,5.7143000047143,5.7143000047143,5.7143000047143,5.7143000047143,5.7143000047143,5.7143000047143,5.7143000047143,5.7143000047143,5.7143000047143,5.7143000047143,5.7143000047143,5.7431583376003,6.0606000050606,6.0606000050606,6.0606000050606,5.980410470183475,5.641416666583332,5.1465,5.031583333333332,4.935166666583332,4.904749999833335,4.661999999916665,4.683666666583332,5.002666666416665,4.976083333333335,5.589333333333332,6.069916666666668,7.265166666583332,7.818,7.79075,7.803333333333332,7.79825,7.806,7.799916666666665,7.78975,7.771166666666668,7.740583333333332,7.735583333333332,7.728416666666668,7.735833333333335,7.734254166666668,7.742083333333332,7.745333333333332,7.7575,7.791166666666668,7.79875,7.798916666666668,7.78675,7.788,7.777333333333332,7.767833333333332,7.801416666666665,7.786833333333332,7.75175,7.769166666666668,7.784,7.756416666666665,7.756,7.754083333333335,7.75175,7.76225,7.79325,7.838499999999998,7.835916666666668,7.75725,7.77325,7.831416666666665,7.829583333333332,7.803833333333335,7.797083333333332
Honduras,268,"Exchange rates, domestic currency per usd, period average, rate",ENDA_XDC_USD_RATE,Value,NA,NA,NA,NA,NA,NA,NA,NA,NA,NA,2.000000001,2.000000001,2.000000001,2.000000001,2.000000001,2.000000001,2.000000001,2.000000001,2.000000001,2.000000001,2.000000001,2.000000001,2.000000001,2.000000001,2.000000001,2.000000001,2.000000001,2.000000001,2.000000001,2.000000001,2.000000001,2.000000000916667,2.00000921148374,2.000000768314437,2.000000000414475,2,2,2,2,2,2,2,2,2,2,2,2,2,2,2,NA,NA,NA,NA,NA,NA,NA,NA,NA,NA,14.840625,15.476825,16.43705833333333,17.35249166666666,18.209725,18.83234166666667,18.89520833333334,18.8951,18.90375833333333,18.8951,18.8951,18.91714166666667,19.50224951216148,20.35377916666667,20.98715833333333,21.945175,22.835018390426,23.48708394345524,23.90272829254323,24.50853891489262,24.58188051728464,24.01665532426807,24.48587372911308,24.60164682368182,24.79928244155212,25.95254367760422
Haiti,263,"Exchange rates, domestic currency per usd, period average, rate",ENDA_XDC_USD_RATE,Value,NA,NA,NA,NA,NA,NA,NA,NA,NA,NA,5.000000004,5.000000004,5.000000004,5.000000004,5.000000004,5.000000004,5.000000004,5.000000004,5.000000004,5.000000004,5.000000004,5.000000004,5.000000004,5.000000004,5.000000004,5.000000004,5.000000004,5.000000004,5.000000004,5.000000004,5.000000004,5.000000003583332,5.00001842480959,5.000008445970815,5.00000414589201,4.999999999,4.999999999,4.999999999,4.999999999,4.999999999,4.999999999,4.999999999,4.999999999,4.999999999,4.999999999583332,5,5,5,5,5,5,6.034166666666668,9.801666666666668,12.8225,15.04,15.10973333333333,15.70115,16.6545,16.76566666666667,16.93789166666666,21.17066666666667,24.42908333333333,29.25048333333332,42.36675833333335,38.35203333333332,40.44855,40.40851666666665,36.86141666666668,39.10759166666668,41.19760833333335,39.7974,40.52282193937445,41.94972295231558,43.46278333333332,45.21598089237922,50.70642667394392,63.3358183698924,64.76968028499277,68.0317539812812,88.81496617691931,93.50980721362129,89.2266365116304,115.6307155217464,141.035912702189,131.8109916666666,NA
India,534,"Exchange rates, domestic currency per usd, period average, rate",ENDA_XDC_USD_RATE,Value,NA,NA,NA,NA,NA,NA,NA,NA,NA,NA,4.7619000037619,4.7619000037619,4.7619000037619,4.7619000037619,4.7619000037619,4.7619000037619,4.7619000037619,4.7619000037619,4.7619000037619,4.7619000037619,4.7619000037619,4.7619000037619,4.7619000037619,4.7619000037619,4.7619000037619,4.7619000037619,6.359125005359125,7.5000000065,7.5000000065,7.5000000065,7.5000000065,7.491935230968242,7.594468373949362,7.742038562149682,8.101603227218298,8.375891945653859,8.960412728123922,8.738576171314575,8.192840348403928,8.125790946356892,7.862944701137982,8.658522817093168,9.45513193348639,10.09889824404612,11.36258333266667,12.36874999958333,12.61083333325,12.9615,13.91708333333333,16.2255,17.5035,22.74243333333334,25.91808333333332,30.49329166666668,31.3737425,32.42707666666668,35.43317333333332,36.31328583333332,41.259365,43.05542833333335,44.941605,47.18641416666665,48.61031916666668,46.58328416666668,45.31646666666665,44.099975,45.30700833333335,41.34853333333332,43.50518333333332,48.40526666666665,45.72581212121212,46.67046666666668,53.43723333333332,58.59784541666668,61.0295144607843,64.1519444632786,67.19531280738939,65.12156864506595,68.38946709354215,70.42034053595508,74.09956688360525,73.91801281543512,78.60449058299157,82.59927644607845,83.669281580941,87.15844835073932
Ireland,178,"Exchange rates, domestic currency per usd, period average, rate",ENDA_XDC_USD_RATE,Value,NA,NA,NA,NA,NA,NA,NA,NA,NA,NA,0.357142999357143,0.357142999357143,0.357142999357143,0.357142999357143,0.357142999357143,0.357142999357143,0.357142999357143,0.357142999357143,0.357142999357143,0.357142999357143,0.357142999357143,0.357142999357143,0.357142999357143,0.357142999357143,0.357142999357143,0.357142999357143,0.357142999357143,0.362103332665675,0.416666999416667,0.416666999416667,0.416666999416667,0.410920220035124,0.400390461530008,0.408170945299308,0.427756439747663,0.452041165666667,0.556509832333333,0.573271999,0.521504582333333,0.488594874084431,0.486645276829587,0.621298066875603,0.704561636049961,0.804677922717774,0.922553499583333,0.945614999916667,0.743128333166667,0.672916666666667,0.6564675,0.705543333333333,0.604588333333333,0.6212975,0.587720833333333,0.677249306666667,0.668628101666667,0.623733075,0.625028368333333,0.659643126666667,0.702270998333333,NA,NA,NA,NA,NA,NA,NA,NA,NA,NA,NA,NA,NA,NA,NA,NA,NA,NA,NA,NA,NA,NA,NA,NA,NA,NA,NA
Iran,429,"Exchange rates, domestic currency per usd, period average, rate",ENDA_XDC_USD_RATE,Value,NA,NA,NA,NA,NA,NA,NA,NA,NA,NA,32.25000003125,32.25000003125,32.25000003125,32.25000003125,32.25000003125,32.25000003125,32.25000003125,57.62500005452082,75.75000007575,75.75000007575,75.75000007575,75.75000007575,75.75000007575,75.75000007575,75.75000007575,75.75000007575,75.75000007575,75.75000007575,75.75000007575,75.75000007575,75.75000007575,75.7500000694375,75.7499701345202,68.88604194825852,67.641342246617,67.65494553244062,70.23906986105162,70.63373187888553,70.4920309761581,70.4920309761581,70.631848089676,78.3468453777361,83.6226700245569,86.3787358940775,90.0514398915356,91.0735868439752,78.7787830685101,71.47743571904319,68.69976462967006,72.03223642636722,68.1123727149296,67.5217300147946,65.5678412857706,1268.078761338812,1749.173736250786,1748.350245627588,1751.186355835937,1753.345477482864,1752.285994593593,1753.354949771385,1764.856069291914,1753.985684657849,6907.034455616532,8193.887519166668,8613.98942075,8963.958906666669,9170.9428775,9281.151828333335,9428.528260833335,9864.302456268206,10254.17647028898,10616.30664390756,12175.54722222222,18414.44801003736,25941.66414459722,29011.49137705295,30914.85243629672,33226.29815241265,40864.32900977698,42000,42000,42000,42000,42000,NA,NA
Iraq,433,"Exchange rates, domestic currency per usd, period average, rate",ENDA_XDC_USD_RATE,Value,NA,NA,NA,NA,NA,NA,NA,NA,NA,NA,0.357142999357143,0.357142999357143,0.357142999357143,0.357142999357143,0.357142999357143,0.357142999357143,0.357142999357143,0.357142999357143,0.357142999357143,0.357142999357143,0.357142999357143,0.357142999357143,0.357142999357143,0.357142999357143,0.357142999357143,0.357142999357143,0.357142999357143,0.357142999357143,0.357142999357143,0.357142999357143,0.357142999357143,935.6178350052742,2144.56721419924,1950.844448296158,1902.26533390822,1902.26533390822,1902.26533390822,1902.26533390822,1902.26533390822,1902.26533390822,1902.26533390822,1902.26533390822,1922.925373848583,2002.38557942674,2002.385583184282,2002.38558586824,2002.38558586824,2002.38558586824,2002.38558586824,2002.38558586824,2002.38558586824,2002.38558586824,2002.38558586824,2002.38629443332,2002.387389488443,2002.387228450925,2002.387212347173,2002.387212347172,2002.387244554678,2002.389772843704,2002.403407353538,2002.40491037037,2002.372702866826,NA,1453.416666666667,1472,1467.416666666666,1254.567218587039,1193.083333333334,1170,1170,1170,1166.166666666667,1166,1166,1167.333333333333,1182,1184,1182.75,1182,1192,1450,1450,1312.5,1300,NA
Iceland,176,"Exchange rates, domestic currency per usd, period average, rate",ENDA_XDC_USD_RATE,Value,NA,NA,NA,NA,NA,NA,NA,NA,NA,NA,0.1629,0.1629,0.1629,0.1629,0.1629,0.1629,0.1629,0.162856999994107,0.162856999994107,0.162856999994107,0.361904749977738,0.4008333333088295,0.429999999974441,0.429999999974441,0.429999999974441,0.429999999974441,0.429999999974441,0.441666666559482,0.6216666666358388,0.879999999968158,0.879999999968158,0.8799999998874782,0.8826035459533885,0.9013416665209205,0.9995166665004992,1.536949999749414,1.821716666371352,1.988699999677623,2.711108332897482,3.525999999432815,4.797641665898902,7.224183332333332,12.35153333275,24.84276666575,31.69374166625,41.50766666666665,41.10415833333332,38.67718333333332,43.01398333333332,57.04179166666665,58.283775,58.99634166666668,57.54593333333332,67.60318166666664,69.94437833333332,64.69166666666665,66.5,70.90429083333332,70.95833333333336,72.33529333333333,78.61594666666667,97.42460333333332,91.66166666666668,76.7089825,70.19166666666668,62.98166666666668,70.18,64.055,87.94791666666669,123.6383814130435,122.241811205165,115.9540397622844,125.0827870137688,122.179121320458,116.7673525068986,131.9187084314322,120.8115480652388,106.8395720139997,108.3001763066262,122.6067736019066,135.4217116292048,126.9888602045574,135.2799020013802,137.9429524299674,137.9580259781535,128.4414870549508
Israel,436,"Exchange rates, domestic currency per usd, period average, rate",ENDA_XDC_USD_RATE,Value,NA,NA,NA,NA,NA,NA,NA,NA,NA,NA,3.59611858743038e-5,3.59611858743038e-5,3.59611858743038e-5,9.98921831617632e-5,1.79999605382631e-4,1.79999605382631e-4,1.79999605382631e-4,1.79999605382631e-4,1.79999605382631e-4,1.79999605382631e-4,1.79999605382631e-4,1.79999605382631e-4,2.899993642886835e-4,2.99999342371052e-4,2.99999342371052e-4,2.99999342371052e-4,2.99999342371052e-4,3.083326574396922e-4,3.49999232782894e-4,3.49999232782894e-4,3.49999232782894e-4,3.791658355221988e-4,4.179796714114712e-4,4.1946923065526e-4,4.451533982306992e-4,6.336149311465268e-4,0.00079255714918527345,0.0010445457989628,0.001743537173635519,0.002540636908275765,0.00512429166568394,0.01143057499928852,0.02426699999908179,0.05621449166602288,0.2932096666670718,1.17884933333439,1.487841666583333,1.594641666666667,1.598933333333334,1.916416666666666,2.016175,2.279108333333334,2.459083333333333,2.830083333333332,3.011055208333332,3.011291666666668,3.19165,3.44935,3.800075,4.139716666666668,4.077333333333335,4.20565,4.737825,4.554133333333332,4.481983333333332,4.4877,4.455808333333335,4.108082949055775,3.588021194083695,3.932335477916665,3.738975,3.578129306220095,3.855921825396825,3.610758333333332,3.577925,3.886833333333332,3.840566666666668,3.59955554812834,3.590558126899375,3.564527346610928,3.442405851987925,3.230198322510822,3.359614401581888,3.667374716022598,3.699719649708922,3.451891666666668
Italy,136,"Exchange rates, domestic currency per usd, period average, rate",ENDA_XDC_USD_RATE,Value,NA,NA,NA,NA,NA,NA,NA,NA,NA,NA,624.609622889504,625.00000390625,625.00000390625,625.00000390625,625.00000390625,625.00000390625,625.00000390625,625.00000390625,624.739749895086,621.086285453565,623.98633587256,625.000000625,625.000000625,625.000000625,625.000000625,625.000000625,625.000000625,625.000000625,625.000000625,625.000000625,625.000000625,620.359289297562,583.217499999417,582.995833331917,650.343333331833,652.849166666,832.334999999667,882.38833333125,848.663333330917,830.861666665917,856.447499997417,1136.76499999958,1352.50999999808,1518.84833333283,1756.96083333183,1909.439166664,1490.80999999875,1296.07,1301.6275,1372.09333333333,1198.10166666667,1240.61333333333,1232.40583333333,1573.66586666667,1612.44498333333,1628.93315833333,1542.94696666667,1703.09690833333,1736.20738333333,NA,NA,NA,NA,NA,NA,NA,NA,NA,NA,NA,NA,NA,NA,NA,NA,NA,NA,NA,NA,NA,NA,NA,NA,NA,NA,NA
Jamaica,343,"Exchange rates, domestic currency per usd, period average, rate",ENDA_XDC_USD_RATE,Value,NA,NA,NA,NA,NA,NA,NA,NA,NA,NA,0.714285999571429,0.714285999571429,0.714285999571429,0.714285999571429,0.714285999571429,0.714285999571429,0.714285999571429,0.714285999571429,0.714285999571429,0.714285999571429,0.714285999571429,0.714285999571429,0.714285999571429,0.714285999571429,0.714285999571429,0.714285999571429,0.714285999571429,0.7242069995456352,0.833333999833334,0.8333337498333337,0.833332999833333,0.8328017499027776,0.76746,0.90909,0.90909,0.90909,0.90909,0.90909,1.413258333083333,1.764778332666667,1.781419999,1.781419999,1.781419999,1.932217499,3.942804166416668,5.558558333166668,5.47783333325,5.486666666666668,5.488554166666665,5.744641666666668,7.184025,12.115875,22.96035,24.94855,33.08593333333332,35.14211666666665,37.11955833333332,35.40446666666668,36.55,39.04351666666668,42.9857,45.99625,48.41594166666668,57.74087375,61.1972,62.2807149440837,65.74385753968255,69.1921618494152,72.75620340615208,87.89411981065352,87.19614633009148,85.89346320227648,88.74980238764522,100.3978832035804,110.934527811188,116.9697766460491,125.095034603174,127.9645441791976,128.8715190646598,133.3121183379603,142.402832756013,150.7901059430258,153.4268164756588,154.1587790317224,156.4395401152977,159.1345836232132
Jordan,439,"Exchange rates, domestic currency per usd, period average, rate",ENDA_XDC_USD_RATE,Value,NA,NA,NA,NA,NA,NA,NA,NA,NA,NA,0.357142999357143,0.357142999357143,0.357142999357143,0.357142999357143,0.357142999357143,0.357142999357143,0.357142999357143,0.357142999357143,0.357142999357143,0.357142999357143,0.357142999357143,0.357142999357143,0.357142999357143,0.357142999357143,0.357142999357143,0.357142999357143,0.357142999357143,0.357142999357143,0.357142999357143,0.357142999357143,0.357142999357143,0.35714299932738103,0.35714325128915,0.32857086795213,0.322091665666667,0.319791665666667,0.331983332333333,0.329266665666667,0.305624999,0.300333332333333,0.297924999,0.330433332333333,0.352491665666667,0.363079165666667,0.384464999416667,0.39462499975,0.349965833166667,0.33845875,0.3742925,0.574575833333333,0.663711666666667,0.680865833333333,0.679818333333333,0.692850833333333,0.698764166666667,0.7003775,0.709,0.709,0.709,0.709,0.709,0.708983174066667,0.708999833333333,0.709,0.709,0.709,0.709,0.708999766666667,0.70966655,0.71,0.71,0.71,0.71,0.71,0.71,0.71,0.71,0.71,0.71,0.71,0.71,0.71,0.71,0.71,0.71,0.71
Japan,158,"Exchange rates, domestic currency per usd, period average, rate",ENDA_XDC_USD_RATE,Value,NA,NA,NA,NA,NA,NA,NA,NA,NA,NA,361.099999998,361.099999998,361.099999998,360.000000359,360.000000359,360.000000359,360.000000359,360.000000359,360.000000359,360.000000359,360.000000359,360.000000359,360.000000359,360.000000359,360.000000359,360.000000359,360.000000359,360.000000359,360.000000359,360.000000359,360.000000359,350.6776935333622,303.172499999,271.7016666660832,292.08249999925,296.7874999991668,296.5524999991668,268.5099999993332,210.441666666,219.1399999993334,226.7408333328334,220.53583333275,249.0766666658333,237.51166666608341,237.5224999993334,238.53583333275,168.5198333330833,144.6375,128.1516666666666,137.9644166666666,144.7925,134.7066666666666,126.6513333333333,111.1977858333333,102.2078058333334,94.05957916666665,108.7790566666666,120.9908625,130.9053006666666,113.906805,107.7654983333333,121.5289475,125.3880191666666,115.9334641666667,108.1925691666666,110.2182116666666,116.2993116666667,117.7535291666666,103.359493968254,93.57008908704564,87.779875,79.80701983218918,79.7904554170065,97.59565827763852,105.9447810340245,121.0440256840111,108.7929000468342,112.1661410818712,110.4231793410602,109.0096659008632,106.7745822624372,109.7543238394172,131.4981404437639,140.4911000623402,151.3662913027518,149.6579268909518
Kenya,664,"Exchange rates, domestic currency per usd, period average, rate",ENDA_XDC_USD_RATE,Value,NA,NA,NA,NA,NA,NA,NA,NA,NA,NA,7.14286000614286,7.14286000614286,7.14286000614286,7.14286000614286,7.14286000614286,7.14286000614286,7.14286000614286,7.14286000614286,7.14286000614286,7.14286000614286,7.14286000614286,7.14286000614286,7.14286000614286,7.14286000614286,7.14286000614286,7.14286000614286,7.14286000614286,7.14286000614286,7.14286000614286,7.14286000614286,7.14286000614286,7.142859997762602,7.142859999,7.001191665666668,7.142859999,7.343193332333332,8.367144999166667,8.276560832416665,7.729383332333335,7.475309165666668,7.420187498999998,9.047498332583332,10.92232499941666,13.31151666591667,14.41387499941666,16.4321166665,16.2257416665,16.45449166666667,17.7471,20.57246666666667,22.91476666666666,27.50786666666668,32.21683333333332,58.00133333333332,56.050575,51.42983333333335,57.11486666666668,58.73184166666668,60.3667,70.32621666666668,76.17554166666667,78.563195,78.74914166666667,75.93556944444445,79.17387606421354,75.55410945143107,72.10083501786215,67.3176381242857,69.175319816226,77.35201229757898,79.23315170454545,88.81076997104564,84.5296017573529,86.12287889826543,87.92216380897266,98.17845332652712,101.5043694985942,103.4100045190136,101.3015740490183,101.9912983893502,106.4507801585172,109.6377465923671,117.8659892016825,139.8463837596168,134.8224832793322,129.3025720993772
Kiribati,826,"Exchange rates, domestic currency per usd, period average, rate",ENDA_XDC_USD_RATE,Value,NA,NA,NA,NA,NA,NA,NA,NA,NA,NA,0.892856999892857,0.892856999892857,0.892856999892857,0.892856999892857,0.892856999892857,0.892856999892857,0.892856999892857,0.892856999892857,0.892856999892857,0.892856999892857,0.892856999892857,0.892856999892857,0.892856999892857,0.892856999892857,0.892856999892857,0.892856999892857,0.892856999892857,0.892856999892857,0.892856999892857,0.892856999892857,0.892856999892857,0.882670259295548,0.838697807262207,0.704113907966658,0.696665868638096,0.763871249,0.818284082333333,0.901824999,0.873659249,0.894640915666667,0.878244332333333,0.870214582333333,0.985862832333333,1.11001499916667,1.13951916591667,1.4318949995,1.49597416641667,1.42818,1.27990833333333,1.26459666666667,1.28105666666667,1.28375583333333,1.36164833333333,1.47056,1.36775083333333,1.3490325,1.27786333333333,1.34738,1.59182833333333,1.54995,1.72482666666667,1.9334425,1.8405625,1.54191416666667,1.3597525,1.30947333333333,1.3279734405,1.1950725,1.19217833333333,1.28218881008452,1.09015948638677,0.969463201496735,0.965801030658708,1.03584309652054,1.10936329281692,1.33109026245502,1.34521397601947,1.30475807671592,1.33841214646451,1.43850654421382,1.45308511847016,1.33122425957081,1.44166445896522,1.50519106560508,1.515358038555959,1.551997886648505
St. Kitts and Nevis,361,"Exchange rates, domestic currency per usd, period average, rate",ENDA_XDC_USD_RATE,Value,NA,NA,NA,NA,NA,NA,NA,NA,NA,NA,1.71429000071429,1.71429000071429,1.71429000071429,1.71429000071429,1.71429000071429,1.71429000071429,1.71429000071429,1.71429000071429,1.71429000071429,1.71429000071429,1.71429000071429,1.71429000071429,1.71429000071429,1.71429000071429,1.71429000071429,1.71429000071429,1.71429000071429,1.76190833409524,2.000000001,2.000000001,2.000000001,1.97487273321145,1.92127814947601,1.95921923598161,2.05323240851763,2.16979583233333,2.61467083283333,2.7,2.7,2.7,2.7,2.7,2.7,2.7,2.7,2.7,2.7,2.7,2.7,2.7,2.7,2.7,2.7,2.7,2.7,2.7,2.7,2.7,2.7,2.7,2.7,2.7,2.7,2.7,2.7,2.7,2.7,2.7,2.7,2.7,2.7,2.7,2.7,2.7,2.7,2.7,2.7,2.7,2.7,2.7,2.7,2.7,2.7,2.7,2.7,2.7
Korea,542,"Exchange rates, domestic currency per usd, period average, rate",ENDA_XDC_USD_RATE,Value,NA,NA,NA,NA,NA,NA,NA,NA,NA,NA,2.5,6,6,18,18,50,50,50,50,50,63.125,124.7916666666667,130,130,213.8466666666667,266.27,271.1341666666668,270.5116666666668,276.6433333333332,288.2416666666668,310.5558333333332,347.1475,392.8941666666665,398.3216666666665,404.4725,484,484,484,484,484,607.7166666666665,681.0283333333332,731.1675,775.7483333333334,805.9708333333335,870.0200000000002,881.4558333333332,822.5641666666666,731.4633333333333,671.4558333333332,707.7658333333335,733.3291666666668,780.6708333333335,802.5383333333332,803.7716666666665,771.2541666666668,804.4575,949.89,1403.183333333333,1189.439166666667,1130.3625,1290.79,1251.6025,1191.645833333333,1146.249166666667,1024.328333333334,955.3408333333332,929.3758333333332,1100.125833333334,1277.245833333333,1156.46,1108.233333333333,1126.806666666667,1094.9825,1052.84,1130.9525,1160.7675,1131.000833333333,1100.163333333333,1165.3575,1180.265833333333,1143.951666666667,1291.446666666667,1305.6625,1363.375,1422.440833333334
Kuwait,443,"Exchange rates, domestic currency per usd, period average, rate",ENDA_XDC_USD_RATE,Value,NA,NA,NA,NA,NA,NA,NA,NA,NA,NA,0.357142999357143,0.357142999357143,0.357142999357143,0.357142999357143,0.357142999357143,0.357142999357143,0.357142999357143,0.357142999357143,0.357142999357143,0.357142999357143,0.357142999357143,0.357142999357143,0.357142999357143,0.357142999357143,0.357142999357143,0.357142999357143,0.357142999357143,0.357142999357143,0.357142999357143,0.357142999357143,0.357142999357143,0.3560977138600928,0.328948797864023,0.296572315572002,0.2931514156666668,0.2900323323333332,0.2923874156666668,0.286565999,0.275052749,0.2763660823333332,0.2702974156666668,0.2787853323333332,0.287910999,0.2914766656666668,0.2960619161666668,0.3007532499166668,0.2905946665833332,0.27866325,0.27902925,0.2937794166666668,NA,NA,0.2932226666666668,0.3018386,0.296870315,0.2984477208333332,0.2994085633333332,0.303348835,0.30475564,0.3044146666666668,0.3067515833333332,0.3066816666666668,0.3039142516666668,0.2980115210833332,0.2947,0.292,0.290176225,0.2842139583333332,0.2688283666666668,0.2877854166666668,0.2866065916666668,0.2759789444444445,0.2799355583333332,0.2835894416666668,0.2845671416666668,0.300852025,0.3021374411784962,0.3033497583333332,0.3019564935241772,0.3036111630357552,0.3062331217567155,0.301643110769949,0.3062501544177535,0.3071853512508805,0.3066906485970458,0.3064547763645775
Lebanon,446,"Exchange rates, domestic currency per usd, period average, rate",ENDA_XDC_USD_RATE,Value,NA,NA,NA,NA,NA,NA,NA,NA,NA,NA,3.739999999,3.799999999,3.569999999,3.189999999,3.239999999,3.249999999,3.199999999,3.184166665666668,3.183333332333332,3.154999999,3.169349999,3.078616665666668,3.009041665666668,3.097291665666668,3.073658332333332,3.071849999,3.130749999,3.204516665666668,3.156824999,3.254583332333332,3.268983332333332,3.227733332333332,3.050716665666668,2.610399999083332,2.327758332416667,2.301983332416667,2.871591665916668,3.068958332333332,2.955374999,3.242749999,3.436108332333335,4.313874999,4.743533332333332,4.528166665666668,6.51109166625,16.41702499966666,38.36991666658332,224.5963333333333,409.23,496.6891666666668,695.0891666666668,928.2275000000002,1712.790833333334,1741.363333333334,1680.073333333334,1621.413333333334,1571.444166666667,1539.45,1516.131666666667,1507.5,1507.5,1507.5,1507.5,1507.5,1507.5,1507.5,1507.5,1507.5,1507.5,1507.5,1507.5,1507.5,1507.5,1507.5,1507.5,1507.5,1507.5,1507.5,1507.5,1507.5,1507.5,1507.5,1507.5,13875.625,89500,NA
Liberia,668,"Exchange rates, domestic currency per usd, period average, rate",ENDA_XDC_USD_RATE,Value,NA,NA,NA,NA,NA,NA,NA,NA,NA,NA,1,1,1,1,1,1,1,1,1,1,1,1,1,1,1,1,1,1,1,1,1,0.9999999999166668,1,0.9999999999166668,23.71936402279955,46.4387280455991,46.4387280455991,46.4387280455991,46.4387280455991,46.4387280455991,46.4387280455991,46.4387280455991,46.4387280455991,46.4387280455991,46.4387280726884,46.4387280920379,46.4387280920379,46.4387280920379,46.4387280920379,46.4387280920379,46.4387280920379,46.4387280920379,46.4387280920379,46.4387280920379,46.4387280920379,49.83833333333332,46.8375,50.57,41.5075,41.9025,40.9025,48.591908993784,61.75416666666668,59.37883333333335,54.90583333333332,57.09583333333332,58.01333333333335,61.27222222222222,63.2075,68.28666666666665,71.40333333333332,72.22666666666667,73.51477207977209,77.52,83.8925,86.1883665716999,94.4272435897436,112.7066666666666,144.0555758012821,186.4297445510718,191.5179576434626,166.1537007524419,152.9337568400222,174.9559827835145,NA,NA
Libya,672,"Exchange rates, domestic currency per usd, period average, rate",ENDA_XDC_USD_RATE,Value,NA,NA,NA,NA,NA,NA,NA,NA,NA,NA,0.357142999,0.357142999,0.357142999,0.357142999,0.357142999,0.357142999,0.357142999,0.357142999,0.357142999,0.357142999,0.357142999,0.357142999,0.357142999,0.357142999,0.357142999,0.357142999,0.357142999,0.357142999,0.357142999,0.357142999,0.357142999,0.356325749,0.328946999,0.300025999,0.296050999,0.296050999,0.296050999,0.296050999,0.296050999,0.296050999,0.296050749,0.296051749,0.296052999,0.2960529990833332,0.2960529995833332,0.296053,0.3153958025392342,0.29702864435075,0.285766198804,0.29960165611425,0.283177189703,0.2807283172785,0.2815533541245832,0.3043702187903162,0.3483682101377735,0.4181449343498075,0.4367997692149025,0.4608661153115455,0.467574437452601,0.4638107686199745,0.5121896133083332,0.6050642536233332,1.270679173973333,1.29294412808415,1.304966144267666,1.308384823915917,1.313571624790666,1.262644867678333,1.223562393418673,1.25353448862568,1.266789410013162,1.224152494603456,1.261659638214844,1.271691821117742,1.272402067188878,1.381209859621029,1.390368678898334,1.393820010823496,1.364966666666667,1.398262897369278,1.388666683464652,4.514425,4.813175,4.812883333333335,4.832208333333335,NA
St. Lucia,362,"Exchange rates, domestic currency per usd, period average, rate",ENDA_XDC_USD_RATE,Value,NA,NA,NA,NA,NA,NA,NA,NA,NA,NA,1.71429000071429,1.71429000071429,1.71429000071429,1.71429000071429,1.71429000071429,1.71429000071429,1.71429000071429,1.71429000071429,1.71429000071429,1.71429000071429,1.71429000071429,1.71429000071429,1.71429000071429,1.71429000071429,1.71429000071429,1.71429000071429,1.71429000071429,1.76190833409524,2.000000001,2.000000001,2.000000001,1.97487273321145,1.92127814947601,1.95921923598161,2.05323240851763,2.16979583233333,2.61467083283333,2.7,2.7,2.7,2.7,2.7,2.7,2.7,2.7,2.7,2.7,2.7,2.7,2.7,2.7,2.7,2.7,2.7,2.7,2.7,2.7,2.7,2.7,2.7,2.7,2.7,2.7,2.7,2.7,2.7,2.7,2.7,2.7,2.7,2.7,2.7,2.7,2.7,2.7,2.7,2.7,2.7,2.7,2.7,2.7,2.7,2.7,2.7,2.7,2.7
Sri Lanka,524,"Exchange rates, domestic currency per usd, period average, rate",ENDA_XDC_USD_RATE,Value,NA,NA,NA,NA,NA,NA,NA,NA,NA,NA,4.7619000037619,4.7619000037619,4.7619000037619,4.7619000037619,4.7619000037619,4.7619000037619,4.7619000037619,4.7619000037619,4.7619000037619,4.7619000037619,4.7619000037619,4.7619000037619,4.7619000037619,4.7619000037619,4.7619000037619,4.7619000037619,4.7619000037619,4.861105836797615,5.95237000495237,5.95237000495237,5.95237000495237,5.934948620963778,5.97031718187335,6.402499999,6.650749998999998,7.007166665666665,8.411999999083331,8.872833332666668,15.61066666575,15.57183333258333,16.53441666616667,19.24574999916667,20.812249999,23.52858333241667,25.43816666608332,27.162583333,28.01733333325,29.44475,31.80675,36.04708333333332,40.06291666666668,41.3715,43.829625,48.3221675,49.41514166666668,51.25158916666668,55.27144416666668,58.99460500000002,64.45011833333332,70.63545,77.00511666666668,89.38301333333335,95.662065,96.52095083333334,101.1944575,100.4980516666666,103.9144458333334,110.6232333333334,108.3337627192982,114.9447833333333,113.0644804488214,110.5652078513965,127.60335350681,129.0690309328877,130.5646852188292,135.8569127970886,145.5816674920256,152.4464139487672,162.4648587367782,178.7449250458478,185.5925577722129,198.7643168446561,322.6326742564745,327.5065333333332,NA,NA
Lesotho,666,"Exchange rates, domestic currency per usd, period average, rate",ENDA_XDC_USD_RATE,Value,NA,NA,NA,NA,NA,NA,NA,NA,NA,NA,0.714285999714286,0.714285999714286,0.714285999714286,0.714285999714286,0.714285999714286,0.714285999714286,0.714285999714286,0.714285999714286,0.714285999714286,0.714285999714286,0.714285999714286,0.714285999714286,0.714285999714286,0.714285999714286,0.714285999714286,0.714285999714286,0.714285999714286,0.714285999714286,0.714285999714286,0.714285999714286,0.714285999714286,0.7152169163214288,0.768725237196027,0.6939590980210925,0.6794770035702512,0.739507755296336,0.869565218147448,0.869565218147448,0.869565218147448,0.8420226019349432,0.7788337372760415,0.8775789427581535,1.085815833083333,1.11409999975,1.47527749975,2.228674999416667,2.285031666416667,2.036033333333334,2.2734675,2.6226775,2.587320833333332,2.761315,2.852014166666668,3.267741583333332,3.550798333333335,3.627085,4.299349166666668,4.607961666666668,5.528284166666668,6.109484166666668,6.939828333333332,8.609180833333335,10.54074666666666,7.564749166666665,6.4596925,6.359328333333332,6.771549166666668,7.045365000000002,8.261223333333332,8.47367415824888,7.32122196115288,7.261132132327345,8.209968626593316,9.65505606913526,10.85265556878306,12.7589308811644,14.70961088552673,13.32380142449915,13.23392647158334,14.44842705483334,16.45910539033333,14.77867821391667,16.3558534845,18.4502441785,18.3286575505,17.88892092083772
Luxembourg,137,"Exchange rates, domestic currency per usd, period average, rate",ENDA_XDC_USD_RATE,Value,NA,NA,NA,NA,NA,NA,NA,NA,NA,NA,50.000000049,50.000000049,50.000000049,50.000000049,50.000000049,50.000000049,50.000000049,50.000000049,50.000000049,50.000000049,50.000000049,50.000000049,50.000000049,50.000000049,50.000000049,50.000000049,50.000000049,50.000000049,50.000000049,50.000000049,50.000000049,49.0569774216899,44.0145833323333,38.976499999,38.951499999,36.7789166656667,38.6051666656667,35.842749999,31.4920833323333,29.3186666656667,29.24166666575,37.1292499991667,45.6905833323333,51.1316666658333,57.7839166664167,59.378,44.6719166666667,37.3340833333333,36.7683333333333,39.404,33.4179166666667,34.14825,32.1495,34.5965208333333,33.4564975,29.4800166666667,30.9615133333333,35.7738908333333,36.2986408333333,NA,NA,NA,NA,NA,NA,NA,NA,NA,NA,NA,NA,NA,NA,NA,NA,NA,NA,NA,NA,NA,NA,NA,NA,NA,NA,NA
Morocco,686,"Exchange rates, domestic currency per usd, period average, rate",ENDA_XDC_USD_RATE,Value,NA,NA,NA,NA,NA,NA,NA,NA,NA,NA,3.498999999,3.499999999,3.499999999,3.499999999,3.499999999,3.499999999,3.499999999,3.587374999083332,4.197499999,4.870998333176748,5.06049000406049,5.06049000406049,5.06049000406049,5.06049000406049,5.06049000406049,5.06049000406049,5.06049000406049,5.06049000406049,5.06049000406049,5.06049000406049,5.06049000406049,5.049958853611565,4.59248032014095,4.106920832333335,4.369766665666665,4.052487499,4.419312499,4.503345832333332,4.166670832333332,3.899134165666668,3.936645832333335,5.172295832333332,6.023022499,7.111323332333332,8.81053583275,10.06249416641667,9.104441666416665,8.359225,8.20915,8.48817,8.242341666666665,8.70655,8.537875,9.298709166666669,9.202714999999998,8.540235833333336,8.715875833333332,9.527106666666668,9.604415833333332,9.804419166666666,10.62563616666667,11.302975,11.02058333333334,9.574383333333332,8.868016666666666,8.865008333333336,8.795583333333331,8.192333333333332,7.750325,8.057100000000002,8.417158333333331,8.089875,8.628444583333332,8.405503916744301,8.406336688261518,9.764348279501109,9.807476031502501,9.6919978888289,9.386102420919721,9.617076099507434,9.496847322219688,8.988484024141382,10.16066024303594,10.13142609708972,9.94235921679198,9.350276970899468
Madagascar,674,"Exchange rates, domestic currency per usd, period average, rate",ENDA_XDC_USD_RATE,Value,NA,NA,NA,NA,NA,NA,NA,NA,NA,NA,34.968,34.996,34.997,34.996,34.997,34.997,34.979,36.16408332583335,42.58647499829385,49.3707000495262,49.3706000495261,49.3706000495261,49.3706000495261,49.3706000495261,49.3706000495261,49.3706000495261,49.3706000495261,49.3706000495261,49.3706000495261,51.94197505203268,55.5419000555419,55.42632505008008,50.40533333166665,44.57766666666668,48.14075,42.86241666333335,47.78991666333332,49.1357499925,45.13099999333332,42.54416666083332,42.25574999083332,54.34608332583332,69.94716666416667,86.08983333333332,115.3285,132.4955,135.2681666666667,213.8426666666666,281.4213333333332,320.6875,298.8293333333332,367.072,372.7933333333335,382.7565,613.4671666666665,853.1263333333332,812.2503333333335,1018.177166666667,1088.279666666667,1256.755,1353.496166666667,1317.698833333333,1366.391166666667,1238.327666666667,1868.857833333333,2003.025833333333,2142.301666666666,1873.876666666667,1708.370833333334,1956.205833333334,2089.95,2025.1175,2194.966666666667,2206.914166666667,2414.811666666667,2933.508333333332,3176.539166666668,3116.11,3334.75225490196,3618.32185816072,3787.754058175742,3829.977849329765,4096.116183745348,4429.579214190222,4525.424720991518,NA
Maldives,556,"Exchange rates, domestic currency per usd, period average, rate",ENDA_XDC_USD_RATE,Value,NA,NA,NA,NA,NA,NA,NA,NA,NA,NA,4.7619000037619,4.7619000037619,4.7619000037619,4.7619000037619,4.7619000037619,4.7619000037619,4.7619000037619,4.7619000037619,4.7619000037619,4.7619000037619,4.7619000037619,4.7619000037619,4.7619000037619,4.7619000037619,4.7619000037619,4.7619000037619,4.7619000037619,4.760908336301582,4.749999999,4.749999999,4.749999999,4.734416665666668,4.374999999,3.985666665666668,3.929999999,5.764833332333332,8.364666666333331,8.7667499995,8.968749999416666,7.488583332333332,7.549999999,7.549999999,7.173666665666668,7.049999999,7.049999999583332,7.098083333333332,7.150733333333332,9.223,8.784583333333332,9.040833333333332,9.551741666666668,10.25266666666667,10.56916666666667,10.95699166666667,11.58575,11.77,11.77,11.77,11.77,11.77,11.77,12.24208333333333,12.8,12.8,12.8,12.8,12.8,12.8,12.8,12.8,12.8,14.60200840369641,15.36483531635963,15.36671003028406,15.38039351808934,15.36633122119815,15.36840768181577,15.38696850998465,15.39083726958525,15.38204192268306,15.38126952787048,15.37269841269841,15.38662499999999,15.38679435483869,15.38919632925474,15.41567754736303
Mexico,273,"Exchange rates, domestic currency per usd, period average, rate",ENDA_XDC_USD_RATE,Value,NA,NA,NA,NA,NA,NA,NA,NA,NA,NA,0.00865,0.00865,0.00865,0.00865,0.0125000000125,0.0125000000125,0.0125000000125,0.0125000000125,0.0125000000125,0.0125000000125,0.0125000000125,0.0125000000125,0.0125000000125,0.0125000000125,0.0125000000125,0.0125000000125,0.0125000000125,0.0125000000125,0.0125000000125,0.0125000000125,0.0125000000125,0.01250000001145833,0.0125000230379199,0.01249995191127116,0.01249996891926055,0.0125,0.01542584999966667,0.02257286666575,0.02276728333233333,0.02280538333233334,0.02295100833233333,0.02451459999908334,0.05640169999925,0.1200935833325,0.1678275833326667,0.2568715833331668,0.611772583333,1.3781825,2.273105,2.4614725,2.812599166666668,3.01843,3.094898333333332,3.115616666666668,3.375116666666668,6.419425,7.599448416666668,7.91846,9.13604175,9.5603975,9.455558333333334,9.342341666666668,9.655958333333333,10.78901916666666,11.28596666666667,10.89789166666667,10.89924166666666,10.92819166666666,11.12971666666667,13.513475,12.63600833333333,12.423325,13.16945833333333,12.77199166666667,13.29245,15.84826666666666,18.66405833333334,18.92651666666666,19.24434166666666,19.26363333333334,21.48560833333334,20.27240833333333,20.12735,17.75871666666666,18.30485833333333,19.23750833333334
Mali,678,"Exchange rates, domestic currency per usd, period average, rate",ENDA_XDC_USD_RATE,Value,NA,NA,NA,NA,NA,NA,NA,NA,NA,NA,174.840666544651,174.980667078374,174.985667097436,174.980667078374,174.985667097436,174.985667097436,174.895666754328,180.821105973032,210.238718125891,245.213434789085,245.195101398359,245.26010162116,245.013850686544,245.016350696075,245.027184079042,245.060934207708,245.678436557644,246.000937791281,247.564693756951,259.960574351236,276.403137026845,275.356456685332,252.027627462649,222.889183053227,240.704667637823,214.312900341219,238.950494267059,245.679686566576,225.655860233957,212.721644262377,211.279555414705,271.731452550327,328.60625269899,381.066036024628,436.956665788008,449.262962711607,346.305903554493,300.536562401478,297.848218819378,319.008299487903,272.264787954393,282.10690880882,264.691800750579,283.162579500018,555.204695655697,499.14842590131,511.552430272516,583.669372353396,589.951774567332,615.473349319164,710.207977031367,732.397693260228,693.713226496374,579.897426172466,527.338032291576,527.258362649626,522.425624895176,478.633718476363,446.000041432788,470.293423341398,494.794262222947,471.248625718937,510.556338454251,493.899623852237,493.757329875312,591.21169798261,592.605615063022,580.656749587858,555.446458398226,585.911013180369,575.586004510945,554.530675033104,623.759700911182,606.569750165917,606.3452976090625,581.9284810403395
Malta,181,"Exchange rates, domestic currency per usd, period average, rate",ENDA_XDC_USD_RATE,Value,NA,NA,NA,NA,NA,NA,NA,NA,NA,NA,0.357142999357143,0.357142999357143,0.357142999357143,0.357142999357143,0.357142999357143,0.357142999357143,0.357142999357143,0.357142999357143,0.357142999357143,0.357142999357143,0.357142999357143,0.357142999357143,0.357142999357143,0.357142999357143,0.357142999357143,0.357142999357143,0.357142999357143,0.362103332665675,0.416666999416667,0.416666999416667,0.416666999416667,0.407107525940943,0.381576665666667,0.368796665666667,0.385481665666667,0.384783332333333,0.425135832333333,0.422309165666667,0.385383332333333,0.358469999,0.345426665666667,0.386700832333333,0.412142499,0.432449165666667,0.461034165916667,0.469154999833333,0.392992499833333,0.345491666666667,0.330856666666667,0.3484925,0.31779,0.3232425,0.318923333333333,0.382289333333333,0.377921083333333,0.35305875,0.360455868333333,0.385966125,0.388459510833333,0.398898395,0.438149991666667,0.450041566666667,0.43362033825,0.377233333333333,0.344663179985486,0.34577739225,0.340893885583333,0.311675,NA,NA,NA,NA,NA,NA,NA,NA,NA,NA,NA,NA,NA,NA,NA,NA,NA,NA
Myanmar,518,"Exchange rates, domestic currency per usd, period average, rate",ENDA_XDC_USD_RATE,Value,NA,NA,NA,NA,NA,NA,NA,NA,NA,NA,4.7619000037619,4.7619000037619,4.7619000037619,4.7619000037619,4.7619000037619,4.7619000037619,4.7619000037619,4.7619000037619,4.7619000037619,4.7619000037619,4.7619000037619,4.7619000037619,4.7619000037619,4.7619000037619,4.7619000037619,4.7619000037619,4.7619000037619,4.7619000037619,4.7619000037619,4.7619000037619,4.7619000037619,4.764842628866298,5.45949394997596,4.931055314924832,4.86252447287798,6.379399324474872,6.706749356407595,7.067599759092112,6.798260431099865,6.585761392849862,6.53814232241653,7.220337266233198,7.709063783033198,7.96039689644153,8.303266970520765,8.4748499994166675,7.330375,6.65345,6.394541666666665,6.7049,6.338558333333335,6.2837,6.104533333333332,6.156966666666668,5.9749125,5.667041666666668,5.917566666666668,6.241833333333332,6.343158333333335,6.285791666666668,6.516725,6.748908333333332,6.642083333333335,6.138925,5.805833333333335,5.818166666666668,5.842941666666665,5.616883333333335,5.44145,5.576366666666668,5.634883333333332,5.444108333333335,640.6534166666668,933.570456356879,984.3457475600462,1162.615328625541,1234.869516666667,1360.358707040852,1429.807975201071,1518.255116666666,1381.619166666667,NA,NA,NA,NA,NA
Mozambique,688,"Exchange rates, domestic currency per usd, period average, rate",ENDA_XDC_USD_RATE,Value,NA,NA,NA,NA,NA,NA,NA,NA,NA,NA,0.02875000002875,0.02875000002875,0.02875000002875,0.02875000002875,0.02875000002875,0.02875000002875,0.02875000002875,0.02875000002875,0.02875000002875,0.02875000002875,0.02875000002875,0.02875000002875,0.02875000002875,0.02875000002875,0.02875000002875,0.02875000002875,0.02875000002875,0.02875000002875,0.02875000002875,0.02875000002875,0.02875000002875,0.02831208334985418,0.0270534166665,0.02451516666641666,0.02540816666566668,0.025552749999,0.03022908333258332,0.03040724999983332,0.03,0.03,0.03240025,0.0353495,0.03776975,0.04018333333333332,0.04244275,0.04318066666666665,0.04042891666666668,0.29073125,0.5246446666666665,0.7449180833333332,0.9290888333333333,1.4344675,2.516554166666668,3.874236666666668,6.038588333333335,9.024333333333335,11.29375,11.54358333333333,11.87458333333334,12.77511166666666,15.22725,20.70364083333333,23.67795666666667,23.7822675,22.5813425,23.060965,25.40077916666668,25.84034145021645,24.3006424728653,27.51829996392498,33.96009880069078,29.06759993197752,28.3729844798921,30.10411109294978,31.35268770094428,39.9824741465406,63.05623273103708,63.584322913399,60.3262076432022,62.54833333333332,69.464999999999975,65.465,63.85083333333335,63.88583333333332,63.905,NA
Mauritania,682,"Exchange rates, domestic currency per usd, period average, rate",ENDA_XDC_USD_RATE,Value,NA,NA,NA,NA,NA,NA,NA,NA,NA,NA,3.4968,3.4996,3.4997,3.4996,3.4997,3.4997,3.4979,3.616408332583335,4.197224999408332,4.93699111607702,4.93699111607702,4.93699111607702,4.93699111607702,4.93699111607702,4.93699111607702,4.93699111607702,4.93699111607702,4.93699111607702,4.93699111607702,5.194157319984175,5.55419000545419,5.54263250491634,5.040533333166665,4.457766666666668,4.533333333233332,4.3104249999,4.5022249999,4.558708333325,4.61625,4.58925,4.59140833325,4.829583333333335,5.176916666666665,5.481166666566668,6.380333333283335,7.708499999958335,7.437499999983335,7.387833333333332,7.526083333333332,8.3051,8.060900000000002,8.194583333333336,8.702674999999997,12.08058333333333,12.3575,12.97683333333333,13.72216666666666,15.18533333333334,18.84758333333333,20.95141666666666,23.89233333333333,25.56291666666668,27.17391666666668,26.303,NA,26.55283333333332,26.86,25.85866666666668,23.82033333333334,26.23658333333332,27.58941666666668,28.11183333333332,29.662,30.06816666666668,30.2725,32.46716666666668,35.23708333333335,35.79441666666668,35.6775,36.69083333333335,37.18916666666668,36.06333333333335,36.935,36.48916666666665,NA,NA
Mauritius,684,"Exchange rates, domestic currency per usd, period average, rate",ENDA_XDC_USD_RATE,Value,NA,NA,NA,NA,NA,NA,NA,NA,NA,NA,4.7619000037619,4.7619000037619,4.7619000037619,4.7619000037619,4.7619000037619,4.7619000037619,4.7619000037619,4.7619000037619,4.7619000037619,4.7619000037619,4.7619000037619,4.7619000037619,4.7619000037619,4.7619000037619,4.7619000037619,4.7619000037619,4.7619000037619,4.828037503431212,5.55555000455555,5.55555000455555,5.55555000455555,5.485758922524498,5.338526187605978,5.44226571275832,5.703075072630028,6.02679733471396,6.681524998999998,6.607308332333332,6.163274999,6.308108332333332,7.684291665666665,8.936541666083333,10.87254999958333,11.70619999941667,13.80033333283333,15.44248333316667,13.46635833333333,12.87821666666666,13.437725,15.24976666666667,14.86346666666667,15.65230833333333,15.56320833333333,17.648025,17.96036666666666,17.38631666666666,17.94806666666667,21.05725833333333,23.99265,25.18580833333332,26.24955833333332,29.12925833333332,29.962,27.901475,27.49851666666668,29.49623333333332,31.70806666666668,31.31365625,28.4528375,31.9598,30.7844,28.70595,30.04997166666668,30.70135833333332,30.62161666666668,35.0567,35.54188333333332,34.48140833333335,33.93445,35.47351666666668,39.34693333333335,41.69213333333332,44.182775,45.267225,46.414675,45.99696666666668
Malawi,676,"Exchange rates, domestic currency per usd, period average, rate",ENDA_XDC_USD_RATE,Value,NA,NA,NA,NA,NA,NA,NA,NA,NA,NA,0.714285142428914,0.714285142428914,0.714285142428914,0.714285142428914,0.714285142428914,0.714285142428914,0.714285142428914,0.714285142428914,0.714285142428914,0.714285142428914,0.714285142428914,0.714285142428914,0.714285142428914,0.714285142428914,0.714285142428914,0.714285142428914,0.714285142428914,0.7242058685935395,0.833332999833333,0.833332999833333,0.833332999833333,0.8308940025652898,0.8015579086694238,0.8192621656666668,0.8412034156666668,0.863833499,0.9130114156666668,0.9029280823333335,0.8437450823333332,0.8168779156666665,0.8120956656666668,0.8952990823333336,1.055509082416667,1.174763332416667,1.4133799995,1.71909666625,1.861073333083333,2.2087425,2.561300833333332,2.759524166666668,2.728881666666668,2.8033125,3.603275416666668,4.402778333333332,8.736405,15.28374166666667,15.30846666666667,16.444175,31.07268333333332,44.08814166666668,59.54380833333335,72.19733333333332,76.68660833333335,97.432475,108.8975083333333,118.42,136.0125,139.9575,140.5216666666667,141.1683333333334,150.4858333333333,156.5158333333333,249.1066666666667,364.4058333333335,424.8966666666665,499.6058333333332,718.005,730.2725,732.3333333333331,745.5406678773718,749.527493882201,805.899650132837,949.0390166666668,1161.094366666666,NA,NA
Malaysia,548,"Exchange rates, domestic currency per usd, period average, rate",ENDA_XDC_USD_RATE,Value,NA,NA,NA,NA,NA,NA,NA,NA,NA,NA,3.06122000206122,3.06122000206122,3.06122000206122,3.06122000206122,3.06122000206122,3.06122000206122,3.06122000206122,3.06122000206122,3.06122000206122,3.06122000206122,3.06122000206122,3.06122000206122,3.06122000206122,3.06122000206122,3.06122000206122,3.06122000206122,3.06122000206122,3.06122000206122,3.06122000206122,3.06122000206122,3.06122000206122,3.05226042980931,2.81955586834381,2.443329654861984,2.407066665916667,2.393783333166667,2.541574999166668,2.461283332416667,2.31604166575,2.188441665916666,2.176883332416666,2.304124999166666,2.335391665833334,2.321249999166667,2.343641666166666,2.483041666666667,2.581441666666668,2.519638333333332,2.618783333333332,2.708841666666668,2.704875,2.750066666666668,2.547383333333332,2.574095,2.624256666666668,2.504404166666668,2.5159425,2.813191666666668,3.924375,3.8,3.8,3.8,3.8,3.8,3.8,3.787091666666668,3.668176958333332,3.437569382262475,3.335833333333332,3.524502910706442,3.22108691472175,3.060003010520578,3.088800866621875,3.150908550097245,3.272859746430472,3.90550026302768,4.148300662878788,4.300440877611242,4.03513013706806,4.14246973569731,4.203481948518838,4.143297598177205,4.40107634540072,4.560623432408975,4.576427910685805,4.284424150482432
French Territories: New Caledonia,839,"Exchange rates, domestic currency per usd, period average, rate",ENDA_XDC_USD_RATE,Value,NA,NA,NA,NA,NA,NA,NA,NA,NA,NA,49.627999999,49.627999999,49.627999999,49.627999999,49.627999999,49.628000048628,49.628000048628,49.627999999,49.627999999,89.765000088765,89.765000088765,89.765000088765,89.765000088765,89.765000088765,89.765000088765,89.765000088765,89.765000088765,89.765000088765,89.765000088765,94.44000009344,100.985000099985,100.689451223571,91.6459689519292,81.0502219755422,87.5285488301859,77.9315887246532,86.8906706741604,89.3376379164501,82.0562815633657,77.3529529351395,76.8285595141078,98.8109617813635,119.492607763333,138.568800808333,158.892568372424,163.367563900455,125.928813465,109.285496775,108.307921995,116.002459755,99.004900995,102.58383681,96.2511007185,102.967715214,100.946171781,90.7541365185,93.0094069905,106.121560545,107.2638139482,111.966914110147,129.201037953271,133.237791216225,126.200312871571,105.494942032458,95.9333368925229,95.9188433909485,95.0396717197982,87.0730479331812,81.1363292780549,85.5557814096789,90.0129741146296,85.7295518299287,92.8804110841429,89.8502214987385,89.8243353779009,107.553234404315,107.806815805024,105.633078151149,101.046821879543,106.588933804405,104.710608186968,100.880222566186,113.474367224106,110.34717131744,110.3063389074213,105.8644315419478
Niger,692,"Exchange rates, domestic currency per usd, period average, rate",ENDA_XDC_USD_RATE,Value,NA,NA,NA,NA,NA,NA,NA,NA,NA,NA,174.840666544651,174.980667078374,174.985667097436,174.980667078374,174.985667097436,174.985667097436,174.895666754328,180.821105973032,210.238718125891,245.213434789085,245.195101398359,245.26010162116,245.013850686544,245.016350696075,245.027184079042,245.060934207708,245.678436557644,246.000937791281,247.564693756951,259.960574351236,276.403137026845,275.356456685332,252.027627462649,222.889183053227,240.704667637823,214.312900341219,238.950494267059,245.679686566576,225.655860233957,212.721644262377,211.279555414705,271.731452550327,328.60625269899,381.066036024628,436.956665788008,449.262962711607,346.305903554493,300.536562401478,297.848218819378,319.008299487903,272.264787954393,282.10690880882,264.691800750579,283.162579500018,555.204695655697,499.14842590131,511.552430272516,583.669372353396,589.951774567332,615.473349319164,710.207977031367,732.397693260228,693.713226496374,579.897426172466,527.338032291576,527.258362649626,522.425624895176,478.633718476363,446.000041432788,470.293423341398,494.794262222947,471.248625718937,510.556338454251,493.899623852237,493.757329875312,591.21169798261,592.605615063022,580.656749587858,555.446458398226,585.911013180369,575.586004510945,554.530675033104,623.759700911182,606.569750165917,606.3452976090625,581.9284810403395
Nigeria,694,"Exchange rates, domestic currency per usd, period average, rate",ENDA_XDC_USD_RATE,Value,NA,NA,NA,NA,NA,NA,NA,NA,NA,NA,0.714286,0.714286,0.714286,0.714286,0.714286,0.714286,0.714286,0.714285999714286,0.714285999714286,0.714285999714286,0.714285999714286,0.714285999714286,0.714285999714286,0.714285999714286,0.714285999714286,0.714285999714286,0.714285999714286,0.714285999714286,0.714285999714286,0.714285999714286,0.714285999714286,0.7128558329880955,0.657894999,0.657894999,0.630282046248239,0.615501553350787,0.6266010036653685,0.6447010621411858,0.6352719942658015,0.604007374017144,0.5467808919160831,0.6177081750288048,0.6734612615285238,0.7244098511515735,0.7665274491123922,0.8937740833333332,1.754523004074808,4.016037344336302,4.536966666666668,7.364735,8.038285,9.909491666666664,17.298425,22.0654,21.996,21.89525833333333,21.884425,21.88605,21.886,92.33810000000003,101.6973333333333,111.23125,120.5781583333334,129.22235,132.888025,131.2743333333334,128.6516666666667,125.8081083333334,118.5666666666667,148.88,150.2975,153.8625,157.5,157.3116666666667,158.5526416666667,192.4403333333333,253.492,305.7901091600048,306.0836882452342,306.9209514952225,358.8107972582972,401.152029220779,425.979158066857,645.1940678832015,1478.965197400233,1518.380948133678
Nicaragua,278,"Exchange rates, domestic currency per usd, period average, rate",ENDA_XDC_USD_RATE,Value,NA,NA,NA,NA,NA,NA,NA,NA,NA,NA,2.00198901724138e-9,2.00198901724138e-9,2.00198901724138e-9,2.00198901724138e-9,2.00198901724138e-9,2.00198901724138e-9,2.00198901724138e-9,2.00198901724138e-9,2.02154074137931e-9,2.06064418965517e-9,2.06064418965517e-9,2.06064418965517e-9,2.06064418965517e-9,2.06064418965517e-9,2.06064418965517e-9,2.06064418965517e-9,2.06064418965517e-9,2.06064418965517e-9,2.06064418965517e-9,2.06064418965517e-9,2.06064418965517e-9,2.06064418965517e-9,2.06064418965517e-9,2.060619749999998e-9,2.06064418965517e-9,2.06064418965517e-9,2.06064418965517e-9,2.06064418965517e-9,2.06064418965517e-9,2.788256715517238e-9,2.9474224137931e-9,2.9474224137931e-9,2.9474224137931e-9,2.947666810344825e-9,2.947666810344825e-9,7.773032327586202e-9,1.950284482758622e-8,2.05293103448276e-8,5.39462392816092e-5,0.0031309,0.1409224166666666,4.270828283333332,5,5.620408333333332,6.722875,7.545591666666668,8.4355,9.448083333333331,10.58191666666667,11.80925,12.68439166666667,13.37194166666667,14.25132525,15.10464333333333,15.93724731646274,16.73332953405018,17.56999843189964,18.44850615975422,19.37189640650105,20.339481870199702,21.35644868343575,22.42427061635944,23.54666353108393,24.72276416666666,25.95890036674348,27.2568449404762,28.62096241015875,30.0509413442878,31.55321233387538,33.12174526528402,34.34212211970242,35.17101666666665,35.87442114196705,36.44119427965855,36.6243,36.6243
Netherlands,138,"Exchange rates, domestic currency per usd, period average, rate",ENDA_XDC_USD_RATE,Value,NA,NA,NA,NA,NA,NA,NA,NA,NA,NA,3.8000000028,3.8000000028,3.8000000028,3.8000000028,3.8000000028,3.8000000028,3.8000000028,3.8000000028,3.8000000028,3.8000000028,3.8000000028,3.65000000265,3.62000000262,3.62000000262,3.62000000262,3.62000000262,3.62000000262,3.62000000262,3.62000000262,3.62000000262,3.62000000262,3.51708053888963,3.209499999,2.79554999908333,2.68838333233333,2.52899166575,2.64394166566667,2.45424999908333,2.16358333258333,2.00599166575,1.98811666591667,2.49519999908333,2.67020833241667,2.854124999,3.20868333291667,3.3214,2.45002499991667,2.0257,1.97658333333333,2.1207375,1.82094166666667,1.86966666666667,1.75846633333333,1.85730516666667,1.81999508333333,1.60567525,1.68589675,1.95126991666667,1.983733,NA,NA,NA,NA,NA,NA,NA,NA,NA,NA,NA,NA,NA,NA,NA,NA,NA,NA,NA,NA,NA,NA,NA,NA,NA,NA,NA
Norway,142,"Exchange rates, domestic currency per usd, period average, rate",ENDA_XDC_USD_RATE,Value,NA,NA,NA,NA,NA,NA,NA,NA,NA,NA,7.14286000614286,7.14286000614286,7.14286000614286,7.14286000614286,7.14286000614286,7.14286000614286,7.14286000614286,7.14286000614286,7.14286000614286,7.14286000614286,7.14286000614286,7.14286000614286,7.14286000614286,7.14286000614286,7.14286000614286,7.14286000614286,7.14286000614286,7.14286000614286,7.14286000614286,7.14286000614286,7.14286000614286,7.055905470801028,6.58824917226787,5.765833332333332,5.539708332333332,5.226941665666668,5.456516665666668,5.323499999,5.242249999000002,5.064066665666665,4.939224999,5.739508332333332,6.454033332333332,7.296366665666668,8.161458332583331,8.597233333083334,7.394741666666668,6.73745,6.516983333333332,6.9045,6.259741666666668,6.4829425,6.214500833333332,7.094129166666668,7.057584166666668,6.335156666666668,6.449808333333332,7.073400833333335,7.5450975,7.799171666666665,8.801841666666668,8.991654166666669,7.983778833333332,7.080216666666668,6.740833333333332,6.4425,6.413333333333332,5.861666666666665,5.64,6.288333333333335,6.044166666666665,5.604607306763285,5.8175,5.875000000000002,6.301666666666668,8.064166666666665,8.4,8.271666666666665,8.1325,8.799999999999997,9.415833333333335,8.59,9.614166666666668,10.56333333333334,10.74583333333334,10.39583333333333
Nauru,836,"Exchange rates, domestic currency per usd, period average, rate",ENDA_XDC_USD_RATE,Value,NA,NA,NA,NA,NA,NA,NA,NA,NA,NA,0.892856999892857,0.892856999892857,0.892856999892857,0.892856999892857,0.892856999892857,0.892856999892857,0.892856999892857,0.892856999892857,0.892856999892857,0.892856999892857,0.892856999892857,0.892856999892857,0.892856999892857,0.892856999892857,0.892856999892857,0.892856999892857,0.892856999892857,0.892856999892857,0.892856999892857,0.892856999892857,0.892856999892857,0.882670259295548,0.838697807262207,0.704113907966658,0.696665868638096,0.763871249,0.818284082333333,0.901824999,0.873659249,0.894640915666667,0.878244332333333,0.870214582333333,0.985862832333333,1.11001499916667,1.13951916591667,1.4318949995,1.49597416641667,1.42818,1.27990833333333,1.26459666666667,1.28105666666667,1.28375583333333,1.36164833333333,1.47056,1.36775083333333,1.3490325,1.27786333333333,1.34738,1.59182833333333,1.54995,1.72482666666667,1.9334425,1.8405625,1.54191416666667,1.3597525,1.30947333333333,1.3279734405,1.1950725,1.19217833333333,1.28218881008452,1.09015948638677,0.969463201496735,0.965801030658708,1.03584309652054,1.10936329281692,1.33109026245502,1.34521397601947,1.30475807671592,1.33841214646451,1.43850654421382,1.45308511847016,1.33122425957081,1.44166445896522,1.50519106560508,1.515358038555959,1.551997886648505
New Zealand,196,"Exchange rates, domestic currency per usd, period average, rate",ENDA_XDC_USD_RATE,Value,NA,NA,NA,NA,NA,NA,NA,NA,NA,NA,0.714287986064378,0.714287986064378,0.714287986064378,0.714287986064378,0.714287986064378,0.714287986064378,0.714287986064378,0.714287986064378,0.714287986064378,0.714287986064378,0.714287986064378,0.7155141560848158,0.719193999719194,0.719193999719194,0.719193999719194,0.719193999719194,0.719193999719194,0.7336655830070665,0.892856999892857,0.892856999892857,0.892856999892857,0.8806071946031585,0.836680053547523,0.7368121255131385,0.7154025886653675,0.832307219423307,1.004888789650509,1.030311650846212,0.964424999,0.978502499,1.026679999166667,1.15279499925,1.332608332333334,1.496773332333333,1.763992499166667,2.023372499666667,1.913160833083333,1.694560833333334,1.526400833333333,1.672148333333334,1.676203333333333,1.733514166666667,1.861791666666667,1.850513333333333,1.686521666666667,1.523876666666667,1.4548475,1.512420833333333,1.868249166666667,1.889613899191666,2.201149166666666,2.378750833333333,2.162190833333333,1.722099146397781,1.508681270773226,1.420273456614326,1.542055756696813,1.360675228524262,1.422726809526496,1.600877295219465,1.38783382768108,1.265810696734468,1.234283655013288,1.219407973948285,1.205433333333333,1.433975,1.436525,1.407408333333333,1.445258333333334,1.517875,1.542058333333333,1.4138,1.577183333333334,1.628433333333333,1.652308333333333,1.720108333333334
Oman,449,"Exchange rates, domestic currency per usd, period average, rate",ENDA_XDC_USD_RATE,Value,NA,NA,NA,NA,NA,NA,NA,NA,NA,NA,0.357142999357143,0.357142999357143,0.357142999357143,0.357142999357143,0.357142999357143,0.357142999357143,0.357142999357143,0.357142999357143,0.357142999357143,0.357142999357143,0.357142999357143,0.357142999357143,0.357142999357143,0.357142999357143,0.357142999357143,0.357142999357143,0.357142999357143,0.3621033326656748,0.416666999416667,0.416666999416667,0.416666999416667,0.4154474993207098,0.383772999,0.3506761656666668,0.345399999,0.345399999,0.345399999,0.345399999,0.345399999,0.345399999,0.345399999,0.345399999,0.345399999,0.345399999,0.3453974995833332,0.345395,0.3819819166666668,0.3845,0.3845,0.3845,0.3845,0.3845,0.3845,0.3845,0.3845,0.3845,0.3845,0.3845,0.3845,0.3845,0.3845,0.3845,0.3845,0.3845,0.3845,0.3845,0.3845,0.3845,0.3845,0.3845,0.3845,0.3845,0.3845,0.3845,0.3845,0.3845,0.3845,0.3845,0.3845,0.3845,0.3845,0.3845,0.3845,0.3845,0.3845,0.3845
Pakistan,564,"Exchange rates, domestic currency per usd, period average, rate",ENDA_XDC_USD_RATE,Value,NA,NA,NA,NA,NA,NA,NA,NA,NA,NA,3.30852000230852,3.30852000230852,3.30852000230852,3.30852000230852,3.30852000230852,3.914099999,4.7619000037619,4.7619000037619,4.7619000037619,4.7619000037619,4.7619000037619,4.7619000037619,4.7619000037619,4.7619000037619,4.7619000037619,4.7619000037619,4.7619000037619,4.7619000037619,4.7619000037619,4.7619000037619,4.7619000037619,4.761900003365075,8.681382582599372,9.994249999916669,9.9,9.9,9.9,9.9,9.9,9.9,9.9,9.9,11.84746666583334,13.11697499933334,14.04633333308333,15.92839166625,16.64750833308333,17.3988,18.00329166666667,20.54149166666667,21.707375,23.80076666666666,25.08279166666668,28.10718333333332,30.56659166666668,31.64268333333332,36.07868333333332,41.111525,45.04666666666668,49.50069158333332,53.6481865,61.92716166666665,59.72378166666668,57.75199666666668,58.25786333333332,59.514475,60.271335,60.73851583333335,70.40803333333332,81.71289166666665,85.19381632575758,86.34338333333332,93.39519722222222,101.6288992063492,101.100088423521,102.7692716046746,104.769117033301,105.4551620879376,121.8240688757563,150.0362538398643,161.8384796847184,162.9062537474182,204.8671874699823,280.356111655149,278.5807161675625,281.1430011732022
Peru,293,"Exchange rates, domestic currency per usd, period average, rate",ENDA_XDC_USD_RATE,Value,NA,NA,NA,NA,NA,NA,NA,NA,NA,NA,1.4949999999e-8,1.5279999999e-8,1.5599999999e-8,1.9889999999e-8,1.9e-8,1.9e-8,1.9e-8,1.9e-8,2.3859999999e-8,2.7899999999e-8,2.729916666591668e-8,2.681666666575e-8,2.6819999999e-8,2.6819999999e-8,2.6819999999e-8,2.6819999999e-8,2.6819999999e-8,3.024833333233332e-8,3.8699999999e-8,3.8699999999e-8,3.8699999999e-8,3.8699999999e-8,3.8699999999e-8,3.8699999999e-8,3.8699999999e-8,4.037083333258332e-8,5.575583333291665e-8,8.423483333258332e-8,1.5634883333275e-7,2.247189166656666e-7,2.888552499986668e-7,4.223179999985e-7,6.975667499976668e-7,1.628634166663666e-6,3.466854166664918e-6,1.097494249999992e-5,1.39475e-5,1.683583333333333e-5,1.288316666666666e-4,0.0026661875,0.1878855791666666,0.7725,1.245833333333333,1.988318916666667,2.195,2.253333333333333,2.453333333333334,2.664166666666668,2.93,3.383333333333332,3.49,3.506833333333332,3.5165,3.478467,3.413175,3.295841666666668,3.27403250265816,3.128044577352472,2.924408333333332,3.011508333333332,2.825125,2.7541,2.637586417748918,2.701899025974028,2.839044137806638,3.184439241522368,3.375061587206652,3.260488490832098,3.286602698032962,3.337265546536798,3.4949411976912,3.88055413137587,3.835181374735422,3.74382620959376,3.7525,3.567063803299098
Philippines,566,"Exchange rates, domestic currency per usd, period average, rate",ENDA_XDC_USD_RATE,Value,NA,NA,NA,NA,NA,NA,NA,NA,NA,NA,2.000000001,2.000000001,2.000000001,2.000000001,2.000000001,2.000000001,2.000000001,2.000000001,2.000000001,2.000000001,2.014998488311808,2.01999798408241,3.727851577618722,3.9104231462456,3.91000728790168,3.909173347484872,3.9000000029,3.9000000029,3.9000000029,3.9000000029,5.904349999325,6.431708332333332,6.674841665749998,6.756283332333335,6.787874999416668,7.247899999,7.440258332333332,7.402824999,7.3657583325,7.377549999,7.511433332333332,7.899649999083332,8.539999999416668,11.11271666583333,16.69870833291667,18.6073416665,20.38568333333333,20.567675,21.094675,21.73668333333333,24.3105,27.47863333333332,25.51249166666668,27.11984166666668,26.41716666666668,25.71446666666668,26.2161,29.47065833333332,40.89305,39.08898333333332,44.19225,50.99265,51.60356666666668,54.20333333333332,56.03991666666665,55.08549166666665,51.3142725,46.148391177755,44.32328760940998,47.67968845350905,45.10966418008958,43.31313692374878,42.22879473494342,42.44618483067395,44.39515430420972,45.50283994214312,47.49246385850992,50.40371979371772,52.66142995396828,51.79578265173325,49.62409600263282,49.2545977288412,54.47778583720498,55.63036322319302,57.29065506997345,57.50509714897148
Papua New Guinea,853,"Exchange rates, domestic currency per usd, period average, rate",ENDA_XDC_USD_RATE,Value,NA,NA,NA,NA,NA,NA,NA,NA,NA,NA,0.892856999892857,0.892856999892857,0.892856999892857,0.892856999892857,0.892856999892857,0.892856999892857,0.892856999892857,0.892856999892857,0.892856999892857,0.892856999892857,0.892856999892857,0.892856999892857,0.892856999892857,0.892856999892857,0.892856999892857,0.892856999892857,0.892856999892857,0.892856999892857,0.892856999892857,0.892856999892857,0.892856999892857,0.8827582712489728,0.8350389737513675,0.704113907966658,0.696665868638096,0.7638933323333332,0.792807499,0.7914083323333335,0.708924999,0.711757499,0.6709458323333332,0.672967499,0.7384583323333332,0.8361458323333332,0.89855166625,1.000314166416666,0.9714141666666668,0.9078991666666668,0.8670525,0.8587974999999998,0.955,0.9517091666666668,0.9646633333333335,0.9781766666666668,1.01134,1.279841666666666,1.319075,1.437971666666667,2.073591666666667,2.5707725,2.782156666666668,3.388715064583332,3.895220801666668,3.563452875,3.2225401036692,3.101949800333332,3.056734787333332,2.965345833333332,2.700088333333332,2.755143333333332,2.719294166666668,2.370969949404226,2.083648339025481,2.24451,2.461385,2.768411666666668,3.13302930185604,3.188788382896168,3.293463081250802,3.38753768145423,3.459974386447875,3.50877192982456,3.519229705067452,3.589622749320155,3.8527502682192,4.122723727202812
Poland,964,"Exchange rates, domestic currency per usd, period average, rate",ENDA_XDC_USD_RATE,Value,NA,NA,NA,NA,NA,NA,NA,NA,NA,NA,3.999999999e-4,3.999999999e-4,3.999999999e-4,3.999999999e-4,3.999999999e-4,3.999999999e-4,3.999999999e-4,3.999999999e-4,3.999999999e-4,3.999999999e-4,3.999999999e-4,3.999999999e-4,3.999999999e-4,3.999999999e-4,3.999999999e-4,3.999999999e-4,3.999999999e-4,3.999999999e-4,3.999999999e-4,3.999999999e-4,4e-4,3.893333332333332e-4,3.679999999e-4,3.349999999e-4,3.319999999e-4,3.32e-4,3.32e-4,3.32e-4,5.81e-4,0.00332,0.004421666666666668,0.00511525,0.008482416666641669,0.009154999999966665,0.01132399999995,0.01471416666663333,0.01752866666666667,0.02650825,0.04305458333333332,0.1439184166666667,0.95,1.057605833333334,1.362643333333334,1.811496666666666,2.272276666666666,2.424983333333333,2.6961,3.279291666666668,3.4754,3.967108333333335,4.346075,4.0939,4.080033333333332,3.889075,3.657641666666668,3.235483333333332,3.103158333333332,2.76795,2.409241666666667,3.120141666666668,3.0153,2.962847777777778,3.256541666666668,3.160616666666668,3.154541666666668,3.7695,3.942783333333335,3.779333333333335,3.611716666666668,3.839375,3.899741666666668,3.861916666666668,4.457758333333332,4.203666666666665,3.980783333333332,3.760541666666668
Portugal,182,"Exchange rates, domestic currency per usd, period average, rate",ENDA_XDC_USD_RATE,Value,NA,NA,NA,NA,NA,NA,NA,NA,NA,NA,28.75000002875,28.75000002875,28.75000002875,28.75000002875,28.75000002875,28.75000002875,28.75000002875,28.75000002875,28.75000002875,28.75000002875,28.75000002875,28.75000002875,28.75000002875,28.75000002875,28.75000002875,28.75000002875,28.75000002875,28.75000002875,28.75000002875,28.75000002875,28.75000002875,28.3601702876561,27.0534166665,24.5151666664167,25.4081666656667,25.552749999,30.2290833325833,38.276949999,43.9373333325833,48.9234666656667,50.0621333323333,61.54637499925,79.4733333328333,110.779833332583,146.390333332917,170.3946666665,149.58675,140.882416666667,143.953916666667,157.45825,142.55475,144.482,134.997833333333,160.800185833333,165.992776666667,151.105528333333,154.243661666667,175.312445,180.10448,NA,NA,NA,NA,NA,NA,NA,NA,NA,NA,NA,NA,NA,NA,NA,NA,NA,NA,NA,NA,NA,NA,NA,NA,NA,NA,NA
Paraguay,288,"Exchange rates, domestic currency per usd, period average, rate",ENDA_XDC_USD_RATE,Value,NA,NA,NA,NA,NA,NA,NA,NA,NA,NA,4.847999999,6.012999999,9.293999999,22.438999999,26.701999999,35.254999999,58.037999999,78.1583333325,111.299999999,121.2666666665,123.1666666666667,126,126,126,126,126,126,126,126,126,126,126,126,126,126,126,126,126,126,126,126,126,126,126,201,306.6666666666668,339.1666666666668,550,550,1056.216666666667,1229.808333333333,1325.183333333333,1500.258333333334,1744.345833333333,1904.760833333334,1963.019166666667,2056.811666666667,2177.8625,2726.49,3119.073333333332,3486.353333333332,4105.925,5716.258333333332,6424.339166666668,5974.5775,6177.934946969698,5635.09393939394,5032.711576479078,4363.29160824492,4966.682296502125,4758.43012878788,4193.802307591895,4421.659286404142,4303.882565998195,4462.185288290928,5204.92080811087,5670.540897997838,5618.933451642802,5732.104555729122,6240.722078442565,6771.097425196515,6774.162734848488,6982.752377766922,7288.872053741278,7560.247588377442,7545.446755374108
French Territories: French Polynesia,887,"Exchange rates, domestic currency per usd, period average, rate",ENDA_XDC_USD_RATE,Value,NA,NA,NA,NA,NA,NA,NA,NA,NA,NA,49.628000048628,49.628000048628,49.628000048628,49.628000048628,49.628000048628,49.628000048628,49.628000048628,49.628000048628,49.628000048628,89.765000088765,89.765000088765,89.765000088765,89.765000088765,89.765000088765,89.765000088765,89.765000088765,89.765000088765,89.765000088765,89.765000088765,94.44000009344,100.985000099985,100.689451223571,91.6459689519292,81.0502219755422,87.5285488301859,77.9315887246532,86.8906706741604,89.3376379164501,82.0562815633657,77.3529529351395,76.8285595141078,98.8109617813635,119.492607763333,138.568800808333,158.892568372424,163.367563900455,125.928813465,109.285496775,108.307921995,116.002459755,99.004900995,102.58383681,96.2511007185,102.967715214,100.946171781,90.7541365185,93.0094069905,106.121560545,107.2638139482,111.966914110147,129.201037953271,133.237791216225,126.200312871571,105.494942032458,95.9333368925229,95.9188433909485,95.0396717197982,87.0730479331812,81.1363292780549,85.5557814096789,90.0129741146296,85.7295518299287,92.8804110841429,89.8502214987385,89.8243353779009,107.553234404315,107.806815805024,105.633078151149,101.046821879543,106.588933804405,104.710608186968,100.880222566186,113.474367224106,110.34717131744,110.3063389074213,105.8644315419478
Reunion,696,"Exchange rates, domestic currency per usd, period average, rate",ENDA_XDC_USD_RATE,Value,NA,NA,NA,NA,NA,NA,NA,NA,NA,NA,3.4968,3.4996,3.4997,3.4996,3.4997,3.4997,3.4979,3.61640833258333,4.19722499933333,4.93706000393706,4.93706000393706,4.93706000393706,4.93706000393706,4.93706000393706,4.93706000393706,4.93706000393706,4.93706000393706,4.93706000393706,4.93706000393706,5.1941975041942,5.55419000455419,5.53793401295178,5.04967499983333,4.45776666666667,4.814075,4.28624166633333,4.77899166633333,4.91357499925,4.51309999933333,4.25441666608333,4.22557499908333,5.43460833258333,6.57209999908333,7.62129166575,8.73909999958333,8.98522499975,6.92609166666667,6.01070833333333,5.95694166666667,6.38014166666667,5.445275,5.64211666666667,5.29381583333333,5.66323,5.552045,4.9914825,5.1155225,5.83669166666667,5.89951566666667,NA,NA,NA,NA,NA,NA,NA,NA,NA,NA,NA,NA,NA,NA,NA,NA,NA,NA,NA,NA,NA,NA,NA,NA,NA,NA,NA
Rwanda,714,"Exchange rates, domestic currency per usd, period average, rate",ENDA_XDC_USD_RATE,Value,NA,NA,NA,NA,NA,NA,NA,NA,NA,NA,50.000000049,50.000000049,50.000000049,50.000000049,50.000000049,50.000000049,50.000000049,49.99999995,49.99999995,49.99999995,49.99999995,49.99999995,49.99999995,49.99999995,49.99999995,49.99999995,87.4999999125,99.9999999,99.9999999,99.9999999,99.9999999,99.70733323333332,92.1049999,83.9219999,92.30175655566666,92.27726655466668,97.01234655466668,95.93509322133332,89.48790655466665,86.69070655466668,86.063879888,87.16030503895668,93.05996743895668,96.09393524729,100.232891523645,101.2446706495484,87.59091681666668,79.46064999166666,76.44773773333333,80.148978175,83.70409755833332,125.1642483,133.938583325,144.237020537225,140.703847467575,262.1822632586,306.82,301.5298166666668,312.3140916666668,333.941925,389.6962166666665,442.9918916666665,475.3652416666665,537.65498475,577.4489745833332,557.8226407499998,551.7103333333336,546.955,546.8486531666668,568.2813268333335,583.1309065833332,600.30651975,614.2951424166665,646.6359745,682.4377953875,719.8595555,787.25152175,831.55433975,861.0934121666668,899.350509,943.2780481666668,988.624806551768,1030.308299742063,1160.09869425,1318.128357333333,NA
Sudan,732,"Exchange rates, domestic currency per usd, period average, rate",ENDA_XDC_USD_RATE,Value,NA,NA,NA,NA,NA,NA,NA,NA,NA,NA,0.0348241999348242,0.0348241999348242,0.0348241999348242,0.0348241999348242,0.0348241999348242,0.0348241999348242,0.0348241999348242,3.48199999e-4,3.48199999e-4,3.48199999e-4,3.48199999e-4,3.48199999e-4,3.48199999e-4,3.48199999e-4,3.48199999e-4,3.48199999e-4,3.48199999e-4,3.48199999e-4,3.48199999e-4,3.48199999e-4,3.48199999e-4,3.48199999e-4,3.48199999e-4,3.48199999e-4,3.48199999e-4,3.48199999e-4,3.48199999e-4,3.48206165666667e-4,3.77451832333333e-4,4.29166665666667e-4,4.99999999e-4,5.58858332333333e-4,9.52299999166667e-4,0.0013,0.0013,0.00230402499991667,0.0025,0.003,0.0045,0.0045,0.0045,0.00695564166666667,0.0974316666666667,0.159313916666667,0.289608916666667,0.58087375,1.25079166666667,1.5757425,2.00801916666667,2.52550416666667,2.571225,2.58702104166667,2.63305833333333,2.60983433333333,2.57905,2.43605833333333,2.17153333333333,2.0161,2.09016282876984,2.30153333333333,2.30600092016667,2.66661962177469,3.57295833333333,4.75676054708821,5.73686666666667,6.02573259791667,6.21171364583333,6.68336,24.3289109018116,45.7670454545455,53.9960119047619,370.790583333333,546.75885,NA,NA,NA
Senegal,722,"Exchange rates, domestic currency per usd, period average, rate",ENDA_XDC_USD_RATE,Value,NA,NA,NA,NA,NA,NA,NA,NA,NA,NA,174.840666544651,174.980667078374,174.985667097436,174.980667078374,174.985667097436,174.985667097436,174.895666754328,180.821105973032,210.238718125891,245.213434789085,245.195101398359,245.26010162116,245.013850686544,245.016350696075,245.027184079042,245.060934207708,245.678436557644,246.000937791281,247.564693756951,259.960574351236,276.403137026845,275.356456685332,252.027627462649,222.889183053227,240.704667637823,214.312900341219,238.950494267059,245.679686566576,225.655860233957,212.721644262377,211.279555414705,271.731452550327,328.60625269899,381.066036024628,436.956665788008,449.262962711607,346.305903554493,300.536562401478,297.848218819378,319.008299487903,272.264787954393,282.10690880882,264.691800750579,283.162579500018,555.204695655697,499.14842590131,511.552430272516,583.669372353396,589.951774567332,615.473349319164,710.207977031367,732.397693260228,693.713226496374,579.897426172466,527.338032291576,527.258362649626,522.425624895176,478.633718476363,446.000041432788,470.293423341398,494.794262222947,471.248625718937,510.556338454251,493.899623852237,493.757329875312,591.21169798261,592.605615063022,580.656749587858,555.446458398226,585.911013180369,575.586004510945,554.530675033104,623.759700911182,606.569750165917,606.3452976090625,581.9284810403395
Singapore,576,"Exchange rates, domestic currency per usd, period average, rate",ENDA_XDC_USD_RATE,Value,NA,NA,NA,NA,NA,NA,NA,NA,NA,NA,3.06122000206122,3.06122000206122,3.06122000206122,3.06122000206122,3.06122000206122,3.06122000206122,3.06122000206122,3.06122000206122,3.06122000206122,3.06122000206122,3.06122000206122,3.06122000206122,3.06122000206122,3.06122000206122,3.06122000206122,3.06122000206122,3.06122000206122,3.06122000206122,3.06122000206122,3.06122000206122,3.06122000206122,3.050701668472785,2.812499999,2.457366665833334,2.436866665833333,2.371299999083333,2.470841665916666,2.43939999925,2.274024999166667,2.1745583325,2.141208332583333,2.112691666,2.140024999166667,2.113049999,2.133083333,2.200149999666667,2.1774166665,2.105983333333333,2.012425,1.950258333333334,1.812533333333333,1.72755,1.628966666666666,1.615790833333334,1.527444166666666,1.417375,1.410040833333333,1.484805833333333,1.673601666666666,1.694956666666666,1.723963333333333,1.7917225,1.790588333333334,1.742183333333334,1.690228333333333,1.6643975,1.588933333333334,1.507101666666667,1.414860833333334,1.454514713438735,1.363508333333334,1.257775877192982,1.249676203703703,1.2513,1.26705,1.374825,1.381546363636363,1.380925,1.348841666666667,1.364158333333334,1.379741666666667,1.343483333333333,1.378666666666667,1.342766666666667,1.336233333333333,1.30745
Solomon Islands,813,"Exchange rates, domestic currency per usd, period average, rate",ENDA_XDC_USD_RATE,Value,NA,NA,NA,NA,NA,NA,NA,NA,NA,NA,0.892856999892857,0.892856999892857,0.892856999892857,0.892856999892857,0.892856999892857,0.892856999892857,0.892856999892857,0.892856999892857,0.892856999892857,0.892856999892857,0.892856999892857,0.892856999892857,0.892856999892857,0.892856999892857,0.892856999892857,0.892856999892857,0.892856999892857,0.892856999892857,0.892856999892857,0.892856999892857,0.892856999892857,0.8816164542759068,0.837299999,0.704113907966658,0.698085449275053,0.7638666666666665,0.8182833333333333,0.9018166666666668,0.8736583333333335,0.8659643218460268,0.8298272370513342,0.8701662881551347,0.971104381540402,1.148558311884073,1.273715138559673,1.4807666665,1.741499999833333,2.003291666666666,2.082516666666666,2.293241666666667,2.528783333333332,2.71475,2.9281,3.187733333333332,3.291358333333332,3.4059,3.566358333333332,3.716941666666668,4.815649166666668,4.838141666666668,5.088930833333332,5.27798495317037,6.74877210289887,7.505943748598422,7.484743905508395,7.529873024835965,7.609458333333335,7.652,7.747916666666668,8.055041666666668,8.064501344086022,7.641259030098748,7.35520284715203,7.302135100042058,7.375345353642105,7.914688977357882,7.94815293778867,7.88739036909183,7.95250486131003,8.17339929777839,8.213412909672613,8.030102991049326,8.155528697626298,8.375596776130456,8.454835601716544,8.326842332520329
Sierra Leone,724,"Exchange rates, domestic currency per usd, period average, rate",ENDA_XDC_USD_RATE,Value,NA,NA,NA,NA,NA,NA,NA,NA,NA,NA,7.14285999714286e-4,7.14285999714286e-4,7.14285999714286e-4,7.14285999714286e-4,7.14285999714286e-4,7.14285999714286e-4,7.14285999714286e-4,7.14285999714286e-4,7.14285999714286e-4,7.14285999714286e-4,7.14285999714286e-4,7.14285999714286e-4,7.14285999714286e-4,7.14285999714286e-4,7.14285999714286e-4,7.14285999714286e-4,7.14285999714286e-4,7.242069163313495e-4,8.33332999833333e-4,8.33332999833333e-4,8.33332999833333e-4,8.308940025652898e-4,8.007816656666665e-4,8.163416656666665e-4,8.554608323333332e-4,9.040216656666668e-4,0.0011128408325,0.00114649666575,0.0010470433325,0.001056972544466289,0.001049797649141536,0.001159098471135342,0.001238650426687396,0.001885330163504822,0.002509949999583332,0.0050941625,0.01609213333325,0.034042525,0.03251408333333332,0.05981275833333332,0.1514458333333334,0.2953441666666668,0.4994418333333332,0.5674585833333332,0.5867397083333332,0.7552158333333332,0.9207325,0.9814825,1.563618,1.804195,2.092125,1.986154166666667,2.09903386575,2.347941666666667,2.701296666666668,2.8895875,2.961909166666668,2.985185833333332,2.981515,3.38565,3.978086666666668,4.349161666666668,4.344036666666668,4.332500833333335,4.524159166666668,5.0807475,6.290297414952278,7.384432222486922,7.93163174973728,9.01022114400915,9.82992676332375,10.43942531945868,14.04764979421566,21.30487511038178,NA,NA
El Salvador,253,"Exchange rates, domestic currency per usd, period average, rate",ENDA_XDC_USD_RATE,Value,NA,NA,NA,NA,NA,NA,NA,NA,NA,NA,2.5000000015,2.5000000015,2.5000000015,2.5000000015,2.5000000015,2.5000000015,2.5000000015,2.5000000015,2.5000000015,2.5000000015,2.5000000015,2.5000000015,2.5000000015,2.5000000015,2.5000000015,2.5000000015,2.5000000015,2.5000000015,2.5000000015,2.5000000015,2.5000000015,2.500000001291668,2.50001381722561,2.499997698443218,2.49999792825465,2.5,2.5,2.5,2.5,2.5,2.5,2.5,2.5,2.5,2.5,2.5,4.85215,5,5,5,6.848333333333332,8.016666666666666,8.360833333333332,8.702508333333332,8.728749999999998,8.754583333333333,8.755,8.75625,8.755,8.755,8.755,1,1,1,1,1,1,1,1,1,1,1,1,1,1,1,1,1,1,1,1,1,1,1,1,1
Somalia,726,"Exchange rates, domestic currency per usd, period average, rate",ENDA_XDC_USD_RATE,Value,NA,NA,NA,NA,NA,NA,NA,NA,NA,NA,7.14286000614286,7.14286000614286,7.14286000614286,7.14286000614286,7.14286000614286,7.14286000614286,7.14286000614286,7.14286000614286,7.14286000614286,7.14286000614286,7.14286000614286,7.14286000614286,7.14286000614286,7.14286000614286,7.14286000614286,7.14286000614286,7.14286000614286,7.14286000614286,7.14286000614286,7.14286000614286,7.14286000614286,7.12855833888096,6.980124999,6.281499999,6.294999999,6.294999999,6.294999999,6.294999999,6.294999999,6.294999999,6.294999999,6.294999999,10.750349999,15.7876583323333,20.0185499995833,39.4871416666667,72,105.177083333333,170.45275,490.675166666667,NA,NA,NA,NA,NA,NA,NA,NA,NA,NA,NA,NA,NA,NA,NA,NA,NA,NA,NA,31558.9054783951,31269.6625712251,29966.8354404084,22516.0002967711,19283.7999504521,20230.9291310541,22254.2356837607,23061.7843138651,23097.9873219373,NA,NA,NA,NA,NA,NA,NA,NA
São Tomé and Príncipe,716,"Exchange rates, domestic currency per usd, period average, rate",ENDA_XDC_USD_RATE,Value,NA,NA,NA,NA,NA,NA,NA,NA,NA,NA,0.028750000029,0.028750000029,0.028750000029,0.028750000029,0.028750000029,0.028750000029,0.028750000029,0.02875000002875,0.02875000002875,0.02875000002875,0.02875000002875,0.02875000002875,0.02875000002875,0.02875000002875,0.02875000002875,0.02875000002875,0.02875000002875,0.02875000002875,0.02875000002875,0.02875000002875,0.02875000002875,0.02836017028782272,0.02705341666666668,0.02451516666658334,0.02540816666658332,0.02554324999991668,0.03022908333333332,0.03755807096058555,0.0361547244398969,0.03502458356663488,0.03477139877372015,0.0383994644452316,0.0409986020334229,0.0423351984738253,0.04415866739558858,0.0446043888483533,0.03858901222817178,0.05421121523768775,0.08634333333333331,0.12467225,0.1433309166666667,NA,0.3213370833333332,0.4298541666666668,0.7326281666666665,1.420341833333333,2.203163583333334,4.552505916666665,6.883242833333332,7.118958333333332,7.978171666666665,8.842109166666665,9.088325000000003,9.347583333333334,9.902324166666668,10.55797033333334,12.4486425,13.536755,14.69520166666666,16.20845125416666,18.49860132375095,17.62293500581968,19.06841680841535,18.44995262487812,18.46640304957634,22.09064456021131,22.1488606347838,21.74113836071157,20.75085923709141,21.88474181646888,21.50705909935824,20.7104015163031,23.29040395486409,22.65842478884959,22.64300989478115,NA
Suriname,366,"Exchange rates, domestic currency per usd, period average, rate",ENDA_XDC_USD_RATE,Value,NA,NA,NA,NA,NA,NA,NA,NA,NA,NA,0.00188586000088586,0.00188586000088586,0.00188586000088586,0.00188586000088586,0.00188586000088586,0.00188586000088586,0.00188586000088586,0.001885071666740488,0.001885,0.001885,0.001885,0.001885,0.001885,0.001885,0.001885,0.001885,0.001885,0.001885,0.001885,0.001885,0.001885,0.001883583333333333,0.001785,0.001785,0.001785,0.001785,0.001785,0.001785,0.001785,0.001785,0.001785,0.001785,0.001785,0.001785,0.001785,0.001785,0.001785,0.001785,0.001785,0.001785,0.001785,0.001785,0.001785,0.001785,0.222460757588426,0.4427719891386742,0.4010183537090475,0.401566152294698,0.401606425702811,0.8340842642222512,1.322490515478744,2.178182254234088,2.34675,2.601333333333332,2.733582975675205,2.73166666547869,2.74375,2.745,2.745,2.745,2.745416666666668,3.268,3.3,3.3,3.3,3.416666666666668,6.228630278489785,7.487661125,7.462511198412698,7.458,9.309545454545455,18.23866666666667,24.70917475657895,36.77586916666665,33.18055166666668,37.26017916666668
Sweden,144,"Exchange rates, domestic currency per usd, period average, rate",ENDA_XDC_USD_RATE,Value,NA,NA,NA,NA,NA,NA,NA,NA,NA,NA,5.1727705361666,5.17321000417321,5.17321000417321,5.17321000417321,5.17321000417321,5.17321000417321,5.17321000417321,5.17321000417321,5.17321000417321,5.17321000417321,5.17321000417321,5.17321000417321,5.17321000417321,5.17321000417321,5.17321000417321,5.17321000417321,5.17321000417321,5.17321000417321,5.17321000417321,5.17321000417321,5.17321000417321,5.125905247502685,4.762416665666668,4.367249999,4.439424999,4.152191665666668,4.355891665666668,4.481641665666665,4.518474999,4.287083332333332,4.229574999,5.063441665666668,6.282608332333332,7.667108332333332,8.271799999416665,8.603924999666669,7.123583333333332,6.340441666666668,6.127150000000002,6.446875833333332,5.91879,6.047466666666665,5.823833333333332,7.783426666666665,7.71597,7.133268333333335,6.705955833333332,7.634894166666665,7.949868166666665,8.262428333333332,9.162244166666666,10.32913583333334,9.737123333333331,8.086304166666668,7.348886666666665,7.473088333333332,7.378249166666665,6.75877,6.591099166666665,7.653819166666668,7.207524166666668,6.493543333333332,6.775015833333332,6.513971666666665,6.860785,8.434840833333332,8.561991666666668,8.548860833333334,8.692518333333332,9.458349166666668,9.210309028420852,8.57656671607378,10.11425127756397,10.61016129655358,10.56763643447755,9.82070570950185
Swaziland,734,"Exchange rates, domestic currency per usd, period average, rate",ENDA_XDC_USD_RATE,Value,NA,NA,NA,NA,NA,NA,NA,NA,NA,NA,0.714285999714286,0.714285999714286,0.714285999714286,0.714285999714286,0.714285999714286,0.714285999714286,0.714285999714286,0.714285999714286,0.714285999714286,0.714285999714286,0.714285999714286,0.714285999714286,0.714285999714286,0.714285999714286,0.714285999714286,0.714285999714286,0.714285999714286,0.714285999714286,0.714285999714286,0.714285999714286,0.714285999714286,0.715216916321429,0.768725237196027,0.693959098021092,0.679477003570251,0.739507755296336,0.869565218147448,0.869565218147448,0.869565218147448,0.842022601934943,0.778833737276041,0.877578942758154,1.08581583308333,1.11409999975,1.47527749975,2.22867499941667,2.28503166641667,2.03603333333333,2.2734675,2.6226775,2.58732083333333,2.761315,2.85201416666667,3.26774158333333,3.55079833333333,3.627085,4.29934916666667,4.60796166666667,5.52828416666667,6.10948416666667,6.93982833333333,8.60918083333333,10.5407466666667,7.56474916666667,6.4596925,6.35932833333333,6.77154916666667,7.045365,8.26122333333333,8.47367415824888,7.32122196115288,7.26113213232735,8.20996862659331,9.65505606913526,10.8526555687831,12.7589308811644,14.7096108855267,13.3238014244992,13.2339264715833,14.4517892288824,16.4702558654325,14.7834351395784,16.3622830559282,18.4535924917449,18.31768683108564,17.88892092083772
Seychelles,718,"Exchange rates, domestic currency per usd, period average, rate",ENDA_XDC_USD_RATE,Value,NA,NA,NA,NA,NA,NA,NA,NA,NA,NA,4.76189475297145,4.76189475297145,4.76189475297145,4.76189475297145,4.76189475297145,4.76189475297145,4.76189475297145,4.76189475297145,4.76189475297145,4.76189475297145,4.76189475297145,4.76189475297145,4.76189475297145,4.76189475297145,4.76189475297145,4.76189475297145,4.76189475297145,4.828032802635008,5.55554610290558,5.55554610290558,5.55554610290558,5.48576275469367,5.338533332333335,5.442283332333332,5.703091665666668,6.026799999,7.418883332416668,7.643383332333332,6.952466665666665,6.332649999,6.391949999,6.314924999,6.552541665666665,6.767641665666665,7.05886666625,7.134333333333335,6.176791666666668,5.600008333333332,5.383566666666668,5.645716666666668,5.3369,5.289308333333332,5.121983333333332,5.181533333333332,5.055858333333332,4.761975,4.969983333333332,5.026341666666668,5.262191666666665,5.342583333333332,5.713816666666668,5.857541666666665,5.480033333333332,5.400716666666668,5.5,5.5,5.519691666666668,6.701059537630598,9.45724328344921,13.60994045248999,12.06775664094998,12.38103190738437,13.7040312149325,12.05831666666666,12.74703333333334,13.313925,13.31911666666667,13.64784166666667,13.91111666666666,14.03325,17.61651875541126,16.92052257096132,14.27279452552908,14.01811069929792,14.52969319075179,NA
Syria,463,"Exchange rates, domestic currency per usd, period average, rate",ENDA_XDC_USD_RATE,Value,NA,NA,NA,NA,NA,NA,NA,NA,NA,NA,2.189999999,2.189999999,2.189999999,2.189999999,3.579999999,3.579999999,3.579999999,3.57999999908333,3.579999999,3.579999999,3.579999999,3.579999999,3.689999999,3.819999999,3.819999999,3.819999999,3.819999999,3.819999999,3.819999999,3.819999999,3.819999999,3.819999999,3.819999999,3.823249999,3.73291666566667,3.699999999,3.85266666566667,3.924999999,3.924999999,3.924999999,3.924999999,3.924999999,3.924999999,3.924999999,3.92499999958333,3.925,3.925,3.925,11.225,11.225,11.225,11.225,11.225,11.225,11.225,11.225,11.225,11.225,11.225,11.225,11.225,11.225,11.225,11.225,11.225,11.225,11.225,11.225,11.225,11.225,11.225,48.3366666666667,64.5808333333333,108.733333333333,154.13,237.029166666667,460.275833333333,492.610833333333,436.5,436.5,877.945250896057,1256,2505.74691085873,NA,NA,NA
Chad,628,"Exchange rates, domestic currency per usd, period average, rate",ENDA_XDC_USD_RATE,Value,NA,NA,NA,NA,NA,NA,NA,NA,NA,NA,174.840666544651,174.980667078374,174.985667097436,174.980667078374,174.985667097436,174.985667097436,174.895666754328,180.821105973032,210.238718125891,245.213434789085,245.195101398359,245.26010162116,245.013850686544,245.016350696075,245.027184079042,245.060934207708,245.678436557644,246.000937791281,247.564693756951,259.960574351236,276.403137026845,275.356456685332,252.027627462649,222.889183053227,240.704667637823,214.312900341219,238.950494267059,245.679686566576,225.655860233957,212.721644262377,211.279555414705,271.731452550327,328.60625269899,381.066036024628,436.956665788008,449.262962711607,346.305903554493,300.536562401478,297.848218819378,319.008299487903,272.264787954393,282.10690880882,264.691800750579,283.162579500018,555.204695655697,499.14842590131,511.552430272516,583.669372353396,589.951774567332,615.473349319164,710.207977031367,732.397693260228,693.713226496374,579.897426172466,527.338032291576,527.258362649626,522.425624895176,478.633718476363,446.000041432788,470.293423341398,494.794262222947,471.248625718937,510.556338454251,493.899623852237,493.757329875312,591.21169798261,592.605615063022,580.656749587858,555.446458398226,585.911013180369,575.586004510945,554.530675033104,623.759700911182,606.569750165917,606.3452976090625,581.9284810403395
Togo,742,"Exchange rates, domestic currency per usd, period average, rate",ENDA_XDC_USD_RATE,Value,NA,NA,NA,NA,NA,NA,NA,NA,NA,NA,174.840666544651,174.980667078374,174.985667097436,174.980667078374,174.985667097436,174.985667097436,174.895666754328,180.821105973032,210.238718125891,245.213434789085,245.195101398359,245.26010162116,245.013850686544,245.016350696075,245.027184079042,245.060934207708,245.678436557644,246.000937791281,247.564693756951,259.960574351236,276.403137026845,275.356456685332,252.027627462649,222.889183053227,240.704667637823,214.312900341219,238.950494267059,245.679686566576,225.655860233957,212.721644262377,211.279555414705,271.731452550327,328.60625269899,381.066036024628,436.956665788008,449.262962711607,346.305903554493,300.536562401478,297.848218819378,319.008299487903,272.264787954393,282.10690880882,264.691800750579,283.162579500018,555.204695655697,499.14842590131,511.552430272516,583.669372353396,589.951774567332,615.473349319164,710.207977031367,732.397693260228,693.713226496374,579.897426172466,527.338032291576,527.258362649626,522.425624895176,478.633718476363,446.000041432788,470.293423341398,494.794262222947,471.248625718937,510.556338454251,493.899623852237,493.757329875312,591.21169798261,592.605615063022,580.656749587858,555.446458398226,585.911013180369,575.586004510945,554.530675033104,623.759700911182,606.569750165917,606.3452976090625,581.9284810403395
Thailand,578,"Exchange rates, domestic currency per usd, period average, rate",ENDA_XDC_USD_RATE,Value,NA,NA,NA,NA,NA,NA,NA,NA,NA,NA,22.3391127061098,21.5561087556346,18.8740952241216,18.2280919658534,21.1331066214698,21.6371091643044,20.7801048404764,20.75010468945058,20.99177257514972,21.17010680814613,21.18177353367473,21.05843957808684,20.88010534500716,20.83007886234618,20.8000000198,20.8000000198,20.8000000198,20.8000000198,20.8000000198,20.8000000198,20.8000000198,20.80000001806667,20.8000294920375,20.61958163639133,20.3751027981272,20.3792694856493,20.4001029232598,20.4001029232598,20.33610260036018,20.41893635169646,20.47635330804781,21.82044342311069,23.0001160420577,23.0001160420577,23.63936926710343,27.15888702397755,26.29888268526365,25.72279644541312,25.29387761473025,25.702046340723,25.585462419191,25.51679540607992,25.40012815079412,25.31961107789615,25.14995188858448,24.91517570407256,25.34268286096648,31.3643344542954,41.3593875,37.81365583333332,40.11180333333332,44.4319,42.96008333333332,41.48461666666665,40.2224149175021,40.22013020833332,37.88198322153632,34.51818059170132,33.31330064123378,34.2857741234241,31.685705,30.49173333333332,31.08309166666668,30.72596666666668,32.47983333333332,34.24771666666668,35.29638333333332,33.93981105668585,32.31022574314575,31.04760578054985,31.2936732130832,31.9770934417717,35.06135021447765,34.80218858083638,35.29353808080808,32.882809252867
Tonga,866,"Exchange rates, domestic currency per usd, period average, rate",ENDA_XDC_USD_RATE,Value,NA,NA,NA,NA,NA,NA,NA,NA,NA,NA,0.892856999892857,0.892856999892857,0.892856999892857,0.892856999892857,0.892856999892857,0.892856999892857,0.892856999892857,0.892856999892857,0.892856999892857,0.892856999892857,0.892856999892857,0.892856999892857,0.892856999892857,0.892856999892857,0.892856999892857,0.892856999892857,0.892856999892857,0.892856999892857,0.892856999892857,0.892856999892857,0.892856999892857,0.8806078423669672,0.819200569046247,0.704113907966658,0.6958452214919535,0.7639018796212562,0.818316894865339,0.901861161455414,0.8736942820315455,0.8946767900461305,0.878279549223024,0.870249477236523,0.9859023646381122,1.110059509873246,1.139564859716547,1.431952417335092,1.496034153774694,1.428237268866609,1.279736405143637,1.263744068284978,1.280928837991177,1.296114589485864,1.347170684958962,1.3840888319542,1.320219604285688,1.270942628397914,1.23197439919933,1.263518428150848,1.492055370476703,1.599132372421742,1.758502604171674,2.123574168924888,2.195187335287377,2.145892252001598,1.971562793132614,1.943036216936481,2.025880794909138,1.970933656961888,1.942444256868534,2.034493613228791,1.905987842383534,1.72895070977832,1.719507015861647,1.773713118699069,1.846773684535459,2.105763257449672,2.215661104225277,2.205972697178404,2.236571475942232,2.28948563032632,2.299561507878887,2.264959600500548,2.327929827316438,2.363698818097534,2.373041574083686,NA
Trinidad and Tobago,369,"Exchange rates, domestic currency per usd, period average, rate",ENDA_XDC_USD_RATE,Value,NA,NA,NA,NA,NA,NA,NA,NA,NA,NA,1.71429000071429,1.71429000071429,1.71429000071429,1.71429000071429,1.71429000071429,1.71429000071429,1.71429000071429,1.71429000071429,1.71429000071429,1.71429000071429,1.71429000071429,1.71429000071429,1.71429000071429,1.71429000071429,1.71429000071429,1.71429000071429,1.71429000071429,1.738099167261908,2.000000001,2.000000001,2.000000001,1.974876151968773,1.921280710357255,1.959220537436676,2.053230910788784,2.1697975952,2.4357864317,2.399999999,2.399999999,2.399999999,2.399999999,2.399999999,2.399999999,2.399999999,2.399999999583333,2.45,3.6,3.6,3.84375,4.25,4.25,4.25,4.25,5.351096666666668,5.924929166666668,5.947795833333335,6.005065833333335,6.251678333333335,6.2983075,6.2989,6.299796666666668,6.233216666666665,6.248683333333335,6.2951,6.298991666666665,6.299558333333335,6.312283333333332,6.328033333333332,6.289433333333332,6.324908333333332,6.3755083333333316,6.409300705685785,6.42960265594542,6.442629397646588,6.409094578297932,6.377441666666665,6.668966666666665,6.779525,6.77075089824606,6.754326682863202,6.75105268711505,6.758530049162942,6.754128960994752,6.750262379345015,6.750123248705915,6.748802861637345
Tunisia,744,"Exchange rates, domestic currency per usd, period average, rate",ENDA_XDC_USD_RATE,Value,NA,NA,NA,NA,NA,NA,NA,NA,NA,NA,0.349999999166667,0.349999999166667,0.349999999166667,0.349999999166667,0.349999999166667,0.349999999166667,0.349999999166667,0.358749999013889,0.41999999942,0.41999999942,0.41999999942,0.41999999942,0.41999999942,0.41999999942,0.44624999941125,0.524999999525,0.524999999525,0.524999999525,0.524999999525,0.524999999525,0.524999999525,0.52291666623125,0.477083333,0.4215958328333332,0.4365083323333335,0.4022666656666668,0.428774999,0.428949999,0.4161708323333332,0.406462499,0.4049541656666668,0.4938041656666665,0.590687499,0.67876666575,0.7768333329166668,0.83449583325,0.7940291666666668,0.8286625,0.8578041666666665,0.9493208333333332,0.8783333333333335,0.9246208333333334,0.8844333333333332,1.003741666666667,1.011554166666666,0.94575,0.9734083333333332,1.105908333333333,1.138725,1.186225,1.370683333333333,1.4387125,1.421733333333333,1.288458333333333,1.245466666666666,1.297433333333333,1.331025,1.281358333333334,1.232141666666667,1.350275,1.4314,1.407783333333334,1.561891666666666,1.624658333333334,1.697675,1.961625,2.148033333333334,2.419425,2.646866666666668,2.934433333333332,2.812358333333332,2.794466666666668,3.1036,3.106166666666668,3.10745,NA
Turkey,186,"Exchange rates, domestic currency per usd, period average, rate",ENDA_XDC_USD_RATE,Value,NA,NA,NA,NA,NA,NA,NA,NA,NA,NA,2.8000000018,2.8000000018,2.8000000018,2.8000000018,2.8000000018,2.8000000018,2.8000000018,0.2333364318166658,5.493166666e-6,9.015e-6,9.016916666583332e-6,9.02e-6,9.02e-6,9.02e-6,9.03916666575e-6,9.039999999e-6,9.039999999e-6,9.039999999e-6,9.039999999e-6,9.039999999e-6,1.1328499999e-5,1.486666666708333e-5,1.415e-5,1.415e-5,1.392708333308333e-5,1.444208333266667e-5,1.605308333233333e-5,1.8002249999e-5,2.428216666566667e-5,3.1077499999e-5,7.603808333283332e-5,1.112185833326667e-4,1.625534166656667e-4,2.2545708333225e-4,3.666778333331668e-4,5.219830833331665e-4,6.7451175000025e-4,8.572141666666668e-4,0.001422345833333333,0.002121679166666666,0.002608641666666668,0.004171815833333332,0.006872423333333332,0.01098462833333333,0.02960867583333332,0.04584506083333332,0.08140489166666665,0.151865,0.26072425,0.4187829166666665,0.6252185,1.225588083333334,1.507226416666667,1.500885208583334,1.42553725,1.343583108333333,1.428453413338454,1.302930905337942,1.301521702817946,1.549959775665642,1.502848629672298,1.674954551971326,1.796000944413546,1.903768242447518,2.188542417754735,2.720008527905785,3.02013474808043,3.648132635368665,4.82837014720942,5.673819308435742,7.008605415585218,8.850407549283148,16.54886041730672,23.73856612199181,32.8058614432703,39.45481309779825
Tuvalu,869,"Exchange rates, domestic currency per usd, period average, rate",ENDA_XDC_USD_RATE,Value,NA,NA,NA,NA,NA,NA,NA,NA,NA,NA,0.892856999892857,0.892856999892857,0.892856999892857,0.892856999892857,0.892856999892857,0.892856999892857,0.892856999892857,0.892856999892857,0.892856999892857,0.892856999892857,0.892856999892857,0.892856999892857,0.892856999892857,0.892856999892857,0.892856999892857,0.892856999892857,0.892856999892857,0.892856999892857,0.892856999892857,0.892856999892857,0.892856999892857,0.8826702592955478,0.8386978072622072,0.704113907966658,0.696665868638096,0.7638712489999998,0.8182840823333332,0.901824999,0.873659249,0.8946409156666665,0.8782443323333332,0.8702145823333335,0.9858628323333332,1.110014999166666,1.139519165916666,1.4318949995,1.495974166416666,1.42818,1.279908333333333,1.264596666666666,1.281056666666667,1.283755833333333,1.361648333333333,1.47056,1.367750833333334,1.3490325,1.277863333333333,1.34738,1.591828333333334,1.54995,1.724826666666667,1.9334425,1.8405625,1.541914166666667,1.3597525,1.309473333333334,1.3279734405,1.1950725,1.192178333333333,1.282188810084518,1.090159486386772,0.9694632014967351,0.9658010306587078,1.035843096520538,1.109363292816917,1.331090262455018,1.345213976019468,1.304758076715922,1.338412146464508,1.438506544213818,1.45308511847016,1.331224259570809,1.441664458965217,1.505191065605085,1.51535803855596,1.551997886648505
Taiwan Province of China,528,"Exchange rates, domestic currency per usd, period average, rate",ENDA_XDC_USD_RATE,Value,NA,NA,NA,NA,NA,NA,NA,NA,NA,NA,10.299999999,15.649999999,15.649999999,18.779999999,18.779999999,32.279999999,32.279999999,30.853799999,35.08110833233332,39.464999999,39.72583333233332,40.000000039,40.000000039,40.000000039,40.000000039,40.000000039,40.000000039,40.000000039,40.000000039,40.000000039,40.000000039,40.00000003888585,40.0333947483916,38.262349999,37.999999999,37.999999999,37.999999999,37.999999999,37.053749999,36.020674999,35.99624166566668,36.848499999,39.123999999,40.06516666566668,39.597,39.84858333333332,37.92375,31.84466666666668,28.58841666666668,26.40699166666668,26.853,26.814775,25.16408333333332,26.38708333333332,26.4565,26.48566666666668,27.458,28.70291666666668,33.4555,32.26966666666668,31.23425,33.81308333333332,34.57891666666665,34.41925,33.42591666666668,32.1785,32.5335,32.84266666666668,31.534166666666678,33.0565,31.64741666666668,29.46891666666668,29.61558333333332,29.77083333333332,30.37025,31.90758333333332,32.32533333333332,30.44241666666668,30.16266666666668,30.927,29.58325,28.0235,29.80633333333332,31.15758333333332,32.11133333333332,31.19225
Tanzania,738,"Exchange rates, domestic currency per usd, period average, rate",ENDA_XDC_USD_RATE,Value,NA,NA,NA,NA,NA,NA,NA,NA,NA,NA,7.14286000614286,7.14286000614286,7.14286000614286,7.14286000614286,7.14286000614286,7.14286000614286,7.14286000614286,7.14286000614286,7.14286000614286,7.14286000614286,7.14286000614286,7.14286000614286,7.14286000614286,7.14286000614286,7.14286000614286,7.14286000614286,7.14286000614286,7.14286000614286,7.14286000614286,7.14286000614286,7.14286000614286,7.142860005547622,7.142899999,7.021446665666668,7.134983332333332,7.366791665666668,8.376774999416668,8.2892083325,7.712049999,8.216624999,8.196591665833331,8.283508332583333,9.282591665833332,11.14278333233334,15.2922499995,17.47233333308333,32.69801666641668,64.26034999999997,99.29210833333332,143.3769166666667,195.0559166666666,219.1574166666667,297.7080833333332,405.2740166666668,509.630875,574.7617416666665,579.9766666666668,612.1225,664.6712083333332,744.7590750000002,800.4085166666665,876.4116666666665,966.5827842592595,1038.419006596036,1089.334771489825,1128.93417916192,1251.899972925151,1245.035464047828,1196.310709210461,1320.312060740411,1395.625,1557.433333333333,1571.698333333334,1597.555833333333,1653.230833333333,1991.390833333333,2177.086666666667,2228.856666666667,2263.781666666667,2288.206666666667,2294.146150505088,2297.764226237921,2303.033676123319,2383.042583333333,2597.900416666668,NA
Uganda,746,"Exchange rates, domestic currency per usd, period average, rate",ENDA_XDC_USD_RATE,Value,NA,NA,NA,NA,NA,NA,NA,NA,NA,NA,0.07143000007143,0.07143000007143,0.07143000007143,0.07143000007143,0.07143000007143,0.07143000007143,0.07143000007143,0.07143000007143,0.07143000007143,0.07143000007143,0.07143000007143,0.07143000007143,0.07143000007143,0.07143000007143,0.07143000007143,0.07143000007143,0.07143000007143,0.07143000007143,0.07143000007143,0.07143000007143,0.07143000007143,0.0714299958900811,0.07142999999,0.07021449999,0.07135949999,0.07421924999,0.0826616666625,0.08258999999333332,0.07735666665666668,0.07482833332333334,0.07416999999,0.5005233333266665,0.9404666666616668,1.5386249999925,3.597024999995,6.720200000005835,14,42.84126666666668,106.1358333333333,223.09160630809,428.8546666666665,734.0099166666665,1133.834333333333,1195.01675,979.4454166666668,968.9166666666669,1046.08475,1083.008666666667,1240.305833333334,1454.827166666667,1644.475333333333,1755.65875,1797.5505,1963.720083333333,1810.304713651515,1780.540260865231,1831.451850890881,1723.491587140405,1720.443879151105,2030.488074334182,2177.557506833578,2522.802032522645,2504.563077583282,2586.889568565612,2599.788200610672,3240.645420338262,3420.098007247362,3611.224458044608,3727.068994846122,3704.04907169681,3718.248922709235,3587.051707339085,3689.81738566862,3726.140459970855,3757.262535421502,3602.989942068138
Uruguay,298,"Exchange rates, domestic currency per usd, period average, rate",ENDA_XDC_USD_RATE,Value,NA,NA,NA,NA,NA,NA,NA,NA,NA,NA,2.069999999e-9,2.399999999e-9,2.75e-9,3.039999999e-9,3.179999999e-9,3.669999999e-9,3.8e-9,4.16e-6,7.380833333333332e-6,1.0125e-5,1.129666666666666e-5,1.100916666666667e-5,1.098e-5,1.46475e-5,1.641166666666666e-5,2.903583333333332e-5,5.389166666666665e-5,1.049625e-4,2.318541666666667e-4,2.48e-4,2.48e-4,2.48e-4,5.308258333333332e-4,8.571508333333335e-4,0.0011821325,0.002235833333333333,0.0033025,0.004646666666666668,0.006023333333333335,0.007838333333333334,0.0090725,0.01079333333333333,0.01385333333333333,0.03437583333333332,0.05589333333333332,0.1011558333333333,0.1514341666666666,0.2255216666666667,0.3585075,0.6211783333333332,1.169484166666666,2.017663333333333,3.024811666666668,3.941091666666668,5.043916666666668,6.349,7.971833333333335,9.441833333333332,10.47191666666667,11.3393,12.09959166666667,13.31911666666667,21.25696666666667,28.20868333333332,28.70373333333332,24.4786,24.07335833333333,23.471025,20.94931666666667,22.56798333333334,20.059275,19.31420833333334,20.310575,20.48160833333333,23.246025,27.32736666666668,30.1626,28.6764,30.72525833333332,35.255375,42.01329166666668,43.554575,41.17108333333332,38.82391666666668,40.2127875,41.19053333333332
St. Vincent and the Grenadines,364,"Exchange rates, domestic currency per usd, period average, rate",ENDA_XDC_USD_RATE,Value,NA,NA,NA,NA,NA,NA,NA,NA,NA,NA,1.71429000071429,1.71429000071429,1.71429000071429,1.71429000071429,1.71429000071429,1.71429000071429,1.71429000071429,1.71429000071429,1.71429000071429,1.71429000071429,1.71429000071429,1.71429000071429,1.71429000071429,1.71429000071429,1.71429000071429,1.71429000071429,1.71429000071429,1.76190833409524,2.000000001,2.000000001,2.000000001,1.97487273321145,1.92127814947601,1.95921923598161,2.05323240851763,2.16979583233333,2.61467083283333,2.7,2.7,2.7,2.7,2.7,2.7,2.7,2.7,2.7,2.7,2.7,2.7,2.7,2.7,2.7,2.7,2.7,2.7,2.7,2.7,2.7,2.7,2.7,2.7,2.7,2.7,2.7,2.7,2.7,2.7,2.7,2.7,2.7,2.7,2.7,2.7,2.7,2.7,2.7,2.7,2.7,2.7,2.7,2.7,2.7,2.7,2.7,2.7,2.7
Venezuela,299,"Exchange rates, domestic currency per usd, period average, rate",ENDA_XDC_USD_RATE,Value,NA,NA,NA,NA,NA,NA,NA,NA,NA,NA,0.003753999999,0.003340999999,0.003300999999,0.003203999999,0.003667999999,0.003226999999,0.003240999999,0.003350333332333332,0.003349999999,0.003349666665666668,0.003349583332333335,0.003349833332333335,0.003349666665666668,0.003349666665666665,0.00435,0.0044,0.0044,0.0044,0.0044,0.0044,0.0044,0.0044,0.0043,0.0043,0.0043,0.0043,0.0043,0.0043,0.0043,0.0043,0.0043,0.0043,0.0043,0.0043,0.007016666666666668,0.0075,0.008083333333333331,0.0145,0.0145,0.03469166666666668,0.04689166666666665,0.056825,0.06838333333333332,0.09084166666666665,0.1468583333333333,0.1768416666666667,0.41735,0.4886333333333332,0.5475666666666668,0.605725,0.6799666666666668,0.7236583333333335,1.16095,1.606958333333333,1.891333333333333,2.08975,2.147,2.147,2.147,2.147,2.582060317460318,4.2893,4.2893,6.047961841666668,6.2842,6.2842,9.257344444441667,9.975,NA,NA,315575.80168320553,2104580.835286594,6.683882386363638,28.63536097150358,38.37835975898442,NA
Vanuatu,846,"Exchange rates, domestic currency per usd, period average, rate",ENDA_XDC_USD_RATE,Value,NA,NA,NA,NA,NA,NA,NA,NA,NA,NA,63.579999999,63.629999999,63.629999999,63.629999999,63.629999999,63.629999999,63.599999999,64.692499999,76.44916666641664,89.765000088765,89.765000088765,89.765000088765,89.765000088765,89.765000088765,89.765000088765,89.765000088765,89.765000088765,89.765000088765,89.765000088765,94.44000009344,100.985000099985,100.689451223571,81.61090909091665,72.04471380475,77.80323232333332,69.27259259266665,77.23622895616668,79.41131313116668,72.93898989891667,68.75824915833336,68.29212121216665,87.82592592574998,96.20749999941665,99.367661994,99.23333333258331,106.031666666,106.0758333329167,109.8491666666666,104.4258333333333,116.0416666666667,117.06125,111.675,113.3916666666667,121.5808333333334,116.405,112.1116666666667,111.7191666666666,115.8733333333334,127.5175,129.075,137.6433333333333,145.3125,139.1983333333334,122.1891666666666,111.79,109.2458333333334,110.6408333333333,102.4375,101.3341666666667,106.7408333333333,96.90583333333332,89.46916666666668,92.6375,94.5425,97.07166666666669,108.9891666666667,108.475,107.8208333333334,110.165,114.7325,115.38,109.4525,115.3539166666667,119.1125,119.1666666666667,NA
Samoa,862,"Exchange rates, domestic currency per usd, period average, rate",ENDA_XDC_USD_RATE,Value,NA,NA,NA,NA,NA,NA,NA,NA,NA,NA,0.71428999971429,0.71428999971429,0.71428999971429,0.71428999971429,0.71428999971429,0.71428999971429,0.71428999971429,0.71428999971429,0.71428999971429,0.71428999971429,0.71428999971429,0.715514999715515,0.71918999971919,0.71918999971919,0.71918999971919,0.71918999971919,0.71918999971919,0.7195033330528368,0.72106999972107,0.72106999972107,0.72106999972107,0.7189597343782832,0.67543,0.6149525,0.60658,0.6327885831666668,0.795365499,0.786077499,0.7363328323333332,0.8261583323333332,0.9193066656666667,1.034084999083333,1.207332499083333,1.549130833083334,1.862305832833333,2.245273333083333,2.235759999916667,2.121748333333334,2.080436666666667,2.270191666666666,2.309851666666666,2.399622333333334,2.466308333333333,2.568603416666668,2.535037166666668,2.473404166666667,2.462172916666667,2.559371666666668,2.947686833333332,3.013152,3.286361525,3.4780400715,3.3762581025,2.973237658333332,2.780723430666668,2.710336734416668,2.779294044696718,2.616572472479958,2.644176280323528,2.730778509537305,2.484656584523382,2.317472011812601,2.292311949923294,2.310900034825762,2.331768846183082,2.560873688098298,2.564929672582118,2.554377116410368,2.587279950572612,2.64882632186605,2.664960845196958,2.556092342078435,2.688997647340588,2.738439130263235,2.753953705124332,2.79150381915391
"Yemen, P.D. Rep",459,"Exchange rates, domestic currency per usd, period average, rate",ENDA_XDC_USD_RATE,Value,NA,NA,NA,NA,NA,NA,NA,NA,NA,NA,0.357142999357143,0.357142999357143,0.357142999357143,0.357142999357143,0.357142999357143,0.357142999357143,0.357142999357143,0.357142999357143,0.357142999357143,0.357142999357143,0.357142999357143,0.357142999357143,0.357142999357143,0.357142999357143,0.357142999357143,0.357142999357143,0.357142999357143,0.362103332665675,0.416666999416667,0.416666999416667,0.416666999416667,0.41544749932071,0.383773999,0.350351999583333,0.345394999,0.345394999,0.345394999,0.345394999,0.345394999,0.345394999,0.345394999,0.345394999,0.345394999,0.345394999,0.345394999583333,0.345395,0.345395,0.345395,0.345395,0.345395,NA,NA,NA,NA,NA,NA,NA,NA,NA,NA,NA,NA,NA,NA,NA,NA,NA,NA,NA,NA,NA,NA,NA,NA,NA,NA,NA,NA,NA,NA,NA,NA,NA,NA,NA,NA
"Yugoslavia, SFR",188,"Exchange rates, domestic currency per usd, period average, rate",ENDA_XDC_USD_RATE,Value,NA,NA,NA,NA,NA,NA,NA,NA,NA,NA,5.000000005e-5,5.000000005e-5,3.000000003e-4,3.000000003e-4,3.000000003e-4,3.000000003e-4,3.000000003e-4,3.000000003e-4,3.000000003e-4,3.000000003e-4,3.000000003e-4,3.000000003e-4,3.000000003e-4,3.000000003e-4,3.000000003e-4,6.95833334004167e-4,0.00125000000125,0.00125000000125,0.00125000000125,0.00125000000125,0.00125000000125,0.00148913949062586,0.0017,0.001624166666625,0.00159124999991667,0.0017344166666,0.00181775833323333,0.00182887499994167,0.0018637416666,0.00189731666659167,0.0024638749999,0.00349664166656667,0.005027591666575,0.009283849999925,0.0152822312463412,0.0270163416666667,0.0379221749999917,0.073699825,0.25225925,2.87643066666667,11.3176083333333,19.6382083333333,NA,NA,NA,NA,NA,NA,NA,NA,NA,NA,NA,NA,NA,NA,NA,NA,NA,NA,NA,NA,NA,NA,NA,NA,NA,NA,NA,NA,NA,NA,NA,NA,NA,NA
South Africa,199,"Exchange rates, domestic currency per usd, period average, rate",ENDA_XDC_USD_RATE,Value,NA,NA,NA,NA,NA,NA,NA,NA,NA,NA,0.714285999714286,0.714285999714286,0.714285999714286,0.714285999714286,0.714285999714286,0.714285999714286,0.714285999714286,0.714285999714286,0.714285999714286,0.714285999714286,0.714285999714286,0.714285999714286,0.714285999714286,0.714285999714286,0.714285999714286,0.714285999714286,0.714285999714286,0.714285999714286,0.714285999714286,0.714285999714286,0.714285999714286,0.7152169163214288,0.768725237196027,0.6939590980210925,0.6794770035702512,0.739507755296336,0.869565218147448,0.869565218147448,0.869565218147448,0.8420226019349432,0.7788337372760415,0.8775789427581535,1.085815833083333,1.11409999975,1.47527749975,2.228674999416667,2.285031666416667,2.036033333333334,2.2734675,2.6226775,2.587320833333332,2.761315,2.852014166666668,3.267741583333332,3.550798333333335,3.627085,4.299349166666668,4.607961666666668,5.528284166666668,6.109484166666668,6.939828333333332,8.609180833333335,10.54074666666666,7.564749166666665,6.4596925,6.359328333333332,6.771549166666668,7.045365000000002,8.261223333333332,8.47367415824888,7.32122196115288,7.261132132327345,8.209968626593316,9.65505606913526,10.85265556878306,12.7589308811644,14.70961088552673,13.32380142449915,13.23392647158334,14.44842705483334,16.45910539033333,14.77867821391667,16.3558534845,18.4502441785,18.3286575505,17.88874898558333
Zambia,754,"Exchange rates, domestic currency per usd, period average, rate",ENDA_XDC_USD_RATE,Value,NA,NA,NA,NA,NA,NA,NA,NA,NA,NA,0.714285999714286,0.714285999714286,0.714285999714286,0.714285999714286,0.714285999714286,0.714285999714286,0.714285999714286,0.714285999714286,0.714285999714286,0.714285999714286,0.714285999714286,0.714285999714286,0.714285999714286,0.714285999714286,0.714285999714286,0.714285999714286,0.714285999714286,0.714285999714286,0.714285999714286,0.714285999714286,0.714285999714286,0.7142859988788942,7.14317499e-4,6.523966656666668e-4,6.43459999e-4,6.432299995e-4,7.009838331666668e-4,7.897278324166668e-4,8.006666666666665e-4,7.933333333333332e-4,7.886666666666668e-4,8.695833333333332e-4,9.287499999999998e-4,0.001259,0.00181318833275,0.00313964166625,0.007788449166583332,0.009519475,0.008266025,0.01381369583333334,0.03028910833333332,0.06463970833333332,0.1722137833333334,0.4527626666666668,0.6693706216666668,0.8641191666666668,1.2079,1.3144975,1.862069166666667,2.388019166666667,3.110844166666668,3.610935,4.398595,4.733271046498722,4.778875386435785,4.465,3.601666666666665,4.001666666666668,3.745,5.045,4.7975,4.861666666666665,5.1475,5.396483333333332,6.154166666666668,8.631666666666668,10.3075,9.5175,10.45833333333333,12.89,18.34409264533788,20.01848658596881,16.93759432529886,20.21201786619496,26.16641878122565,25.1262423377158
Zimbabwe,698,"Exchange rates, domestic currency per usd, period average, rate",ENDA_XDC_USD_RATE,Value,NA,NA,NA,NA,NA,NA,NA,NA,NA,NA,7.14286000714286e-4,7.14286000714286e-4,7.14286000714286e-4,7.14286000714286e-4,7.14286000714286e-4,7.14286000714286e-4,7.14286000714286e-4,7.14286000714286e-4,7.14286000714286e-4,7.14286000714286e-4,7.14286000714286e-4,7.14286000714286e-4,7.14286000714286e-4,7.14286000714286e-4,7.14286000714286e-4,7.14286000714286e-4,7.14286000714286e-4,7.14286000714286e-4,7.14286000714286e-4,7.14286000714286e-4,7.14286000714286e-4,7.12195429952427e-4,6.578317420469845e-4,5.857148812245198e-4,5.835788228197242e-4,5.707642828141655e-4,6.260770433850344e-4,6.29063765599872e-4,6.748240207629514e-4,6.804971244112458e-4,6.4529051059389e-4,6.909756805616242e-4,7.59945603885814e-4,0.001014234132204551,0.001258936784084423,0.001615516377111878,0.001668476468478885,0.001663462446073161,0.001807734477528974,0.002121340310086888,0.002454518350231418,0.00362548865723677,0.005104266551159502,0.00649049409958792,0.008160799059512875,0.00867521932931324,0.01001371321678892,0.01212504658918018,0.0237060128381228,0.03834471020542048,0.04446837641742998,0.05511465971258655,0.05509829058103378,0.6982160713057228,5.07441941463195,22.38903960482546,164.5473565006464,9686.77166954175,6723052073.338105,NA,NA,NA,NA,NA,NA,NA,NA,NA,NA,NA,51.3290131226287,88.5524472597436,374.954362604663,3509.172220375585,3266.3319125,26.59619408419352
Nepal,558,"Exchange rates, domestic currency per usd, period average, rate",ENDA_XDC_USD_RATE,Value,NA,NA,NA,NA,NA,NA,NA,NA,NA,NA,NA,NA,6.094999999,6.094999999,7.094999999,8.309999999,6.689999999,6.263583332333332,6.601083335309582,7.143000006143,7.5000000065,7.619000006619,7.619000006619,7.619000006619,7.619000006619,7.619000006619,7.61725000661725,8.0341666738675,10.125000010125,10.125000010125,10.125000010125,10.12500403034173,10.125,10.50016666583333,10.559999999,11.0028333325,12.5,12.5,12.1105,12,12,12.336333333,13.24383333241667,14.54524999941667,16.45941666633334,18.2464166665,21.22983333316666,21.81916666666666,23.28925,27.18883333333332,29.36916666666668,37.255,42.7175,48.607165,49.39751833333332,51.89033333333335,56.6919525,58.00954916666665,65.9757875,68.23937083333335,71.09379583333332,74.94925,77.87661916666669,76.1414475,73.67359666666668,71.3675,72.75560583333332,66.4150275,69.76169499999997,77.57343073901558,73.2623590158046,74.01999999999998,85.22575599238353,93.0843938075485,97.55484215679458,102.4051343313558,107.3838151746539,104.5118852428624,108.9301341092726,112.6094827586207,118.3451872759857,118.1340816049469,125.1994577926091,132.115460088756,133.7266443154431,139.1154375926956
Saudi Arabia,456,"Exchange rates, domestic currency per usd, period average, rate",ENDA_XDC_USD_RATE,Value,NA,NA,NA,NA,NA,NA,NA,NA,NA,NA,NA,NA,3.749999999,3.75000000275,3.75000000275,3.75000000275,3.75000000275,3.75000000275,3.75000000275,3.75000000275,4.5000000035,4.5000000035,4.5000000035,4.5000000035,4.5000000035,4.5000000035,4.5000000035,4.5000000035,4.5000000035,4.5000000035,4.5000000035,4.486829412971452,4.14475320586966,3.706589040102942,3.549999999,3.517612499,3.529999999,3.525064999,3.399561665666668,3.360836665666665,3.326741665666668,3.382508332583332,3.428170832416668,3.45475916575,3.523810833,3.622135833166668,3.70625,3.75,3.75,3.75,3.75,3.75,3.75,3.75,3.75,3.75,3.75,3.75,3.75,3.75,3.75,3.75,3.75,3.75,3.75,3.75,3.75,3.75,3.75,3.75,3.75,3.75,3.75,3.75,3.75,3.75,3.75,3.75,3.75,3.75,3.75,3.75,3.75,3.75,3.75,3.75
Bulgaria,918,"Exchange rates, domestic currency per usd, period average, rate",ENDA_XDC_USD_RATE,Value,NA,NA,NA,NA,NA,NA,NA,NA,NA,NA,NA,NA,NA,0.001169999999,0.001169999999,0.001169999999,0.001169999999,0.001169999999,0.001169999999,0.001169999999,0.001169999999,0.001169999999,0.001169999999,0.001169999999,0.001169999999,0.001169999999,0.001169999999,0.001169999999,0.001169999999,0.001169999999,0.001169999999,0.001169999999,0.00108,9.7916666575e-4,9.69999999e-4,NA,NA,NA,NA,NA,NA,NA,NA,NA,NA,NA,NA,NA,NA,NA,NA,0.01778825,0.02334116666666667,0.02759358333333332,0.05413366666666665,0.06717083333333332,0.1778886666666666,1.681879166666666,1.760358333333333,1.836383333333334,2.123275,2.184708333333333,2.076975,1.732701666666666,1.575108916666666,1.574133333333333,1.559266666666667,1.42905,1.337116666666667,1.406691666666667,1.477391666666666,1.406458333333333,1.52205,1.473566666666667,1.474183333333333,1.7644,1.768041666666667,1.735458333333333,1.657041666666666,1.747041666666666,1.716333333333333,1.653775,1.860141666666667,1.808966666666666,1.807841666666666,1.735191666666666
Cambodia,522,"Exchange rates, domestic currency per usd, period average, rate",ENDA_XDC_USD_RATE,Value,NA,NA,NA,NA,NA,NA,NA,NA,NA,NA,NA,NA,NA,NA,35,35,35,35,35,35,35,35,35,35,35,35,35,35,35,43.55833333291668,55.539999999,75.82166666591668,162.25,244.9166666666666,NA,NA,NA,NA,NA,NA,NA,NA,NA,NA,NA,NA,NA,NA,NA,NA,426.25,718.3333333333331,1266.583333333333,2689,2545.25,2450.833333333333,2624.083333333332,2946.25,3744.416666666668,3807.833333333332,3840.75,3916.333333333335,3912.083333333332,3973.333333333332,4016.25,4092.5,4103.25,4056.166666666668,4054.166666666668,4139.333333333332,4184.916666666668,4058.5,4033,4027.25,4037.5,4067.75,4058.694578853048,4050.579985919098,4051.16690028162,4061.14896313364,4092.783219008775,4098.722795058885,4102.03786482335,4110.652746415772,4072.397239216415,4013.433104006658
Afghanistan,512,"Exchange rates, domestic currency per usd, period average, rate",ENDA_XDC_USD_RATE,Value,NA,NA,NA,NA,NA,NA,NA,NA,NA,NA,NA,NA,NA,NA,NA,14.4451109778044,17.1965606878624,17.1965606878624,17.1965606878624,17.1965606878624,17.1965606878624,17.1965606878624,17.1965606878624,35.1096447377192,38.6922615476905,38.6922615476905,38.6922615476905,38.6922615476905,38.6922615476905,38.6922615476905,38.6922615476905,38.6922615476905,38.6922615476905,38.6922615476905,38.3787089832034,34.9296307738452,34.9296307738452,34.9296307738452,34.9296307738452,33.8461643196361,34.3694584015197,38.5616585156635,39.276429270146,39.276429270146,39.276429270146,39.276429270146,39.276429270146,39.276429270146,39.276429270146,39.276429270146,39.276429270146,39.276429270146,39.276429270146,39.276429270146,38.818463,36.5671446236559,47.5,47.5,47.5,46.6195310771889,47.3575747311828,47.500014516129,47.263,48.7627535833333,47.8453125,49.4945975,49.9253308333333,49.9620177703972,50.2496147435897,50.325,46.4524610013175,46.747007738581,50.9214,55.3775,57.2475,61.1434615416667,67.8660857692308,68.0269040822312,72.083247177304,77.7379491783367,76.8135364354897,NA,NA,NA,NA,NA
Anguilla,312,"Exchange rates, domestic currency per usd, period average, rate",ENDA_XDC_USD_RATE,Value,NA,NA,NA,NA,NA,NA,NA,NA,NA,NA,NA,NA,NA,NA,NA,NA,NA,1.718269608563757,1.708256609835541,1.708876571527879,1.709617028410911,1.712910957017824,1.709524251876302,1.714117762967674,1.718882994980044,1.71660560811339,1.718442566314444,1.75072474621063,2.005283096709479,2.008087959353444,2.003376109556044,1.964366395218086,1.921872147119483,1.959219232139592,2.053232409046108,2.169795833333334,2.614670833333332,2.7,2.7,2.7,2.7,2.7,2.7,2.7,2.7,2.7,2.7,2.7,2.7,2.7,2.7,2.7,2.7,2.7,2.7,2.7,2.7,2.7,2.7,2.7,2.7,2.7,2.7,2.7,2.7,2.7,2.7,2.7,2.7,2.7,2.7,2.7,2.7,2.7,2.7,2.7,2.7,2.7,2.7,2.7,2.7,2.7,2.7,2.7,2.7,2.7
China,924,"Exchange rates, domestic currency per usd, period average, rate",ENDA_XDC_USD_RATE,Value,NA,NA,NA,NA,NA,NA,NA,NA,NA,NA,NA,NA,NA,NA,NA,NA,NA,2.46180889882528,2.46180889882528,2.46180889882528,2.46180889882528,2.46180889882528,2.46180889882528,2.46180889882528,2.46180889882528,2.46180889882528,2.46180889882528,2.46180889882528,2.46180889882528,2.46180889882528,2.46180889882528,2.46180889882528,2.245066448600659,1.989415524632474,1.961107088876374,1.859823389386581,1.941415351020985,1.857823382239575,1.68358941885647,1.554938954014862,1.498386058141317,1.704541665833334,1.892541665833334,1.975674999166666,2.32004166625,2.93665833325,3.452791666583332,3.7221,3.7221,3.765108333333332,4.783208333333332,5.323391666666668,5.514591666666668,5.761958333333335,8.618742666666664,8.351416666666667,8.314175,8.289816666666665,8.278958333333332,8.27825,8.278504166666664,8.277068333333332,8.2769575,8.277036666666667,8.276800833333333,8.194316666666667,7.973438333333332,7.6075325,6.948655,6.83141605176666,6.770269028709395,6.46146132655007,6.312332826831862,6.19575834608231,6.14343409448867,6.227488672984548,6.644477829446805,6.758755086335972,6.615957177354392,6.908385009929012,6.900767269449248,6.44897518024316,6.737158112371188,7.083998423436308,7.197491107899168,7.18984737402171
Cuba,928,"Exchange rates, domestic currency per usd, period average, rate",ENDA_XDC_USD_RATE,Value,NA,NA,NA,NA,NA,NA,NA,NA,NA,NA,NA,NA,NA,NA,NA,NA,NA,0.999999999,0.999999999,0.999999999,0.999999999,0.999999999,0.999999999,0.999999999,0.999999999,0.999999999,0.999999999,0.999999999,0.999999999,0.999999999,0.999999999,0.999999999,0.920999999,0.836666665666667,0.821999999,NA,NA,NA,NA,NA,NA,NA,NA,NA,NA,NA,NA,NA,NA,NA,NA,NA,NA,NA,NA,NA,NA,NA,NA,NA,NA,NA,NA,NA,NA,NA,NA,NA,NA,NA,NA,NA,NA,NA,NA,NA,NA,NA,NA,NA,NA,NA,NA,NA,NA,NA
Lao P.D.R.,544,"Exchange rates, domestic currency per usd, period average, rate",ENDA_XDC_USD_RATE,Value,NA,NA,NA,NA,NA,NA,NA,NA,NA,NA,NA,NA,NA,NA,NA,NA,NA,35.0000676925264,46.25008945083848,80.0001547257747,80.0001547257747,80.0001547257747,80.0001547257747,80.0001547257747,240.000464177324,240.000464177324,240.000464177324,240.000464177324,240.000464177324,240.000464177324,240.000464177324,240.000464177324,510.0009863768135,600.00116044331,600.00116044331,725.0014022023332,429.1672679478155,199.999994657585,333.3333244293078,367.4999901833115,9.99999973287923,21.666666087905,34.9999990650773,34.9999990650773,34.9999990650773,54.99999853083578,94.9999974623527,187.4999949914856,400.374989305152,591.4999841998062,707.7499810945272,702.0833145792292,716.0833142052602,716.249980867475,717.6666474962992,804.6908200717218,921.0216666666668,1259.979166666667,3298.333333333332,7102.025000000002,7887.643333333332,8954.583333333332,10056.33333333333,10569.0375,10585.375,10655.16666666667,10153.62407542728,9602.728818202735,8740.181403025432,8511.35116305693,8254.163029733425,8029.2625550619,8006.582031880535,7833.229989829648,8042.421570023542,8127.610598465862,8124.366756162282,8244.843189210187,8401.334766139658,8679.409093096709,9045.78783382479,9697.91578947368,14035.22669265115,17688.87359090539,20167.33138031453,NA
Montserrat,351,"Exchange rates, domestic currency per usd, period average, rate",ENDA_XDC_USD_RATE,Value,NA,NA,NA,NA,NA,NA,NA,NA,NA,NA,NA,NA,NA,NA,NA,NA,NA,1.71826960856376,1.70825660983554,1.70887657152788,1.70961702841091,1.71291095701782,1.7095242518763,1.71411776296767,1.71888299498004,1.71660560811339,1.71844256631444,1.75072474621063,2.00528309670948,2.00808795935344,2.00337610955604,1.96436639521809,1.92187214711948,1.95921923213959,2.05323240904611,2.16979583333333,2.61467083333333,2.7,2.7,2.7,2.7,2.7,2.7,2.7,2.7,2.7,2.7,2.7,2.7,2.7,2.7,2.7,2.7,2.7,2.7,2.7,2.7,2.7,2.7,2.7,2.7,2.7,2.7,2.7,2.7,2.7,2.7,2.7,2.7,2.7,2.7,2.7,2.7,2.7,2.7,2.7,2.7,2.7,2.7,2.7,2.7,2.7,2.7,2.7,2.7,2.7
Romania,968,"Exchange rates, domestic currency per usd, period average, rate",ENDA_XDC_USD_RATE,Value,NA,NA,NA,NA,NA,NA,NA,NA,NA,NA,NA,NA,NA,NA,NA,NA,NA,5.999999999e-4,5.999999999e-4,5.999999999e-4,5.999999999e-4,5.999999999e-4,5.999999999e-4,5.999999999e-4,5.999999999e-4,5.999999999e-4,5.999999999e-4,5.999999999e-4,5.999999999e-4,5.999999999e-4,5.999999999e-4,5.999999999e-4,5.529999999e-4,0.001879416666658333,0.002,0.002,0.002,0.002,0.001836024999991667,0.0018,0.0018,0.0015,0.0015,0.00171784999995,0.002128016666625,0.001714141666625,0.00161534166665,0.0014557,0.001427691666666667,0.001492158333333333,0.002243208333333333,0.007638725,0.03079533333333332,0.07600508333333332,0.1655085833333333,0.2033275833333333,0.30842175,0.7167943333333335,0.8875575833333332,1.53328375,2.170872083333334,2.906079166666668,3.305543,3.320007083333332,3.263656833333332,2.913653166666668,2.808983333333332,2.43825,2.518858333333332,3.049325,3.1779,3.048608333333332,3.4682,3.327916666666668,3.349175,4.005666666666665,4.059183333333332,4.052491666666665,3.941616666666668,4.237925,4.243991666666665,4.160416666666665,4.688475,4.574291666666668,4.598375,4.470533333333332
U.S.S.R.,974,"Exchange rates, domestic currency per usd, period average, rate",ENDA_XDC_USD_RATE,Value,NA,NA,NA,NA,NA,NA,NA,NA,NA,NA,NA,NA,NA,NA,NA,NA,NA,0.899999999,0.899999999,0.899999999,0.899999999,0.899999999,0.899999999,0.899999999,0.899999999,0.899999999,0.899999999,0.899999999,0.899999999,0.899999999,0.899999999,0.899999999,0.823416665666667,0.742833332333333,0.756749999,NA,NA,NA,NA,NA,NA,NA,NA,NA,NA,NA,NA,NA,NA,NA,NA,NA,NA,NA,NA,NA,NA,NA,NA,NA,NA,NA,NA,NA,NA,NA,NA,NA,NA,NA,NA,NA,NA,NA,NA,NA,NA,NA,NA,NA,NA,NA,NA,NA,NA,NA
Eritrea,643,"Exchange rates, domestic currency per usd, period average, rate",ENDA_XDC_USD_RATE,Value,NA,NA,NA,NA,NA,NA,NA,NA,NA,NA,NA,NA,NA,NA,NA,NA,NA,NA,2.48669052187255,2.48669052187255,2.48669052187255,2.48669052187255,2.48669052187255,2.4879833273696,2.50220418783714,2.50220418783714,2.50220418783714,2.50220418783714,2.50220418783714,2.50220418783714,2.50220418783714,2.49567343490688,2.30202785281017,2.10060041568928,2.07182506752915,2.07182506752915,2.07182506752915,2.07182506752915,2.07182506752915,2.07182506752915,2.07182506752915,2.07182506752915,2.07182506752915,2.07182506752915,2.07182506752915,2.07182506752915,2.07182506752915,2.07182506752915,2.07182506752915,2.07182506752915,2.07182506752915,2.07182506752915,2.80497089456543,5.00440837567428,5.46981835461199,6.16376298270549,6.35727511391219,6.75882178395591,7.36193041666667,8.15263333333333,9.625,11.3094520833333,13.9581941666667,13.8778905833333,13.7875,15.3679166666667,15.375,15.375,15.375,15.375,15.375,15.375,15.375,15.375,15.375,15.375,15.35,15.075,15.075,15.075,15.075,15.075,15.075,15.075,15.075,15.075
Equatorial Guinea,642,"Exchange rates, domestic currency per usd, period average, rate",ENDA_XDC_USD_RATE,Value,NA,NA,NA,NA,NA,NA,NA,NA,NA,NA,NA,NA,NA,NA,NA,NA,NA,NA,NA,NA,245.195101398359,245.26010162116,245.013850686544,245.016350696075,245.027184079042,245.060934207708,245.678436557644,246.000937791281,247.564693756951,259.960574351236,276.403137026845,275.356456685332,252.027627462649,222.889183053227,240.704667637823,214.312900341219,238.950494267059,245.679686566576,225.655860233957,212.721644262377,211.279555414705,271.731452550327,328.60625269899,381.066036024628,436.956665788008,449.262962711607,346.305903554493,300.536562401478,297.848218819378,319.008299487903,272.264787954393,282.10690880882,264.691800750579,283.162579500018,555.204695655697,499.14842590131,511.552430272516,583.669372353396,589.951774567332,615.473349319164,710.207977031367,732.397693260228,693.713226496374,579.897426172466,527.338032291576,527.258362649626,522.425624895176,478.633718476363,446.000041432788,470.293423341398,494.794262222947,471.248625718937,510.556338454251,493.899623852237,493.757329875312,591.21169798261,592.605615063022,580.656749587858,555.446458398226,585.911013180369,575.586004510945,554.530675033104,623.759700911182,606.569750165917,606.3452976090625,581.9284810403395
Namibia,728,"Exchange rates, domestic currency per usd, period average, rate",ENDA_XDC_USD_RATE,Value,NA,NA,NA,NA,NA,NA,NA,NA,NA,NA,NA,NA,NA,NA,NA,NA,NA,NA,NA,NA,NA,NA,0.7132654942716765,0.7152871852502612,0.7172586462458945,0.7163344011426795,0.7169834316338728,0.7170496191376882,0.7169981561101972,0.7180571254276789,0.7164135200369365,0.7130475719209864,0.7728284110384622,0.6941141375837508,0.6794770035702512,0.739507755296336,0.869565218147448,0.869565218147448,0.869565218147448,0.8420226019349432,0.7788337372760415,0.8775789427581535,1.085815833083333,1.11409999975,1.47527749975,2.228674999416667,2.285031666416667,2.036033333333334,2.2734675,2.6226775,2.587320833333332,2.761315,2.852014166666668,3.267741583333332,3.550798333333335,3.627085,4.299349166666668,4.607961666666668,5.528284166666668,6.109484166666668,6.939828333333332,8.609180833333335,10.54074666666666,7.564749166666665,6.4596925,6.377116666666668,6.76715,7.054391666666665,8.251741666666666,8.522819833333331,7.330250000000002,7.300025,8.193770833333335,9.750075,10.8428875,12.88192083333333,14.70876666666667,13.3129,13.23394166666667,14.44869041666667,16.46326666666667,14.778675,16.35585833333334,18.44630833333334,18.32865833333333,17.88873333333333
Argentina,213,"Exchange rates, domestic currency per usd, period average, rate",ENDA_XDC_USD_RATE,Value,NA,NA,NA,NA,NA,NA,NA,NA,NA,NA,NA,NA,NA,NA,NA,NA,NA,NA,NA,NA,NA,NA,NA,1.3871666666625e-11,1.403916666661667e-11,1.695666666664166e-11,2.091499999996666e-11,3.334249999999168e-11,3.5e-11,3.5e-11,3.791666665666668e-11,4.521666665666668e-11,4.999999999e-11,4.999999999e-11,4.999999999e-11,3.65749999995e-10,1.399833333331667e-9,4.076333333328335e-9,7.957499999995831e-9,1.316966666664084e-8,1.83715833333225e-8,4.40269166666725e-8,2.592253333332632e-7,1.052995749958412e-6,6.7649116666e-6,6.01809e-5,9.430316666666668e-5,2.144298333333333e-4,8.752604166666668e-4,0.04233396083333332,0.4875890833333332,0.9535544166666665,0.9906416666666668,0.9989458333333332,0.9990083333333335,0.99975,0.9996625,0.9995,0.9995,0.9995,0.9995,0.9995,3.063256666666668,2.900629166666668,2.92330081890332,2.9036575,3.054313333333332,3.09564884920635,3.14416455988456,3.710106830523278,3.8962951544705,4.110139576213262,4.536934360187455,5.459352664657038,8.075275992813339,9.23318552472429,14.75817508733958,16.56270692514114,28.09499166666668,48.14789166666668,70.53916666666667,94.99074166666665,130.61655,296.2580416666668,914.6948833333332,1240.85125
United Arab Emirates,466,"Exchange rates, domestic currency per usd, period average, rate",ENDA_XDC_USD_RATE,Value,NA,NA,NA,NA,NA,NA,NA,NA,NA,NA,NA,NA,NA,NA,NA,NA,NA,NA,NA,NA,NA,NA,NA,NA,NA,NA,4.7619000037619,4.7619000037619,4.7619000037619,4.7619000037619,4.7619000037619,4.74796288486442,4.38597784250488,3.99627131386443,3.959045155681568,3.961284999,3.953072499,3.903247499,3.871210832333335,3.815675832333332,3.707364999,3.670999999,3.670999999,3.670999999,3.670999999583332,3.671,3.671,3.671,3.671,3.671,3.671,3.671,3.671,3.671,3.671,3.671,3.671,3.671125,3.6725,3.6725,3.6725,3.6725,3.6725,3.6725,3.6725,3.6725,3.6725,3.6725,3.6725,3.6725,3.6725,3.6725,3.6725,3.6725,3.6725,3.6725,3.6725,3.6725,3.6725,3.6725,3.6725,3.6725,3.6725,3.6725,3.6725,3.6725
Bahrain,419,"Exchange rates, domestic currency per usd, period average, rate",ENDA_XDC_USD_RATE,Value,NA,NA,NA,NA,NA,NA,NA,NA,NA,NA,NA,NA,NA,NA,NA,NA,NA,NA,NA,NA,NA,NA,NA,NA,NA,NA,0.47618999947619,0.47618999947619,0.47618999947619,0.47618999947619,0.47618999947619,0.4747962875890762,0.438597783421538,0.399630307154623,0.394739999,0.395499999,0.3955991656666668,0.395649999,0.3874533323333332,0.38161749925,0.3770002347101005,0.375999999,0.375999999,0.375999999,0.3759999995833332,0.376,0.376,0.376,0.376,0.376,0.376,0.376,0.376,0.3759999891666668,0.375999965,0.3759999708333332,0.3759999675,0.375999965,0.3759999625,0.3759999791666668,0.376,0.376,0.376,0.376,0.376,0.376,0.376,0.376,0.376,0.376,0.376,0.376,0.376,0.376,0.376,0.376,0.376,0.376,0.376,0.376,0.376,0.376,0.376,0.376,0.376,0.376
Qatar,453,"Exchange rates, domestic currency per usd, period average, rate",ENDA_XDC_USD_RATE,Value,NA,NA,NA,NA,NA,NA,NA,NA,NA,NA,NA,NA,NA,NA,NA,NA,NA,NA,NA,NA,NA,NA,NA,NA,NA,NA,4.7619000037619,4.7619000037619,4.7619000037619,4.7619000037619,4.7619000037619,4.74796288486442,4.38597784250488,3.99629355042679,3.947399999,3.930716665666668,3.963433332333335,3.959016665666668,3.876899999,3.773324999,3.656966665666668,3.639999999,3.639999999,3.639999999,3.639999999583332,3.64,3.64,3.64,3.64,3.64,3.64,3.64,3.64,3.64,3.64,3.64,3.64,3.64,3.64,3.64,3.64,3.64,3.64,3.64,3.64,3.64,3.64,3.64,3.64,3.64,3.64,3.64,3.64,3.64,3.64,3.64,3.64,3.64,3.64,3.64,3.64,3.64,3.64,3.64,3.64,3.64
Indonesia,536,"Exchange rates, domestic currency per usd, period average, rate",ENDA_XDC_USD_RATE,Value,NA,NA,NA,NA,NA,NA,NA,NA,NA,NA,NA,NA,NA,NA,NA,NA,NA,NA,NA,NA,NA,NA,NA,NA,NA,NA,NA,149.5833333333334,296.2916666666668,326,362.8333333333332,391.875,415,415,415,414.999999999,414.999999999,414.999999999,442.0454166659168,623.0554999990832,626.9939999985835,631.7566666641668,661.42074999925,909.264833332,1025.9448333315,1110.579999999667,1282.55999999975,1643.848333333334,1685.704166666666,1770.059166666667,1842.813333333334,1950.3175,2029.920833333334,2087.103866666667,2160.753675,2248.607975,2342.296291666666,2909.38,10013.6225,7855.15,8421.775000000001,10260.85,9311.191666666668,8577.133333333335,8938.85,9704.741666666665,9159.316666666668,9141,9698.9625,10389.9375,9090.433333333332,8770.433333333332,9386.629166666668,10461.24,11865.2112962963,13389.41293650793,13308.32680205416,13380.83387888914,14236.93877348179,14147.67136054542,14582.20346781774,14308.14390118969,14849.85393621048,15236.88466205062,15855.44828667106,16477.86517978356
Macao SAR,546,"Exchange rates, domestic currency per usd, period average, rate",ENDA_XDC_USD_RATE,Value,NA,NA,NA,NA,NA,NA,NA,NA,NA,NA,NA,NA,NA,NA,NA,NA,NA,NA,NA,NA,NA,NA,NA,NA,NA,NA,NA,6.075789473,6.071578946833335,6.036140350416668,6.05140350825,5.947368420666668,5.714561403,4.928754752833335,5.039764040833332,5.126437354166668,6.061448986,5.57378531,5.02916666575,5.1766666656666684,5.094999999083332,5.751666665833332,6.2258333325,7.464166666,8.03535,7.998841666666665,8.013158333333335,8.009808333333332,8.040591666666668,8.033883333333332,8.020991666666667,8.00425,7.972341666666665,7.967550000000002,7.960283333333335,7.967758333333332,7.966400000000002,7.975291666666668,7.978766666666665,7.99185,8.0259,8.033500000000002,8.033433333333331,8.021241166666668,8.022171083333332,8.011064583333335,8.001426166666668,8.035853916666667,8.020109916666666,7.984283333333332,8.002216666666667,8.018208333333332,7.9898635,7.989255333333332,7.987129,7.984960416666668,7.995064250000002,8.026001,8.072507416666667,8.070470333333333,7.989061916666665,8.00553175,8.065206083333335,8.063390083333335,8.03683075,8.02981025
Hungary,944,"Exchange rates, domestic currency per usd, period average, rate",ENDA_XDC_USD_RATE,Value,NA,NA,NA,NA,NA,NA,NA,NA,NA,NA,NA,NA,NA,NA,NA,NA,NA,NA,NA,NA,NA,NA,NA,NA,NA,NA,NA,NA,59.999999999,59.999999999,59.999999999,59.82161666566668,55.259999999,48.966224999,46.752399999,43.97138333233332,41.57526666566668,40.960749999,37.911349999,35.577999999,32.53228333233332,34.31429166566665,36.630549999,42.671149999,48.04220833291668,50.1194,45.83215,46.97054166666668,50.41320833333335,59.06634166666665,63.20586666666665,74.73538333333332,78.98839166666669,91.93318333333335,105.1604583333333,125.681425,152.6466666666667,186.7891666666666,214.4016666666666,237.1458333333333,282.1791666666668,286.49,257.8866666666668,224.3066666666666,202.7458333333333,199.5825,210.39,183.6258333333333,172.1133333333333,202.3416666666667,207.9441666666666,201.055,225.1041666666667,223.695,232.6016666666667,279.3325,281.5233333333332,274.4333333333332,270.2116666666668,290.66,307.9966666666668,303.1408333333332,372.5958333333332,353.0883333333332,365.6908333333332,353.14
Bangladesh,513,"Exchange rates, domestic currency per usd, period average, rate",ENDA_XDC_USD_RATE,Value,NA,NA,NA,NA,NA,NA,NA,NA,NA,NA,NA,NA,NA,NA,NA,NA,NA,NA,NA,NA,NA,NA,NA,NA,NA,NA,NA,NA,NA,NA,NA,7.86884258502912,7.7001841681495,7.849815999317422,8.226002241215378,12.18618003698904,15.39916860375483,15.37509999941667,15.01611666575,15.55192499933333,15.4540583325,17.98669166583333,22.11788333233334,24.6154249995,25.35393338508332,27.99459166666668,30.4069,30.94983333333332,31.7332485981559,32.27,34.56880833333332,36.59618333333332,38.95075833333332,39.5672575,40.21173916666668,40.27831833333332,41.79416833333332,43.89211583333332,46.90565166666665,49.0854,52.14166666666668,55.80666666666668,57.888,58.15004,59.51265833333335,64.32747499999998,68.93323333333335,68.874875,68.598275,69.03906666666666,69.64929166666668,74.1524,81.86265833333331,78.103235,77.64140833333332,77.94690833333333,78.46809166666668,80.43754166666668,83.46620191666665,84.4535225,84.87139166666668,85.08376325,91.7454544396961,106.3094842974834,115.6036537966482,121.9208366050345
San Marino,135,"Exchange rates, domestic currency per usd, period average, rate",ENDA_XDC_USD_RATE,Value,NA,NA,NA,NA,NA,NA,NA,NA,NA,NA,NA,NA,NA,NA,NA,NA,NA,NA,NA,NA,NA,NA,NA,NA,NA,NA,NA,NA,NA,NA,NA,NA,583.217499999417,582.995833331917,650.343333331833,652.849166666,832.334999999667,882.38833333125,848.663333330917,830.861666665917,856.447499997417,1136.76499999958,1352.50999999808,1518.84833333283,1756.96083333183,1909.439166664,1490.80999999875,1296.07,1301.6275,1372.09333333333,1198.10166666667,1240.61333333333,1232.40583333333,1573.66586666667,1612.44498333333,1628.93315833333,1542.94696666667,1703.09690833333,1736.20738333333,0.938283072395239,1.08270508132601,1.11653308564468,1.05755899623965,0.884047927184961,0.803921647747605,0.803800192161416,0.796432730949096,0.729672399984088,0.679922680042729,0.716957702016136,0.754308990105979,0.718413898653322,0.778338120416812,0.752945122702002,0.752728196932591,0.901296423367096,0.903421436257288,0.88520550826938,0.846772667108096,0.893215581479226,0.877475207233012,0.845376564367945,0.950915533962108,0.924709622987356,0.9243674472702668,0.8871442503705875
Czechoslovakia,934,"Exchange rates, domestic currency per usd, period average, rate",ENDA_XDC_USD_RATE,Value,NA,NA,NA,NA,NA,NA,NA,NA,NA,NA,NA,NA,NA,NA,NA,NA,NA,NA,NA,NA,NA,NA,NA,NA,NA,NA,NA,NA,NA,NA,NA,NA,NA,21.92,21.9775,20.925,21.6575,15.0275,14.3975,14.105,14.265,13.25,13.7125,14.1625,16.6066666666667,17.14,14.99,13.6858333333333,14.3633333333333,15.0541666666667,17.9533333333333,29.4775,28.1808333333333,NA,NA,NA,NA,NA,NA,NA,NA,NA,NA,NA,NA,NA,NA,NA,NA,NA,NA,NA,NA,NA,NA,NA,NA,NA,NA,NA,NA,NA,NA,NA,NA,NA
Vietnam,582,"Exchange rates, domestic currency per usd, period average, rate",ENDA_XDC_USD_RATE,Value,NA,NA,NA,NA,NA,NA,NA,NA,NA,NA,NA,NA,NA,NA,NA,NA,NA,NA,NA,NA,NA,NA,NA,NA,NA,NA,NA,NA,NA,NA,NA,NA,NA,NA,NA,NA,NA,NA,NA,NA,NA,NA,NA,1.00177092268493,NA,NA,22.9367282608695,78.95331572463755,611.646086956522,4501.686529089665,6537.604685688398,10121.8932306763,11202.19166666667,10640.95833333334,10965.66666666666,11038.25,11032.58333333333,11683.33333333334,13268,13943.16666666666,14167.75,14725.16666666666,15279.5,15509.58333333333,15746,15858.91666666667,15994.25,16105.125,16302.25,17065.08333333334,18612.91666666667,20509.75,20828,20933.41666666667,21148,21697.5675,21935.00083333333,22370.08666666667,22602.05,23050.24166666667,23208.36833333333,23159.78259259259,23271.2125,23787.31916666667,24164.88583333334,NA
Aruba,314,"Exchange rates, domestic currency per usd, period average, rate",ENDA_XDC_USD_RATE,Value,NA,NA,NA,NA,NA,NA,NA,NA,NA,NA,NA,NA,NA,NA,NA,NA,NA,NA,NA,NA,NA,NA,NA,NA,NA,NA,NA,NA,NA,NA,NA,NA,NA,NA,NA,NA,NA,NA,NA,NA,NA,NA,NA,NA,NA,NA,1.79,1.79,1.79,1.79,1.79,1.79,1.79,1.79,1.79,1.79,1.79,1.79,1.79,1.79,1.79,1.79,1.79,1.79,1.79,1.79,1.79,1.79,1.79,1.79,1.79,1.79,1.79,1.79,1.79,1.79,1.79,1.79,1.79,1.79,1.79,1.79,1.79,1.79,1.79,1.79
Yemen,474,"Exchange rates, domestic currency per usd, period average, rate",ENDA_XDC_USD_RATE,Value,NA,NA,NA,NA,NA,NA,NA,NA,NA,NA,NA,NA,NA,NA,NA,NA,NA,NA,NA,NA,NA,NA,NA,NA,NA,NA,NA,NA,NA,NA,NA,NA,NA,NA,NA,NA,NA,NA,NA,NA,NA,NA,NA,NA,NA,NA,NA,NA,NA,NA,12.0100611997629,12.0100001707085,12.0100001707085,12.0100001707085,12.0100001707085,40.83916675813488,94.1566667165352,129.2808333333333,135.8816666666667,155.7183333333334,161.7183333333333,168.6716666666667,175.625,183.4483333333333,184.7758333333333,191.5091666666667,197.0491666666667,198.9533333333333,199.7641666666667,202.8466666666667,219.59,213.8,214.3491666666667,214.89,214.89,230.8333333333333,283.8958333333332,282.195,214.89,486.7309229390682,743.0059643565315,1028.107754329004,1115.002387106622,1355.116378648233,NA,NA
Mongolia,948,"Exchange rates, domestic currency per usd, period average, rate",ENDA_XDC_USD_RATE,Value,NA,NA,NA,NA,NA,NA,NA,NA,NA,NA,NA,NA,NA,NA,NA,NA,NA,NA,NA,NA,NA,NA,NA,NA,NA,NA,NA,NA,NA,NA,NA,NA,NA,NA,NA,NA,NA,NA,NA,NA,NA,NA,NA,NA,NA,NA,NA,NA,NA,NA,NA,8.011666666666668,35.83333333333332,295.0105258333332,412.7214166666665,448.6126333333335,548.4033333333332,789.9925,840.8283333333335,1021.8675,1076.666666666666,1097.6975,1110.31,1146.5425,1185.2975,1205.246666666666,1179.699166666667,1170.400833333333,1165.804166666667,1437.795,1357.064166666667,1265.515833333333,1357.58,1523.9275,1817.938708333333,1970.309166666667,2140.29086406116,2439.777201112444,2472.484051142349,2663.541398201628,2813.289835326395,2849.288614541405,3140.67788364809,3465.736536261985,3389.981520221008,3545.143565550462
Slovenia,961,"Exchange rates, domestic currency per usd, period average, rate",ENDA_XDC_USD_RATE,Value,NA,NA,NA,NA,NA,NA,NA,NA,NA,NA,NA,NA,NA,NA,NA,NA,NA,NA,NA,NA,NA,NA,NA,NA,NA,NA,NA,NA,NA,NA,NA,NA,NA,NA,NA,NA,NA,NA,NA,NA,NA,NA,NA,NA,NA,NA,NA,NA,NA,NA,NA,27.5712,81.2869916666667,113.241883333333,128.808558333333,118.518466666667,135.364308333333,159.688333333333,166.134166666667,181.769193333333,222.656085833333,242.748835,240.248215,207.113715696581,192.381124333333,192.705468,191.028257833333,NA,NA,NA,NA,NA,NA,NA,NA,NA,NA,NA,NA,NA,NA,NA,NA,NA,NA,NA
Albania,914,"Exchange rates, domestic currency per usd, period average, rate",ENDA_XDC_USD_RATE,Value,NA,NA,NA,NA,NA,NA,NA,NA,NA,NA,NA,NA,NA,NA,NA,NA,NA,NA,NA,NA,NA,NA,NA,NA,NA,NA,NA,NA,NA,NA,NA,NA,NA,NA,NA,NA,NA,NA,NA,NA,NA,NA,NA,NA,NA,NA,NA,NA,NA,NA,NA,NA,75.0325,102.0625,94.62333333333332,92.6975,104.4989166666666,148.9329166666667,150.6333333333334,137.6905833333333,143.7094166666667,143.4848333333333,140.154515875,121.86325,102.7800511961722,99.87025448089925,98.10337709126985,90.4278938310708,83.8946041005291,94.9781198203843,103.9366666666667,100.8958333333333,108.1841666666667,105.6691666666667,105.48,125.9616666666667,124.1425,119.1,107.9891666666667,109.8508333333334,108.65,103.52,113.0416666666667,100.645,93.12333333333332,NA
Azerbaijan,912,"Exchange rates, domestic currency per usd, period average, rate",ENDA_XDC_USD_RATE,Value,NA,NA,NA,NA,NA,NA,NA,NA,NA,NA,NA,NA,NA,NA,NA,NA,NA,NA,NA,NA,NA,NA,NA,NA,NA,NA,NA,NA,NA,NA,NA,NA,NA,NA,NA,NA,NA,NA,NA,NA,NA,NA,NA,NA,NA,NA,NA,NA,NA,NA,NA,NA,0.01084,0.019995,0.314045,0.8827085,0.8602528333333332,0.797075,0.7737996866666668,0.8240333333333332,0.89483075,0.9313166666666668,0.9721641666666665,0.9821459999999999,0.9826955,0.945421,0.893445,0.8581238082437275,0.8216195788530468,0.8037833333333332,0.8026500000000002,0.7896863888888888,0.7856453494623655,0.7845410752688172,0.7843475,1.024563818550595,1.595721572704241,1.721154802227342,1.700016666666667,1.7,1.7,1.7,1.7,1.7,1.7,1.7
Croatia,960,"Exchange rates, domestic currency per usd, period average, rate",ENDA_XDC_USD_RATE,Value,NA,NA,NA,NA,NA,NA,NA,NA,NA,NA,NA,NA,NA,NA,NA,NA,NA,NA,NA,NA,NA,NA,NA,NA,NA,NA,NA,NA,NA,NA,NA,NA,NA,NA,NA,NA,NA,NA,NA,NA,NA,NA,NA,NA,NA,NA,NA,NA,NA,NA,NA,NA,0.26329825,3.57914891666667,5.99801141666667,5.23075608333333,5.43416116666667,6.16058258333333,6.36328566666667,7.11174283333333,8.27766641666667,8.341541,7.8716825,6.70496883333333,6.03434066666667,5.94923691666667,5.83779325,5.36453566666667,4.93503975,5.28394641666667,5.49801058333333,5.34386975,5.85029183333333,5.70488016666667,5.74816541666667,6.85830375,6.80599016666667,6.623831,6.27902525,6.62254516666667,6.6140555,6.36008316666667,7.1597415,NA,NA,NA
Lithuania,946,"Exchange rates, domestic currency per usd, period average, rate",ENDA_XDC_USD_RATE,Value,NA,NA,NA,NA,NA,NA,NA,NA,NA,NA,NA,NA,NA,NA,NA,NA,NA,NA,NA,NA,NA,NA,NA,NA,NA,NA,NA,NA,NA,NA,NA,NA,NA,NA,NA,NA,NA,NA,NA,NA,NA,NA,NA,NA,NA,NA,NA,NA,NA,NA,NA,NA,1.77275,4.34406333333333,3.97775,4,4,4,4,4,4,4,3.67695833333333,3.06086666666667,2.78059166666667,2.774025,2.752225,2.523725,2.357075,2.48403333333333,2.60633333333333,2.4811,2.68629166666667,2.60100833333333,2.60029166666667,NA,NA,NA,NA,NA,NA,NA,NA,NA,NA,NA
Latvia,941,"Exchange rates, domestic currency per usd, period average, rate",ENDA_XDC_USD_RATE,Value,NA,NA,NA,NA,NA,NA,NA,NA,NA,NA,NA,NA,NA,NA,NA,NA,NA,NA,NA,NA,NA,NA,NA,NA,NA,NA,NA,NA,NA,NA,NA,NA,NA,NA,NA,NA,NA,NA,NA,NA,NA,NA,NA,NA,NA,NA,NA,NA,NA,NA,NA,NA,0.736466666666666,0.675333333333333,0.55975,0.527583333333333,0.55075,0.580916666666667,0.589833333333333,0.585166666666667,0.6065,0.627916666666667,0.618191666666667,0.571475,0.540233333333333,0.564716666666667,0.560408333333333,0.513791666666667,0.480816666666667,0.50555,0.530475,0.501233333333333,0.546875,0.529391666666667,NA,NA,NA,NA,NA,NA,NA,NA,NA,NA,NA,NA
Tajikistan,923,"Exchange rates, domestic currency per usd, period average, rate",ENDA_XDC_USD_RATE,Value,NA,NA,NA,NA,NA,NA,NA,NA,NA,NA,NA,NA,NA,NA,NA,NA,NA,NA,NA,NA,NA,NA,NA,NA,NA,NA,NA,NA,NA,NA,NA,NA,NA,NA,NA,NA,NA,NA,NA,NA,NA,NA,NA,NA,NA,NA,NA,NA,NA,NA,NA,NA,0.002468517966666666,0.010357405,0.02449434816666667,0.1228587033333334,0.2955,0.5623333333333332,0.776625,1.237791666666667,2.07625,2.372191666666667,2.764133333333332,3.061366666666668,2.970508333333332,3.116566666666668,3.298408333333332,3.442483333333332,3.430725,4.142708333333335,4.378966666666668,4.610183333333332,4.737708333333335,4.764233333333335,4.937566666666668,6.163116666666668,7.835675,8.549741666666668,9.151216666666668,9.530366666666668,10.32194166666667,11.30885,11.031075,10.844525,10.79949166666667,10.01770833333334
Armenia,911,"Exchange rates, domestic currency per usd, period average, rate",ENDA_XDC_USD_RATE,Value,NA,NA,NA,NA,NA,NA,NA,NA,NA,NA,NA,NA,NA,NA,NA,NA,NA,NA,NA,NA,NA,NA,NA,NA,NA,NA,NA,NA,NA,NA,NA,NA,NA,NA,NA,NA,NA,NA,NA,NA,NA,NA,NA,NA,NA,NA,NA,NA,NA,NA,NA,NA,NA,9.105,288.6508333333332,405.9083333333335,414.0415,490.84678575,504.915,535.0618333333335,539.5258333333335,555.0782583333332,573.3533333333332,578.7629545454545,533.4508333333335,457.6869406291588,416.0403697245418,342.0791162086708,305.9694002619362,363.2832856060608,373.6604667388168,372.5008824487105,401.763975626916,409.6257492702928,415.9197892049375,477.9183065760995,480.488150777966,482.7163938491295,482.9879465902348,480.4451287671195,489.008858590915,503.7696749616522,435.6661796523002,392.4763021589712,392.729551399084,387.0101521664832
Czech Republic,935,"Exchange rates, domestic currency per usd, period average, rate",ENDA_XDC_USD_RATE,Value,NA,NA,NA,NA,NA,NA,NA,NA,NA,NA,NA,NA,NA,NA,NA,NA,NA,NA,NA,NA,NA,NA,NA,NA,NA,NA,NA,NA,NA,NA,NA,NA,NA,NA,NA,NA,NA,NA,NA,NA,NA,NA,NA,NA,NA,NA,NA,NA,NA,NA,NA,NA,NA,29.15283333333332,28.78508333333332,26.54066666666668,27.14491666666668,31.69841666666668,32.28116666666668,34.56925,38.59841666666668,38.03532833333332,32.73851833333332,28.209,25.69975,23.95741666666667,22.59558333333333,20.29366666666666,17.07166666666667,19.063,19.09825,17.69591666666667,19.5775,19.57058333333333,20.7575,24.59875,24.43991666666667,23.37633333333333,21.72991666666667,22.93225,23.21025,21.67816666666667,23.357,22.19808333333333,23.21683333333334,21.882
Estonia,939,"Exchange rates, domestic currency per usd, period average, rate",ENDA_XDC_USD_RATE,Value,NA,NA,NA,NA,NA,NA,NA,NA,NA,NA,NA,NA,NA,NA,NA,NA,NA,NA,NA,NA,NA,NA,NA,NA,NA,NA,NA,NA,NA,NA,NA,NA,NA,NA,NA,NA,NA,NA,NA,NA,NA,NA,NA,NA,NA,NA,NA,NA,NA,NA,NA,NA,NA,13.22275,12.99125,11.46475,12.038,13.88175,14.0746666666667,14.6775833333333,16.9686366666667,17.4780715333333,16.6117916666667,13.8564114045105,12.5955635879843,12.5837865859395,12.4654837577722,11.4338529961624,10.6944430938413,11.2574308850767,11.8068482348947,NA,NA,NA,NA,NA,NA,NA,NA,NA,NA,NA,NA,NA,NA,NA
Moldova,921,"Exchange rates, domestic currency per usd, period average, rate",ENDA_XDC_USD_RATE,Value,NA,NA,NA,NA,NA,NA,NA,NA,NA,NA,NA,NA,NA,NA,NA,NA,NA,NA,NA,NA,NA,NA,NA,NA,NA,NA,NA,NA,NA,NA,NA,NA,NA,NA,NA,NA,NA,NA,NA,NA,NA,NA,NA,NA,NA,NA,NA,NA,NA,NA,NA,NA,NA,NA,NA,4.4958,4.604483333333335,4.623583333333332,5.3707,10.51580833333333,12.43421666666667,12.86514166666667,13.5704975,13.94488333333334,12.32971666666667,12.599625,13.13105833333333,12.13994497311828,10.3920436827957,11.10957543394776,12.36926096134154,11.73861248655914,12.11143681590656,12.58675623143881,14.03563004992321,18.8184751452893,19.92382756334198,18.49903488735278,16.80205172235023,17.57346886648747,17.32183520918306,17.68046614183309,18.89718961981567,18.16393775921658,17.79190768817204,17.37784744047619
Russia,922,"Exchange rates, domestic currency per usd, period average, rate",ENDA_XDC_USD_RATE,Value,NA,NA,NA,NA,NA,NA,NA,NA,NA,NA,NA,NA,NA,NA,NA,NA,NA,NA,NA,NA,NA,NA,NA,NA,NA,NA,NA,NA,NA,NA,NA,NA,NA,NA,NA,NA,NA,NA,NA,NA,NA,NA,NA,NA,NA,NA,NA,NA,NA,NA,NA,NA,NA,0.9916666666666668,NA,NA,5.120833333333332,5.784833333333335,9.705083333333333,24.6199,28.12916666666668,29.168525,31.34848333333332,30.692025,28.81374166666668,28.28444166666668,27.19095833333332,25.58084536754042,24.852875,31.74035833333332,30.36791533830595,29.38234137093022,30.8398313519917,31.83714364028132,38.37820714441685,60.93765010889515,67.05593333333331,58.34280118517192,62.66813333333335,64.73765833333331,72.10490833333331,73.65435,68.48494166666669,85.16200833333332,92.55239999999998,NA
Slovak Republic,936,"Exchange rates, domestic currency per usd, period average, rate",ENDA_XDC_USD_RATE,Value,NA,NA,NA,NA,NA,NA,NA,NA,NA,NA,NA,NA,NA,NA,NA,NA,NA,NA,NA,NA,NA,NA,NA,NA,NA,NA,NA,NA,NA,NA,NA,NA,NA,NA,NA,NA,NA,NA,NA,NA,NA,NA,NA,NA,NA,NA,NA,NA,NA,NA,NA,NA,NA,30.7695833333333,32.0448333333333,29.7134166666667,30.65375,33.6161666666667,35.2334166666667,41.3628333333333,46.0351666666667,48.3548333333333,45.32675,36.7729166666667,32.2569166666667,31.01825,29.69725,24.6943333333333,21.3614166666667,NA,NA,NA,NA,NA,NA,NA,NA,NA,NA,NA,NA,NA,NA,NA,NA,NA
Ukraine,926,"Exchange rates, domestic currency per usd, period average, rate",ENDA_XDC_USD_RATE,Value,NA,NA,NA,NA,NA,NA,NA,NA,NA,NA,NA,NA,NA,NA,NA,NA,NA,NA,NA,NA,NA,NA,NA,NA,NA,NA,NA,NA,NA,NA,NA,NA,NA,NA,NA,NA,NA,NA,NA,NA,NA,NA,NA,NA,NA,NA,NA,NA,NA,NA,NA,NA,NA,0.045325,0.3275141666666668,1.473075,1.829468558333333,1.861658333333334,2.449541666666666,4.130441666666665,5.440233333333332,5.372158333333335,5.326624999999998,5.332688333333332,5.319180666666668,5.124729,5.05,5.05,5.267221416666668,7.791240333333332,7.935639416666668,7.967562833333335,7.991029333333332,7.993,11.88665941666666,21.84469776666667,25.55133411666668,26.5966063,27.20049233333332,25.84558933333332,26.95752438333332,27.28618938333332,32.3423016,36.57380811666668,40.152082715,41.68907204333332
Belarus,913,"Exchange rates, domestic currency per usd, period average, rate",ENDA_XDC_USD_RATE,Value,NA,NA,NA,NA,NA,NA,NA,NA,NA,NA,NA,NA,NA,NA,NA,NA,NA,NA,NA,NA,NA,NA,NA,NA,NA,NA,NA,NA,NA,NA,NA,NA,NA,NA,NA,NA,NA,NA,NA,NA,NA,NA,NA,NA,NA,NA,NA,NA,NA,NA,NA,NA,NA,NA,3.6411125e-4,0.001152096666666667,0.001322987666666667,0.002602054958333332,0.004612762,0.02492953291666667,0.087675,0.139,0.1790916666666667,0.2051270833333334,0.21602575,0.215382,0.2144564166666667,0.2146078333333333,0.21363975,0.279304921788469,0.297851,0.4974633333333332,0.8336898333333332,0.88800525,1.02241025,1.592598833333333,1.989562833333333,1.932341666666667,2.037608333333333,2.091783333333333,2.439575,2.538675,2.6261,3.00735,3.246191666666668,NA
Kazakhstan,916,"Exchange rates, domestic currency per usd, period average, rate",ENDA_XDC_USD_RATE,Value,NA,NA,NA,NA,NA,NA,NA,NA,NA,NA,NA,NA,NA,NA,NA,NA,NA,NA,NA,NA,NA,NA,NA,NA,NA,NA,NA,NA,NA,NA,NA,NA,NA,NA,NA,NA,NA,NA,NA,NA,NA,NA,NA,NA,NA,NA,NA,NA,NA,NA,NA,NA,NA,NA,35.53833333333332,60.95,67.30333333333331,75.4375,78.30333333333331,119.5233333333333,142.1333333333333,146.7358333333334,153.2791666666666,149.5758333333334,136.035,132.88,126.0894305555555,122.5541666666666,120.2991666666666,147.4966666666667,147.355,146.6208333333333,149.1125,152.1291666666667,179.1916666666667,221.7283333333334,342.16,326.0010227272728,344.7058333333335,382.7473106060605,412.9533333333332,425.9075,460.165,456.165,468.9625,521.035
Kyrgyz Republic,917,"Exchange rates, domestic currency per usd, period average, rate",ENDA_XDC_USD_RATE,Value,NA,NA,NA,NA,NA,NA,NA,NA,NA,NA,NA,NA,NA,NA,NA,NA,NA,NA,NA,NA,NA,NA,NA,NA,NA,NA,NA,NA,NA,NA,NA,NA,NA,NA,NA,NA,NA,NA,NA,NA,NA,NA,NA,NA,NA,NA,NA,NA,NA,NA,NA,NA,NA,NA,10.84168333333333,10.82188333333333,12.80955833333333,17.36249166666667,20.83756666666667,39.00773333333332,47.70383333333332,48.37795833333332,46.93706666666668,43.648375,42.64994166666668,41.01182050593485,40.15289994542045,37.31625680555558,36.57459166666668,42.90410833333332,45.96426140081388,46.14390131720432,47.00447914225682,48.43805900877265,53.65405831285202,64.46210827252945,69.9140658252997,68.86666785906299,68.84032032770098,69.78934918074758,77.3461127039303,84.64082200652845,84.1162225704045,87.85612558627756,87.1503126405883,NA
"Macedonia, FYR",962,"Exchange rates, domestic currency per usd, period average, rate",ENDA_XDC_USD_RATE,Value,NA,NA,NA,NA,NA,NA,NA,NA,NA,NA,NA,NA,NA,NA,NA,NA,NA,NA,NA,NA,NA,NA,NA,NA,NA,NA,NA,NA,NA,NA,NA,NA,NA,NA,NA,NA,NA,NA,NA,NA,NA,NA,NA,NA,NA,NA,NA,NA,NA,NA,NA,NA,NA,NA,43.26318333333332,37.88175833333332,39.981075,50.00355,54.46173333333335,56.90182833333332,65.90386666666664,68.03713333333332,64.34979166666668,54.32225833333332,49.40993333333332,49.28368333333332,48.80176666666665,44.72981666666665,41.86768333333332,44.100575,46.48539166666668,44.230825,47.89025,46.39534166666665,46.43713083333332,55.537075,55.731725,54.66545833333335,52.10710833333332,54.9472,54.144325,52.10215833333332,58.57439166666668,56.94719166666668,56.87263333333332,54.65496666666665
Turkmenistan,925,"Exchange rates, domestic currency per usd, period average, rate",ENDA_XDC_USD_RATE,Value,NA,NA,NA,NA,NA,NA,NA,NA,NA,NA,NA,NA,NA,NA,NA,NA,NA,NA,NA,NA,NA,NA,NA,NA,NA,NA,NA,NA,NA,NA,NA,NA,NA,NA,NA,NA,NA,NA,NA,NA,NA,NA,NA,NA,NA,NA,NA,NA,NA,NA,NA,NA,NA,NA,19.1983333333333,110.916666666667,3257.66666666667,4143.41666666667,4890.16666666667,5200,5200,5200,NA,NA,NA,NA,NA,NA,NA,NA,NA,NA,NA,NA,NA,NA,NA,NA,NA,NA,NA,NA,NA,NA,NA,NA
Uzbekistan,927,"Exchange rates, domestic currency per usd, period average, rate",ENDA_XDC_USD_RATE,Value,NA,NA,NA,NA,NA,NA,NA,NA,NA,NA,NA,NA,NA,NA,NA,NA,NA,NA,NA,NA,NA,NA,NA,NA,NA,NA,NA,NA,NA,NA,NA,NA,NA,NA,NA,NA,NA,NA,NA,NA,NA,NA,NA,NA,NA,NA,NA,NA,NA,NA,NA,NA,NA,NA,NA,29.775,40.06666666666665,62.91666666666668,94.49166666666667,124.625,236.6083333333334,NA,NA,NA,NA,NA,NA,NA,NA,NA,NA,NA,NA,2094.988465053764,2310.948158806962,2567.98721339827,2965.25349937684,5113.878945957172,8069.60623655914,8836.7875,10054.26133416531,10609.46439080901,11050.14542236303,11734.83341986687,12652.28682097392,12579.39434767025
Georgia,915,"Exchange rates, domestic currency per usd, period average, rate",ENDA_XDC_USD_RATE,Value,NA,NA,NA,NA,NA,NA,NA,NA,NA,NA,NA,NA,NA,NA,NA,NA,NA,NA,NA,NA,NA,NA,NA,NA,NA,NA,NA,NA,NA,NA,NA,NA,NA,NA,NA,NA,NA,NA,NA,NA,NA,NA,NA,NA,NA,NA,NA,NA,NA,NA,NA,NA,NA,NA,NA,NA,1.2628,1.2975,1.389816666666666,2.024516666666666,1.976166666666667,2.073016666666667,2.195675,2.14565,1.91665,1.812675,1.780433333333333,1.670491666666667,1.490791666666666,1.670487096774194,1.782341666666666,1.686495430107527,1.651258333333333,1.66335,1.765666666666666,2.269341666666666,2.366725,2.509541666666668,2.534110833333332,2.818145,3.109016666666668,3.221558333333332,2.9162,2.627958333333332,2.720616666666668,2.742641666666668
Bosnia and Herzegovina,963,"Exchange rates, domestic currency per usd, period average, rate",ENDA_XDC_USD_RATE,Value,NA,NA,NA,NA,NA,NA,NA,NA,NA,NA,NA,NA,NA,NA,NA,NA,NA,NA,NA,NA,NA,NA,NA,NA,NA,NA,NA,NA,NA,NA,NA,NA,NA,NA,NA,NA,NA,NA,NA,NA,NA,NA,NA,NA,NA,NA,NA,NA,NA,NA,NA,NA,NA,NA,NA,NA,NA,1.734055833333334,1.759667583333333,1.835795384893108,2.122859511858334,2.1856595833,2.078170426216666,1.732932204191667,1.57515702795,1.5727220196,1.559071956058333,1.429002741625,1.335195680484282,1.407891238369499,1.476739568450277,1.406936585666391,1.522209974451298,1.473051322632346,1.474169186793996,1.763491646946861,1.768139024299152,1.735352713276905,1.656985441135434,1.747086461360728,1.716970495192188,1.653606154358679,1.859325877060932,1.809202800300819,1.807563561651834,NA
Serbia,942,"Exchange rates, domestic currency per usd, period average, rate",ENDA_XDC_USD_RATE,Value,NA,NA,NA,NA,NA,NA,NA,NA,NA,NA,NA,NA,NA,NA,NA,NA,NA,NA,NA,NA,NA,NA,NA,NA,NA,NA,NA,NA,NA,NA,NA,NA,NA,NA,NA,NA,NA,NA,NA,NA,NA,NA,NA,NA,NA,NA,NA,NA,NA,NA,NA,NA,NA,NA,NA,NA,NA,5.9123,10.0308,11.6615,63.1659,66.91366,64.40522500000002,57.59004166666668,58.37570833333332,66.717825,67.155125,58.449566666666684,55.72925,67.60493333333332,77.72284166666665,73.35543333333332,87.95880833333332,85.15884166666667,88.40530833333332,108.811425,111.27785,107.75885,100.175075,105.2495583333334,103.1632916666666,99.39594166666669,111.6621833333333,108.4026916666666,108.2077416666666,103.9754
"Montenegro, Rep. of",943,"Exchange rates, domestic currency per usd, period average, rate",ENDA_XDC_USD_RATE,Value,NA,NA,NA,NA,NA,NA,NA,NA,NA,NA,NA,NA,NA,NA,NA,NA,NA,NA,NA,NA,NA,NA,NA,NA,NA,NA,NA,NA,NA,NA,NA,NA,NA,NA,NA,NA,NA,NA,NA,NA,NA,NA,NA,NA,NA,NA,NA,NA,NA,NA,NA,NA,NA,NA,NA,NA,NA,NA,NA,0.938283072395239,1.08270508132601,1.11653308564468,1.05755899623965,0.884047927184961,0.803921647747605,0.803800192161416,0.796432730949096,0.729672399984088,0.679922680042729,0.716957702016136,0.754308990105979,0.718413898653322,0.778338120416812,0.752945122702002,0.752728196932591,0.901296423367096,0.903421436257288,0.88520550826938,0.846772667108096,0.893215581479226,0.877475207233012,0.845376564367945,0.950915533962108,0.924709622987356,0.9243674472702668,0.8871442503705875
Kosovo,967,"Exchange rates, domestic currency per usd, period average, rate",ENDA_XDC_USD_RATE,Value,NA,NA,NA,NA,NA,NA,NA,NA,NA,NA,NA,NA,NA,NA,NA,NA,NA,NA,NA,NA,NA,NA,NA,NA,NA,NA,NA,NA,NA,NA,NA,NA,NA,NA,NA,NA,NA,NA,NA,NA,NA,NA,NA,NA,NA,NA,NA,NA,NA,NA,NA,NA,NA,NA,NA,NA,NA,NA,NA,NA,NA,NA,1.05755899623965,0.884047927184961,0.803921647747605,0.803800192161416,0.796432730949096,0.729672399984088,0.679922680042729,0.716957702016136,0.754308990105979,0.718413898653322,0.778338120416812,0.752945122702002,0.752728196932591,0.901296423367096,0.903421436257288,0.88520550826938,0.846772667108096,0.893215581479226,0.877475207233012,0.845376564367945,0.950915533962108,0.924709622987356,0.9243674472702668,0.8871442503705875
Palau,565,"Exchange rates, domestic currency per usd, period average, rate",ENDA_XDC_USD_RATE,Value,NA,NA,NA,NA,NA,NA,NA,NA,NA,NA,NA,NA,NA,NA,NA,NA,NA,NA,NA,NA,NA,NA,NA,NA,NA,NA,NA,NA,NA,NA,NA,NA,NA,NA,NA,NA,NA,NA,NA,NA,NA,NA,NA,NA,NA,NA,NA,NA,NA,NA,NA,NA,NA,NA,NA,NA,NA,NA,NA,NA,NA,NA,NA,NA,NA,1,1,1,1,1,1,1,1,1,1,1,1,1,1,1,1,1,1,1,1,1
Curacao,354,"Exchange rates, domestic currency per usd, period average, rate",ENDA_XDC_USD_RATE,Value,NA,NA,NA,NA,NA,NA,NA,NA,NA,NA,NA,NA,NA,NA,NA,NA,NA,NA,NA,NA,NA,NA,NA,NA,NA,NA,NA,NA,NA,NA,NA,NA,NA,NA,NA,NA,NA,NA,NA,NA,NA,NA,NA,NA,NA,NA,NA,NA,NA,NA,NA,NA,NA,NA,NA,NA,NA,NA,NA,NA,NA,NA,NA,NA,NA,NA,NA,NA,NA,NA,NA,1.79,1.79,1.79,1.79,1.79,1.79,1.79,1.79,1.79,1.79,1.79,1.79,1.79,1.79,1.79
Sint Maarten,352,"Exchange rates, domestic currency per usd, period average, rate",ENDA_XDC_USD_RATE,Value,NA,NA,NA,NA,NA,NA,NA,NA,NA,NA,NA,NA,NA,NA,NA,NA,NA,NA,NA,NA,NA,NA,NA,NA,NA,NA,NA,NA,NA,NA,NA,NA,NA,NA,NA,NA,NA,NA,NA,NA,NA,NA,NA,NA,NA,NA,NA,NA,NA,NA,NA,NA,NA,NA,NA,NA,NA,NA,NA,NA,NA,NA,NA,NA,NA,NA,NA,NA,NA,NA,NA,1.79,1.79,1.79,1.79,1.79,1.79,1.79,1.79,1.79,1.79,1.79,1.79,1.79,1.79,1.79
South Sudan,733,"Exchange rates, domestic currency per usd, period average, rate",ENDA_XDC_USD_RATE,Value,NA,NA,NA,NA,NA,NA,NA,NA,NA,NA,NA,NA,NA,NA,NA,NA,NA,NA,NA,NA,NA,NA,NA,NA,NA,NA,NA,NA,NA,NA,NA,NA,NA,NA,NA,NA,NA,NA,NA,NA,NA,NA,NA,NA,NA,NA,NA,NA,NA,NA,NA,NA,NA,NA,NA,NA,NA,NA,NA,NA,NA,NA,NA,NA,NA,NA,NA,NA,NA,NA,NA,2.98895,2.95,2.95,2.95,3.604166666666668,46.72916666666665,113.6475,141.3858333333333,157.9991666666666,165.9073166666666,306.354619937276,534.5111886917562,930.331429534051,2163.103872698833,NA
Australia,193,"Prices, Consumer Price Index, All items, Index",PCPI_IX,Value,NA,NA,NA,NA,NA,NA,NA,NA,NA,NA,NA,NA,NA,NA,NA,NA,NA,NA,NA,NA,7.960458594510278,8.142560485641013,8.116545929765195,8.168575041516833,8.402704920271827,8.688866159033221,8.975026273667236,9.28720094417707,9.521331947059444,9.833506617569277,10.17169584395493,10.79604555968372,11.44641058070659,12.48699281573937,14.41207219880477,16.59729114528233,18.80853214181826,21.12382986302095,22.814772247857938,24.89594046501477,27.41935538264228,30.02081097022422,33.42872303588435,36.78459924502855,38.24141962000222,40.81685915287184,44.51092908491122,48.30904824743482,51.79500847723194,55.69719185860485,59.78148012878152,61.68053971004333,62.30488755222648,63.39750189668392,64.64620132814152,67.63787525386074,69.40686205574345,69.56295463692615,70.16128642439698,71.2018761536123,74.3756549681353,77.65348676023378,79.9687807343452,82.1540056761688,84.0790850592342,86.34235067101223,89.41206901377718,91.49323723093401,95.47346502935264,97.16441490837218,99.99999999999999,103.3038478468108,105.1248705052094,107.7003062909878,110.379813789798,112.0447476141052,113.47555193436649,115.6867854367199,117.8980226861646,119.7970897616089,120.8116521948381,124.2715926228316,132.466181470806,139.8803373895971,144.3097415092816,148.4572581976083
Australia,193,"Prices, Consumer Price Index, All items, Percentage change, Corresponding period previous year, Percent",PCPI_PC_CP_A_PT,Value,NA,NA,NA,NA,NA,NA,NA,NA,NA,NA,NA,NA,NA,NA,NA,NA,NA,NA,NA,NA,3.728821503973506,2.287580407193096,-0.3194886414622812,0.6410252859019324,2.866226698843145,3.405584766769814,3.293411469303309,3.478259126948249,2.521007182784943,3.278686976208666,3.439151866552038,6.138108387303411,6.024104079845353,9.090904329316349,15.41667726947766,15.16242020116154,13.32290297964955,12.3098267517375,8.00490439376776,9.122020568722657,10.13584893960347,9.487661366498724,11.35183213085158,10.0389003957519,3.960408445038476,6.734685998745019,9.050353233216544,8.533003558020823,7.215957167987101,7.533898528249556,7.333023683752692,3.176668722773086,1.012228241059779,1.753657517705279,1.969635070941028,4.627764453681685,2.615379024316316,0.2248950270325371,0.8601299220162899,1.483139466572678,4.457437059208691,4.407129985615332,2.981571170474573,2.732597548389373,2.34325687131265,2.691829496221975,3.555286969729848,2.327614426231598,4.350297266640937,1.771120256816561,2.918337021122207,3.30384784681081,1.762782990522283,2.449882481092593,2.487929320804928,1.508368031384633,1.27699365720306,1.948643090656534,1.911400028185791,1.610770929127004,0.846900734607273,2.863912847093182,6.594096587178414,5.597017922967073,3.166566654287978,2.874037916601731
Austria,122,"Prices, Consumer Price Index, All items, Index",PCPI_IX,Value,NA,NA,NA,NA,NA,NA,NA,NA,NA,NA,NA,NA,NA,NA,NA,NA,NA,NA,NA,NA,17.82416674334272,18.45554148373508,19.26422614919936,19.78604914897071,20.55148503420749,21.56486157542716,22.00798079184038,22.88272604659061,23.51540240959771,24.23977185198705,25.29973451387014,26.48989933370387,28.17337114522095,30.29512971217931,33.1797677975074,35.98188500388617,38.61528598668605,40.73704754588033,42.19311940342797,43.75738751873575,46.52649737094674,49.69171442399833,52.39297133762169,54.14245885488629,57.20864686355078,59.03332627664367,60.04010693253682,60.88184084347138,62.0481645250985,63.6417774978375,65.7176910212227,67.91097100797707,70.6415677919718,73.20711783100796,75.36922370678683,77.0600314833087,78.4940964432539,79.51921252330517,80.25275117389155,80.70938432502265,82.60190869740742,84.79085991623238,86.32587792824567,87.49607156829819,89.2995460030087,91.35266567075082,92.6695586626601,94.6791492774124,97.72398369331177,98.2187688495277,100,103.2865791487538,105.8539484672147,107.9711927476181,109.7050069332599,110.6885818023683,111.6754720688494,113.9997391767711,116.2778869528291,118.057980056249,119.6894358363636,123.0008435611697,133.5135656754636,143.9464948325332,148.1755215654181,153.4019602636061
Austria,122,"Prices, Consumer Price Index, All items, Percentage change, Corresponding period previous year, Percent",PCPI_PC_CP_A_PT,Value,NA,NA,NA,NA,NA,NA,NA,NA,NA,NA,NA,NA,NA,NA,NA,NA,NA,NA,NA,NA,1.945749351986452,3.542239867275573,4.381798638511777,2.70876699499833,3.86856354936629,4.930916376762688,2.054820592579865,3.974672928988325,2.764864473397675,3.08040419539532,4.372824415821388,4.704258138286956,6.355146126867873,7.531078038271164,9.52178819742238,8.445258639179738,7.318685451069235,5.494615681276659,3.574318575512206,3.707400963534096,6.328325362261014,6.803041775992567,5.436030825128471,3.339164534095339,5.663185739093507,3.18951681805193,1.70544456731973,1.401952717839697,1.915716846712577,2.568348290293717,3.261872318785782,3.337427034747885,4.020847800385573,3.631785249431762,2.953409367610792,2.243366315009049,1.860971157604329,1.305978572276925,0.9224671966807989,0.568993765885568,2.34486285357282,2.650000772795282,1.810357877641274,1.355553708964522,2.061206180328615,2.299137856392849,1.441548511190201,2.168555288007492,3.215950332398863,0.5063088276965148,1.813534389950618,3.2865791487538,2.485675621770146,2.000156169005974,1.605811829544736,0.8965633352603198,0.8915917526553624,2.081269113855869,1.998379814295401,1.530895641526439,1.381910633518623,2.7666666666667,8.546869931884496,7.814134170028317,2.93791574279383,3.527194399569281
Belgium,124,"Prices, Consumer Price Index, All items, Index",PCPI_IX,Value,NA,NA,NA,NA,NA,NA,NA,NA,NA,NA,NA,NA,NA,NA,NA,NA,NA,NA,NA,NA,15.59608124596282,15.75089984210148,15.97213808942798,16.3152201607694,16.99536262829255,17.68625834350104,18.42454424747003,18.92759007392521,19.43890942367042,20.16864458479867,20.95693048876767,21.8672217038685,23.05864225220699,24.66243540515323,27.78911128256657,31.33728019809085,34.17913586449436,36.60448754754899,38.24092532117994,39.9499443766597,42.60609165291033,45.85586557094666,49.85750017943012,53.67738731787842,57.08148639919614,59.86063213234766,60.63544911361514,61.57734963755114,62.29222260101916,64.2276735089356,66.44244419722956,68.57877520993326,70.24383747218829,72.17865230029426,73.89472923993392,74.9794794731931,76.53681906265697,77.78296131486397,78.52131629943295,79.40142108662883,81.42180434938632,83.4323189549989,84.80495944879058,86.15247972439528,87.95934113256295,90.40587095385054,92.02522787626496,93.70289959089928,97.9096389865786,97.85760424890546,99.99999999999999,103.5320821072274,106.4720447857604,107.6571807937989,108.02321825881,108.629692097897,110.7738821502907,113.1289026053255,115.451625636977,117.110457187971,117.9780018660733,120.8569583004378,132.4562190483026,137.8193856312352,142.1517261178497,145.6586880068901
Belgium,124,"Prices, Consumer Price Index, All items, Percentage change, Corresponding period previous year, Percent",PCPI_PC_CP_A_PT,Value,NA,NA,NA,NA,NA,NA,NA,NA,NA,NA,NA,NA,NA,NA,NA,NA,NA,NA,NA,NA,0.2994672547696948,0.9926762607673394,1.404607035435142,2.148003413322023,4.168760585643703,4.065201374746432,4.174347618529949,2.730302685909074,2.701449829313492,3.753992290532844,3.908472384719099,4.343628546120915,5.448431284380848,6.95528008719914,12.67788775134519,12.76819859205147,9.068609810549683,7.09600059132598,4.470593315929442,4.469083949004787,6.648688296553559,7.627486568142762,8.72654906555469,7.661609837438829,6.341774910091257,4.86873399496944,1.294368191024802,1.553382613149483,1.160934934153249,3.107050651110937,3.448312179618078,3.215310692608097,2.427955671646153,2.75442643473461,2.377540844763977,1.467966990902719,2.077021073506739,1.628160495129584,0.9492502883506104,1.12084823417845,2.544517761909077,2.469258230860777,1.645214361753572,1.588963999703802,2.097283112393144,2.781432636700224,1.791207700704595,1.823056300268084,4.489444205084014,-0.05314567412537686,2.189299204224574,3.532082107227421,2.839663434458995,1.113095940275396,0.3400028333569217,0.5614291527900652,1.973852646531813,2.12597086002607,2.053164998651864,1.436819569964294,0.7407918122203436,2.44024851144084,9.597511728725,4.049010776139414,3.143491365000414,2.467055437746132
Burkina Faso,748,"Prices, Consumer Price Index, All items, Index",PCPI_IX,Value,NA,NA,NA,NA,NA,NA,NA,NA,NA,NA,NA,NA,NA,NA,NA,NA,NA,NA,NA,NA,10.7133005080714,12.7019182107387,12.9147908725139,13.63468751070849,13.88626429290929,13.7848594976069,14.1107481908154,13.4992230895676,13.4605189692272,14.7602033299891,15.0218431834454,15.3314761461065,14.88328243264691,16.014990911173,17.4114355727664,20.6772892464645,18.9402483259129,24.619690943546,26.6555276729959,30.6521151385352,34.39248132748041,36.9910759666363,41.452112876175,44.83201982499369,47.0050088538346,50.2512019442368,48.9387697328474,47.6263375212922,49.6531315695681,49.4139034196077,49.1647074300655,50.2279436521121,49.2278370807498,49.5002913626491,61.9634134529494,66.5851684056576,70.6454017285973,72.28345003318779,75.9585816558613,75.1438395576924,74.9152428538897,78.6665733778311,80.378117929379,82.0134635796595,81.6852221588147,86.9253619844447,88.9534250489503,88.74827416092229,98.20866082598592,100.770116199365,99.99999999999996,102.7597672485453,106.6832917705735,107.2527015793848,106.975893599335,107.7512965764915,108.2265244552146,109.8315226998982,111.9797647092931,108.3590229344125,110.4012661604491,114.4345198672324,130.7874821698343,131.7591160142675,137.2808997284767,136.476110611692
Burkina Faso,748,"Prices, Consumer Price Index, All items, Percentage change, Corresponding period previous year, Percent",PCPI_PC_CP_A_PT,Value,NA,NA,NA,NA,NA,NA,NA,NA,NA,NA,NA,NA,NA,NA,NA,NA,NA,NA,NA,NA,7.788161993768833,18.56213872810788,1.67590956140175,5.574202829150884,1.845123197749968,-0.730252522661333,2.364106019833393,-4.333753908569058,-0.2867136877700104,9.655529357621178,1.772603314513373,2.061218179952287,-2.923356558679517,7.603890362542975,8.719609454284223,18.7569466058634,-8.400718778205453,29.98610429971412,8.269140072140468,14.99346595035952,12.20263649682987,7.555705604409389,12.05976520813367,8.153762774204266,4.846957681860848,6.906057821404666,-2.611742924767832,-2.681784235115955,4.255616017859416,-0.4817987152033337,-0.5043033889189125,2.162600527134233,-1.991135807368943,0.5534557235419172,25.17787622499625,7.458844978283243,6.097804391217415,2.318690621766833,5.08433344145324,-1.072613627595337,-0.3042121684868028,5.007432908223731,2.175694806646081,2.034565740538153,-0.4002287021154518,6.415040183696842,2.333108563722199,-0.2306273062730493,10.6597978997424,2.60817666368314,-0.764230734676768,2.759767248545341,3.818152402523803,0.5337385070905363,-0.2580895175352913,0.7248389810705168,0.441041448058809,1.482998971613255,1.955943026725324,-3.233389339833215,1.884700665188471,3.653267618255089,14.2902354303358,0.7429104286689175,4.190817213445235,-0.5862353163305787
Bolivia,218,"Prices, Consumer Price Index, All items, Index",PCPI_IX,Value,NA,NA,NA,NA,NA,NA,NA,NA,NA,NA,NA,NA,NA,NA,NA,NA,NA,NA,NA,NA,2.243119468776796e-5,2.412732792001425e-5,2.554585349176566e-5,2.536540851260759e-5,2.79480682884367e-5,2.87474629809552e-5,3.074594971225156e-5,3.418949607971631e-5,3.605987468733974e-5,3.685670721743342e-5,3.831457766628945e-5,3.972249061840274e-5,4.230903807750135e-5,5.563047398700085e-5,9.05864806797376e-5,9.78123341769705e-5,1.022080318671567e-4,1.104942981731054e-4,1.219367255752681e-4,1.459823025080534e-4,2.149467510695214e-4,2.840168826642905e-4,6.348791795104697e-4,0.00238451911542189,0.03293855341177527,3.903099879336593,14.68876869585952,16.83019998988811,19.52338391699835,22.48575835013933,26.33504464028506,31.98314005065515,35.84041023879033,38.8968363247954,41.9595904151193,46.23661822307162,51.9817430329974,54.42927448121081,58.60575733165247,59.87135819542273,62.63036807844175,63.62597409127434,64.21658782770037,66.35967195701795,69.30430330005669,73.04204451772463,76.16999414554878,82.80105619078338,94.39884344719638,97.55785750982712,99.99999999999997,109.8844641982388,114.8464102656009,121.434460016488,128.4371004934466,133.6511463971229,138.4936138690753,142.4029535108785,145.6384338745714,148.3175184753575,149.7128038925051,150.8167617373382,153.4505181763981,157.4047661727302,165.4320404216878,197.7196116005233
Bolivia,218,"Prices, Consumer Price Index, All items, Percentage change, Corresponding period previous year, Percent",PCPI_PC_CP_A_PT,Value,NA,NA,NA,NA,NA,NA,NA,NA,NA,NA,NA,NA,NA,NA,NA,NA,NA,NA,NA,NA,11.53315257561954,7.561493071838991,5.879331422252963,-0.7063572145523885,10.18181818181808,2.860286028602712,6.951871657754043,11.19999999900011,5.470623501622986,2.209748472513244,3.955509210997692,3.674614305750322,6.511544011543696,31.48602878916179,62.83607560292387,7.976746025468655,4.494011647072163,8.107255520504149,10.35567227571913,19.71971677879987,47.24165010184261,32.13360111334243,123.5357185653292,275.5862835603616,1281.349941744858,11749.63963214385,276.3359675632016,14.57869844891913,16.00209105493906,15.17346811257315,17.11877460482394,21.44706981711406,12.06032360182898,8.527876956880027,7.874044214674342,10.19320676307455,12.4254866180049,4.708444360281928,7.673228956750834,2.159516268355976,4.60822998872598,1.589653778795676,0.9282588516110698,3.337274996715339,4.437380801017246,5.39323106890663,4.282396048025615,8.70560923578869,14.00681077025194,3.346454201420136,2.503276058442407,9.884464198238833,4.515602913993759,5.736400237196069,5.766600745791436,4.059610411356446,3.623214317641381,2.822758055471704,2.272059872301549,1.839545049690259,0.9407421533818491,0.7373837214522746,1.746328729459686,2.576888004891921,5.099765683174272,19.51712080473298
Canada,156,"Prices, Consumer Price Index, All items, Index",PCPI_IX,Value,NA,NA,NA,NA,NA,NA,NA,NA,NA,NA,NA,NA,NA,NA,NA,NA,NA,NA,NA,NA,13.34430452203778,13.48025186033199,13.62335432169432,13.84516313680595,14.10990269032627,14.43903835145964,14.98998282770463,15.52661705781339,16.15626788780766,16.89324556382369,17.45850028620492,17.93073840870062,18.82512879221522,20.23468803663422,22.45993131081853,24.85689753863766,26.73153978248424,28.86376645678306,31.45392100744133,34.33028048082425,37.80767029192902,42.52289639381796,47.10217515741268,49.86405266170576,52.0105895821408,54.07126502575841,56.33943903835145,58.79364625071549,61.16199198626216,64.21007441327988,67.27962220950197,71.06468231253577,72.12364052661702,73.468803663423,73.59044075558099,75.17172295363478,76.35231825987404,77.59015455065826,78.36290784201483,79.72238122495703,81.89038351459642,83.95821408128218,85.85432169433312,88.22266742987976,89.86119061247848,91.85031482541497,93.689181453921,95.69261591299367,97.96078992558672,98.25414997137953,99.99999999999999,102.9121350887235,104.4719519175729,105.452203777905,107.4627933600457,108.6720091585574,110.2246708643388,111.9848311390956,114.5248998282771,116.7572982255295,117.5944476244991,121.5870062965082,129.8583285632512,134.8955352032055,138.1081854607899,140.9702346880366
Canada,156,"Prices, Consumer Price Index, All items, Percentage change, Corresponding period previous year, Percent",PCPI_PC_CP_A_PT,Value,NA,NA,NA,NA,NA,NA,NA,NA,NA,NA,NA,NA,NA,NA,NA,NA,NA,NA,NA,NA,1.358695652173918,1.018766756032107,1.061571125265353,1.628151260504277,1.912144702842374,2.332657200811349,3.815659068384531,3.579952267303118,4.05529953917047,4.561558901682924,3.34603981363832,2.704918032786846,4.988028731045513,7.48764728240211,10.99717114568597,10.67218859509404,7.541738629821476,7.976445396145698,8.973723351512142,9.144676979071813,10.12922050854529,12.47161241483721,10.76897189971392,5.863588029773676,4.304778303917367,3.962030540652046,4.194786290856206,4.356108712217403,4.02823414871611,4.983621899859576,4.780476933363043,5.625864085930052,1.490132903745452,1.865079365079389,0.1655629139072914,2.14876033057849,1.570531125071379,1.621216380845306,0.9959424566580195,1.734842951059185,2.719439956919762,2.525120139799056,2.258394409408551,2.758563213601121,1.857258718572564,2.213552034397675,2.002025395341613,2.13838399266837,2.370270674442985,0.299466803009299,1.77687154092627,2.91213508872351,1.515678231245166,0.9382918978153169,1.906635907178614,1.125241360942775,1.428759547010855,1.596884128529766,2.268225672481033,1.949269024115927,0.7169996323078274,3.395193185275278,6.802801153416128,3.879001597884255,2.381583832811731,2.072324111491031
Switzerland,146,"Prices, Consumer Price Index, All items, Index",PCPI_IX,Value,NA,NA,NA,NA,NA,NA,NA,NA,NA,NA,NA,NA,NA,NA,NA,NA,NA,NA,NA,NA,24.04119116426605,24.48484679501267,25.54161103876295,26.42029683158769,27.23418910097653,28.16409466201741,29.50920607637124,30.69110768140709,31.426412074016,32.2086267807763,33.3732864692163,35.56698638360128,37.93575018123489,41.25690004690785,45.28663240971878,48.31929487326677,49.1482009361889,49.78516120884492,50.29734741006321,52.13201362623953,54.22902431663782,57.74865590956952,61.01440120320285,62.81420061472248,64.65557170177098,66.87674879368087,67.3785316201579,68.34899935378687,69.62881290326811,71.82578980689053,75.70722610569683,80.1433641788009,83.37877600023614,86.12412375800793,86.8580020534487,88.42129649371988,89.13895385644882,89.60267735597157,89.61875067655554,90.34147605567269,91.74947433681147,92.65689529051704,93.25241181815495,93.84761672018969,94.6011274286295,95.70980931793353,96.72386363263601,97.43222143131275,99.7959672366681,99.31646564081701,100,100.2313492076509,99.53719497593919,99.32087760330381,99.30776472594992,98.171774593000535,97.74510173755874,98.26685320465928,99.18696060068292,99.54689637300594,98.82431040534284,99.39928424519351,102.2172817718704,104.4000305065064,105.509114228825,105.6719960111922
Switzerland,146,"Prices, Consumer Price Index, All items, Percentage change, Corresponding period previous year, Percent",PCPI_PC_CP_A_PT,Value,NA,NA,NA,NA,NA,NA,NA,NA,NA,NA,NA,NA,NA,NA,NA,NA,NA,NA,NA,NA,1.438794703210918,1.845397874486575,4.315992877543889,3.440212880429555,3.080556871018055,3.414478608461805,4.775979595636961,4.005196215638713,2.395822269570163,2.489035989593769,3.615986786295175,6.573221119257945,6.660007041602394,8.754670330246386,9.767414319130244,6.696595225078301,1.715476322856549,1.295999162783214,1.028792894874254,3.647640105587855,4.022500848390028,6.490309640057186,5.655101823923427,2.949794435457235,2.931456691366246,3.435399352982691,0.7503098394107833,1.440321880417221,1.872468597318729,3.155269797109082,5.403959092189403,5.859596634686697,4.03703020778739,3.292621803136106,0.8521169951206999,1.799827768671441,0.8116340646282105,0.520225422736652,0.0179384378439098,0.8064443809594486,1.558529196790105,0.989020329832546,0.6427115065432784,0.6382729308872008,0.8029087309552265,1.171954203337026,1.059509283248016,0.7323506031222475,2.426041170601576,-0.480481936423275,0.6882387072200256,0.2313492076509,-0.6925520181052532,-0.2173231551156929,-0.01320253875149389,-1.143908672281833,-0.4346186642858353,0.533787839825897,0.9363354641135629,0.3628861799406139,-0.7258749333133837,0.5818141684898563,2.835027986444626,2.135400880163769,1.06234041976595,0.1543769782901853
Côte d'Ivoire,662,"Prices, Consumer Price Index, All items, Index",PCPI_IX,Value,NA,NA,NA,NA,NA,NA,NA,NA,NA,NA,NA,NA,NA,NA,NA,NA,NA,NA,NA,NA,5.558836943126506,6.204578800083715,6.121359955103176,6.179112924021576,6.217311738089765,6.379656697894285,6.647048396394205,6.799388904916695,7.163187134180705,7.481965332559595,8.095874844465333,8.059949769316423,8.084960897573774,8.982633028291783,10.54196318844729,11.74840906625309,13.16722216040079,16.77791958582769,18.99981727105299,22.10483515782568,25.35446284072628,27.58545548167868,29.67729529995568,31.35122190232477,32.69454686390477,33.30390889795838,36.52871132025617,39.06501162201288,41.77248498061537,42.21089482891257,41.87072579702486,42.57555603109657,44.37709122397536,45.33772857002666,57.16252088778716,65.33394273953505,66.95475156308355,69.64689053218235,72.85862039072802,73.37036171290579,75.22720060735287,78.50825688310341,80.92416387775079,83.5920777572988,84.81084051754488,88.1064459399084,90.28020067272783,91.98830775123665,97.79141561868936,98.78840357713949,100,104.9124339505245,106.2810284007163,109.0243228174151,109.5134954132125,110.8840563131049,111.6859459211782,112.4519786768579,112.9032460127578,113.7961475571372,116.5415093995563,121.3886998717551,127.7416121493802,133.3235661795123,137.923936202659,138.0963945995989
Colombia,233,"Prices, Consumer Price Index, All items, Index",PCPI_IX,Value,NA,NA,NA,NA,NA,NA,NA,NA,NA,NA,NA,NA,NA,NA,NA,NA,NA,NA,NA,NA,0.05730665263751766,0.06205347181972077,0.06496818169071748,0.08209082892800969,0.09610573251539536,0.1034008146587178,0.120697876932404,0.130749827095933,0.1404874711778404,0.1502958330844624,0.1606792052139863,0.1798647228106768,0.2022479144797188,0.247813659070954,0.3069691519740874,0.3789150548419431,0.4540585516112387,0.6075431390512696,0.7154619933530529,0.8881321327487368,1.123954777467082,1.432522651947472,1.786656408454944,2.136793129636914,2.482133454240232,3.080083731416269,3.660447373843744,4.513405859146767,5.782051895226608,7.277726949419856,9.399331699862463,12.25558374364806,15.5658937091306,19.05926673576942,23.41359289101163,28.30511225622661,34.19188935168121,40.5071387386486,48.0726489101383,53.29991832645654,58.21702137484778,62.85433366840195,66.84653125204154,71.61254763641035,75.84056681109347,79.67128872587169,83.09191466736453,87.6988502025301,93.83503785853696,97.77847091257313,100,103.4150334477625,106.6925680557125,108.8445488773645,111.9997758879433,117.5883756026448,126.4233314577921,131.8776300067536,136.1512160369677,140.9478496924599,144.5090873957309,149.5597631998657,164.7808063141328,184.1193243690344,196.2879287437274,206.3814579616267
Colombia,233,"Prices, Consumer Price Index, All items, Percentage change, Corresponding period previous year, Percent",PCPI_PC_CP_A_PT,Value,NA,NA,NA,NA,NA,NA,NA,NA,NA,NA,NA,NA,NA,NA,NA,NA,NA,NA,NA,NA,5.814076282049862,8.28319045648716,4.697093950624704,26.35543552504665,17.07243521645538,7.5906836693158,16.72816827485979,8.328191364259476,7.447538783177704,6.981663079553751,6.908622758482407,11.94026169792163,12.44445899077289,22.52964867818426,23.87095736566966,23.43750256505545,19.83122491679308,33.80281835798198,17.76315908534623,24.13407574404555,26.5526531495356,27.45376243479932,24.72098825285853,19.59731706247647,16.16161713614263,24.09017436812504,18.84246316124059,23.30202836401805,28.10839697717039,25.86754808319876,29.15202459762154,30.38782048544356,27.01062662313608,22.44248285332751,22.84624175530448,20.8917930194849,20.79757551274016,18.47002171190891,18.67697992766719,10.87368708574707,9.225348185853658,7.96556090304834,6.351507287788722,7.129788629418602,5.904020055465022,5.051019626896957,4.293423636289266,5.544384858151555,6.996884955545109,4.202516612164816,2.272002278920081,3.4150334477625,3.169301888400553,2.016992243103834,2.898837877617376,4.989831158495299,7.513460246276745,4.314313256950107,3.240569329305694,3.523019327414469,2.526635000847062,3.495057573994483,10.17723135461662,11.73590449486894,6.6090859372822814,5.14220578030418
Costa Rica,238,"Prices, Consumer Price Index, All items, Index",PCPI_IX,Value,NA,NA,NA,NA,NA,NA,NA,NA,NA,NA,NA,NA,NA,NA,NA,NA,NA,NA,NA,NA,0.2491788637645001,0.255235888410123,0.2620707473737061,0.2697536618095265,0.2787203629788784,0.2768668725634428,0.2773732145564208,0.2807248269207774,0.2922173965549686,0.299900787894189,0.3138530647309722,0.3235293066657241,0.3384152967184862,0.3899019157683665,0.5071595724735806,0.5952491431937512,0.6159985362411022,0.6418103560942036,0.6803647199254178,0.7428794228607772,0.8776018750054455,1.202809023028064,2.286796546226029,3.032834377423261,3.395180051057303,3.906406559033919,4.36873219311162,5.104532424873446,6.167935838568306,7.186250250494453,8.554494523973409,11.01042928214824,13.40973051153146,14.72101452432192,16.71342563146385,20.58868374966238,24.19406132104241,27.39930122938322,30.59386789575946,33.66710811776289,37.35754489296263,41.56236658447543,45.37260505519591,49.65921863155971,55.77465954536347,63.47061155498244,70.75106950240912,77.37142010751656,87.75811819853104,94.6407256061966,99.99999999999999,104.877998309707,109.5927395816089,115.3259041760693,120.5377135737499,121.5044043459699,121.483166772673,123.4583699999129,126.2005218997499,128.8457433368475,129.77976091938,132.0203793575145,142.9447685745464,143.6955052201168,143.1022540144458,142.9968285223877
Costa Rica,238,"Prices, Consumer Price Index, All items, Percentage change, Corresponding period previous year, Percent",PCPI_PC_CP_A_PT,Value,NA,NA,NA,NA,NA,NA,NA,NA,NA,NA,NA,NA,NA,NA,NA,NA,NA,NA,NA,NA,0.7902058179600737,2.430793910091595,2.677859687427883,2.931618470513522,3.32403316018127,-0.6650000005834015,0.1828828376215266,1.208340311344247,4.093891431068363,2.629340836583317,4.652297493031543,3.083048414087069,4.601125692808582,15.21403422041821,30.0736292803636,17.36920202265519,3.485833332917063,4.190240452616699,6.007127099949018,9.188410437009773,18.13517079607098,37.05634152395135,90.12133285041655,32.62370814878312,11.94742701188635,15.05741964457565,11.8350618936099,16.84242016303943,20.83253323092025,16.50980876873902,19.03975266356487,28.70929137066178,21.79116879006096,9.778600782937767,13.53446872734272,23.18649811025673,17.51145248145915,13.24804407911913,11.6592997742233,10.04528172924942,10.9615496593622,11.25561570911717,9.167520485091188,9.447580916169837,12.3148150178852,13.79829491089871,11.47059681490522,9.357244564171573,13.42446355072837,7.842701677006535,5.66275708420021,4.877998309707021,4.495453143546053,5.231336141744284,4.519200985169537,0.8019820050996231,-0.01747885059082174,1.625906929917316,2.221114615265805,2.09604635327807,0.7249114781313759,1.726477551092413,8.274774902326541,0.5251935086934554,-0.4128530010470691,-0.073671440596217
Cyprus,423,"Prices, Consumer Price Index, All items, Index",PCPI_IX,Value,NA,NA,NA,NA,NA,NA,NA,NA,NA,NA,NA,NA,NA,NA,NA,NA,NA,NA,NA,NA,13.94161183051714,13.85581729617545,13.87011638523235,14.1417990773143,14.09890181000045,14.12749998811434,14.19899543339902,14.29908905694058,14.83768807801389,15.19159053210166,15.55621730308942,16.20086790145404,16.98374302730976,18.30998353732909,21.27192854085386,22.25883665350071,23.11677896562705,24.8104206410269,26.65539380755398,29.17798252243508,33.12213398512709,36.68100579839195,39.04062053687587,41.01206031190469,43.46948291519641,45.65793389038934,46.21421612151333,47.50436298823905,49.13341410652243,50.98352322525349,53.27882929262211,55.96156453847605,59.6047852427218,62.49810085971241,65.4346299460035,67.14628069555718,69.14651794699402,71.63948808977086,73.2354062146447,74.4291433359434,77.51174364252843,79.04108283542497,81.2551461202728,84.6183497483865,86.55290890300822,88.76880300093615,90.81464635650102,92.96936173126859,97.3101090576152,97.627609223749,99.99999999999999,103.2894493956421,105.7570902217332,105.3347411635273,103.9074671608839,101.7285299742308,100.2746597333491,100.807886777964,102.2549751168474,102.5109919172826,101.8565383744483,104.3480396210672,113.108561527348,117.1141223950835,119.2224461787994,NA
Cyprus,423,"Prices, Consumer Price Index, All items, Percentage change, Corresponding period previous year, Percent",PCPI_PC_CP_A_PT,Value,NA,NA,NA,NA,NA,NA,NA,NA,NA,NA,NA,NA,NA,NA,NA,NA,NA,NA,NA,NA,0.8273009307139463,-0.6153846153849458,0.1031991744063117,1.958762886598509,-0.3033367047525378,0.2028397565944116,0.5060728744988859,0.7049345428065902,3.766666666166972,2.385159010130249,2.400188250316909,4.144006128254548,4.832303618656482,7.808882340522598,16.1766666665001,4.63948584046548,3.854389721627294,7.326460481013253,7.436283298946587,9.463708295190196,13.51756057725833,10.74469360839766,6.432797266936891,5.049714241008782,5.991951110484437,5.034453663647961,1.218369259676648,2.791666666666969,3.429266315362853,3.765480482833899,4.502054628958428,5.035274388481049,6.51021953065818,4.854166666666928,4.6985893105498,2.615817879563375,2.978924864812651,3.605344443646284,2.22770732654316,1.629999999999988,4.141657647020609,1.973041917299144,2.801155051807465,4.139065386868581,2.286217068016749,2.560161323302335,2.30468732978555,2.372651836697191,4.669008419024853,0.3262766522497936,2.430040841022541,3.28944939564211,2.389054100423167,-0.3993576764644256,-1.354988854463147,-2.096997690531103,-1.429166666666652,0.5317664961744674,1.435491195317592,0.2503709967584932,-0.6384227979789588,2.446088671754741,8.395482979933345,3.541341887516635,1.800230186248152,NA
Germany,134,"Prices, Consumer Price Index, All items, Index",PCPI_IX,Value,NA,NA,NA,NA,NA,NA,NA,NA,NA,NA,NA,NA,NA,NA,NA,NA,NA,NA,NA,NA,24.64607046727947,25.21137615501134,25.92820369973009,26.69748307410856,27.32106574711397,28.206901917499,29.20346878645696,29.72797766485589,30.16506494351564,30.74202565157424,31.80270219597818,33.46947370288831,35.30525195182504,37.78792573988024,40.42795313327489,42.81738110779693,44.63567729715339,46.30244597860405,47.56126917040109,49.48446619361757,52.17694447485215,55.48717650619897,58.39528443622676,60.3184833430829,61.76962143392048,63.04592574347799,62.96433589209137,63.12168761379126,63.92593299096991,65.7034380219124,67.47511036268249,70.20585007428274,73.75614444430703,77.05641955647047,79.13159239382918,80.48170429756433,81.64846931062677,83.23193685406991,83.99033255855778,84.48203973611297,85.69880784729176,87.39894991421949,88.64071957445643,89.55746156237868,91.0492533059359,92.45770435505302,93.91615661864678,96.07467297590512,98.5998802890494,98.90824057593184,99.99999999999996,102.0751728373587,104.1253413001998,105.6921395745711,106.6505495551639,107.1991878574636,107.7263366568302,109.3524601619397,111.2466293563487,112.8548771211913,113.0183789263444,116.4842758800857,124.4897443873684,131.8924482070439,134.8685988521043,137.7976585059454
Germany,134,"Prices, Consumer Price Index, All items, Percentage change, Corresponding period previous year, Percent",PCPI_PC_CP_A_PT,Value,NA,NA,NA,NA,NA,NA,NA,NA,NA,NA,NA,NA,NA,NA,NA,NA,NA,NA,NA,NA,1.536612342952014,2.293695007008842,2.843270197990616,2.966959775877101,2.335735811778323,3.24231923668133,3.533060354776892,1.796049922131749,1.470289313277001,1.912678487975956,3.450249363608949,5.240974482730944,5.484933122143203,7.032023993038981,6.986431093274973,5.910336263241045,4.246631022992093,3.73416240635147,2.718696961233389,4.04362006473399,5.441057544603465,6.344242777463254,5.241045072284223,3.293414743028536,2.405793399319599,2.066233012165805,-0.1294133608547422,0.2499061087050299,1.274118940069234,2.78056955569751,2.696468242923923,4.047032597534664,5.056977967317309,4.474576507528081,2.693056398549544,1.706160413170763,1.449727019632387,1.939371989227295,0.9111835350144031,0.5854330642307832,1.440268387197411,1.983857313344713,1.42080615551526,1.034222186285621,1.665736966559917,1.546911147513284,1.57742642840563,2.298344007009506,2.628379816372193,0.3127390073684469,1.103810377892605,2.075172837358741,2.008488847829562,1.504723302518763,0.9067940004342459,0.5144261371254562,0.4917470084451745,1.509494851096283,1.732168797669418,1.445659768882534,0.1448779258139819,3.06666666666673,6.872574385510968,5.946436677258235,2.256498143387602,2.171787709497213
Denmark,128,"Prices, Consumer Price Index, All items, Index",PCPI_IX,Value,NA,NA,NA,NA,NA,NA,NA,NA,NA,NA,NA,NA,NA,NA,NA,NA,NA,NA,NA,NA,8.24570210386688,8.530313114765578,9.159664223268107,9.718864730577899,10.01944817585349,10.56550810136241,11.31195699046342,12.24042585483439,13.2202972948844,13.68141058834033,14.57273279171502,15.42813320239265,16.44058298366217,17.97011338273369,20.71508526024463,22.70489599142935,24.75067315418267,27.45400053566648,30.25805731631105,33.16617444870995,37.24737969824124,41.63042317650209,45.84376573520223,49.01075796803857,52.093916614588,54.53126149450945,56.53702169449156,58.8098062672976,61.47690920453531,64.41103205070976,66.1125158467994,67.69601196321757,69.11495045085263,69.98431747165432,71.37841532006072,72.86566199446477,74.41500312472104,76.03886260155348,77.44227479689314,79.376624408535,81.68115168288546,83.59075082581914,85.61735559325064,87.39398268011789,88.40282117668066,90.00982055173645,91.7418087670744,93.29524149629498,96.48245692348898,97.74127310061603,100,102.7586822605125,105.2227479689314,106.0530309793769,106.6511918578699,107.1332916703866,107.4011248995626,108.633157753772,109.5170074100527,110.3472904204982,110.8115346844033,112.8649227747523,121.5516471743595,125.569145611999,127.2922060530309,129.7027051156147
Denmark,128,"Prices, Consumer Price Index, All items, Percentage change, Corresponding period previous year, Percent",PCPI_PC_CP_A_PT,Value,NA,NA,NA,NA,NA,NA,NA,NA,NA,NA,NA,NA,NA,NA,NA,NA,NA,NA,NA,NA,1.255230125529233,3.451628585578269,7.377819548184606,6.105032823029313,3.092783505154494,5.449999999250506,7.064959696588149,8.20785355844014,8.005207103664674,3.487919243951934,6.514841416529806,5.869869590719096,6.562360902565358,9.303382979736734,15.27520622183945,9.605612075386755,9.01029083562224,10.92223781003293,10.21365457104045,9.61105037907122,12.30532407601816,11.76738743441813,10.12082567798235,6.908228811588419,6.290779360237712,4.678751451832504,3.678184118634524,4.01999345683163,4.535133010157198,4.772723424355225,2.641603063819998,2.39515331724415,2.096044429332168,1.25785667953259,1.992014638095256,2.083608423828461,2.126298022755842,2.182166779071162,1.845651220078887,2.497795444045302,2.903282032364525,2.337870002552615,2.42443661219697,2.075078206465074,1.154356931249319,1.817814582912544,1.924221384645941,1.693265862203153,3.416267942583731,1.304709910243369,2.310924369747885,2.7586822605125,2.397914856646402,0.7890717800780622,0.5640205404495403,0.4520341536915749,0.2500000000000313,1.147132169576017,0.8136094674556311,0.7581315725116201,0.4207119741101152,1.853045439896803,7.696566998892597,3.305178112376057,1.372200497689179,1.89367372703052
Dominican Republic,243,"Prices, Consumer Price Index, All items, Index",PCPI_IX,Value,NA,NA,NA,NA,NA,NA,NA,NA,NA,NA,NA,NA,NA,NA,NA,NA,NA,NA,NA,NA,0.4545806709661237,0.4368520247938996,0.4768551238389187,0.5177673842258698,0.5286773203290568,0.5186765455678017,0.5200402875806998,0.5264801804212798,0.5266695890334248,0.5317078581381488,0.5520013747224278,0.5717631834481208,0.6211677052663458,0.7148369062745771,0.8087719612136423,0.9260578529212864,0.9979713407344715,1.126245861512072,1.165415007059802,1.272327908804202,1.485482729784222,1.597111392952782,1.719230412093712,1.815999415554773,2.181953772172474,3.171168164814645,3.413412834111365,3.875954978827835,5.576097372760698,7.843222365207891,11.80110682282952,17.35696848013493,18.09620634802282,19.04631849249152,20.61969067298483,23.20456673568143,24.45744948045054,26.48657829709464,27.76632118556284,29.56295262320834,31.84643518946339,34.67537583837123,36.48659821893219,46.50206461842252,70.43242691153507,73.38368829855013,78.94089209024979,83.79067833293608,92.709878554718415,94.04689529052997,99.99999999999997,105.7967680920653,109.705426598742,115.005241966313,118.4538377545702,119.4449959145366,121.373036513831,125.3535343643448,129.8216786895177,132.1722348987051,137.1697091298792,148.4766130267115,161.5590241367592,169.2906134919004,174.8809846559401,181.6543309924491
Dominican Republic,243,"Prices, Consumer Price Index, All items, Percentage change, Corresponding period previous year, Percent",PCPI_PC_CP_A_PT,Value,NA,NA,NA,NA,NA,NA,NA,NA,NA,NA,NA,NA,NA,NA,NA,NA,NA,NA,NA,NA,-3.562191799760546,-3.900000000999883,9.157127991770665,8.57959961876623,2.107111501335447,-1.891659501306102,0.2629272567945394,1.238344988719871,0.03597639933823125,0.9566280661791255,3.816666666417091,3.580028896781311,8.64073155607574,15.07953491691388,13.14076737148537,14.50172574376158,7.765550239256774,12.85352750542866,3.477850342121781,9.173805133514458,16.75313568971018,7.514638906961573,7.646243066061479,5.628623294489878,20.15167810535363,45.33617555321781,7.638972665799299,13.55072378278224,43.86383235150527,40.65791611750049,50.46247923785241,47.07915741053597,4.259026388933923,5.250338806909707,8.26076798575834,12.53595945589626,5.39929385038922,8.296567547920457,4.831665585918953,6.470541868469282,7.724135661816155,8.883068488129606,5.223367697594469,27.44971273943949,51.46085983380652,4.190202604720564,7.572805238530736,6.143566552480474,10.64462109537119,1.442151318343533,6.329932201461462,5.796768092065332,3.694497078847768,4.830950967408,2.998642261252189,0.8367463467245569,1.614166072452228,3.279556946785462,3.564434260135075,1.810603770429594,3.781031799155165,8.243003479818094,8.81109209279587,4.785612810211353,3.302233389512271,3.873117680481297
Ecuador,248,"Prices, Consumer Price Index, All items, Index",PCPI_IX,Value,NA,NA,NA,NA,NA,NA,NA,NA,NA,NA,NA,NA,NA,NA,NA,NA,NA,NA,NA,NA,0.01224261929499258,0.01273056364012806,0.01309604352213956,0.01387388421353696,0.01443358508002682,0.01487656200515771,0.01568788907315396,0.01628687435193252,0.01699008558072696,0.01806499417324931,0.01899918490303832,0.0208082247403983,0.0223740681850825,0.02508762794341348,0.03078354346886424,0.03518241156692907,0.03876209180995183,0.04377961739942005,0.04951393235787714,0.0545233514012719,0.06101669510129383,0.06958830131374427,0.08092039992268481,0.120100618865638,0.157595529468857,0.2017122085366164,0.2481669862626704,0.3213861670621366,0.5084852589834326,0.8931451543431135,1.326491261000478,1.972732343684421,3.049998500781017,4.421126966462415,5.628575726237814,6.919440848919631,8.608577329664362,11.24775774151279,15.30802205210017,23.3052397264052,45.70073044995485,62.9192783312019,70.7738681077356,76.38578634587714,78.48122567217041,80.18291604702816,82.82794875738304,84.71326592060235,91.82926153173408,96.56762230937527,100,104.4745326579584,109.8045326760332,112.7931658485714,116.8415609032661,121.4762522768923,123.5756833827857,124.0914086884803,123.8133158135954,124.1426747294732,123.7219894774268,123.8868507433115,128.1809792534775,131.0210693706664,133.0483913369003,NA
Ecuador,248,"Prices, Consumer Price Index, All items, Percentage change, Corresponding period previous year, Percent",PCPI_PC_CP_A_PT,Value,NA,NA,NA,NA,NA,NA,NA,NA,NA,NA,NA,NA,NA,NA,NA,NA,NA,NA,NA,NA,1.676599126112848,3.985620506349134,2.870885314609869,5.939509059224023,4.034204537643116,3.069070661757355,5.453726927733455,3.818138157310016,4.317656129710367,6.3266814485130896,5.171276120157083,9.52167078004847,7.525117900347262,12.1281464590342,22.70408162261578,14.2896742946894,10.17463011656542,12.94441387237005,13.09813858385398,10.11719086900157,11.90928938361345,14.04796867188679,16.28448804612846,48.41822208044922,31.21958151203721,27.99361074292241,23.03022611426178,29.50399724883951,58.21628654139376,75.64819010263855,48.51911299637291,48.71808067521902,54.60782150935965,44.95505375921632,27.31088179404955,22.93413441458025,24.41145921506743,30.65756757221726,36.09843316238856,52.24200518582255,96.09637569260963,37.67674545180943,12.48359800820948,7.929364874615559,2.743231989267045,2.168277011837205,3.298748462582153,2.27618478002121,8.400095939874621,5.159968291810473,3.554377345678426,4.4745326579584,5.101721809586659,2.72177577710371,3.589220166166633,3.966646232553579,1.728264633245326,0.4173355886668246,-0.2241032460055521,0.2660125154661552,-0.3388723925621392,0.1332513860963892,3.466169722130768,2.215687642370582,1.547325156153691,NA
Egypt,469,"Prices, Consumer Price Index, All items, Index",PCPI_IX,Value,NA,NA,NA,NA,NA,NA,NA,NA,NA,NA,NA,NA,NA,NA,NA,NA,NA,NA,NA,NA,1.20872070863002,1.21710447711338,1.18055389751081,1.1893684525188,1.23291102876457,1.4158627513308,1.54380634865603,1.55464228658054,1.52859022194483,1.58071240136806,1.64019300612286,1.6917019834377,1.72726770586276,1.81556880983419,1.99756719633179,2.19072586125566,2.41675215932171,2.72445697854963,3.02627505751449,3.326008249304881,4.018457387998569,4.43305305816039,5.090164905277091,5.90865700249978,6.915277457580851,7.752493230230211,9.60257068310286,11.4936619011958,13.5238432796011,16.3992648629815,19.1471871327422,22.9284779653364,26.0553317615891,29.20536725122731,31.5868404447804,36.5593136759471,39.18686946082201,40.9994995628414,42.58723612338749,43.89870968775801,45.0768656084691,46.10000101329711,47.36186801258501,49.496835104023,55.07543497001089,57.75727653094989,62.17254680942281,67.9663872091587,80.4156759553908,89.8753703283582,100,110.0649259874818,117.8924457248174,129.0565300128793,142.0528006616658,156.7843726369793,178.4419484794417,231.0941154279007,264.3750553825586,288.5727743762627,303.1310771817081,318.9364813082664,363.2548134844875,486.342894474661,623.8348998360248,711.6303897089501
Egypt,469,"Prices, Consumer Price Index, All items, Percentage change, Corresponding period previous year, Percent",PCPI_PC_CP_A_PT,Value,NA,NA,NA,NA,NA,NA,NA,NA,NA,NA,NA,NA,NA,NA,NA,NA,NA,NA,NA,NA,0.3328290470917517,0.6936067549353294,-3.003076587907836,0.7466457081354295,3.660982948854677,14.83900446162409,9.036440658176298,0.7018974843537398,-1.675759424569103,3.409820282437421,3.762898595805365,3.14042171394198,2.102363346101129,5.112184039087567,10.02431775164838,9.669695481512449,10.31741588774135,12.73216279298912,11.07810038261399,9.904360512311293,20.81922493242181,10.31728422453956,14.82300884955766,16.07987388334196,17.03636637996078,12.10675605982468,23.86428982173662,19.69359331476304,17.66348615313001,21.26186708860777,16.75637470776912,19.74854481955781,13.63742417172183,12.08979228689772,8.154231285870964,15.74223050215958,7.18710369719992,4.625605788264381,3.872575464274898,3.079499126383321,2.683805353485461,2.269757204759556,2.737238550003342,4.507776363193035,11.27061933205195,4.869396968719882,7.644526445264343,9.318969057992298,18.31683168316841,11.76349543864433,11.26518826531855,10.0649259874818,7.111729433430828,9.46971981064921,10.0702154687481,10.370490343517,13.81360621482898,29.50660839400387,14.40146578074216,9.152799593248037,5.044932889775388,5.214049405130425,13.89566097751779,33.88477631155461,28.27058993220827,14.07351366459337
Spain,184,"Prices, Consumer Price Index, All items, Index",PCPI_IX,Value,NA,NA,NA,NA,NA,NA,NA,NA,NA,NA,NA,NA,NA,NA,NA,NA,NA,NA,NA,NA,2.858817263663204,2.881952324528438,3.046410276632518,3.312779181438362,3.543986214458854,4.012293437804956,4.262675276770298,4.535129754933215,4.759816686890148,4.862645250364166,5.141330492860651,5.564816083511419,6.025153671535824,6.713027849491688,7.765655682639894,9.082189495128787,10.68291449980853,13.30429482130013,15.93504224126217,18.43050739875353,21.29864491589282,24.39745839774916,27.91435252711166,31.31266610731398,34.84482144265481,37.91620257181869,41.25090958155921,43.41576500346351,45.51590306791954,48.60708642188813,51.87436704620931,54.95270270912298,58.20839276059545,60.86797598267591,63.73997892450353,66.71906021149613,69.09348854578123,70.455372303681,71.74775633381381,73.40537928767102,75.92576446184796,78.65137347052993,81.06255469604439,83.52595526255527,86.06451686467307,88.96387044175874,92.09146271356995,94.65786525555228,98.51549828155837,98.2319577881941,100,103.1961018883379,105.7204104495694,107.2095681613673,107.0475585966266,106.5119293201205,106.2961382811023,108.3753718855918,110.1906391728675,110.9614436239972,110.6033122166614,114.0244221104574,123.5917282952318,127.9574347186973,131.5072020615599,135.0224770454777
Spain,184,"Prices, Consumer Price Index, All items, Percentage change, Corresponding period previous year, Percent",PCPI_PC_CP_A_PT,Value,NA,NA,NA,NA,NA,NA,NA,NA,NA,NA,NA,NA,NA,NA,NA,NA,NA,NA,NA,NA,1.177771084096319,0.8092528738821668,5.706477192713088,8.743697684091535,6.979246739896052,13.21413783821983,6.240367082979873,6.391631087821159,4.954366117364635,2.160347135998668,5.731144842935316,8.236887148936022,8.27228754941943,11.41670761370844,15.68037339853895,16.95328593349822,17.62488005274815,24.53806329292051,19.77367049736618,15.66023559717719,15.56190209572453,14.54934571703216,14.41500205483272,12.17407273516993,11.28027656040376,8.814455066783871,8.79493932290321,5.248018634895935,4.837270664903614,6.791435840250995,6.721819522286568,5.934213443359243,5.924531262284896,4.569071736818135,4.718413739673293,4.673803376247044,3.558845593385577,1.971073955829265,1.834329999084099,2.310348139870673,3.433515634187667,3.58983413338112,3.06565685902219,3.038888393966551,3.039248810909246,3.368814097503833,3.515575768321282,2.786797458049456,4.0753433595733934,-0.2878130835352405,1.799864577287688,3.1961018883379,2.446127823668086,1.408581091830187,-0.1511148375272346,-0.5003657099032423,-0.202598000426452,1.956076333639633,1.674981368637901,0.6995189944587389,-0.3227530172997392,3.093135119764199,8.390576341186266,3.532361334924329,2.774178265347722,2.673066515605938
Finland,172,"Prices, Consumer Price Index, All items, Index",PCPI_IX,Value,NA,NA,NA,NA,NA,NA,NA,NA,NA,NA,NA,NA,NA,NA,NA,NA,NA,NA,NA,NA,8.136875458174146,8.274470178020662,8.637221525904199,9.068770097717282,10.00066428394805,10.49475591023683,10.90128644429737,11.48753384634151,12.54342981833289,12.82008907805674,13.17141341836167,14.02436325523179,14.95873615350564,16.56746922720703,19.37340208522602,22.82407568836979,26.09766281389229,29.17545072713028,31.45094646092596,33.79937652867131,37.71828554577785,41.98262312249577,46.00662717300499,49.85567622066007,53.37930410349782,56.1526909465487,57.79997461088072,60.17730424888415,63.23787898478118,67.40709530687698,71.55233865755964,74.63639678750943,76.81527442923482,78.49803069320039,79.35252632525462,79.98039478394126,80.48362681954823,81.44344142131631,82.58322103425971,83.5430292896546,86.08449245759839,88.30413013444937,89.69158240088336,90.4785725679397,90.64787657878043,91.21340552024581,92.64241293170365,94.96835417273766,98.82972334400414,98.8297224373794,99.99999999999999,103.4168075425521,106.3210992121449,107.8928293036493,109.0162053551459,108.7895292240422,109.1775646133774,110.0007798786025,111.1929914135928,112.3317120888382,112.6580969957556,115.1304626656556,123.3317900766984,131.0408202531409,133.0925120430137,133.5421979147667
Finland,172,"Prices, Consumer Price Index, All items, Percentage change, Corresponding period previous year, Percent",PCPI_PC_CP_A_PT,Value,NA,NA,NA,NA,NA,NA,NA,NA,NA,NA,NA,NA,NA,NA,NA,NA,NA,NA,NA,NA,3.41812725350792,1.69100191533953,4.383982781726682,4.996381886452852,10.27586074174862,4.9405880675530804,3.873654018613245,5.377781833728578,9.191667995195123,2.205610935212455,2.7404204305122,6.475765430618565,6.662497835153279,10.75447188313684,16.93639999892741,17.81139723402129,14.34269308522573,11.79334691840537,7.799350745521454,7.466961513107383,11.59461924921074,11.30575665095485,9.58492764677445,8.366292606456405,7.067656383281724,5.195621954294354,2.933579204423268,4.113028862050578,5.085928613948807,6.592909801891305,6.149565311798498,4.310212898434653,2.919323192850114,2.190653195564366,1.088556775894045,0.7912394069384979,0.6291942381209659,1.192558834258393,1.399473785798403,1.162231556694444,3.042100806677952,2.578440800988959,1.571220127893797,0.8774403862547853,0.1871205590844184,0.6238744500251906,1.566663807043863,2.510665652403401,4.065953553583794,-9.173603844303423e-7,1.184135231546464,3.41680754255211,2.808336225615738,1.478286156888099,1.041196211784395,-0.2079288399052684,0.3566845008916954,0.7540150470843461,1.083820984093051,1.024093929634307,0.2905545556532394,2.194574323400072,7.123507733014024,6.250643221547629,1.565689062316155,0.3378746594005736
France,132,"Prices, Consumer Price Index, All items, Index",PCPI_IX,Value,NA,NA,NA,NA,NA,NA,NA,NA,NA,NA,NA,NA,NA,NA,NA,NA,NA,NA,NA,NA,10.43359341181439,10.68404775730701,11.25364426613173,11.81623114958911,12.19567298386387,12.5253347762586,12.85124408312656,13.21002217177849,13.81018054162487,14.64513892554857,15.42127874852628,16.2536451459642,17.23910415456896,18.51145365922327,21.03814073800348,23.49664255925671,25.75831089760509,28.2039478083373,30.81297049041861,34.09354554892749,38.71750954618241,43.87251579299298,49.12777279206037,53.77503827271286,57.90162856992027,61.27793028207428,62.83348642418483,64.90001583698461,66.65284537823996,68.98456333914022,71.18812578085128,73.47569022858045,75.21247954389482,76.79529817522742,78.06665610867687,79.4691090816308,81.04488905312427,82.02062327332871,82.55468158862548,82.99811715849302,84.3891323092083,85.76870963768496,87.41839553748964,89.25284625807245,91.16472223688608,92.75633919301762,94.31012335251363,95.71345615794749,98.40574354642872,98.4919671294585,99.99999999999996,102.1115979517499,104.1070580161537,105.0062468106072,105.5394252934241,105.5790177550194,105.7725809005965,106.8644530081471,108.842316422953,110.0485667528902,110.5729469109081,112.388921149413,118.2582836227982,124.0273451934751,126.5067131218216,127.7006457970402
France,132,"Prices, Consumer Price Index, All items, Percentage change, Corresponding period previous year, Percent",PCPI_PC_CP_A_PT,Value,NA,NA,NA,NA,NA,NA,NA,NA,NA,NA,NA,NA,NA,NA,NA,NA,NA,NA,NA,NA,4.139935755184373,2.400461045463207,5.331280070656394,4.999152897968408,3.211191702931052,2.703104558730842,2.602000766364436,2.791777094351502,4.543204864020145,6.045962841738932,5.299641245626748,5.397518655951046,6.063003097181869,7.380601063989124,13.6493174728139,11.6859272493228,9.625495781555292,9.494554671904345,9.250558467244304,10.64673417166639,13.56257884830163,13.31440556800705,11.97847195238055,9.459548472353184,7.673802622473207,5.831099738545159,2.538525917814165,3.288898214001325,2.700815275081126,3.498302207007493,3.194283380294748,3.213407324096874,2.363760462693533,2.104462771246439,1.655515329269929,1.796481420955946,1.982883650897377,1.203942940269625,0.6511268678330489,0.5371416391346451,1.675959887209273,1.634780795496015,1.923412287270605,2.098472191469232,2.142089646402409,1.745869363804815,1.675124496087232,1.487998059538597,2.812861949147866,0.08762047815745524,1.53112270420926,2.111597951749941,1.954195316135099,0.8637154978618049,0.5077588229379902,0.03751438051251821,0.1833348611238597,1.032282750646621,1.850815083155025,1.108254922882937,0.4764988527250658,1.642331410383848,5.222367483697351,4.878357265084407,1.99904942291463,0.943770212469977
United Kingdom,112,"Prices, Consumer Price Index, All items, Index",PCPI_IX,Value,NA,NA,NA,NA,NA,NA,NA,NA,NA,NA,NA,NA,NA,NA,NA,NA,NA,NA,NA,NA,6.273283798779362,6.489555021268727,6.761889125208062,6.898380802663216,7.124757166635843,7.464877011281673,7.756725171074534,7.949256056963194,8.322666635842426,8.775974292583687,9.33470270020344,10.21635019419271,10.93875836878121,11.94469021638617,13.8610976511929,17.21649343443684,20.06746254854817,23.24620214536712,25.16706861475865,28.54481135565008,33.67315054558903,37.67238487146292,40.91178194932496,42.79753005363418,44.9205918254115,47.64789809506195,49.28108193083042,51.32571573885705,53.4584797484742,56.5378213427039,61.09672646569264,65.65563158868135,68.67024227852782,70.42722396892914,71.99001294618087,73.93194007767708,76.04031810615868,77.7140743480673,79.1289069724431,80.51599778065469,81.46846680229334,82.71684852968374,83.9744775291289,85.1303865359719,86.31403735897908,88.11725540965413,90.28111707046419,92.4357314592195,95.69077122248935,97.56796744960236,100,103.8561124468282,106.5285740706492,108.9698538931015,110.5511374144627,110.9580173848714,112.0769373034955,114.943591640466,117.579064176068,119.6227113001664,120.8063621231737,123.8487146291845,133.6600702792676,142.740891437026,147.4107638246717,153.1348252265582
United Kingdom,112,"Prices, Consumer Price Index, All items, Percentage change, Corresponding period previous year, Percent",PCPI_PC_CP_A_PT,Value,NA,NA,NA,NA,NA,NA,NA,NA,NA,NA,NA,NA,NA,NA,NA,NA,NA,NA,NA,NA,1.003575703901721,3.447496230466195,4.196498882385512,2.01854355976229,3.281586946972125,4.773774553869143,3.909617792118888,2.482115604748039,4.697427988272449,5.44666363048887,6.366568417274406,9.444837423371334,7.07109839479797,9.196033166578122,16.04401118898614,24.20728767432911,16.55952255880837,15.84026674587677,8.263141038607682,13.42127997740122,17.96592426568572,11.87662651422964,8.598863833321857,4.609303272697792,4.960710978219265,6.071394340151186,3.427609403693144,4.148922320529452,4.155351715831023,5.760249091852616,8.063460909388327,7.461782957469335,4.591549295774609,2.558577969297048,2.219012605042045,2.697495183044318,2.851782363977489,2.201143135108819,1.820561637315566,1.752950800514202,1.182956242104084,1.532349602724177,1.52040245947455,1.37650038542013,1.390397566804219,2.089136490250696,2.455661664392905,2.386561507733271,3.521408563425387,1.961731735601091,2.492654724670655,3.8561124468282,2.573234796545302,2.291666666666594,1.451120162932792,0.3680468423253604,1.008417368114095,2.557755775577473,2.292839903459376,1.738104600865128,0.9894867037724913,2.51837109614213,7.922048831479023,6.793967067939626,3.271572946359201,3.883068816259998
Greece,174,"Prices, Consumer Price Index, All items, Index",PCPI_IX,Value,NA,NA,NA,NA,NA,NA,NA,NA,NA,NA,NA,NA,NA,NA,NA,NA,NA,NA,NA,NA,1.121349543678094,1.144938021119892,1.139494661852501,1.175783723635111,1.183041871581976,1.221146141531989,1.281024016346741,1.304612242095781,1.306426443492153,1.340901975059077,1.379005993316333,1.424367991725282,1.486060235731578,1.714685016455799,2.170119873122353,2.465880341017848,2.787043487751512,3.131795111926974,3.525537724587232,4.198710056160125,5.234779297878053,6.517617851211512,7.885736790402719,9.477037570538682,11.22619669230245,13.39450211233567,16.4773071586513,19.17906866649092,21.77377769376461,24.74710981416258,29.80381027765731,35.60239360148016,41.25501190544498,47.20038076751544,52.33298589385425,57.00868392869007,61.68029027826408,65.09491279353534,68.19748327210084,69.99560066229093,72.20128916862622,74.6373377933514,77.34619452002622,80.0770181516035,82.3983292768991,85.31940998083104,88.0461729692533,90.5951125075436,94.3573436953788,95.49913614431249,100,103.3298532335065,104.8813788393728,103.9151387329221,102.5515009315863,100.7713216842263,99.93929925766332,101.0598731681602,101.6921253751093,101.9494141016288,100.6771021783917,101.909213734394,111.7386221722644,115.6101433892801,118.7795844386456,121.727250609581
Greece,174,"Prices, Consumer Price Index, All items, Percentage change, Corresponding period previous year, Percent",PCPI_PC_CP_A_PT,Value,NA,NA,NA,NA,NA,NA,NA,NA,NA,NA,NA,NA,NA,NA,NA,NA,NA,NA,NA,NA,1.477847584933761,2.103579349970249,-0.4754282910499135,3.184662727916083,0.6173029785125237,3.220872469970955,4.903415961306008,1.841357027505975,0.1390605835077551,2.638918688354847,2.841670678841175,3.289470722303331,4.331201232033483,15.38462407021277,26.56084658673485,13.62876178217551,13.0242794587955,12.36979708750779,12.57242567244415,19.09417468087673,24.67589397362321,24.50606759779662,20.99108862200163,20.17948128921377,18.45681320501871,19.31469294066421,23.01545082050135,16.39686316353627,13.52885832150487,13.65556387236124,20.43349910946295,19.45584564457454,15.87707379239191,14.4112644439348,10.87407568091316,8.934514159615174,8.194552176327276,5.536002667734803,4.766225723976405,2.636633060219802,3.151181624938296,3.373968322138674,3.629358718788736,3.530650277655515,2.898848107581697,3.545072733350776,3.195946841445446,2.895003215165783,4.152797081102934,1.210072691978091,4.712989077603883,3.3298532335065,1.501526961777577,-0.9212694542569938,-1.312260964055063,-1.735888047652842,-0.8256539783909733,1.121254520314194,0.6256214134536403,0.2530075220381571,-1.247983555814052,1.223825010198543,9.645259812806318,3.464801285134052,2.741490457886055,2.481626943608299
Guatemala,258,"Prices, Consumer Price Index, All items, Index",PCPI_IX,Value,NA,NA,NA,NA,NA,NA,NA,NA,NA,NA,NA,NA,NA,NA,NA,NA,NA,NA,NA,NA,1.755258964429808,1.745546495521138,1.781374714166318,1.784072622192178,1.780619299914628,1.766374345515248,1.778460973488318,1.787094279189218,1.821519585652228,1.859721963361819,1.903320157127449,1.894686851429778,1.904723069303138,2.167499311445319,2.525026083603301,2.857300436599823,3.163745908403725,3.553664293950667,3.848191146622998,4.284706317829108,4.748476212688561,5.291372724691473,5.307637640448994,5.548534230387954,5.737558926849936,6.809724589059881,9.324632237003282,10.47372655472565,11.60831432597325,12.93016842443966,18.26022527309438,24.31648863011851,26.75930313799262,29.92216986179223,33.17031749517045,35.96040993380235,39.93652244481938,43.62382280329499,46.50886718248851,48.93365840534863,51.85870568542683,55.63706546654236,60.16182244579788,63.53297618153829,68.3479005922599,74.57347154195065,79.46612725851406,84.88700253068407,94.52656776535753,96.28391359458718,100,106.214123930671,110.2309376852452,115.0186766104913,118.9504309957146,121.7918241216233,127.2096627777194,132.8381008047735,137.8220028537747,142.9213948803981,147.5155182549247,153.8012301252104,164.3906420439437,174.59367205225,179.6043839106889,NA
Guatemala,258,"Prices, Consumer Price Index, All items, Percentage change, Corresponding period previous year, Percent",PCPI_PC_CP_A_PT,Value,NA,NA,NA,NA,NA,NA,NA,NA,NA,NA,NA,NA,NA,NA,NA,NA,NA,NA,NA,NA,-1.190693153460005,-0.5533353827265639,2.05255023209699,0.1514508993759137,-0.1935639970365518,-0.8000000000035367,0.6842619744652345,0.485436893448745,1.926328502300859,2.097280644715766,2.34433934881414,-0.4535918807638048,0.5297032523230116,13.79603399450191,16.49489668901339,13.15924437985824,10.72499999925003,12.32457968609989,8.287976249577042,11.343385881160721,10.82384323354108,11.43306795035048,0.3073855614370724,4.538678151332532,3.406750118377937,18.68679129712383,36.93112129650162,12.32321327550458,10.83270376899122,11.38713219979581,41.22186713809726,33.16642191675347,10.04591799840882,11.81969017462566,10.85532114943909,8.411413122705664,11.05691653219874,9.232902948849347,6.613460705180581,5.213610586011222,5.977577347371358,7.285873666101375,8.13263054281054,5.60347675434469,7.578622473097291,9.108649857192203,6.560852827953838,6.821617535903265,11.355761126315,1.859102547330285,3.859509098331602,6.214123930671,3.781807546796779,4.343371312795206,3.418361696629597,2.388720328395503,4.448441999428269,4.424536551825459,3.75186186704508,3.699983980086048,3.214440621973451,4.261051274228131,6.885128233442869,6.206575922721259,2.869927529182938,NA
Honduras,268,"Prices, Consumer Price Index, All items, Index",PCPI_IX,Value,NA,NA,NA,NA,NA,NA,NA,NA,NA,NA,NA,NA,NA,NA,NA,NA,NA,NA,NA,NA,1.561930287925078,1.586343139211401,1.603668388516409,1.6530847245939,1.727012350876154,1.782039705196459,1.813835475221414,1.851778029122912,1.886243775296218,1.909976767178255,1.965001028615294,2.008687873548931,2.081247339180163,2.189330709858516,2.4706498047269,2.677595447332337,2.808353651023472,3.045230073201799,3.220279784032613,3.611072196562619,4.263287555391202,4.66427922043805,5.083253778129445,5.502765138561169,5.762846077945896,5.956631875902739,6.215907611154169,6.370506807323649,6.65662268078507,7.31232725758268,9.017749640297428,12.08128301711612,13.13958966726473,14.55191774057993,17.71395442467854,22.93328770360063,28.40008705694244,34.13686680088973,38.80273053722691,43.32858051991884,48.11553723238138,52.77030915693548,56.8286149121045,61.18973737985317,66.1545447665178,71.98213880269432,75.99712404450165,81.26844774086123,90.5358359191705,95.51199576174982,100,106.7622795731476,112.3098463634299,118.1071671838341,125.3462499053961,129.3044728676303,132.827518353137,138.0534322258382,144.0550972527056,150.3443578294103,155.558919246197,162.5293271777795,177.302656474684,189.1167789298417,197.8278967683342,206.9212139559524
Honduras,268,"Prices, Consumer Price Index, All items, Percentage change, Corresponding period previous year, Percent",PCPI_PC_CP_A_PT,Value,NA,NA,NA,NA,NA,NA,NA,NA,NA,NA,NA,NA,NA,NA,NA,NA,NA,NA,NA,NA,-1.746238157107513,1.562992373926872,1.09215017084013,3.081456018672738,4.472101470807263,3.186274509987629,1.784234657187378,2.091840986673081,1.861224489720864,1.25821445737097,2.880886426609799,2.22324794223759,3.612281757993322,5.19320162691133,12.84954774541869,8.376162506297096,4.883418957908976,8.434707718951284,5.74832464618229,12.13535589260614,18.06154303559555,9.405691261424957,8.982621706168924,8.2528116584826,4.726368159203892,3.362675236086053,4.352723832075593,2.487154022238983,4.491257636401817,9.85040925769098,23.32256643664671,33.9722602535864,8.759886252554942,10.74864671637196,21.72934688381901,29.46452922815853,23.8378353073358,20.19986675549618,13.66810774858685,11.66374097913001,11.04803493449756,9.674155568653767,7.690509720342706,7.674166393979366,8.113790970933799,8.80906074819819,5.577752076542976,6.936214708957736,11.40342708139322,5.496342737722084,4.698890649762262,6.7622795731476,5.196186155318475,5.161898985814935,6.129249303130224,3.157831179809234,2.724612232952886,3.934360844420443,4.347349377775284,4.365871598192668,3.468411779511841,4.480879634134452,9.08963911525025,6.663251803474568,4.606210981271069,4.596579823252584
Haiti,263,"Prices, Consumer Price Index, All items, Index",PCPI_IX,Value,NA,NA,NA,NA,NA,NA,NA,NA,NA,NA,NA,NA,NA,NA,NA,NA,NA,NA,NA,NA,0.8529711700064725,0.885210975767997,0.8802989023546278,0.9182118069846253,1.002339712148005,1.02503210761638,1.110128590634549,1.07754286421036,1.091725611382586,1.10715367293697,1.122304997960531,1.229817139921085,1.269044543065081,1.557611559864272,1.790485349974302,2.090813669303573,2.237968319203336,2.383254997523278,2.319536411460885,2.623254753284319,3.08962499069443,3.425106770923692,3.677168676409377,4.053845456530014,4.31337395574061,4.772698204354608,4.929239203903744,4.364867705603549,4.544065955063824,4.858692766616197,5.89242979475272,6.801037010766107,8.117615396920122,10.52903191373787,14.67027068700754,18.72046618362173,22.57381135233255,27.21476288508229,28.64871839468852,29.50943883295553,32.26362026300571,36.56007695880834,39.13130112838155,50.36181933546649,60.95383354108129,69.47091777702683,77.35254291721726,82.42472530844553,95.02068594780108,95.39495916502644,99.99999999999999,106.3327948384904,111.6686186693264,116.9896552027563,121.0119544529083,129.1582864505081,144.0152445329317,159.3962004255065,179.2910955055606,212.8253121713623,261.341632995889,305.3555468908343,409.1273681428189,559.7415384121776,710.5866013445922,914.1184838279728
Haiti,263,"Prices, Consumer Price Index, All items, Percentage change, Corresponding period previous year, Percent",PCPI_PC_CP_A_PT,Value,NA,NA,NA,NA,NA,NA,NA,NA,NA,NA,NA,NA,NA,NA,NA,NA,NA,NA,NA,NA,-5.030041595936912,3.779706383426753,-0.5549042598695245,4.306821754359556,9.162145871294417,2.263942572897306,8.301835853322997,-2.935310981006535,1.31621187827357,1.413181242019737,1.368493407366726,9.579583282256307,3.189693969179284,22.73891947891953,14.95069734397209,16.77357032458163,7.038152278236185,6.491900581133366,-2.673594983692912,13.09392429981933,17.7783052456577,10.85833333299969,7.359242276050515,10.24366335265448,6.402032391060749,10.64883901389282,3.279926633666215,-11.44946461217052,4.105468058750626,6.923905037112382,21.27603200678322,15.41990736694925,19.35849465412199,29.70597150651724,39.33161953727525,27.60818517276012,20.58359621451124,20.55900733958331,5.269035470422009,3.004394215507343,9.33322197565603,13.31672224250995,7.032874062246006,28.6995777887374,21.0318339277222,13.973008326384,11.34521522442992,6.557227726380661,15.28177448237724,0.393886040173341,4.827341900746726,6.332794838490421,5.018041554292463,4.765024047791418,3.438166599586007,6.731840696589971,11.50290739426665,10.6800887242584,12.4814111170435,18.70378256725062,22.79631136425277,16.84152401987848,33.98393194707002,36.81351627808535,26.94905640919872,28.64279766860954
Indonesia,536,"Prices, Consumer Price Index, All items, Index",PCPI_IX,Value,NA,NA,NA,NA,NA,NA,NA,NA,NA,NA,NA,NA,NA,NA,NA,NA,NA,NA,NA,NA,2.77683773865016e-4,3.157040460812532e-4,7.305323732976947e-4,0.001796457862217192,0.003754501881353395,0.01527192862914348,0.1887998456912111,0.388927682123894,0.8900339392293161,1.027810101230201,1.155253091106095,1.204163571224521,1.282695999575055,1.680868983747715,2.361483285901356,2.81407789110452,3.372071546655092,3.744755748330191,4.048552588099432,4.705744799165362,5.554445737834797,6.23574891903463,6.824741928146305,7.63004360901633,8.427767661081763,8.825940509576197,9.339845526271747,10.20645748295593,11.02760339545609,11.73508379046153,12.65267317646262,13.84443704696617,14.88602466128101,16.32578770197654,17.718703629847,19.38785920046586,20.93370768764348,22.23707205307406,35.23487223419092,42.45021033177464,44.01603743742094,49.07793282557565,54.91826574194718,58.62926461249383,62.18457950503089,68.6848580863441,77.68853014963473,82.66569313018412,91.11963773371505,95.11652147626857,99.99999999999999,105.3560484911258,109.8647756197628,116.9098484006149,124.3861499940403,132.3009907427426,136.9656650651435,142.182411367013,146.7298990506526,151.1766727886942,154.0790158769978,156.4827699849104,163.0698568506546,169.0535202427499,172.7414443177586,NA
Indonesia,536,"Prices, Consumer Price Index, All items, Percentage change, Corresponding period previous year, Percent",PCPI_PC_CP_A_PT,Value,NA,NA,NA,NA,NA,NA,NA,NA,NA,NA,NA,NA,NA,NA,NA,NA,NA,NA,NA,NA,39.59044368600674,13.6919315403424,131.3978494623653,145.9107806691447,108.9947089947092,306.7631103074148,1136.254112207699,105.9999999999995,128.8430420711975,15.4798773314404,12.39946851304104,4.233745877416069,6.521740918526037,31.04188243391816,40.49181160069498,19.16569166105331,19.82864999275342,11.0520846464477,8.112594256773779,16.23276953343083,18.03542212531299,12.26590758748531,9.445425349211435,11.79973820766518,10.45503922314116,4.724535185433977,5.822665767324843,9.27865406602839,8.04535671530907,6.415540799163637,7.8191975650563474,9.41906784347004,7.523510062426775,9.671910892640103,8.531998291891433,9.420303005729957,7.973280965133457,6.226151548872136,58.45104135155258,20.47783244288924,3.688620370566819,11.50011605508873,11.90012003384135,6.757312563335641,6.064061891336475,10.45320018733474,13.10867098534595,6.406560879660048,10.22666632724826,4.386413117920736,5.134206390158854,5.356048491125821,4.279514269194305,6.412494579003911,6.394928823965593,6.363120611966463,3.525804528154512,3.808798576919489,3.198347559249961,3.030584609416606,1.919835272707928,1.560078829833344,4.209464637147842,3.669386548597611,2.181512736151888,NA
India,534,"Prices, Consumer Price Index, All items, Index",PCPI_IX,Value,NA,NA,NA,NA,NA,NA,NA,NA,NA,NA,NA,NA,NA,NA,NA,NA,NA,NA,NA,NA,2.527486688773093,2.570332970156325,2.663692989104688,2.742169682614874,3.108393604926573,3.402906395073424,3.770483183325438,4.262991331122692,4.401001942207485,4.375294078635716,4.598095499763144,4.739714021790618,5.045051018474658,5.899723827569872,7.586970156324017,8.023101847465659,7.410622453813355,8.026257697773568,8.228764092846992,8.745175272382752,9.737409284699195,11.01423164377072,11.88333633349123,13.29366035054476,14.39954760776884,15.19964756039792,16.52653434391285,17.98105542396967,19.66830270014212,21.05969351018474,22.94900757934628,26.13209142586452,29.21249455234485,31.06073709142586,34.24382141165323,37.74521316911414,41.1336584557082,44.08057745144482,49.91280767408809,52.2436461392705,54.33832164850783,56.39192610137377,58.81517290383704,61.05359545239221,63.35363808621506,66.04385125532917,69.87209853150162,74.32496447181434,80.53055423969684,89.29417337754619,99.99999999999999,108.9117933648337,119.235538897084,131.1804102823405,139.924446113916,146.7905015225736,154.0540131053937,159.1811977520902,165.4510688995039,171.6215760033771,182.9888225844253,192.3787246990149,205.2662411462347,216.8620250274262,227.6032781341684,232.6112259286162
India,534,"Prices, Consumer Price Index, All items, Percentage change, Corresponding period previous year, Percent",PCPI_PC_CP_A_PT,Value,NA,NA,NA,NA,NA,NA,NA,NA,NA,NA,NA,NA,NA,NA,NA,NA,NA,NA,NA,NA,1.779877846773824,1.695212939144328,3.632214971069874,2.94616135685229,13.35526115081528,9.474758591706987,10.80184834893417,13.06220247779699,3.237412426275022,-0.5841366104663492,5.092261619975517,3.079938684065371,6.442097461582432,16.94081597917357,28.59873407750903,5.748430297674366,-7.633947633928819,8.307470091711657,2.523048756951798,6.275683367623349,11.34607347950951,13.11254689764195,7.890742793774875,11.86808129867337,8.3189071186008,5.556424232365538,8.729720727025809,8.801125812518325,9.383471861853351,7.074280029423007,8.971232502732498,13.87024617736831,11.78781704181345,6.326890487798667,10.24793555561192,10.22488616375444,8.977152338264526,7.164252114627237,13.23083897679772,4.669820380375936,4.009435910451902,3.779293122356372,4.297152039295634,3.805858995288506,3.767251734775154,4.246343620319219,5.796523375616338,6.37288135593231,8.349267049075815,10.88235294117644,11.9893899204244,8.911793364833711,9.47899691419801,10.01787847461024,6.665656718678994,4.906973441272565,4.948216340621406,3.328173374612977,3.938826466916298,3.729505735391294,6.623436776285355,5.131407471763689,6.699034140798518,5.649143189079247,4.953035509736557,2.200296865450109
Ireland,178,"Prices, Consumer Price Index, All items, Index",PCPI_IX,Value,NA,NA,NA,NA,NA,NA,NA,NA,NA,NA,NA,NA,NA,NA,NA,NA,NA,NA,NA,NA,5.073161070301775,5.213028088472541,5.435297380931681,5.568658956418004,5.942721911998286,6.239152221147846,6.429714562673413,6.634392633347248,6.944938671503935,7.460162780193298,8.072432525877211,8.795863637509848,9.552819605569688,10.64325967131696,12.45007298424617,15.04913158768247,17.75582262481568,20.14793237834422,21.70156203918265,24.58688645460291,29.05050347587951,34.96911101748473,40.965308615968,45.24521065936382,49.15942384663999,51.8118137771224,53.79467347798611,55.49426795871077,56.67883189382769,58.9964598693912,60.95356646302929,62.91066989677692,64.84202654307985,65.79482515272805,67.31416052243523,69.01375184326945,70.22545713081946,71.30819464925214,73.02506846429326,74.21529386981254,78.35475036865388,82.15715188540132,85.95955340214876,88.961449336423,90.89951548346323,93.13250473983572,96.79797767010744,101.5272803876132,105.6246050136929,100.9269012007584,100,102.5489783020855,104.2869180535075,104.8240994312198,105.024225826838,104.6766378765536,104.6977038129345,105.0768906677902,105.5719401727407,106.5620391826417,106.2144512323573,108.7002317253002,117.2108700231725,124.5944807246682,127.2277227722773,130.0400252791236
Ireland,178,"Prices, Consumer Price Index, All items, Percentage change, Corresponding period previous year, Percent",PCPI_PC_CP_A_PT,Value,NA,NA,NA,NA,NA,NA,NA,NA,NA,NA,NA,NA,NA,NA,NA,NA,NA,NA,NA,NA,0.4508372694317764,2.756999358635504,4.263727121490855,2.45362058668928,6.717289719262949,4.98812351543946,3.054298641402731,3.1833150395518,4.680851063829897,7.418699185975541,8.207190160910265,8.961748634176692,8.605817453010662,11.41485038732961,16.97612732120479,20.87585034019516,17.98569586133863,13.47225529379477,7.711112146218693,13.29546882482811,18.1544622557972,20.37351107019336,17.14712620370916,10.44762553485937,8.651110537963858,5.395486201703519,3.827041665426593,3.159410348350138,2.134569891071034,4.089053881535443,3.317328866801183,3.210810371423778,3.069998538359037,1.469415224114222,2.309201926109509,2.524864467808019,1.755744696074194,1.541802022613698,2.40768094534715,1.629886052214069,5.57763269940387,4.852802796074768,4.628205128205152,3.49221909079765,2.178546057305227,2.456546929316387,3.935761140013537,4.885745375408018,4.03568834941391,-4.447546868767464,-0.9183886453767739,2.5489783020855,1.694741166803664,0.5150994849005732,0.1909163987137449,-0.3309597833717876,0.02012477359632367,0.3621730382293778,0.4711307137129156,0.9378429611892739,-0.3261836512800329,2.340341134470437,7.829457364341047,6.299424874191247,2.113449995773167,2.210447884758569
Iran,429,"Prices, Consumer Price Index, All items, Index",PCPI_IX,Value,NA,NA,NA,NA,NA,NA,NA,NA,NA,NA,NA,NA,NA,NA,NA,NA,NA,NA,NA,NA,0.141434222242228,0.1459071705984186,0.1469596290354667,0.1475060978388095,0.1531327025592749,0.1564317549676884,0.1558245674069579,0.1583140364024124,0.1594069740105134,0.1651347766580041,0.167887360261456,0.174930735954397,0.1861232266383449,0.2043995721854779,0.2335243354666592,0.2636003592576629,0.29327159134259,0.3732989117137399,0.4170568951841441,0.4607946390698352,0.5559206900914451,0.6904734533257517,0.8195210493507258,0.9812960548449513,1.104352733614842,1.152826540465735,1.365280978436754,1.755361257990121,2.258634475806725,2.763431444715342,2.974217012442739,3.48365779420319,4.382710534629936,5.311960466338194,6.98241418404714,10.44960078300586,13.47343770996792,15.81097483507741,18.63578481950228,22.3761187395983,25.61545380434203,28.50340337053722,32.5896323907668,37.95649684125331,43.55944842357697,49.41084053417125,54.35978004713277,63.78633150039274,79.99476302697039,90.83529719821944,100,126.2933856738608,160.7169372901514,219.5442149316799,256.0029418603075,287.9640939387514,308.8283178016832,333.6733224223631,393.7816295831525,550.9294252912057,719.4815396700706,1031.657501963864,1480.30950510605,2140.219429169944,2834.846294841585,NA
Iran,429,"Prices, Consumer Price Index, All items, Percentage change, Corresponding period previous year, Percent",PCPI_PC_CP_A_PT,Value,NA,NA,NA,NA,NA,NA,NA,NA,NA,NA,NA,NA,NA,NA,NA,NA,NA,NA,NA,NA,9.822410812978672,3.162564395857449,0.7213205716563371,0.3718496072216658,3.814489572230427,2.154374835209675,-0.3881485321544318,1.597610079643539,0.6903605219962325,3.593194515512811,1.666870939700685,4.195298372654225,6.398241351288712,9.819486733187619,14.24893553825674,12.87918183383407,11.25614250621115,27.28778467930932,11.72196920412121,10.48723672734855,20.64391443737981,24.2035897624486,18.68972592695638,19.74018917786108,12.54021945388684,4.389340957415414,18.42900302114737,28.57142857142921,28.67063492063446,22.34965304548965,7.627674937639345,17.12856794340117,25.80772261623316,21.20263075477608,31.4470284237728,49.65598584627463,28.93734401681366,17.34922575387077,17.86613421303975,20.07070781468658,14.47675131885666,11.27424713321167,14.33593373784039,16.46801162447918,14.76150869706724,13.43311800850802,10.01589825119239,17.34104046242766,25.41050903119872,13.55155482815062,10.08936292879791,26.2933856738608,27.25681272429084,36.60303551910293,16.60655323574489,12.48468156115333,7.245425489529789,8.044924376602776,18.01411833718742,39.90734556977835,30.59413903872951,43.38901626815144,43.48846417421787,44.57918575727971,32.45587140291699,NA
Iraq,433,"Prices, Consumer Price Index, All items, Index",PCPI_IX,Value,NA,NA,NA,NA,NA,NA,NA,NA,NA,NA,NA,NA,NA,NA,NA,NA,NA,NA,NA,NA,59.0598509946838,59.6009930404557,60.3712537247223,62.7589111090682,62.7023424108106,62.4166825363423,63.6545419918428,65.7493810701136,67.193550434203,71.0499587377007,74.1446073760553,76.8107662027868,80.79413445010469,84.7457627116525,91.2711864402542,99.9576271177966,112.77542372839,123.114406779237,128.79237288072,NA,NA,NA,NA,NA,NA,NA,NA,NA,NA,NA,0.0305675511365077,0.0858802627168549,0.157689747926428,0.485199224389011,2.66131774577372,12.9688900686939,10.878651810026,13.3876169993416,15.3648038387268,17.2973523494682,18.1585809727587,21.1318818198146,25.2138628945993,33.689808145451,42.7732228252376,58.58198395428041,89.7657381057621,80.72857908536699,90.951120244213,97.20275051739068,100,105.801455370853,112.243807997863,114.353428132719,116.910341144268,118.539288337005,119.1989848406363,119.4183811795716,119.8571738574421,119.6186995759907,120.3055055065705,127.5742016052073,133.9462344055871,139.7840848155158,122.5948586085034,NA
Iraq,433,"Prices, Consumer Price Index, All items, Percentage change, Corresponding period previous year, Percent",PCPI_PC_CP_A_PT,Value,NA,NA,NA,NA,NA,NA,NA,NA,NA,NA,NA,NA,NA,NA,NA,NA,NA,NA,NA,NA,3.478237904095992,0.9162604318466876,1.292362165415207,3.95495742929742,-0.09013651967174784,-0.4555808658578104,1.983218917121641,3.290949887816724,2.196475982867993,5.739253661367331,4.355595264705636,3.595890410760372,5.185950413255177,4.890984089925713,7.69999999976926,9.517177344055359,12.82323018281343,9.167762539955122,4.611942866820179,NA,NA,NA,NA,NA,NA,NA,NA,NA,NA,NA,NA,180.9523809523807,83.615819209039,207.6923076923088,448.4999999999989,387.3108477666382,-16.11732575105719,23.06319967887274,14.76877355755276,12.57776233934361,4.978962131837351,16.37408149632624,19.31669460197896,33.61621059923829,26.96190681932719,36.95948092018711,53.23096291142797,-10.06749257689779,12.66285282692281,6.873615472125497,2.877747252747596,5.801455370853,6.089096415950426,1.879498007494689,2.235974079046793,1.393330287803087,0.5565213971555111,0.1840588988476899,0.3674414889368492,-0.1989653800239282,0.5741626794257948,6.041864890580439,4.994765963810435,4.358353510895857,-12.29698375870071,NA
Iceland,176,"Prices, Consumer Price Index, All items, Index",PCPI_IX,Value,NA,NA,NA,NA,NA,NA,NA,NA,NA,NA,NA,NA,NA,NA,NA,NA,NA,NA,NA,NA,0.04152889089795219,0.04348557234950213,0.04827607017115624,0.05451721166287148,0.06500907868145246,0.06976583810296921,0.07722146418087843,0.0797853856582033,0.09193813475705612,0.1119469021675794,0.126916973840221,0.1354608652761763,0.1487513695435032,0.1805171217473565,0.2572661096957622,0.3842561042626109,0.5073529708040826,0.6611658583015697,0.9504259099718962,1.372837533482679,2.176337734594145,3.303533595526456,4.96333545878582,9.130057869184975,11.94689957635411,15.76926577568683,19.2587521708799,22.78267400579386,28.64363287702504,34.58953405430287,39.95462052057327,42.675042283937,44.35972995028151,46.15312858378594,46.86972803083142,47.64365574458761,48.72060198307763,49.60509079879893,50.42815915538495,52.05791284711971,54.73185256472669,58.23747451934878,61.26408905833774,62.52347245168063,64.49808453392897,67.06965401248311,71.5546548024829,75.16927923710185,84.71156391908048,94.87960293101263,100,104.0010266434312,109.394415767139,113.6304730158552,115.9537785019389,117.8473681540882,119.8471526937115,121.9569606560671,125.2289655187604,129.0033312143589,132.6772480644034,138.5737429982665,150.0874959584984,163.1995943696045,172.7579310439988,179.825309960741
Iceland,176,"Prices, Consumer Price Index, All items, Percentage change, Corresponding period previous year, Percent",PCPI_PC_CP_A_PT,Value,NA,NA,NA,NA,NA,NA,NA,NA,NA,NA,NA,NA,NA,NA,NA,NA,NA,NA,NA,NA,1.988397239020341,4.711614996793533,11.01629244557697,12.92802307559029,19.24505435725794,7.317069427833464,10.68664303423869,3.320218678215322,15.23179840342516,21.76329491934535,13.37247514918464,6.731874529809875,9.811323912799722,21.35493091682979,42.51618195852916,49.36133823340531,32.03511022360858,30.31674127259282,43.74999828536061,44.44445580437442,58.52842608936462,51.79324160101081,50.2432263896761,83.95004619370337,30.85239707709092,31.99462902407027,22.12840118766459,18.29776822323041,25.72550908528419,20.75819503344849,15.51072199425304,6.808778879436338,3.947711768240312,4.042852910769465,1.552656274957769,1.651231501166578,2.260418982672972,1.815430802822416,1.659241709534274,3.231832609064667,5.136471232451505,6.405085503868684,5.197022302166279,2.055663297537424,3.158193242984639,3.987047828065926,6.687079061366612,5.051557364921457,12.69439427758776,12.00312984617429,5.396731131674774,4.0010266434312,5.185899887506977,3.872279237482495,2.044614815393334,1.633055581813263,1.696927619977507,1.760415591805965,2.68291768267392,3.013971791560529,2.847924015186648,4.444239701897388,8.308755115589202,8.736302999372983,5.856838499700656,4.090914306528854
Israel,436,"Prices, Consumer Price Index, All items, Index",PCPI_IX,Value,NA,NA,NA,NA,NA,NA,NA,NA,NA,NA,NA,NA,NA,NA,NA,NA,NA,NA,NA,NA,8.943067252264733e-4,9.550285725630454e-4,0.001044879514077163,0.00111364447019357,0.001171250519239433,0.00126153441262114,0.00136157872824215,0.001384808529793512,0.001413601771438314,0.001448348869946561,0.001536853733170134,0.00172085465116279,0.001942525907792737,0.002331660036719706,0.003256862097103221,0.004537028151774784,0.005957610975112199,0.008019940228478172,0.01207409587923296,0.02152932170542635,0.04973811811505506,0.1078322348021215,0.2376238678090575,0.5844394736842103,2.765658945328437,11.26070991432068,16.62586699306405,19.79804161566707,23.04161566707466,27.72337821297429,32.50713994288043,38.71889024887798,43.39045287637698,48.11301509587924,54.00856793145653,59.37372501019988,66.17707058343532,72.10322317421458,76.06079151366788,80.00815993472048,80.83435332517335,81.74214606283147,86.485108119135,87.09710322317422,86.72990616075067,87.89269685842513,89.69808241534066,90.11627906976742,94.19624643002851,97.36842105263152,99.99999999999997,103.4883720930232,105.2223582211342,106.8951448388412,107.3949408404733,106.7319461444308,106.1607507139942,106.4259485924112,107.2827417380661,108.1599347205222,107.5377396980824,109.1289269685842,113.9432884536924,118.7576499388005,122.4092207262341,126.1321909424724
Israel,436,"Prices, Consumer Price Index, All items, Percentage change, Corresponding period previous year, Percent",PCPI_PC_CP_A_PT,Value,NA,NA,NA,NA,NA,NA,NA,NA,NA,NA,NA,NA,NA,NA,NA,NA,NA,NA,NA,NA,2.228112420670836,6.78982340440244,9.408194068265551,6.58113736464057,5.172750423288153,7.708333264205,7.930367544484495,1.70609316005932,2.079221858136254,2.458054256177994,6.110742035987401,11.97257188640258,12.88146308464591,20.03237781107055,39.67997245795467,39.30673195558977,31.31086640451448,34.61671569327556,50.55094595791131,78.31001112436138,131.0250122860064,116.799989401855,120.3644098122526,145.9515027142965,373.2156313628473,307.1619146439407,47.64492753623191,19.07975460122701,16.38330757341578,20.31872509960158,17.25533480500361,19.10887982428617,12.06533192834569,10.88387400094033,12.253550985796,9.93389990557126,11.45851228311294,8.954993834771836,5.488753713396558,5.189754592999825,1.032636409994893,1.123028391167207,5.802345894684293,0.7076306168180703,-0.4215950345474161,1.340703281194921,2.054079145874429,0.4662269729360654,4.527447651386513,3.367623172712499,2.702702702702734,3.488372093023231,1.675537157500518,1.589763474214757,0.4675572519085031,-0.6173425776427646,-0.5351681957186954,0.2498078401230083,0.8050603795285264,0.8176459402927937,-0.5752546208977557,1.479654747225614,4.41162725488371,4.225226031689177,3.074808898050246,3.041413215565396
Italy,136,"Prices, Consumer Price Index, All items, Index",PCPI_IX,Value,NA,NA,NA,NA,NA,NA,NA,NA,NA,NA,NA,NA,NA,NA,NA,NA,NA,NA,NA,NA,4.147835616867502,4.232895170401425,4.431466361595854,4.761819692105813,5.043353830704249,5.271276522007054,5.394971713560032,5.596384259935356,5.667867623423514,5.818477190799052,6.107557749392562,6.400211418761997,6.768191826279247,7.499062970203488,8.935866156363769,10.45054037856676,12.18681055434591,14.27441714784197,16.00076713363923,18.36865242905893,22.23785628694683,26.23384311918143,30.55728923604096,35.03288603376162,38.81450951805149,42.38776994274376,44.85624161311622,46.98569519967165,49.36234794150546,52.45234768764023,55.83899072139101,59.32892724943402,62.45591174780197,65.34558107841687,67.99328089574769,71.5530164769477,74.4201291680352,75.9406126299779,77.42531659473923,78.71325572751314,80.7107504637521,82.95867838165016,85.00387791933046,87.27565375744712,89.20159756422703,90.972510623427155,92.87460382168722,94.57396863972951,97.74014677784199,98.49740628664796,99.99999999999997,102.7806327287932,105.9065652052795,107.198618335037,107.4570178493434,107.4987008560277,107.397634171255,108.7149017743568,109.9515203405339,110.6235956482389,110.4712585784925,112.5412505262237,121.7710847520387,128.6172918865268,129.8807934650122,131.8701363758189
Italy,136,"Prices, Consumer Price Index, All items, Percentage change, Corresponding period previous year, Percent",PCPI_PC_CP_A_PT,Value,NA,NA,NA,NA,NA,NA,NA,NA,NA,NA,NA,NA,NA,NA,NA,NA,NA,NA,NA,NA,2.350161413770503,2.050697312786977,4.691143607404706,7.454718225391032,5.912322532185874,4.519268307434581,2.346588934133182,3.733338320738219,1.27731335390797,2.657252733869719,4.968319873293351,4.791664383337863,5.749503937300075,10.79861745476016,19.15976958546987,16.95050256683064,16.61416647257882,17.13004878664995,12.09401384250742,14.79857356614842,21.06416827707447,17.96929875196722,16.48041462022143,14.64657667487695,10.79449600768111,9.205991442531179,5.823546918620168,4.747284903897891,5.058247476671195,6.259831379569768,6.456609061463996,6.249999297902911,5.270589985929301,4.62673468331298,4.051842180657162,5.235422580443013,4.006976689810401,2.043107797501358,1.955085577193811,1.663459950077144,2.537685320950017,2.785165427135539,2.46532319171165,2.672555527728498,2.20673661423657,1.985292985279804,2.090843910127544,1.829741122024028,3.347832584010218,0.7747681313873811,1.525516021182476,2.780632728793231,3.041363332267748,1.21999342274306,0.2410474298267557,0.03879039965797329,-0.09401665691575004,1.226533166458118,1.137487636003906,0.611246943765304,-0.1377075739165103,1.873783257624806,8.20128991161718,5.622194421959011,0.982373023061417,1.531668276528197
Jamaica,343,"Prices, Consumer Price Index, All items, Index",PCPI_IX,Value,NA,NA,NA,NA,NA,NA,NA,NA,NA,NA,NA,NA,NA,NA,NA,NA,NA,NA,NA,NA,0.1131168596507633,0.1206939365427445,0.1223927117889899,0.1245498867048569,0.1270576025445519,0.1304012236641455,0.1328819748173923,0.1368997130981936,0.1450160837191428,0.1541571124251277,0.1768613784119286,0.1862990186691162,0.1964107760875113,0.2311412922326957,0.2939150822860364,0.344986198417834,0.3787729505386756,0.4211614376341078,0.5681459434642505,0.7333585773334635,0.9336253035855127,1.052566535508037,1.121461309383268,1.251350204004889,1.599410376681065,2.010028621916301,2.313650991325901,2.467565421573533,2.671553274555187,3.054374543816147,3.725120542352224,5.627580495113301,9.977508483690315,12.17953955927023,16.45009953258639,19.72510853186959,24.93385020731819,27.34184990945825,29.70196999369639,31.47049642070466,34.0419769803656,36.35748138117806,38.93026404874745,42.85714285714285,48.66621530128638,55.99187542315506,60.78537576167904,66.40487474610693,81.02911306702771,88.80162491536893,100,107.555856465809,114.949221394719,125.6872037914691,136.0866621530128,141.1103588354773,144.427894380501,150.7515233581584,156.3845633039946,162.4915368991198,170.9846084651621,181.0090640448604,199.742721733243,212.6743398781314,224.1841570751523,233.1618144888285
Jamaica,343,"Prices, Consumer Price Index, All items, Percentage change, Corresponding period previous year, Percent",PCPI_PC_CP_A_PT,Value,NA,NA,NA,NA,NA,NA,NA,NA,NA,NA,NA,NA,NA,NA,NA,NA,NA,NA,NA,NA,3.274249138355876,6.698450536352094,1.407506702413148,1.762502753910755,2.013422818791862,2.631578947368523,1.902398676592247,3.023538961038557,5.92869805002995,6.303458534770955,14.72800419625666,5.336179295858676,5.427702996307506,17.68259198248376,27.15818945502163,17.37614678858008,9.793653275346507,11.19100163703586,34.89980152405082,29.07925961097858,27.30815898823073,12.73971811450912,6.545407967200658,11.58211108442534,27.81476932374529,25.67310123917725,15.1053754209796,6.652448049626842,8.266765744009078,14.32953903285719,21.96017511650829,51.07109773043131,77.2965929559651,22.06994941852923,35.06339424847717,19.90874883641681,26.40665660740425,9.657552612685954,8.631896130121444,5.954239491130056,8.171083561202247,6.801909307875903,7.07635009310985,10.08695652173914,13.55450236966824,15.05286588759049,8.561064087061569,9.244820672755624,22.02283849918435,9.592245989304816,12.6105519975603,7.555856465809,6.873977086743093,9.341500765696725,8.274078862314187,3.691542288557249,2.351021974858462,4.378398649915611,3.736638821521633,3.905100008658723,5.2267777929352,5.86278242801063,10.34956883912716,6.474137346620627,5.411944479816588,4.004590480792386
Japan,158,"Prices, Consumer Price Index, All items, Index",PCPI_IX,Value,NA,NA,NA,NA,NA,NA,NA,NA,NA,NA,NA,NA,NA,NA,NA,NA,NA,NA,NA,NA,18.97256860207454,19.99110369707198,21.3575836652316,22.79001663240668,23.65612602085472,25.23067562617432,26.50251161180972,27.55992156484153,29.03146509990646,30.5555650254969,32.67128546408532,34.76072813911402,36.44436996403383,40.67505967793494,50.12072201876725,56.00051731502571,61.25002618451936,66.249147295435165,69.03794888235365,71.59363083197552,77.16259994517188,80.95295256640166,83.1719061510396,84.75193924827201,86.66870071048844,88.43004908117382,88.95672678025132,89.0689695685793,89.67335381342232,91.71099212460734,94.53432995408829,97.60805554214703,99.32623360962936,100.5609042812372,101.260263193127,101.1307522835178,101.2688972537676,103.0388796850936,103.7209704757021,103.366973989437,102.6676150775471,101.9078177411731,100.9667051313461,100.7076833121277,100.699049251487,100.4141252503468,100.6645130089246,100.7249514334089,102.1150351965478,100.7335854940495,99.99999999999997,99.72754438389873,99.68359992968888,100.0175777816839,102.7772895060643,103.5946563543681,103.4628229917384,103.963789769731,104.99208999824219,105.4842678853929,105.4579012128669,105.2118122692916,107.8396906310424,111.3640358586746,114.4137809808403,118.0435928985762
Japan,158,"Prices, Consumer Price Index, All items, Percentage change, Corresponding period previous year, Percent",PCPI_PC_CP_A_PT,Value,NA,NA,NA,NA,NA,NA,NA,NA,NA,NA,NA,NA,NA,NA,NA,NA,NA,NA,NA,NA,3.574511525359101,5.368461784800552,6.835440348197299,6.706905563979898,3.800389453057528,6.655990942606206,5.040832058876761,3.989848088815175,5.339432957393438,5.249820911020266,6.924173834857808,6.395348837209265,4.843517138599049,11.60862354892206,23.22224580768424,11.73126614987075,9.374036386062338,8.161826895968417,4.209566010686812,3.701850925462694,7.77858176555718,4.912162918205227,2.7410409556314,1.899719713484853,2.261613691931551,2.032277346084901,0.5955867994532485,0.1261768416965835,0.6785575804575577,2.272289620643168,3.078516286951604,3.25143848753308,1.760283060592702,1.243045897079241,0.6954580578690037,-0.1278990450204464,0.1366003585759094,1.747804586921331,0.6619741913859108,-0.3412969283275536,-0.6765786835951751,-0.7400555041627376,-0.9234940269423205,-0.2565418163160245,-0.008573388203102716,-0.2829460687643906,0.2493551160790849,0.06003945449866898,1.380078861649201,-1.352836729517185,-0.7282432075177788,-0.2724556161012401,-0.04406451044326019,0.3350379121847414,2.759226713532531,0.7952796305798392,-0.1272588444897537,0.4841997961263851,0.989094598021848,0.4687761593839499,-0.02499583402773104,-0.2333527793982636,2.497702781722547,3.268133659331635,2.738536816352407,3.172530342602477
Kenya,664,"Prices, Consumer Price Index, All items, Index",PCPI_IX,Value,NA,NA,NA,NA,NA,NA,NA,NA,NA,NA,NA,NA,NA,NA,NA,NA,NA,NA,NA,NA,0.7412442838289929,0.7594566740950621,0.7831327814409509,0.788596498520771,0.787813383817289,0.8160055128685642,0.856923255714382,0.87199821360371,0.875195931943633,0.8736949621109571,0.8928160125957861,0.9265662981929221,0.980600353012919,1.07161177633062,1.26246527681256,1.50385096084699,1.67602731592778,1.924430729128269,2.25027115374464,2.42982822397404,2.7665582283275,3.08756345787389,3.725661387853099,4.150304178351391,4.57712553619702,5.17245240927544,5.303536628722481,5.76163879021291,6.468301658800871,7.36023629692681,8.66901985684995,10.410148766435,13.2554885668121,19.3502139211618,24.92585991607369,25.31328957600849,27.5570816918342,30.68807461412169,32.7510609454423,34.6316272236208,38.0878723316079,40.2735822660957,41.06347134451861,45.09413465355171,50.33589289404919,55.5269219624651,63.55263567689821,69.75466127578991,88.0581564955536,96.18955755265891,99.99999999999999,114.0224913014704,124.7152583244429,131.8458452004224,140.9144067848212,150.1896104602493,159.647425011301,172.4282385762158,180.5147892612135,189.9731106785122,200.2414652178382,212.4720858320779,228.7471558459308,246.2952567880222,257.3533930078504,267.8254340029552
Kenya,664,"Prices, Consumer Price Index, All items, Percentage change, Corresponding period previous year, Percent",PCPI_PC_CP_A_PT,Value,NA,NA,NA,NA,NA,NA,NA,NA,NA,NA,NA,NA,NA,NA,NA,NA,NA,NA,NA,NA,1.243781094527306,2.457002457002535,3.117505995203781,0.6976744186045889,-0.09930486693143406,3.578528828067418,5.014395393234141,1.759195795982993,0.3667115700510186,-0.1715010065623305,2.188527039074385,3.780206125449065,5.831644743110047,9.281194223321064,17.80994803318182,19.12018401360506,11.4490304932756,14.82096448189349,16.9317824582842,7.979352618487864,13.85818145624839,11.60305343511425,20.66671466628272,11.39778273685229,10.28409821313804,13.0065664218827,2.534275988928883,8.63767318980084,12.26496304815817,13.78931727638829,17.78181442991999,20.08449557546315,27.33236444757839,45.97888130362185,28.81438943067315,1.554328160550088,8.864087415775224,11.36184505057833,6.722436507539278,5.742001095204835,9.98002515350979,5.738598143414668,1.961308217391622,9.815690629796539,11.62403554424262,10.31277835746826,14.45373420817078,9.75888023027529,26.23981664450627,9.234125923946518,3.961388891153851,14.02249130147042,9.377770035475983,5.717493570377329,6.878154992759489,6.582154292847786,6.297249538146249,8.005649677099447,4.689806467763299,5.239637957647923,5.40516207933392,6.107936036591763,7.659862682722239,7.671396340294023,4.489788542434479,4.069128785407293
Korea,542,"Prices, Consumer Price Index, All items, Index",PCPI_IX,Value,NA,NA,NA,NA,NA,NA,NA,NA,NA,NA,NA,NA,NA,NA,NA,NA,NA,NA,NA,NA,1.476953839563442,1.597999849489422,1.703760448907448,2.056296552149985,2.662139739423737,3.022811614785541,3.363222064850761,3.729222690048547,4.130927897714556,4.642731882771557,5.383263513148449,6.110634054754974,6.824905255520652,7.044737436225964,8.756904479812286,10.96795774511998,12.6490517833574,13.92618420951073,15.93995013854692,18.86070631912874,24.27327800461566,29.45602100201451,31.5741582985358,32.65418843924388,33.39673044713221,34.21799238184919,35.15898065746109,36.23121029801094,38.82032799728309,41.03315091965824,44.55103466374391,48.70888938630278,51.7353097816439,54.21912024637423,57.61641414336323,60.1980564839185,63.16253598746518,65.96627791199374,70.9227070292299,71.49927832107377,73.1145655647234,76.08782485199794,78.18957000285582,80.93783527196105,83.84404016702813,86.15293032518005,88.08477218873254,90.31734576524978,94.53868507784097,97.14464066564268,100,104.0259650043609,106.3010867635594,107.6844333469693,109.0571670049938,109.8274724256902,110.8946503137566,113.0508108274994,114.7192591792156,115.158634290169,115.7773678401346,118.6698724133407,124.709591769001,129.1959647728062,132.1955634112643,135.002199769989
Korea,542,"Prices, Consumer Price Index, All items, Percentage change, Corresponding period previous year, Percent",PCPI_PC_CP_A_PT,Value,NA,NA,NA,NA,NA,NA,NA,NA,NA,NA,NA,NA,NA,NA,NA,NA,NA,NA,NA,NA,7.965565754825923,8.195652882540918,6.618310974923911,20.69164731864764,29.46283145007978,13.5481947104654,11.26138487758097,10.88244005719637,10.77182139693512,12.38956471111872,15.95034236469454,13.51170233130787,11.68898668068447,3.221029046923255,24.30419954023967,25.24925640567327,15.32732052131944,10.09666533133873,14.46028501950241,18.32349634217912,28.69760863620165,21.35164025400002,7.190846640068697,3.420614194989213,2.273956400018631,2.459108792152742,2.7499809606335752,3.049660770874232,7.146097737216055,5.700165445614005,8.573272257286767,9.332790481614953,6.21328146355184,4.800996602153537,6.265859500396792,4.480741085572481,4.924543542927537,4.438931845746301,7.513580080793069,0.8129572544463699,2.259165800801571,4.066575878977922,2.762262102965993,3.514874514599392,3.590662988825776,2.753791627350392,2.242340285189206,2.534573821379323,4.67389655533408,2.756496544939298,2.939286526556858,4.0259650043609,2.187071044333137,1.301347545474125,1.274774464013219,0.7063317724557499,0.9716857399121679,1.944332307863661,1.475839350026451,0.3830003036081358,0.5372880234117372,2.498333333333394,5.089513650628416,3.597456250290104,2.321743286435421,2.123094214586591
Sri Lanka,524,"Prices, Consumer Price Index, All items, Index",PCPI_IX,Value,NA,NA,NA,NA,NA,NA,NA,NA,NA,NA,NA,NA,NA,NA,NA,NA,NA,NA,NA,NA,1.48766903447727,1.50454580122017,1.52716785026373,1.56187893079886,1.61179107074419,1.615381872181501,1.61286831117347,1.648177858615611,1.74477041721725,1.87487712254117,1.98487533983075,2.037779814303979,2.1671683593457,2.375793922713121,2.66808515951288,2.844872283495499,2.88269539194328,2.91800493938423,3.272297347631649,3.62347772796402,4.57085083987479,5.39218682142123,5.975931441354989,6.810433694828231,7.94357093430771,8.06122952799179,8.70422237161244,9.37594162670882,10.6877810842647,11.9240940183063,14.4872080825492,16.2525657613351,18.10266635398491,20.229138963742,21.93824075338091,23.6219675462129,27.38632438381631,30.00820789821079,32.81824940779469,34.3579850630866,36.4800290177408,41.64503780172379,45.6225685511801,48.5034685424131,52.1780553441436,58.2514171977792,64.088316153921,74.241258652681,90.9934241427903,94.14631282292179,100,106.7167684358854,114.7663222170033,122.6948966039172,126.5953701672957,131.3659493717356,136.5665807895736,147.0878581964305,150.22823947566349,155.5288830361523,165.1000450878272,176.681451206782,264.5294159732673,308.2856875536718,306.9620319743164,292.3387893833429
Sri Lanka,524,"Prices, Consumer Price Index, All items, Percentage change, Corresponding period previous year, Percent",PCPI_PC_CP_A_PT,Value,NA,NA,NA,NA,NA,NA,NA,NA,NA,NA,NA,NA,NA,NA,NA,NA,NA,NA,NA,NA,-1.544676806092006,1.134443639799902,1.503579952515488,2.272905399962137,3.195647176045921,0.2227833062540214,-0.1556016599738456,2.18923933203517,5.860566448985793,7.456952733725756,5.866956077659675,2.665380208599909,6.349486050136126,9.626643101711219,12.30288679524724,6.625992553209791,1.329518680582303,1.224879588028451,12.141597276466,10.73192143087304,26.14541010144653,17.96899549601008,10.82574916756872,13.96438800650006,16.63825374792168,1.481180122354293,7.976361935706267,7.717165605592695,13.99154890020755,11.56753608905581,21.49525205275902,12.18563072143894,11.38343705122058,11.74673701749463,8.448712486983476,7.674848734498049,15.9358310447214,9.57369626405162,9.364243006832295,4.691705630484379,6.17627591012045,14.15845579912002,9.551031670072515,6.314637870511745,7.575925829958563,11.63968609711183,10.02018360570346,15.84211149248431,22.5644955300126,3.464963221060742,6.217648893046201,6.7167684358854,7.54291373239437,6.908450348284521,3.179002282360595,3.768367830620964,3.958888465930697,7.704137678506017,2.135037737132004,3.528393582318115,6.153945083917376,7.014780712381947,49.72110211143274,16.54117422798318,-0.4293600490697301,-4.763860369609826
Luxembourg,137,"Prices, Consumer Price Index, All items, Index",PCPI_IX,Value,NA,NA,NA,NA,NA,NA,NA,NA,NA,NA,NA,NA,NA,NA,NA,NA,NA,NA,NA,NA,17.08905723905724,17.17150059150058,17.32534807534808,17.82368095368095,18.37557011557011,18.98815269815271,19.62077714077714,20.04579397579397,20.57208208208207,21.044095004095,22.02040495040496,23.0492456092456,24.25372554372555,25.72546546546547,28.17984347984349,31.20006643006642,34.25684502684501,36.55393575393577,37.68515606515608,39.39852215852217,41.88058968058968,45.26158613158613,49.49673582673581,53.78774228774229,57.24944489944491,59.59300118300117,59.76854035854034,59.73467376467379,60.59281645281647,62.63537537537538,64.67338429338432,66.69013104013104,68.79365365365364,71.26203749203748,72.82607152607153,74.18623987623987,75.06450086450089,76.0910173810174,76.82040313040314,77.60796341796342,80.05320957320959,82.18568386568387,83.89028574028575,85.60990262990265,87.5153043953044,89.6924196924197,92.08390208390207,94.2133042133042,97.41832741832744,97.77686777686779,99.99999999999999,103.4106834106834,106.1643461643462,108.005278005278,108.6841386841387,109.2001092001092,109.5176995176995,111.4132314132313,113.1158431158431,115.0878150878151,116.0314860314861,118.963508963509,126.5010465010465,131.2339612339612,133.9257439257439,136.948766948767
Luxembourg,137,"Prices, Consumer Price Index, All items, Percentage change, Corresponding period previous year, Percent",PCPI_PC_CP_A_PT,Value,NA,NA,NA,NA,NA,NA,NA,NA,NA,NA,NA,NA,NA,NA,NA,NA,NA,NA,NA,NA,0.449620296389857,0.4824335906308205,0.8959466473398968,2.876322462126684,3.096381512457357,3.33367932929353,3.331679772545624,2.166156987398492,2.625429089631531,2.294434370471646,4.639353443899481,4.67221498041397,5.225680505555481,6.06809835910203,9.540655416605933,10.71767113391967,9.797346437162963,6.705494114506661,3.094660774246481,4.546527790421647,6.299900062445926,8.072943759345954,9.357050994273816,8.669271598085222,6.435857807869933,4.093587785300925,0.2945634085454356,-0.05666290938910439,1.436590566349042,3.370958872904427,3.253766590836394,3.118356598748507,3.154173759617892,3.588098185351642,2.194764686890701,1.867694249691051,1.183859688435708,1.367512612079427,0.9585701104946739,1.025196764749322,3.15076707022592,2.663821105791027,2.074086135716425,2.049840305635181,2.22567916428889,2.487696651640878,2.66631494577069,2.312458617861273,3.40187963025571,0.3680419978888873,2.273679116215402,3.410683410683421,2.662841655080212,1.734039635191622,0.6285439854407165,0.4747431614377788,0.2908333333333172,1.730799591188872,1.528195243073795,1.743320756538483,0.8199573021270355,2.52692009066166,6.336008077779189,3.741403619831355,2.051132699548591,2.257238178717332
Morocco,686,"Prices, Consumer Price Index, All items, Index",PCPI_IX,Value,NA,NA,NA,NA,NA,NA,NA,NA,NA,NA,NA,NA,NA,NA,NA,NA,NA,NA,NA,NA,9.94280607169006,10.11811013196095,10.63380279354281,11.23989889418699,11.69191608987623,12.09912462448101,11.97649039397837,11.88687307168386,11.93875678460565,12.29093713881667,12.44816051121208,12.96542540648667,13.45281786098598,14.00231354759078,16.46067491737478,17.76407877263754,19.27440783006937,21.70240517562667,23.81101796992916,25.79480088678642,28.22167363887591,31.7472742309383,35.08956608411633,37.26790367479456,41.90685182224862,45.14568107430835,49.08850585133746,50.41327698292707,51.60759526961995,53.28998713110059,56.90443060890754,61.44891290318807,64.97623205447837,68.34402420897618,71.85804944386668,76.25833577204617,78.5360267817991,79.3513869876248,81.53602058258181,82.09436507135383,83.64975329007588,84.1682160296499,86.52123923233209,87.53157687868146,88.838811991282725,89.71177916817231,92.65859730335809,94.5507647375298,98.06317731150565,99.01621704711401,100,100.9069249096918,102.205720544155,104.1278571977558,104.588425178695,106.2178156944124,107.9548074706018,108.7695027284605,110.7316139651065,111.0675582199678,111.8516603739144,113.4197746137883,120.9701766774268,128.3386413419415,129.603106265852,130.512793261471
Morocco,686,"Prices, Consumer Price Index, All items, Percentage change, Corresponding period previous year, Percent",PCPI_PC_CP_A_PT,Value,NA,NA,NA,NA,NA,NA,NA,NA,NA,NA,NA,NA,NA,NA,NA,NA,NA,NA,NA,NA,3.42429906542058,1.763124604934522,5.096729081381482,5.699711687452218,4.021541474212127,3.482821220016904,-1.013579364696397,-0.7482769938977154,0.4364790690445246,2.949891354392415,1.279181323764763,4.155352068353301,3.759170557222635,4.084614036129725,17.55682274524543,7.918289267027409,8.502152443493033,12.59700099200693,9.716032749543404,8.331365418154618,9.40837947437956,12.49252839210006,10.52780729729832,6.207935388703134,12.44756932918533,7.728638900859202,8.733559187066746,2.698739977137673,2.369055054876411,3.259969492263904,6.78259401511006,7.986166007905119,5.7402466286874,5.183113960308015,5.141671529533615,6.123581647755232,2.986809227730167,1.038198950516136,2.753113307644771,0.6847826086956428,1.894634567634643,0.6198018752979751,2.795619669369363,1.167733674775924,1.493444033817744,0.9826416600159505,3.284761669548109,2.042085126733442,3.714843114940642,0.9718629986676363,0.9935574012263922,0.9069249096918,1.287122400792192,1.880654667240859,0.4423100535570479,1.557907113462602,1.635311143270643,0.7546632493236185,1.803916711418959,0.3033860365903833,0.70596866133826075,1.401958839620059,6.657042027590669,6.091141525041408,0.9852565920045069,0.7019021548395445
Mexico,273,"Prices, Consumer Price Index, All items, Index",PCPI_IX,Value,NA,NA,NA,NA,NA,NA,NA,NA,NA,NA,NA,NA,NA,NA,NA,NA,NA,NA,NA,NA,0.01290454819008879,0.01311215135965329,0.01326936397987072,0.01334819130118419,0.01366025908906507,0.01414766241406792,0.01474409792179177,0.01518891975919894,0.01554342169388508,0.01606676922568335,0.0168706558939436,0.01779331695622227,0.01867296380784998,0.02092901999074372,0.02590678133732259,0.0297784292486279,0.03449078303890982,0.04451522723491347,0.05228638069054509,0.06179792498267169,0.07808269871952292,0.09989413441013335,0.1587451852238001,0.3204667449406478,0.5302084067454635,0.8363955349319436,1.5576471478797,3.611052633682125,7.733511877689156,9.280823399839576,11.75431806367075,14.41812387475098,16.6540715669279,18.27808676968704,19.55130399923857,26.39411792646121,35.46798893568698,42.78348465011383,49.59820708505468,57.82437573654313,63.31281191830345,67.34440594116955,70.73231937709701,73.94844729257274,77.41545283871537,80.50282533773817,83.42464932009167,86.73397923293437,91.17908070333243,96.0091610619154,99.99999999999999,103.4073782460574,107.6589827476347,111.7569042519337,116.2479851775914,119.4106751167207,122.780095507214,130.1978024767466,136.57664871233,141.5425229699744,146.3504877350581,154.6766720891741,166.890369321443,176.1160036385777,184.4326519839983,191.4534248620639
Mexico,273,"Prices, Consumer Price Index, All items, Percentage change, Corresponding period previous year, Percent",PCPI_PC_CP_A_PT,Value,NA,NA,NA,NA,NA,NA,NA,NA,NA,NA,NA,NA,NA,NA,NA,NA,NA,NA,NA,NA,4.927518869031162,1.6087596908193,1.198984178150816,0.5940550084619654,2.337903172343618,3.568038657429364,4.215788377384353,3.016948475021476,2.333950934670264,3.367003367116776,5.003412054834311,5.469028993768383,4.943692363778751,12.08193946129382,23.7840154425787,14.94453464092671,15.82472248934705,29.0641247103461,17.45729256782648,18.19124629876431,26.35165135628344,27.9337625982399,58.91341985310484,101.8749384359919,65.44880712776018,57.74844840087022,86.23331699235383,131.8273839230895,114.1622585490656,20.00787671399778,26.65167256467706,22.66235945506099,15.50789625335729,9.751460453575525,6.965812371911233,34.99927128895922,34.37838322351676,20.62562872592471,15.92839501193533,16.58561697075381,9.491561494354025,6.36773806235037,5.030727331512953,4.546900121187184,4.688408848431427,3.988057145974374,3.629467624391321,3.966849054582353,5.124982745758964,5.297355842288558,4.156727226801737,3.407378246057421,4.111509810702894,3.806390697472044,4.018616080786787,2.720640649640229,2.821707847476604,6.041457240189856,4.899350153565507,3.635961421270462,3.396834155700065,5.689208476837533,7.896276191685497,5.527960873143888,4.722255884529316,3.806686507264849
Malta,181,"Prices, Consumer Price Index, All items, Index",PCPI_IX,Value,NA,NA,NA,NA,NA,NA,NA,NA,NA,NA,NA,NA,NA,NA,NA,NA,NA,NA,NA,NA,20.90078269520432,21.42566855117796,21.46180823310632,21.86450754562001,22.34120715920615,22.69916210362678,22.81790677275808,22.97623299816319,23.44432792556691,23.99158596567333,24.88303145240462,25.46126636267113,26.3200140419231,28.34383622802842,30.40035622150964,33.0730542058321,33.25545634313564,36.59442880151545,38.3171156540425,41.05568107697156,47.52082350007909,52.99035425700842,56.073457050371744,55.57945126177228,55.33351218952205,55.20336364115075,56.32282642225951,56.56598652166865,57.0967702812186,57.58077466928973,59.2986428753727,60.80612873343425,61.7992217847756,64.36068800599432,67.0187341011278,69.98541588029347,71.42291632247476,73.64565313083283,75.40228706942823,77.01195163467499,78.83682135375363,81.14634007780327,82.92222000576577,84.00339123359358,86.3477818008757,88.94509417209704,91.41223546287335,92.55417469413975,96.4957068794785,98.50699339648315,100,102.9629852819288,105.4092010735721,106.6533293917082,106.9842815756079,108.1616952290157,108.8568534419835,110.3420468003468,111.6196130859748,113.4524741243592,114.1769191762187,115.8871663191789,123.0185800239511,129.2851066197896,131.4193382984901,NA
Malta,181,"Prices, Consumer Price Index, All items, Percentage change, Corresponding period previous year, Percent",PCPI_PC_CP_A_PT,Value,NA,NA,NA,NA,NA,NA,NA,NA,NA,NA,NA,NA,NA,NA,NA,NA,NA,NA,NA,NA,3.384615384615528,2.511321531006946,0.1686746989576345,1.876353139212653,2.18024399859687,1.602218456101318,0.5231235786995303,0.693868315713048,2.03730057682276,2.334287601862175,3.715658848092627,2.323812158388086,3.372761067811551,7.689289917861485,7.255616272040075,8.791666666166906,0.5515128302585832,10.04037480023641,4.707511249514872,7.147107437978929,15.747254103486,11.50975583771234,5.818233972186653,-0.8809975603175066,-0.4425000007500752,-0.2352074596774736,2.027888714147608,0.4317256694224422,0.9383443871285148,0.8476913592262123,2.983405860635602,2.54219284786975,1.633212098890449,4.144819541804884,4.129921816382586,4.426645502866542,2.054000000000089,3.112077919532723,2.385251354176611,2.134768888063856,2.369592875318062,2.929492443241039,2.188490480605487,1.303837774426015,2.790828480677541,3.007966524503134,2.773780064814723,1.249219237976292,4.258621718970734,2.084327460823426,1.515635136185318,2.9629852819288,2.375820577603862,1.180284363665502,0.3103064721816645,1.100548263789292,0.6427027715273043,1.364354481507084,1.15782362451517,1.642060017689402,0.6385449567767122,1.497892179347241,6.153756219330369,5.093967589788826,1.650794692831088,NA
Myanmar,518,"Prices, Consumer Price Index, All items, Index",PCPI_IX,Value,NA,NA,NA,NA,NA,NA,NA,NA,NA,NA,NA,NA,NA,NA,NA,NA,NA,NA,NA,NA,0.1554380568798041,0.155210475539646,0.152707080770602,0.148610616606799,0.147927872581774,0.174099726961626,0.218478088736159,0.220298739473351,0.2255331103493211,0.215747112624681,0.207099021614484,0.21142306712072,0.227581342433498,0.284931840725033,0.356767891464736,0.469705132646411,0.574845816339881,0.568196648118068,0.533850830523238,0.564132424644633,0.567563213382387,0.569370588543358,0.599574220210167,0.633450663477823,0.664149656130871,0.709362086014605,0.775513377079485,0.967530489244365,1.12274949166682,1.42812080911483,1.67985245131483,2.22197507756224,2.7088811513616,3.57116155011332,4.43176813249285,5.54833936758894,6.45135360647177,8.36722709148926,12.6753073029494,15.0076960975733,14.99131286888849,18.1546755773626,28.5163679343749,38.95042641206041,40.7165219987298,44.5310974654808,53.4357527307125,72.1514098169118,91.4876537263591,92.834665896028,100,105.0214601462073,106.5627374797976,112.5761141386278,118.1523458825855,129.3226717606075,138.2832137060848,144.6062641997009,154.5440819335781,168.1827006593676,NA,NA,NA,NA,NA,NA
Myanmar,518,"Prices, Consumer Price Index, All items, Percentage change, Corresponding period previous year, Percent",PCPI_PC_CP_A_PT,Value,NA,NA,NA,NA,NA,NA,NA,NA,NA,NA,NA,NA,NA,NA,NA,NA,NA,NA,NA,NA,7.389937107034908,-0.1464128828721027,-1.612903227272536,-2.682563338341034,-0.4594180689199591,17.69230769230747,25.49019607843188,0.8333333322915851,2.376033057875617,-4.339051463212154,-4.008438817552767,2.087912087911857,7.642626480085932,25.19999999925016,25.21166134220385,31.65566293480142,22.3844016992292,-1.156687242528637,-6.044706125702652,5.672295028878272,0.6081530838996136,0.3184447332659153,5.304740405379926,5.650083363454384,4.846311547690528,6.807566557683329,9.325461900076517,24.75999999999994,16.04280218018556,27.19852644908879,17.62677503145038,32.27203828664164,21.91321040079133,31.83160687276003,24.09878607570193,25.19471239728473,16.27539663773738,29.6972325791529,51.48754975040789,18.40104337416087,-0.1091655146685647,21.10130537692296,57.07451126217031,36.58971753239244,4.534213741296925,9.368618141967039,19.99648733592144,35.02459707176984,26.79953719340217,1.47234311385647,7.718381958736143,5.0214601462073,1.467583226746787,5.643038834255013,4.953299184843998,9.454171895260183,6.928825258160756,4.572536553175196,6.872328656629354,8.825066968045581,NA,NA,NA,NA,NA,NA
Malaysia,548,"Prices, Consumer Price Index, All items, Index",PCPI_IX,Value,NA,NA,NA,NA,NA,NA,NA,NA,NA,NA,NA,NA,NA,NA,NA,NA,NA,NA,NA,NA,21.30924127973337,21.27079776304363,21.2938638731113,21.95509235955252,21.86667227117759,21.84360616114835,22.05504550278835,23.06418781484713,23.02766647404766,22.9334798581942,23.35635854145479,23.73310500459945,24.50005316175484,27.08730183235055,31.781255215535,33.20750968326084,34.08209968707854,35.71402696892731,37.44975174571525,38.81834093857943,41.40943396085946,45.42614905506289,48.06945125595508,49.85005691634079,51.79284952637234,51.97229040680046,52.35532767111117,52.50716226236979,53.84951807993446,55.36441320566908,56.81374339429921,59.28987571056723,62.11635944443365,64.31315752234669,66.70880370213987,69.01064106942468,71.41811831588511,73.3196361410336,77.18383172137881,79.30218929851797,80.51927190648598,81.66005665722375,83.13636633464913,84.04228363670559,85.2367523757134,87.77260621462968,90.94052640225448,92.7842120541747,97.8323989582419,98.40306356478862,100,103.1744709215131,104.8908515247459,107.098816863856,110.4649225129144,112.7895350774871,115.1474754207632,119.6050658223629,120.6632227962006,121.4630894850857,120.0799866688885,123.0544909181803,127.212131311448,130.3782702882852,132.7695384102649,134.6025662389601
Malaysia,548,"Prices, Consumer Price Index, All items, Percentage change, Corresponding period previous year, Percent",PCPI_PC_CP_A_PT,Value,NA,NA,NA,NA,NA,NA,NA,NA,NA,NA,NA,NA,NA,NA,NA,NA,NA,NA,NA,NA,0.063182597888167,-0.1804077216315654,0.1084402678480898,3.105253656083443,-0.4027315710036582,-0.1054852322437895,0.9679690252613689,4.575562140332911,-0.1583465287945673,-0.4090150252940695,1.843935965563875,1.613035963958077,3.231554223548736,10.56017574131009,17.32898098244111,4.487722269159062,2.633711507305714,4.788224014459644,4.860064585542518,3.654467997964138,6.674919534505103,9.70000000000015,5.818900029778301,3.704235463193726,3.897272601497682,0.3464587912598837,0.7370028553919387,0.2900079094384121,2.556519453207422,2.813200897148054,2.617801047120508,4.358333333333004,4.767228299928205,3.536585365853888,3.724970553592836,3.450575095848948,3.48855945858916,2.662514597119463,5.270342003487656,2.744561302406039,1.534740236976995,1.416784732060981,1.807872462815361,1.089676325772861,1.421271159374023,2.975070926844491,3.60923564224389,2.027353177795685,5.44078221100769,0.583308405623702,1.622852355770353,3.1744709215131,1.663571024792059,2.10501231233612,3.142990508790954,2.104389802383585,2.090566595257424,3.871201157742374,0.884709160571235,0.6628918657643263,-1.138702153930499,2.477102414654468,3.378698625499285,2.488865601257539,1.834100204499002,1.380608722936919
Nigeria,694,"Prices, Consumer Price Index, All items, Index",PCPI_IX,Value,NA,NA,NA,NA,NA,NA,NA,NA,NA,NA,NA,NA,NA,NA,NA,NA,NA,NA,NA,NA,0.06588596412581546,0.07002304082032654,0.07371019670756662,0.07172396094677519,0.07233848692801864,0.07530686689088746,0.08260436291744429,0.07952624617244011,0.07914765427320519,0.08718587358071334,0.09918010389234105,0.1150480426206641,0.1190260009810356,0.1254565764269869,0.1413574361902899,0.189368342025362,0.2353848491375244,0.2708993245713464,0.3297095246550546,0.3683176218246393,0.4050472200283822,0.4893489806436579,0.5270178283300749,0.6493509539757535,0.7650687568725077,0.821954257114107,0.8689466268789049,0.967053504107168,1.494206213471642,2.248282603147702,2.413855134044145,2.727824622092581,3.944130052379112,6.19880196895976,9.734084663926103,16.8239541229376,21.74803825648036,23.60311856373514,25.962575544391,27.68087573682518,29.60007172290215,35.18668453760729,39.71752584104071,45.29060312354996,52.0833030965434,61.38720049007169,66.43643371541125,70.01603405804215,78.12464359673523,87.9197768259367,100,110.8261371880017,124.3737916236133,134.9399899542045,145.799165386817,158.9348463938373,183.882551450038,214.2273396113528,240.1383645266164,267.5055467431832,302.9393941350744,354.2962422544421,421.0711203449525,524.9053646572305,699.3949133214556,NA
Nigeria,694,"Prices, Consumer Price Index, All items, Percentage change, Corresponding period previous year, Percent",PCPI_PC_CP_A_PT,Value,NA,NA,NA,NA,NA,NA,NA,NA,NA,NA,NA,NA,NA,NA,NA,NA,NA,NA,NA,NA,5.444327361872399,6.279147234775137,5.265632346217331,-2.694655352327307,0.8567931457375542,4.103458738116192,9.690346083751184,-3.726336765142156,-0.4760590590608329,10.15597920282197,13.75707992479299,15.99911484822352,3.457649752014997,5.402664453942196,12.67439317743296,33.9641883221776,24.2999999999997,15.08783405726872,21.70924574166645,11.70973062121177,9.97226199001424,20.81282291219492,7.697747247142487,23.2123315511559,17.82053328608418,7.43534482758635,5.717151454363017,11.29032258064511,54.51122477976726,50.46668812359154,7.36440030557696,13.00697310374277,44.58884271502298,57.16525283492167,57.03170891196593,72.83550229726377,29.26829268292711,8.529874213836337,9.996378123868057,6.618373394797515,6.93329215565161,18.87364620938627,12.87657920310988,14.03178361314366,14.99803381832513,17.86349336616049,8.225221520170471,5.388007968586264,11.58107517482521,12.53782773046889,13.74005213636939,10.8261371880017,12.22424130205839,8.495518382656694,8.047410879679072,9.009434980077064,15.69681263879716,16.50226621396411,12.09510651734316,11.39642233781162,13.24602342765969,16.95284572216077,18.84718778432745,24.65955020311397,33.24209665454057,NA
Netherlands,138,"Prices, Consumer Price Index, All items, Index",PCPI_IX,Value,NA,NA,NA,NA,NA,NA,NA,NA,NA,NA,NA,NA,NA,NA,NA,NA,NA,NA,NA,NA,16.84309299999583,17.06333991465511,17.47817063517337,18.04510085799812,19.09600571392177,19.84228484081996,20.98562511941914,21.71074817800504,22.51856023729153,24.18984050151491,25.07734903145386,26.95255261266343,29.05560428362159,31.38650586404871,34.39691830365671,37.91141510549826,41.25924008479895,43.899540520622,45.7046948783972,47.62397208549047,50.72593829328433,54.14432201770586,57.34484518729469,58.91657583229459,60.86178951295184,62.23640441464148,62.28827645190932,61.85773335638314,62.31421292547334,62.98855122967601,64.53434813069232,66.57247218102574,68.69186130091803,70.46698572429419,72.44113568744481,73.8343381222306,75.27364044146414,76.86134641105663,78.3671649667446,80.05768513379493,81.94746467467947,85.35307123295146,88.15907994941178,90.00336648257161,91.14069167568944,92.67926519693924,93.70012829028175,95.21231586705122,97.57977198904526,98.74075354617993,99.99999999999997,102.3410701775137,104.8541039242268,107.4826899105607,108.5317586686926,109.1832185393105,109.5289653980184,111.0420628349423,112.9336620961358,115.9079949411776,117.3828782516127,120.5237155049269,132.5775428316668,137.6663906757531,142.2748323582665,146.9123895657238
Netherlands,138,"Prices, Consumer Price Index, All items, Percentage change, Corresponding period previous year, Percent",PCPI_PC_CP_A_PT,Value,NA,NA,NA,NA,NA,NA,NA,NA,NA,NA,NA,NA,NA,NA,NA,NA,NA,NA,NA,NA,2.323943661972183,1.307639366827307,2.431122644178097,3.243647373964011,5.823768258174395,3.908037827796218,5.762140236224594,3.45533218314714,3.720793280191408,7.421790055012846,3.668930888086546,7.477678676711607,7.802792192566054,8.022209958789363,9.59142267268508,10.21747579482412,8.830651586031559,6.399294874060974,4.112011962692915,4.199299901683484,6.513455455217965,6.738926552047819,5.911096584683837,2.740840331622575,3.301640757593042,2.258584429886196,0.08334677710853874,-0.6912104814115186,0.7379506883323192,1.082158102532991,2.45409184818341,3.158200414771223,3.183581817615511,2.584184486717987,2.801524632931776,1.923220034535245,1.949367131660078,2.109245627394832,1.959136322742514,2.15717918055059,2.36052233801948,4.15584127195613,3.28753104712771,2.091998389976546,1.263647391831797,1.688130178696234,1.101501065177019,1.613858598021032,2.486501982894539,1.189776870215496,1.275305695566831,2.341070177513731,2.455547652916045,2.506898526578852,0.976035079699679,0.6002481472787763,0.3166666666667431,1.381458714072063,1.703497947444703,2.633699102496005,1.272460377891613,2.675720088053854,10.00120787534728,3.838393543428083,3.347543042199533,3.259576645136596
Norway,142,"Prices, Consumer Price Index, All items, Index",PCPI_IX,Value,NA,NA,NA,NA,NA,NA,NA,NA,NA,NA,NA,NA,NA,NA,NA,NA,NA,NA,NA,NA,9.02783205139806,9.222397430096821,9.708810605375074,9.948774590534793,10.53247072663107,10.97348891503031,11.33018912315627,11.84902904714505,12.2576183150846,12.62080535698126,13.96330648810062,14.83236358700569,15.90896117998371,17.08932223328205,18.6977296172292,20.8833490181884,22.79657135100895,24.87193466654601,26.90190028051759,28.1151027056375,31.17364944348925,35.42665822097546,39.44439417247307,42.78345851054202,45.44385123518232,48.0409012759026,51.48855307212017,55.97683467559495,59.71405302687536,62.42873948058995,65.00769161161882,67.24278345851052,68.80825264681928,70.38277078997375,71.35100895846526,73.10650619853403,74.02949959279701,75.92978011039725,77.64003257623742,79.47697040991761,81.92923717310646,84.39055289114106,85.4764274726269,87.60293186137,88.00108587458146,89.34938014659305,91.43063976110756,92.08216450999906,95.5388652610623,97.63822278526828,99.99999999999999,101.2849515880915,101.9907700660574,104.1534702741833,106.2799746629264,108.5874581485838,112.4423129128585,114.5507193919102,117.7178535879105,120.2696588544022,121.8170301330196,126.0609899556601,133.3273006967695,140.6841009863361,145.1090399058908,149.5430277802914
Norway,142,"Prices, Consumer Price Index, All items, Percentage change, Corresponding period previous year, Percent",PCPI_PC_CP_A_PT,Value,NA,NA,NA,NA,NA,NA,NA,NA,NA,NA,NA,NA,NA,NA,NA,NA,NA,NA,NA,NA,0.3604923468446219,2.155172776709225,5.274259529207325,2.47161052896497,5.867015387519215,4.187224439980045,3.250563343053003,4.579269757539986,3.448293242542072,2.962949510752108,10.63720652641829,6.223863235012933,7.258435829615205,7.419472836375031,9.411768132118901,11.68922348168539,9.161472765475617,9.103839711602976,8.1616715433962,4.509727612062088,10.87866108786601,13.64296081277218,11.3409961685824,8.465244322092216,6.218274111675119,5.714854639585787,7.17649274816357,8.71704745166956,6.676365987714165,4.546143355053789,4.131033483113504,3.438195991091341,2.328085049118573,2.28826933193057,1.375674980714795,2.460367786937235,1.262532491645016,2.566923359002585,2.252413299964227,2.365967365967341,3.085506091312763,3.00419703998237,1.286725284151836,2.487825534617828,0.4544985022208404,1.532133676092542,2.329349807575436,0.7125890736342012,3.753930817610051,2.197385868535736,2.418906394810011,1.28495158809152,0.6968641114983621,2.120486203531125,2.041702867072112,2.171136653895269,3.549999999999977,1.875100595525539,2.764831345287884,2.167730033054024,1.286584907080047,3.483880552666779,5.764123178522719,5.517849871046594,3.145301344310734,3.055624844100839
New Zealand,196,"Prices, Consumer Price Index, All items, Index",PCPI_IX,Value,NA,NA,NA,NA,NA,NA,NA,NA,NA,NA,NA,NA,NA,NA,NA,NA,NA,NA,NA,NA,4.992164800446702,5.081909161232799,5.21814772472713,5.320866884646751,5.505761979432775,5.692819678679849,5.849684230505663,6.203994928266309,6.471506534436698,6.790243919933702,7.232776410037973,7.984086000977712,8.537607081888195,9.234845216116991,10.26078129638192,11.76757533389465,13.75710246866307,15.73586210092927,17.61733901714745,20.03084311503324,23.4662419623063,27.07304080008917,31.44904430483813,33.75774250468165,35.84101836351619,41.36686312829743,46.83283142003027,54.20633326675488,57.66212222701637,60.95808426184537,64.675578984307,66.3586916339568,67.03194055610302,67.89545121987555,69.0804834258259,71.67441698788016,73.31268849336627,74.18301885126778,75.1216151198578,75.03577580641782,76.99813727448387,79.01996691675892,81.13540458552703,82.55817430829212,84.44896209331506,87.0136967707976,89.94205742888705,92.07920942309583,95.72457870732589,97.7497768150263,100,104.0279066739204,105.1305121722712,106.3231365296144,107.6282610111024,107.9432939122643,108.6408669618925,110.6515787371207,112.4201196425951,114.2409117644138,116.19964268334,120.7792107473083,129.4417672056579,136.8628744900403,140.8630996061572,144.8633247222741
New Zealand,196,"Prices, Consumer Price Index, All items, Percentage change, Corresponding period previous year, Percent",PCPI_PC_CP_A_PT,Value,NA,NA,NA,NA,NA,NA,NA,NA,NA,NA,NA,NA,NA,NA,NA,NA,NA,NA,NA,NA,0.6979292337964771,1.797704290092078,2.68085396987461,1.968498504418873,3.474905476766105,3.397489756110841,2.755480775428153,6.056920062675219,4.311924965501938,4.925242426951331,6.517181051554798,10.38756831881375,6.932804592068537,8.166669273266582,11.10940201222244,14.68498347239936,16.90685700594497,14.38354941946215,11.9566179733303,13.69959501566416,17.15054542409539,15.37015958318529,16.16369412310178,7.341075860573446,6.171253479244424,15.41765557199175,13.21339806400207,15.74430078889269,6.375249444110527,5.715991551356302,6.098444148102041,2.602392859997734,1.014560271712361,1.288207765743864,1.745377907737428,3.754944136775542,2.285713054021946,1.187148331056325,1.265244099154061,-0.114267129777524,2.615234462463196,2.625816303929026,2.677092577116048,1.753574447595574,2.290249028475706,3.037023326170119,3.365401961719926,2.376143102906586,3.958949373120603,2.115651105545602,2.302023859585724,4.0279066739204,1.059913184456322,1.13442266445817,1.227507505973999,0.2927046281361015,0.6462402844545243,1.85078767452536,1.598297038016956,1.619631901840475,1.714561700072449,3.941120607787283,7.17222476016441,5.733162830349572,2.922797823019567,2.839796318057201
Pakistan,564,"Prices, Consumer Price Index, All items, Index",PCPI_IX,Value,NA,NA,NA,NA,NA,NA,NA,NA,NA,NA,NA,NA,NA,NA,NA,NA,NA,NA,NA,NA,2.072064777770013,2.1060553417098,2.095178361249079,2.125694392045143,2.214539635994848,2.33785927586943,2.506830897820148,2.67758116842646,2.682149854176424,2.767629615870902,2.915693397293339,3.053625856489741,3.211902541435776,3.952891156548832,5.006851903350201,6.053509733004045,6.486839556791246,7.144148913014739,7.582706258488071,8.209572146942696,9.189649826625944,10.28137228548503,10.88833605778571,11.58105564535861,12.28601381225009,12.97585373410088,13.4308409181788,14.05956793415149,15.30214369319971,16.50248435499172,17.99631094828544,20.11830462255046,22.03136255054043,24.22869679345587,27.22534911192939,30.58593145610173,33.75885744036759,37.5990938670644,39.94076699506381,41.59536805890669,43.4116982349521,44.77841199349623,46.25177611096968,47.59961516826086,51.14322787305362,55.77850604292912,60.19676858397655,64.7709310539966,77.91044056064501,88.54347444867062,100,111.9160927116277,122.7522025965545,132.1944936597873,141.6984634734812,145.2824826301755,150.7525412249884,156.9113458666168,164.8793938551034,182.3203865361144,200.0786040286256,219.0789001397022,262.6183339655961,343.4210792841398,386.8038565147803,NA
Pakistan,564,"Prices, Consumer Price Index, All items, Percentage change, Corresponding period previous year, Percent",PCPI_PC_CP_A_PT,Value,NA,NA,NA,NA,NA,NA,NA,NA,NA,NA,NA,NA,NA,NA,NA,NA,NA,NA,NA,NA,6.947368421052889,1.640419947506089,-0.5164622336984995,1.456488447974964,4.179586881453193,5.568635479363752,7.227621597877353,6.811399634286877,0.1706273484381013,3.186986795736857,5.349840909830166,4.730691482322722,5.183237645491385,23.07008402508444,26.6630348537488,20.90450945739979,7.158323731184648,10.13296768740547,6.138692667427427,8.267046976175719,11.93823091070873,11.87991359252828,5.903528784358635,6.362033499852997,6.087166735737162,5.61483921793224,3.506414247582045,4.681218546202127,8.837937018177726,7.844264737400439,9.052131552797764,11.79127033514159,9.509041461901504,9.973664760292092,12.3681943936948,12.34357851705133,10.37380858850018,11.3754928865122,6.228004154245431,4.142637180821711,4.366664512916805,3.148261445906179,3.290344726131526,2.914134700594792,7.444624693427395,9.06332737030417,7.921084400587886,7.598684410507745,20.28612109295543,13.64776506397613,12.93887056348892,11.9160927116277,9.682351860556839,7.692156118995647,7.189384028470276,2.529328172542286,3.765119163565805,4.08537368032608,5.078057258689168,10.57803056720248,9.740116193201255,9.496415772852052,19.87385996466555,30.76812806570052,12.63253185304518,NA
Panama,283,"Prices, Consumer Price Index, All items, Index",PCPI_IX,Value,NA,NA,NA,NA,NA,NA,NA,NA,NA,NA,NA,NA,NA,NA,NA,NA,NA,NA,NA,NA,25.70696893962224,25.86476107640255,26.06857591965898,26.18585519148002,26.8178601561634,26.9416549430857,26.99377906396024,27.36516342472704,27.80821845173708,28.31642862962842,29.18950765312033,29.74984195182112,31.35917418187575,33.50929416519739,38.96060846646787,41.25189794364826,42.88134791218196,44.84768838082884,46.73152505362318,50.46482181735175,57.43295491183813,61.62689786937353,64.24639338879528,65.59739304655285,66.63556581133037,67.31965978559705,67.27497022969783,67.94531357135058,68.18938730085068,68.32976692295061,68.8555544724983,69.72055979594788,70.99262644807968,71.3148833332863,72.21946406369084,72.93747501844943,73.85336300798431,74.8314409227346,75.24980951054708,76.18831201834185,77.33034519047754,77.56779763220885,78.3479985121832,78.65486150635591,79.02825428605624,81.28520896109004,83.28311279968558,86.75488012576972,94.35346521682175,96.6264902397485,100,105.8758024367877,111.9088169789074,116.4155639984279,119.4732502182241,119.63751644926,120.5225158654591,121.5777940433122,122.5037042125819,122.0687133787713,120.1763121343523,122.136031309897,125.6286959027865,127.4960578648542,128.3798931144969,NA
Panama,283,"Prices, Consumer Price Index, All items, Percentage change, Corresponding period previous year, Percent",PCPI_PC_CP_A_PT,Value,NA,NA,NA,NA,NA,NA,NA,NA,NA,NA,NA,NA,NA,NA,NA,NA,NA,NA,NA,NA,0.05117707241576659,0.6138107419467272,0.7880020335559117,0.4498875281200025,2.413535704913746,0.4616132167198617,0.1934703750925929,1.375814627091767,1.619047619535491,1.827553889413559,3.083294983670287,1.919642857151415,5.409548839489265,6.856430500533769,16.26806662771247,5.881041306509441,3.949999999417224,4.585537918896135,4.200521232660965,7.988818596107684,13.80790190780079,7.30232836526219,4.250571763281241,2.102841243681668,1.58264332858587,1.026619892751567,-0.06638410835935518,0.9964230966791777,0.3592208449281698,0.2058672583177452,0.7694853549560234,1.256260776746883,1.824521569899575,0.4539300788403877,1.268431901061957,0.9942069829338408,1.255716611115476,1.324351221006076,0.5590812934424935,1.247182569496364,1.498961116057766,0.307062436028722,1.005830903790394,0.3916666666666571,0.4747230782043358,2.855883247609593,2.457893464420957,4.168633002988869,8.758683177287836,2.409053040821998,3.491288726188002,5.8758024367877,5.69819959165992,4.027159915710603,2.626526999291514,0.1374920584615043,0.7397340253000328,0.8755859187598782,0.7615783593999441,-0.3550838210212453,-1.550275408037604,1.630703373018979,2.859651288347111,1.486413552770376,0.6932255510045379,NA
Peru,293,"Prices, Consumer Price Index, All items, Index",PCPI_IX,Value,NA,NA,NA,NA,NA,NA,NA,NA,NA,NA,NA,NA,NA,NA,NA,NA,NA,NA,NA,NA,4.07722533358808e-8,4.31846289137633e-8,4.605256039546481e-8,4.88480170738672e-8,5.36313540574427e-8,6.24215122800927e-8,6.79399508350477e-8,7.4586925604639e-8,8.88230475795661e-8,9.436219322103021e-8,9.91041160314842e-8,1.05833919147008e-7,1.13474834068616e-7,1.24242519053392e-7,1.452291512300411e-7,1.795304400321751e-7,2.39643112167965e-7,3.30837121153327e-7,5.22222368212621e-7,8.705155632939549e-7,1.38538261339855e-6,2.43042200348463e-6,3.99678422945211e-6,8.439235288427559e-6,1.77399915622033e-5,4.67270500051154e-5,8.31372465771288e-5,1.544875489325469e-4,0.00118494936057133,0.0414575745580702,3.14317384437408,16.01541892645909,27.7912832791575,41.2922849295886,51.0937953989864,56.7798721254013,63.33110107256351,68.7536299522063,73.7367704992645,76.2951857032352,79.16185396223571,80.7269620151228,80.8828740363217,82.7103235208532,85.7395669542006,87.1253772370504,88.8698520836898,90.451723406074,95.6851479459922,98.4946854352191,99.99999999999997,103.3693109533385,107.1021968961927,110.0666750277473,113.822090321437,117.6898696070839,121.8763061511714,125.5263802024014,127.4207668793024,130.2904378926432,132.8993893308961,138.576404455789,150.1249550055681,159.8164418432999,163.0250883632187,165.5214173700329
Peru,293,"Prices, Consumer Price Index, All items, Percentage change, Corresponding period previous year, Percent",PCPI_PC_CP_A_PT,Value,NA,NA,NA,NA,NA,NA,NA,NA,NA,NA,NA,NA,NA,NA,NA,NA,NA,NA,NA,NA,8.664459162719101,5.916708988363754,6.641093263597494,6.070143884285927,9.792284866634839,16.38996138944238,8.840603749222087,9.783602560634137,19.08661854543804,6.236158060780612,5.025235900724245,6.790639364954147,7.219722167705451,9.48905109503398,16.89166666657032,23.61873529633262,33.48327566345664,38.0540914196793,57.84878262515052,66.69442296648764,59.14507124449138,75.43326875760644,64.44815853879285,111.1506352091574,110.2085195625433,163.39950524368751,77.92102554735948,85.82230623818455,667.0193285859615,3398.679010053324,7481.663611245257,409.5301666220228,73.52829424426415,48.57998644688849,23.73690505650459,11.12870297070885,11.53794241151773,8.56218948953653,7.24782175213469,3.46965996293019,3.757338333444744,1.977098785020532,0.1931350038537219,2.259377533630723,3.662473200922334,1.616301938625438,2.002258012488186,1.779986446803718,5.785875982067553,2.936231535966997,1.52832059732901,3.369310953338531,3.611212949401632,2.767896660820019,3.411945798074646,3.398091947463076,3.557176635562789,2.994900458094428,1.509154230247419,2.25212191358027,2.002412057592918,4.271663815367978,8.333706300962309,6.455613483695862,2.00770739412712,1.531254503142729
Philippines,566,"Prices, Consumer Price Index, All items, Index",PCPI_IX,Value,NA,NA,NA,NA,NA,NA,NA,NA,NA,NA,NA,NA,NA,NA,NA,NA,NA,NA,NA,NA,1.1289570744394,1.1469710861261,1.21345701083502,1.281720634064341,1.38660484683975,1.422158817274061,1.49895539340232,1.5926993621043,1.63026805752857,1.66214811768373,1.90118931222233,2.30810739199867,2.49746531031043,2.911545864538271,3.90623450399154,4.17035074939091,4.55399078719985,5.00477902299168,5.37185583863149,6.31372122897355,7.46285072380537,8.43918552245876,9.30181603920786,10.2347283365258,15.38678574040869,18.94161134163209,19.1590871369295,19.93881742738589,22.7023513139696,25.4817980636238,28.584806362379,34.0906569847856,37.0398409405256,39.5275518672199,43.63307053941909,46.61408022130009,50.0989972337483,52.8996611341632,57.7849100968188,61.2167842323652,63.6514522821577,67.0539419087137,68.87966804979249,70.4564315352697,73.8589211618257,78.6721991701245,82.9875518672199,85.3941908713693,92.448132780083,96.3485477178423,100,104.7184170471842,107.8882057396326,110.6746211173953,114.6564985765853,115.4295041329969,116.876642442093,120.2113524587059,126.5937898328531,129.6219960073846,132.7240608690998,137.9363739360635,145.9658683570338,154.6917446857359,159.661379209096,162.3097407066828
Philippines,566,"Prices, Consumer Price Index, All items, Percentage change, Corresponding period previous year, Percent",PCPI_PC_CP_A_PT,Value,NA,NA,NA,NA,NA,NA,NA,NA,NA,NA,NA,NA,NA,NA,NA,NA,NA,NA,NA,NA,4.154821779821614,1.59563300452722,5.79665220101376,5.625549370088236,8.183079057003301,2.564102564284486,5.399999999680746,6.25395319397734,2.358806458905944,1.955510322853842,14.38146167573282,21.4033435366143,8.204034134988339,16.5800322638464,34.16359163591648,6.761402704560771,9.199227136110112,9.898751597365656,7.33452593917692,17.53333333275015,18.20051049385085,13.08259852416757,10.22172713768915,10.02935656204813,50.33897563744976,23.1031071803888,1.148137776533384,4.06976744186024,13.86006916733189,12.24299065420551,12.17735220649464,19.26145852662816,8.651003578652645,6.716311041099733,10.38647342995175,6.831996109895336,7.476103777879099,5.590259396506009,9.234934322671212,5.939049017808082,3.977125032492797,5.345501955671419,2.722772277227651,2.289156626506071,4.829210836277951,6.516853932584333,5.485232067510502,2.900000000000028,8.260447035957249,4.21903052064628,3.789836347975908,4.7184170471842,3.026963911247963,2.582687661417947,3.597823438642111,0.6741925368454084,1.253698800809817,2.853187725909474,5.309346616277067,2.392065344224044,2.393162393162403,3.927180221003324,5.821158112139547,5.978025155414093,3.21260487006347,1.658736452550901
Portugal,182,"Prices, Consumer Price Index, All items, Index",PCPI_IX,Value,NA,NA,NA,NA,NA,NA,NA,NA,NA,NA,NA,NA,NA,NA,NA,NA,NA,NA,NA,NA,1.182810075386074,1.201131767613461,1.233106666145864,1.258034937521527,1.3013729639901,1.345944048122095,1.413769765319565,1.491901412201677,1.582629333456431,1.721628044471747,1.831470401289694,2.05027430872426,2.268902356746928,2.563283555325139,3.206226275402409,3.695871076675056,4.477248621354534,5.865945592773164,7.100068532794538,8.654928502185589,10.02824758448531,11.93766711526648,14.52566783965457,18.01222937535731,23.1249356395388,27.6253741784054,31.03195119612808,34.0218275175149,37.45858737221119,42.21069750760785,47.96425641917924,53.64777339436185,58.77610371532967,62.7633452525948,66.16539484477143,68.95943781802941,71.07578732817971,72.73673109222808,74.60806698459255,76.35396655741663,78.53236842946271,81.96415699336332,84.91515071888416,87.64856169904515,89.72176750693318,91.7648792508975,94.61662470660502,96.93848382732575,99.44774285643263,98.61682710915888,99.99999999999996,103.6530110043072,106.5276599068948,106.8199895602893,106.522866162199,107.0426323694947,107.6928061871265,109.1667051349882,110.2515118050402,110.6243586147142,110.6105987919763,112.0105497892527,120.7839903130848,125.9913286484835,129.035445303373,132.0497342134884
Portugal,182,"Prices, Consumer Price Index, All items, Percentage change, Corresponding period previous year, Percent",PCPI_PC_CP_A_PT,Value,NA,NA,NA,NA,NA,NA,NA,NA,NA,NA,NA,NA,NA,NA,NA,NA,NA,NA,NA,NA,3.046592778326996,1.548996969898716,2.662064179347633,2.021582727597893,3.444898482227678,3.424927777455662,5.039267218581831,5.526476007530923,6.081361711486154,8.782771055541197,6.380144490016733,11.94689836540561,10.66335597594766,12.97460852393332,25.08277785895272,15.27168575184833,21.14190480319553,31.01674909888068,21.03877235993821,21.89922480620154,15.86748038360944,19.04041074669148,21.67928372770947,24.00276238029172,28.38463888971028,19.46141000786957,12.33133348972186,9.634831862457535,10.10163211522661,12.68630364561487,13.63057056930745,11.84948417736748,9.559260331775084,6.783779946654067,5.420440192416258,4.222816140994862,3.068977325097887,2.336862983141164,2.572752259091297,2.340094903121695,2.853030392871569,4.36990330551793,3.600346582909141,3.218990906828951,2.365362040973019,2.277163948878337,3.1076654587105,2.453965281387431,2.58850657657959,-0.8355300215041567,1.402572898953692,3.653011004307241,2.773338540515863,0.2744166666666631,-0.2781533674674283,0.4879386239047196,0.6073970746417185,1.368614116434723,0.993715683468326,0.3381784100460336,-0.01243832995753053,1.265657190690439,7.832691242333231,4.311281918986723,2.416131877918839,2.336016203166934
Paraguay,288,"Prices, Consumer Price Index, All items, Index",PCPI_IX,Value,NA,NA,NA,NA,NA,NA,NA,NA,NA,NA,NA,NA,NA,NA,NA,NA,NA,NA,NA,NA,0.4109273932294383,0.4868971634063094,0.4938035061496614,0.5041630202646893,0.5110693630080413,0.5307930535197174,0.5460437688621174,0.5534987274777234,0.5574179057207533,0.5699422361992535,0.5650432633917414,0.5930313080294095,0.6474738058140145,0.7303303458702585,0.9146169228809558,0.9758327830647687,1.019497540678381,1.114921010974521,1.233774351209871,1.581218022521131,1.936159252209822,2.187370057717962,2.299364836025351,2.608255887602322,3.138030805317172,3.929150853316303,5.176365384709173,6.305344860172214,7.729990693872545,9.772418630726838,13.41361753025401,16.66311360800572,19.19469776160291,22.68979528709162,27.35622279409552,31.02890905871712,34.06964390589233,36.43733632417273,40.64703960048093,43.39163577894243,47.28914183033883,50.72614516722814,56.05758582502774,64.03839055001845,66.80693983019565,71.35474344776678,78.19719911850433,84.55500219996047,93.14138058324104,95.55555555555559,100,108.2539682539683,112.233296419343,115.2454780361757,121.0409745293467,124.8283499446291,129.9298634182356,134.6105574012552,139.9621483942416,143.8210409745293,146.3631007751939,153.3709413067552,168.3484828349944,176.1464230343301,182.9023477297897,190.2880620155039
Paraguay,288,"Prices, Consumer Price Index, All items, Percentage change, Corresponding period previous year, Percent",PCPI_PC_CP_A_PT,Value,NA,NA,NA,NA,NA,NA,NA,NA,NA,NA,NA,NA,NA,NA,NA,NA,NA,NA,NA,NA,8.18181818181802,18.48739495798323,1.418439716312076,2.097902097902106,1.369863013698648,3.859298157805198,2.873194221603256,1.365267592219053,0.7080735778543655,2.246847535747165,-0.8595560210069086,4.953256936409866,9.180374973036853,12.79689453260204,25.2333177791075,6.693060083667477,4.474614746644984,9.359852916628375,10.66024759291814,28.16103860244361,22.44733013621767,12.9746974698193,5.120065437131879,13.43375556316307,20.31146254602548,25.21071643588182,31.74259726729986,21.8102740350983,22.5942571785268,26.42212672355863,37.25995617992014,24.22535211267631,15.19274376417203,18.20866141732279,20.5661948376355,13.42541436464065,9.799683390160828,6.949566085341176,11.55326843558391,6.752265861027248,8.982159767500224,7.268060285848253,10.51024208566119,14.23679704991427,4.323264929674911,6.80738203116377,9.589349411292293,8.130474176985771,10.15478464890229,2.591946734305668,4.651162790697648,8.2539682539683,3.675918979744956,2.683857387185824,5.028827674567662,3.129002744739254,4.086822805772415,3.602477413489428,3.975610157406939,2.757097275627747,1.767515923566983,4.787983101235999,9.765566671644022,4.632022854033557,3.835402717285325,4.038064233393803
Sudan,732,"Prices, Consumer Price Index, All items, Index",PCPI_IX,Value,NA,NA,NA,NA,NA,NA,NA,NA,NA,NA,NA,NA,NA,NA,NA,NA,NA,NA,NA,NA,0.001025751844429804,0.001115612952331895,0.001134164160668039,0.001187336413865367,0.001234246157240057,0.001204056133482083,0.001224675151666519,0.001359555433938986,0.00122313906435078,0.001377338598617848,0.001432814982785246,0.001451494147666302,0.001648240560994251,0.001900241509957248,0.002397308628105909,0.002971776836666608,0.003021550659252717,0.003537520644859224,0.004217800170646945,0.005531157979227306,0.006933437560754482,0.008637380062531773,0.01085829921149708,0.01417961131915476,0.01902142981837059,0.02765858617834021,0.03442207581821177,0.0414983037810603,0.06834794000439853,0.1139499056089431,0.1881974967726746,0.4207684381625588,0.9156950788349204,1.844030630142139,3.972007757515848,6.687875725648375,15.57096489054262,22.91556122070174,28.557802872633552,33.46016251596567,35.84294734108694,36.53661436724255,44.65677612396186,47.55474728265093,52.14736901269154,56.58294639582879,60.65642620876093,69.60584339721925,79.55747605878265,88.513069171543,100,118.0966171221351,160.0906610094164,218.5595243982426,299.2225073434683,349.8197484890558,411.9136417975145,545.1744030337383,890.2289521201369,1344.192762434829,3538.692056968496,16245.88896814157,38796.55729740483,NA,NA,NA
Sudan,732,"Prices, Consumer Price Index, All items, Percentage change, Corresponding period previous year, Percent",PCPI_PC_CP_A_PT,Value,NA,NA,NA,NA,NA,NA,NA,NA,NA,NA,NA,NA,NA,NA,NA,NA,NA,NA,NA,NA,0.09224028582943701,8.760511461916316,1.662871365679969,4.68823253646181,3.95083843356371,-2.44602939056201,1.712463199270171,11.0135558877735,-10.03389535893893,12.60686856967603,4.027795650471733,1.303669008593532,13.55475071286205,15.28908794787729,26.15810230141979,23.96304763707379,1.674884263582169,17.07633079149219,19.23040440135135,31.13845501075297,25.35236901194191,24.57572433365755,25.71287974925945,30.58777477913833,34.14634146336,45.40750323421005,24.45349012513205,20.55723774539098,64.70056310010511,66.72032193158984,65.15809799662031,123.5781269029357,117.624468896394,101.3804237638124,115.3981442927379,68.37519294854224,132.8237773741385,47.16853696471969,24.62187854615864,17.1664454201761,7.121258971722906,1.935295720953327,22.22472414959051,6.489432086733376,9.657546286059446,8.50585075933117,7.19912990114709,14.75427707800844,14.29712244814345,11.25675870630097,12.97766638980141,18.0966171221351,35.55905741470241,36.52234491391544,36.90664278635953,16.90957060509773,17.75025383119596,32.35162609684366,63.29250734558878,50.99405150029646,163.2577823554576,359.0930407789987,138.80846024176,NA,NA,NA
Singapore,576,"Prices, Consumer Price Index, All items, Index",PCPI_IX,Value,NA,NA,NA,NA,NA,NA,NA,NA,NA,NA,NA,NA,NA,NA,NA,NA,NA,NA,NA,NA,27.51580683552682,27.62587006286895,27.74178280439144,28.35354449576044,28.84295384885554,28.89447062286556,29.47403433047819,30.45929263341961,30.6589201327084,30.57520537494219,30.71687650346965,31.25780263057478,31.90820190245127,38.17392954141895,46.71283483357844,47.89772063580864,47.01549588088727,48.50304273042633,50.86637473813564,52.93992489203863,57.45408221466591,62.15498784307946,64.58915541505255,65.36190702520274,67.06196056753312,67.3839404050957,66.45019887616421,66.79793710073176,67.81539338742957,69.40597378498867,71.80794337320557,74.26786933218361,75.94860408426024,77.6872952070979,80.09570439206622,81.47377809683383,82.60070752830327,84.25568389337445,84.03029800708119,84.04433933016693,85.18870716166148,86.03820720835324,85.7012154542936,86.13649646995397,87.56871142470747,87.9409715132846,88.79018011700056,90.66347681737074,96.67939795293346,97.24897691058067,99.99999999999997,105.2511562463937,110.0725483581745,112.6751014212288,113.8392262692079,113.2450132713118,112.6450301378619,113.2947252083907,113.7918445791796,114.4379887970599,114.2410274392138,116.8869674830669,124.0532539125957,130.0496453585917,133.1571962467486,134.3596037248445
El Salvador,253,"Prices, Consumer Price Index, All items, Index",PCPI_IX,Value,NA,NA,NA,NA,NA,NA,NA,NA,NA,NA,NA,NA,NA,NA,NA,NA,NA,NA,NA,NA,1.927769934096276,1.8760580768495,1.877861978850991,1.907325711466844,1.940848223572884,1.949717408394374,1.926567332760457,1.954828464049486,2.0044357689634422,2.000527314645686,2.056899252043814,2.066069087195127,2.097787697310218,2.231877745758478,2.609043588287855,3.107070864620969,3.325643656592988,3.718743966765379,4.212411813272439,4.804509459732672,5.638907092480299,6.473304725227928,7.232551312906897,8.195516174718096,9.1385881128124975,11.17908634141327,14.74912936966156,18.41642669153171,22.05572656522434,25.94505101876059,32.17164665142737,36.80522432237645,40.9327393509497,48.50803384767232,53.64300052178657,59.02320918364809,64.80094414922311,67.71059485131163,69.43522417654926,69.79269554852046,71.37788836608655,74.05514488872254,75.436662157142365,77.0362142898618,80.46582335118076,84.24043385288952,87.64132428390194,91.65361923906757,97.80167338490864,98.8344104457927,100,105.1289237668161,106.9473753627011,107.7576826694804,108.9875692429439,108.1904510683198,108.8439745002155,109.9458608659155,111.1446335770925,111.2283523109361,110.8150386404193,114.6569138642009,122.9106249897134,127.8830320206541,128.9748747032446,129.3070759694013
El Salvador,253,"Prices, Consumer Price Index, All items, Percentage change, Corresponding period previous year, Percent",PCPI_PC_CP_A_PT,Value,NA,NA,NA,NA,NA,NA,NA,NA,NA,NA,NA,NA,NA,NA,NA,NA,NA,NA,NA,NA,-0.0389741990030698,-2.682470368074193,0.0961538463947943,1.569004162589255,1.757566204057473,0.4569746729171241,-1.187355435933738,1.466916354723788,2.537680713487923,-0.1949902500381535,2.81785392208514,0.4458086676924745,1.535215366788719,6.391974203118369,16.89903684223535,19.08849965438626,7.034689631988251,11.8202775391489,13.27512329213834,14.05602473610618,17.36696825640247,14.79715162997331,11.72888686546786,13.31431773035241,11.50716950573086,22.32837505544156,31.93501614727633,24.86450033731246,19.76116178588576,17.6340799385345,23.9991651130861,14.4026748806266,11.21448138019865,18.50668833027141,10.58580665264513,10.02965645010182,9.788920401799663,4.490136278552036,2.547059775541512,0.5148271301929789,2.27128756828723,3.7508205747202,1.865525036100772,2.120390917333296,4.451943923950449,4.690948709037688,4.037123594296121,4.578085723771535,6.707922935159387,1.055950297312006,1.179335768736726,5.1289237668161,1.729734815813832,0.7576691845229727,1.141344675382328,-0.7313844873879571,0.6040490869966101,1.012354033155798,1.090330005818922,0.07532413500246123,-0.3715902123240951,3.466925853130816,7.198616156098668,4.045546942224766,0.8537822925672883,0.2575705283072028
Suriname,366,"Prices, Consumer Price Index, All items, Index",PCPI_IX,Value,NA,NA,NA,NA,NA,NA,NA,NA,NA,NA,NA,NA,NA,NA,NA,NA,NA,NA,NA,NA,0.008153684436435252,0.0082930636575709,0.008467287683990453,0.008641511710410006,0.009007382165891078,0.009181606192310633,0.009617166258359526,0.01064508801423492,0.01066251041687687,0.01186465619917185,0.01217171855452299,0.01219795489502237,0.0125924717187017,0.01422203997796743,0.01662217927463706,0.01802630934898337,0.01984147542433508,0.02177227574111384,0.02369335889474849,0.02721000023667273,0.03104925139502769,0.03377971320112301,0.03623766316355718,0.0378363993130362,0.03923208742214014,0.04349502759611844,0.05162336125449864,0.07918659839845649,0.08497774224473097,0.08563177066951774,0.1042480699502155,0.1313186484277896,0.1886604837035869,0.4594100841090948,2.152235489476123,7.222015906079685,7.171325497137017,7.683724707740606,9.141739839303575,18.17131888735448,28.96538877392753,40.14205707389961,46.37507440988413,57.04237669828333,62.73881389140572,68.94870476182761,76.7270179758082,81.65771048379582,93.6345634417659,93.50943335101621,99.99999999999999,117.7117796414558,123.605447410941,125.982919135185,130.2454412556743,139.2244364084018,216.3720212688697,263.9672514928289,NA,294.6822343185143,397.4962302694158,632.4946605525734,964.2129827467439,1461.624580684477,1698.840636219973,NA
Suriname,366,"Prices, Consumer Price Index, All items, Percentage change, Corresponding period previous year, Percent",PCPI_PC_CP_A_PT,Value,NA,NA,NA,NA,NA,NA,NA,NA,NA,NA,NA,NA,NA,NA,NA,NA,NA,NA,NA,NA,2.857142857142861,1.709401709401754,2.100840336134397,2.057613168724249,4.233870967741972,1.934235976789128,4.743833017077827,10.68840579710155,0.1636661211128763,11.27450980392193,2.588042587972948,0.2155516526434192,3.234286624885954,12.94081333409372,16.87619568210953,8.447328422746594,10.0695380302795,9.73113276853737,8.823529411796665,14.84230816553277,14.10970644969178,8.793969849245974,7.276408617798612,4.411808074552686,3.688744527609074,10.86595298411923,18.68796068796053,53.39295325632423,7.313287808038173,0.7696467422059957,21.73994433975261,25.96746250602229,43.66617838541707,143.5115584834898,368.4780687062667,235.5588150736052,-0.7018872514528176,7.145111608839291,18.97536919944778,98.77309141121636,59.40168654507903,38.58628788726108,15.5273989185702,23.00223217782186,9.986325119748775,9.898004895614646,11.28130432739748,6.426279344705242,14.66714274379119,-0.1336366467148769,6.94108221639996,17.71177964145582,5.00686319367273,1.923436041083054,3.383412727494775,6.893903591682384,55.41238797631955,21.99694301733036,NA,NA,34.88978430907801,59.11966262519767,52.44602727624101,51.58731596008608,16.22961591302795,NA
Sweden,144,"Prices, Consumer Price Index, All items, Index",PCPI_IX,Value,NA,NA,NA,NA,NA,NA,NA,NA,NA,NA,NA,NA,NA,NA,NA,NA,NA,NA,NA,NA,9.210913388820472,9.409682422919994,9.85816644488342,10.14126738794436,10.48481928109167,11.01039929249767,11.71559425512512,12.21811349241115,12.45552681097731,12.79082891833142,13.68827937526001,14.70060170759325,15.58372414021109,16.63063832249213,18.2790215088424,20.06668677868787,22.1233665870451,24.65467907550825,27.11897968685858,29.07420013389647,33.05920372926464,37.0606694272482,40.24387892012223,43.81472695864913,47.3392897976951,50.82941424427014,52.98250254155337,55.2017125523808,58.41715638060759,62.18113492411158,68.62717547325238,75.10875644342322,76.89211415913844,80.5277063755107,82.26560541316431,84.28534825480003,84.73470039976091,85.29260235779014,85.06475795320236,85.45790664165067,86.22629605446221,88.30086481691168,90.20682320982344,91.94389572605775,92.2874531293479,92.705672967515,93.96666914623088,96.04537051577688,99.34649706447138,98.85526783426593,100,102.9611507382214,103.8758344422495,103.8298247499084,103.6433064162858,103.5948171596867,104.6144690839663,106.4917747343422,108.5721291467268,110.5092198464323,111.0588565902685,113.4612788490414,122.9571834354088,133.4683318318194,137.2532489179457,138.1863916003383
Sweden,144,"Prices, Consumer Price Index, All items, Percentage change, Corresponding period previous year, Percent",PCPI_PC_CP_A_PT,Value,NA,NA,NA,NA,NA,NA,NA,NA,NA,NA,NA,NA,NA,NA,NA,NA,NA,NA,NA,NA,4.141779150902154,2.157973109819643,4.766197219058231,2.871740344857698,3.387662310883493,5.012771296438379,6.404808253484139,4.289319229933191,1.943125824732443,2.691994585557003,7.016358851007629,7.395541138376355,6.007389698624947,6.717997398193542,9.91172530113238,9.779873988225763,10.24922465297838,11.44180510910769,9.995265417177324,7.209786170478081,13.70632236490046,12.10393853025984,8.589185090471226,8.873021523632133,8.044242389944216,7.372574581262456,4.235910110897927,4.188571517713678,5.824898684394368,6.443275874266103,10.36655338794928,9.444627329441897,2.374367251118797,4.72817304626053,2.158138007246315,2.455148578183947,0.533131978766297,0.6584102562435143,-0.2671326683550065,0.4621757563391732,0.8991437340416325,2.405958341454377,2.158482135892642,1.92565534892391,0.3736598287218133,0.4531708525761818,1.3602146862768,2.21216883436735,3.43704910602874,-0.494460544377991,1.157988027156277,2.9611507382214,0.8883775069236378,-0.04429297014858582,-0.179638494114635,-0.04678474498328117,0.9842692445779917,1.794499046655894,1.95353530127028,1.784150974038349,0.4973673188535722,2.163197364471526,8.36929098869189,8.548624897489018,2.835816582240342,0.6798692852439959
Syria,463,"Prices, Consumer Price Index, All items, Index",PCPI_IX,Value,NA,NA,NA,NA,NA,NA,NA,NA,NA,NA,NA,NA,NA,NA,NA,NA,NA,NA,NA,NA,1.45344733155822,1.48191877880353,1.42492190269571,1.45223290583071,1.53060361047898,1.47123186453332,1.52704130572224,1.62559840399201,1.67190836582962,1.63866018810006,1.71465602291049,1.81083825134245,1.84883616874768,2.22525303804313,2.57079659944684,2.86553761084839,3.19302762351678,3.57509930496322,3.74703156161413,3.91759927654558,4.67355538912178,5.5332166723763,6.32465086965823,6.71218071798249,7.331682658613518,8.596612832545173,11.6968516191392,18.654649846623,25.1021094710319,27.9635534567219,33.3876067915421,36.3924914027809,40.3990042177659,45.7410213044127,52.7524187306365,56.9620394869366,61.6613451428462,62.8243467794185,62.3235326775453,60.0152536894881,57.7069747014309,59.4381839424738,59.3606139726559,62.8016475245647,65.5857333402583,70.33436958637262,77.38476453974523,80.40873633865033,93.0693533820479,95.78781344277532,100,104.7531638888563,143.199979473582,200.5255630277112,222.4372202606987,307.9891175413567,454.9158235589509,537.1430852484737,542.1975148993242,614.9472206398488,NA,NA,NA,NA,NA,NA
Syria,463,"Prices, Consumer Price Index, All items, Percentage change, Corresponding period previous year, Percent",PCPI_PC_CP_A_PT,Value,NA,NA,NA,NA,NA,NA,NA,NA,NA,NA,NA,NA,NA,NA,NA,NA,NA,NA,NA,NA,5.118909512760987,1.958890881500754,-3.846153846153301,1.916666666666589,5.396565821750209,-3.878975950349449,3.793381759483775,6.454121306375256,2.848794740686619,-1.988636363635986,4.637681159419828,5.609418282548499,2.098360655738333,20.35966602440595,15.52828175026685,11.4649681528663,11.42857142857152,11.96581196581158,4.809160305343709,4.552075746540378,19.29641239986084,18.39416058394167,14.30332922318113,6.1272923408846,9.22951819475496,17.2529313232832,36.06349206349159,59.48436770881976,34.56221198156698,11.39921722113489,19.39686722295432,9.000000000000034,11.00917431192646,13.22314049586794,15.32846715328457,7.97995780590686,8.249890099155097,1.886111361790862,-0.7971656333039163,-3.70370370370365,-3.846153846153788,2.999999999999953,-0.1305052824174015,5.796829449058412,4.433141367198388,7.240349393485349,10.02411053775713,3.907709504436073,15.74532522197086,2.920897118053667,4.397413831500702,4.7531638888563,36.70229533641389,40.03183782907232,10.92711418042969,38.46114295997329,47.70516152989234,18.07526962817711,0.9409838439067688,13.41756532285707,NA,NA,NA,NA,NA,NA
Thailand,578,"Prices, Consumer Price Index, All items, Index",PCPI_IX,Value,NA,NA,NA,NA,NA,NA,NA,NA,NA,NA,NA,NA,NA,NA,NA,NA,NA,NA,NA,NA,10.2112102238799,10.9655113098776,11.3708074157869,11.3708074157869,11.2807416144737,11.2995053230525,11.7554634421535,12.2620835745307,12.48161896524081,12.787467415524,12.7762091903975,12.83812942877211,13.45920818367019,15.5466707661794,19.3266198650319,20.3567474675699,21.2014111210485,22.81298696219571,24.62070854724191,27.057510175486,32.3887868343636,36.490176666987,38.40922421471111,39.84055802100679,40.185138381945,41.1623329435394,41.9204097372536,42.9543603482217,44.6135716327142,47.0028358823835,49.7590797079438,52.6002498138435,54.7774508189079,56.5917849897949,59.4483962375744,62.9072120186697,66.5590420732635,70.3035189791367,75.9240946234165,76.1402706097349,77.3524002473063,78.6108533105172,79.1590138472533,80.5873194711431,82.8108439018472,86.5707619496003,90.5854588383715,92.615968995577,97.6806635321804,96.854562441607,99.99999999999996,103.8087905813963,106.9385212930683,109.275006271572,111.3459226131261,110.3433361303102,110.5509467911176,111.2868091511221,112.4707867780622,113.265649996346,112.3074937878315,113.6893200400587,111.8581485534364,121.3415402679181,122.998829587024,121.6620524815086
Thailand,578,"Prices, Consumer Price Index, All items, Percentage change, Corresponding period previous year, Percent",PCPI_PC_CP_A_PT,Value,NA,NA,NA,NA,NA,NA,NA,NA,NA,NA,NA,NA,NA,NA,NA,NA,NA,NA,NA,NA,-0.7658643326037654,7.386990077177083,3.696098562628942,0,-0.7920792079211125,0.166333998420151,4.035204250674448,4.309656823571318,1.790359602230261,2.450390859830972,-0.08804108554624743,0.4846526653707954,4.837766734974275,15.50954970027056,24.31355983350141,5.330097087498646,4.14930555494793,7.601266877690313,7.924089853037859,9.897365965599183,19.703500522778022,12.66299307102154,5.259079903168268,3.726536621240752,0.8648984302793215,2.431731234334754,1.841675968060463,2.466461128239533,3.862730747336553,5.355465079862161,5.863994743758282,5.709852598913964,4.139145750770555,3.312191684284684,5.047748976807549,5.818181818181923,5.805105547373494,5.625797471291044,7.994728750274598,0.2847264592230344,1.591969174609715,1.626908873140913,0.6973089766254486,1.804349946357208,2.759149262310797,4.540369196345348,4.637474360117649,2.24154095286803,5.46848949649845,-0.8457160923167206,3.247588424437232,3.808790581396342,3.014899503349847,2.184886185306875,1.895141818987798,-0.9004249632915694,0.1881497044481433,0.6656318931351062,1.063897541830241,0.706728601314311,-0.8459371473570412,1.230395413183836,-1.61068030486688,8.47805174421543,1.365805407980367,-1.086820996592984
Trinidad and Tobago,369,"Prices, Consumer Price Index, All items, Index",PCPI_IX,Value,NA,NA,NA,NA,NA,NA,NA,NA,NA,NA,NA,NA,NA,NA,NA,NA,NA,NA,NA,NA,2.296992316035012,2.331969943347375,2.40154082842978,2.491867668161913,2.513392361882853,2.558171412222918,2.662912109369633,2.719798799918356,2.943694051611026,3.01537896910704,3.091484136205358,3.200645082948585,3.498339284558598,4.016469412076384,4.901095887213468,5.733255921384862,6.346282267318841,7.09164445942117,7.819005084191884,8.970132333847324,10.53724174685119,12.04742728487676,13.44911689022263,15.49002037822423,17.55558058060304,18.89376771118016,20.34739309515473,22.53511610930881,24.28350130503774,27.05962318312784,30.05361510395016,31.19057406122446,33.19920155240904,36.79641336445173,40.03990461200925,42.11485470903481,43.54868628293061,45.12779594581163,47.66068784507253,49.29980367514301,51.05261540094084,53.87922169749772,56.11524098013717,58.25385243294926,60.42179832279568,64.57551575192203,69.95440018159972,75.47687219815052,84.55699997742856,90.45746121396301,100,105.1071328926456,114.8403491391622,120.8118376012682,127.6792876203383,133.6306949793023,137.7340491993521,140.3239787765129,141.7532757475186,143.1715781264399,144.0291563090432,146.9950442593506,155.5624834058513,162.7639412213036,163.6215194039071,NA
Trinidad and Tobago,369,"Prices, Consumer Price Index, All items, Percentage change, Corresponding period previous year, Percent",PCPI_PC_CP_A_PT,Value,NA,NA,NA,NA,NA,NA,NA,NA,NA,NA,NA,NA,NA,NA,NA,NA,NA,NA,NA,NA,2.080000000078154,1.522757697889915,2.983352563392863,3.761203584916446,0.8637976244066504,1.781617984488492,4.094358049904904,2.136258660154926,8.232052006912827,2.43520271601535,2.523900573626917,3.531020763289978,9.30106881253335,14.81074548157101,22.02497727176169,16.97906046568946,10.69246435777287,11.74486353909416,10.25658616887404,14.72217036899923,17.47030427957717,14.33188660093951,11.63476294316732,15.17499999933316,13.3347804066324,7.622574055201955,7.693676593231347,10.75185899207421,7.758492067439168,11.43213181335666,11.06442577030832,3.783102143757945,6.439854191980609,10.83523592085203,8.814694017681058,5.182205395172735,3.404574428196242,3.626078758430813,5.612709076912011,3.439135908819961,3.55541319666877,5.536653263223002,4.150058616647196,3.811106243968699,3.721549389959654,6.874534595835164,8.329603514653467,7.894388347572995,12.03034454771769,6.978087252515469,10.54920031799876,5.1071328926456,9.26028137068292,5.199817404656111,5.684418145956593,4.661215980982641,3.070667424640243,1.880384401835318,1.018569301888219,1.000542930272373,0.5989863308246433,2.059227469154577,5.828386385179588,4.629302424199681,0.5268846257768393,NA
Turkey,186,"Prices, Consumer Price Index, All items, Index",PCPI_IX,Value,NA,NA,NA,NA,NA,NA,NA,NA,NA,NA,NA,NA,NA,NA,NA,NA,NA,NA,NA,NA,5.39523850896861e-5,5.566421711509717e-5,5.782862014200298e-5,6.150808576233184e-5,6.219675355007478e-5,6.50301476083707e-5,7.053949925261581e-5,8.039731875934227e-5,8.52583333333333e-5,8.945661902092675e-5,9.654511864723471e-5,1.148997057174888e-4,1.32613167974589e-4,1.510970104633783e-4,1.87206418161435e-4,2.269453895739911e-4,2.665602718609866e-4,3.358268591180868e-4,5.436937593423021e-4,8.891736733931245e-4,0.001727316423766816,0.00237704274103139,0.003069653914424514,0.004033226597533633,0.005984998645366222,0.008675957585949181,0.01167871309790732,0.01621657557922271,0.02737514340433484,0.04469609538490285,0.0716495702541106,0.1189229306801196,0.2022594871076233,0.3359405549327355,0.6894003643497758,1.303747897982063,2.352119628176382,4.367165498878924,8.063593049327356,13.2942432735426,20.59482623318386,31.79845057922273,46.09634435724964,56.05427877428997,60.87397234678627,65.85295216741407,72.17301943198801,78.49261958146487,86.69048953662181,92.10949177877428,100,106.471879671151,115.9389013452915,124.626307922272,135.6614349775785,146.0678251121076,157.4247944693572,174.9687032884904,203.545403587444,234.4371263079222,263.2235612855007,314.8061472346786,542.4388079222722,834.593142750374,1322.883968609866,1784.321281763828
Turkey,186,"Prices, Consumer Price Index, All items, Percentage change, Corresponding period previous year, Percent",PCPI_PC_CP_A_PT,Value,NA,NA,NA,NA,NA,NA,NA,NA,NA,NA,NA,NA,NA,NA,NA,NA,NA,NA,NA,NA,5.664739884393064,3.172856997082628,3.888320251465072,6.36270692832308,1.119637815431231,4.555533683948209,8.47199621539219,13.97489294816748,6.046239661974018,4.924193944983034,7.923952083019966,19.01140868376758,15.4164557223962,13.93816524489569,23.89816157667038,21.2273552385836,17.45568938913379,25.98533786506014,61.89704443834347,63.54310825063434,94.26085988075909,37.61478257977159,29.13751450226775,31.39027101984445,48.39232313468629,44.96173015287793,34.61007597387448,38.85584347584083,68.80964338370494,63.27255249309578,60.30386913464462,65.97856799189509,70.07610386903718,66.09384298200057,105.2149864692022,89.11331722484996,80.41215113880418,85.66936164997799,84.6413434846315,64.86748763507569,54.91537058126835,54.40018876190753,44.96412094798489,21.60243844905725,8.598261681152724,8.179160368020023,9.597242122884325,8.756180909726387,10.44412837648851,6.250976630906265,8.56644420552976,6.471879671151,8.891569965121626,7.493090305476931,8.85457271364324,7.670853648458768,7.775134153283301,11.14431108407649,16.33246389889283,15.17682157200223,12.27895744625741,19.59649269133236,72.30883598912071,53.85940875933153,58.50645073003425,34.88116298203061
Uruguay,298,"Prices, Consumer Price Index, All items, Index",PCPI_IX,Value,NA,NA,NA,NA,NA,NA,NA,NA,NA,NA,NA,NA,NA,NA,NA,NA,NA,NA,NA,NA,3.750166313852935e-6,4.603226545208957e-6,5.105319999722482e-6,6.190440231071154e-6,8.813293586327743e-6,1.379778895798374e-5,2.393401632941365e-5,4.530118055974721e-5,1.020803172181137e-4,1.234831570608308e-4,1.436184996321028e-4,1.780195665346923e-4,3.141776963173672e-4,6.189214699865217e-4,0.001096811865575528,0.001989675776578796,0.002996910331048786,0.00474099751254556,0.006853033377689616,0.01143389462102903,0.01869165418238608,0.02505529062674624,0.02981391702355171,0.0444815829703325,0.06908186601437633,0.1189745612052097,0.2098480882220791,0.3432415140836247,0.5567101270737858,1.004569154310247,2.134969692305108,4.312034223412019,7.264018090844846,11.19390944115988,16.20162148723551,23.04653434568509,29.57839431065415,35.44047987852062,39.2719750748159,41.49425363116317,43.47096714606659,45.36601468875771,51.70476865693289,61.72501330994396,67.37754626161286,70.54380405926177,75.0569495589621,81.1475550226942,87.53960777596987,93.72184636464847,100,108.0928320630299,116.8459364562816,126.8656332962234,138.127943821187,150.0984841997088,164.5670977134538,174.8000342553738,188.0962576004111,202.9219833861437,222.7198766806543,239.9760212383318,261.8243497146013,277.1910920466577,290.6324863297191,304.1478479061401
Uruguay,298,"Prices, Consumer Price Index, All items, Percentage change, Corresponding period previous year, Percent",PCPI_PC_CP_A_PT,Value,NA,NA,NA,NA,NA,NA,NA,NA,NA,NA,NA,NA,NA,NA,NA,NA,NA,NA,NA,NA,38.5040374002647,22.74726398679595,10.90742438118985,21.2546957175585,42.36941570151865,56.55655655666067,73.4626932061085,89.27529728503794,125.336991126492,20.9666666659998,16.30614494359975,23.95308890617312,76.4849237828812,96.99726531870581,77.213413779201,81.40538400674187,50.62304956046195,58.19617502157366,44.54834366723916,66.84428618504371,63.47583043146732,34.04533586094739,18.99250129521822,49.19737965056375,55.30442354187633,72.22256442877561,76.38063641195443,63.5666624326724,62.19195645960039,80.44743672807348,112.5259055730227,101.9716832025074,68.45919383953743,54.10079244251945,44.73604215219331,42.24831979837551,28.34204860043087,19.81880931837786,10.81107030556161,5.658688039279083,4.763824727332512,4.359340652172701,13.97247259135153,19.37973017439948,9.157605075409974,4.699277390356404,6.397649743851309,8.11464561179313,7.877073747308876,7.062218743885737,6.698708869781321,8.0928320630299,8.097765805736024,8.57513504005397,8.877353332298277,8.666269870793283,9.639413476350796,6.218093825618601,7.60653360377047,7.881988708796191,9.756406360781941,7.74791402314762,9.104379830754368,5.869103598961191,4.849143666131558,4.650327204333236
United States,111,"Prices, Consumer Price Index, All items, Index",PCPI_IX,Value,NA,NA,NA,NA,NA,NA,NA,NA,NA,NA,NA,NA,NA,NA,NA,NA,NA,NA,NA,NA,13.56306078039765,13.70828374733344,13.87261499939236,14.04458956550052,14.22420744565795,14.44968521011088,14.88535411091824,15.29809306957785,15.9515964207889,16.82293422240362,17.8051000777325,18.5694314826577,19.17707494957324,20.36178862720729,22.612744614712,24.68026106503466,26.0980958211709,27.79491154010485,29.91593118877228,33.28281102746778,37.79236631652645,41.69809979569422,44.254788345169,45.67644475832988,47.64077646898765,49.32994887387232,50.2662548449057,52.10829353077542,54.2331348364675,56.85096989833628,59.91976048911098,62.4573407534626,64.34906098065248,66.24842452189162,67.97581349702251,69.88282035231092,71.93122851751048,73.61275760834587,74.75543305870904,76.39110226524897,78.9707207568715,81.2025684592531,82.49046687655205,84.3630788186188,86.62167812017275,89.56053237211017,92.4497050827274,95.08699237885155,98.73747738534455,98.3864199710624,100,103.156841568622,105.2915045328674,106.833848874866,108.5669321189636,108.6957219606935,110.0670089342698,112.4115573023076,115.1573032247906,117.2441954762282,118.6905015771978,124.2664138258379,134.2112061684602,139.7357935632595,143.8573360146079,NA
United States,111,"Prices, Consumer Price Index, All items, Percentage change, Corresponding period previous year, Percent",PCPI_PC_CP_A_PT,Value,NA,NA,NA,NA,NA,NA,NA,NA,NA,NA,NA,NA,NA,NA,NA,NA,NA,NA,NA,NA,1.457975986277906,1.070724147647241,1.198773348201856,1.239669421487533,1.27891156462591,1.585169263836621,3.0150753768844,2.772785622593087,4.27179615288537,5.462386200287452,5.838255338482507,4.292766688130508,3.272278246552827,6.177760063770383,11.05480480480481,9.143146864965345,5.744812635490851,6.501683994728401,7.630963838856056,11.25447112927951,13.54920197496842,10.33471534027709,6.131427000274928,3.212435233160646,4.30053547523429,3.545644152093654,1.898047722342757,3.664563217516898,4.077741107444131,4.827003030089444,5.397956439903248,4.234963964538487,3.028819678149688,2.951656966385589,2.607441592154526,2.805419688536616,2.931204199934415,2.337689937307354,1.552279098743638,2.188027196973577,3.376857271499291,2.826171118854072,1.586031626506012,2.270094973361147,2.677236693091719,3.392746845495504,3.22594410070404,2.852672481501383,3.839100296650996,-0.3555462662997474,1.640043442389904,3.156841568622,2.069337265260666,1.464832655627167,1.622222977408174,0.1186271355524506,1.261583205705358,2.130110003659612,2.442583296928166,1.812210075260205,1.233584396306293,4.697858863637421,8.00279982052121,4.116338383744878,2.949525204852073,NA
South Africa,199,"Prices, Consumer Price Index, All items, Index",PCPI_IX,Value,NA,NA,NA,NA,NA,NA,NA,NA,NA,NA,NA,NA,NA,NA,NA,NA,NA,NA,NA,NA,1.775116248506571,1.812435415599932,1.835023348694317,1.859575422427035,1.906715446321898,1.984300051203277,2.053536985833761,2.12621095750128,2.168440348182284,2.238659156852705,2.350411332991978,2.490435227854583,2.650462536268987,2.900506741764807,3.240565966888547,3.675641918416113,4.080712749615976,4.535792114695341,5.040880184331797,5.710997781191333,6.491133811230583,7.481306536951695,8.576498037207712,9.631682198327358,10.74187625874722,12.49218177163339,14.82258866700803,17.21800716845878,19.41839153439154,22.27889059566478,25.46944871138419,29.37513227513227,33.45084485407066,36.70140638334188,39.98198498037209,43.45259088581669,46.64814644137225,50.65884963304318,54.14445468509985,56.94994367639529,59.99047789725207,63.41107185526538,69.43177163338454,73.37509643283833,72.867311827957,74.37045741594126,76.7829663765148,81.52647380098998,89.60573476702508,96.09148318825741,100,105.0008533879502,111.0257723160949,117.4432497013142,124.6458440006827,130.2782044717528,138.8803550093873,146.0829493087558,152.6711042840075,158.9349718381977,164.0723672981737,171.6504522956136,183.7344256699095,194.8967400580304,203.3964840416454,209.916367980884
South Africa,199,"Prices, Consumer Price Index, All items, Percentage change, Corresponding period previous year, Percent",PCPI_PC_CP_A_PT,Value,NA,NA,NA,NA,NA,NA,NA,NA,NA,NA,NA,NA,NA,NA,NA,NA,NA,NA,NA,NA,1.288876926879919,2.102350599559782,1.246275199654946,1.337970644906925,2.534988542348981,4.069018532945839,3.489237153851748,3.538965802362332,1.98613362103222,3.238217215856668,4.991924554356171,5.957420852134859,6.425676388791752,9.43398376978394,11.7241315190611,13.42592485303755,11.02041058924515,11.15195783193,11.13560888295652,13.29366246280588,13.66024046811153,15.25423376741938,14.63904058531278,12.30320530060059,11.52648143449604,16.29422524264212,18.65492303887548,16.16059485467912,12.77955308302802,14.73087539823813,14.320991891491481,15.33477857336716,13.87470374861499,9.717427298030282,8.938563723594,8.680424213926312,7.354119720853326,8.59777611252274,6.880545210373508,5.181489051116974,5.338959135998278,5.701894830496081,9.494713780996003,5.679424140687994,-0.6920394378576867,2.062853082234273,3.243907654192295,6.177812148093879,9.909984560054667,7.238095238095269,4.067495559502634,5.0008533879502,5.73797139141739,5.780169100691757,6.132829530591491,4.518690948925061,6.602908423948717,5.186186555241493,4.509872648673875,4.102850754611558,3.232388316151135,4.61874544887136,7.039872725464818,6.075243845796597,4.361152465189621,3.205504741126034
Côte d'Ivoire,662,"Prices, Consumer Price Index, All items, Percentage change, Corresponding period previous year, Percent",PCPI_PC_CP_A_PT,Value,NA,NA,NA,NA,NA,NA,NA,NA,NA,NA,NA,NA,NA,NA,NA,NA,NA,NA,NA,NA,NA,11.61649214689896,-1.341248901205287,0.9434663104601985,0.6181925227436678,2.611176126330117,4.191317984056685,2.291851953494569,5.350454788678795,4.450228542233254,8.205190543107198,-0.4437454362757451,0.3103136988839105,11.10298666982289,17.35938844706476,11.44422396701136,12.07664021695663,27.42186150914762,13.24298685459273,16.34235657362512,14.70098129978657,8.79921083308777,7.583125896421499,5.640428433421255,4.284761103618705,1.863803271506277,9.682954731165143,6.943306265365737,6.930686172065149,1.049518237903838,-0.8058796982780604,1.683348498634796,4.231383828699676,2.164714539767541,26.08157199471616,14.29506908519446,2.480806691875511,4.020833333333058,4.611447595153724,0.7023758059559609,2.530775167379969,4.361529140072564,3.077264851574272,3.29680746974208,1.457988356007414,3.885830398864819,2.467191485969148,1.892006293495979,6.308527691525781,1.019504577311376,1.226456121354798,4.9124339505245,1.304511199156063,2.581170372529356,0.4486820767661412,1.251499547814676,0.7231784575133081,0.6858810653046031,0.401297817263547,0.7908555120536607,2.412526171890529,4.159196579117976,5.233528561008425,4.369722548674742,3.450530281310188,0.1250387725931035
"Gambia, The",648,"Prices, Consumer Price Index, All items, Index",PCPI_IX,Value,NA,NA,NA,NA,NA,NA,NA,NA,NA,NA,NA,NA,NA,NA,NA,NA,NA,NA,NA,NA,NA,2.276887799667169,2.317589852992877,2.424572772985246,2.314602546328503,2.34279525298932,2.348396452986665,2.381443532983854,2.480958186304999,2.605304826278112,2.553587079626222,2.631630466280001,2.860532839582869,3.058441906219712,3.340929092848327,4.207064960152549,4.923415839805205,5.533413810004984,6.023416743631101,6.392589408385257,6.828859065748566,7.234781950546336,8.02017869812623,8.87322925982791,10.83407622656942,12.81886651846792,20.06923947149485,24.79136433348094,27.68962032152693,29.98094085770536,33.62895701633802,36.53528691635848,40.00122243943059,42.58682314653757,43.31514568877849,46.3389649285639,46.84845661522324,48.15141896143405,48.68791649159416,50.54408101342911,50.97116311579803,53.26109159818795,57.84640541381923,67.6993064479928,77.3171731204846,81.0582586952405,82.72522456046721,87.16685332944795,91.04024748683513,95.19305463652076,100,104.7958826618311,109.2542369510573,115.4807778321901,122.3495737550684,130.6796893605558,140.1262532323272,151.3842623002149,161.2559819643614,172.7304355848821,182.9755550869683,196.4614894993522,219.0803362210316,256.2674990517557,285.8947211814416,NA
Singapore,576,"Prices, Consumer Price Index, All items, Percentage change, Corresponding period previous year, Percent",PCPI_PC_CP_A_PT,Value,NA,NA,NA,NA,NA,NA,NA,NA,NA,NA,NA,NA,NA,NA,NA,NA,NA,NA,NA,NA,NA,0.4000000000000826,0.4195804195802854,2.205199628598347,1.726095843742848,0.178611297164573,2.005794517494963,3.342800961328171,0.6553911205073779,-0.2730518798569787,0.4633529907327004,1.761006289308189,2.080758137618742,19.63673057517644,22.36842105263155,2.536531568789467,-1.841892981984227,3.163950143815833,4.872543813064276,4.076465375363981,8.526943194258559,8.18202196816849,3.916286779942003,1.19641076769694,2.600985221674852,0.4801229114653426,-1.385703363914406,0.5233065219497548,1.523185192326342,2.345456271958947,3.460753386528243,3.425701730786426,2.26307118702851,2.289299643886411,3.100132625995023,1.720533847885235,1.383180524818762,2.003586185389622,-0.2675022928761528,0.01670983373707272,1.36162392448456,0.9971979561559433,-0.3916768665850493,0.5079053002375505,1.662727198630715,0.4251062765691068,0.9656575190185115,2.109801667145736,6.635440583953091,0.5891420196105159,2.828845276129583,5.251156246393732,4.580844794230941,2.364397937427259,1.033169558576293,-0.5219756118957629,-0.5298097603754645,0.5767631911799955,0.4387842151296228,0.5678299884054472,-0.1721118659253825,2.316103157651459,6.130954189197321,4.833723628257976,2.389511235950172,0.9029984950026763
Samoa,862,"Prices, Consumer Price Index, All items, Index",PCPI_IX,Value,NA,NA,NA,NA,NA,NA,NA,NA,NA,NA,NA,NA,NA,NA,NA,NA,NA,NA,NA,NA,NA,3.62839488446606,3.72472395219525,3.7504117035897,3.949491776896691,4.032976968928651,4.148571850203672,4.127165390708311,4.197806707043042,4.371199028955582,4.491075202129662,4.705139797083433,5.058346378757124,5.653422538332806,7.066081595478619,7.687030631590631,8.063978540052513,9.242189531630226,9.432454685005785,10.48130129407293,13.94508239164884,16.80474806654704,19.87938251443806,23.15155583454507,25.89734615965178,28.25154472018198,29.87136347318548,31.23554368551899,33.8930225147584,36.0833800106552,41.58193262104451,40.82547493943761,44.51247989141683,45.27590953322282,50.74541230944904,49.27200472069723,51.92018760300434,55.48285926476555,56.71393219221866,56.86429224442686,57.41404618531246,59.61776070048637,64.41717791411037,64.49179240590277,75.01243574863202,76.40523959542362,79.23229978444698,83.65113579837501,93.32614823412366,99.22898358481174,99.99999999999996,105.2354159147843,107.3917094081915,108.0468908927267,107.6073387575322,108.386921789764,109.8010662191568,111.7224715356735,116.4119763455187,117.5555221196926,115.7111788652735,119.3366469966381,132.4181896960704,142.9078910466624,146.0125011071747,NA
Gabon,646,"Prices, Consumer Price Index, All items, Index",PCPI_IX,Value,NA,NA,NA,NA,NA,NA,NA,NA,NA,NA,NA,NA,NA,NA,NA,NA,NA,NA,NA,NA,NA,NA,9.3176401180043,9.98462785637379,10.3169570205981,10.5685333037688,10.9536624286928,11.1702975614442,11.431191484725,11.7712853490321,12.2200850147161,12.69217878067171,13.13476668630789,13.95006019663329,15.63422364795479,20.0826203342842,24.1335990410691,27.47672252124,30.4343633959268,32.8547165686165,36.9091066259084,40.122598787444,46.8173741239936,51.81369468268071,54.8484967998092,58.882563028675,62.5835412202951,61.9913847096359,56.5509467679544,60.362954305323,65.0261868267643,57.42715335482041,51.946929897579,52.22419484710139,71.0856133709942,77.9429091303675,78.4804762127003,81.5988587539897,82.7810128713628,81.1778724846929,81.5877558194148,83.3317924353412,83.36236094459291,85.2258040938075,85.5737003494262,88.7470584040505,87.4962561506103,91.8975968052488,96.7353633316694,98.5595093774516,99.99999999999999,101.2633170783742,103.9492438185395,104.4746459772307,109.3749848641482,109.0044276777287,111.3008317252772,114.2524472324063,119.678371953152,122.6279262864549,124.2867891792762,125.6376715691158,130.9537130129528,135.70604334892,137.298038062687,139.7250089238042
"Gambia, The",648,"Prices, Consumer Price Index, All items, Percentage change, Corresponding period previous year, Percent",PCPI_PC_CP_A_PT,Value,NA,NA,NA,NA,NA,NA,NA,NA,NA,NA,NA,NA,NA,NA,NA,NA,NA,NA,NA,NA,NA,NA,1.787617876105171,4.616128252987213,-4.53565378123679,1.218036621688556,0.2390819253282196,1.407218953816767,4.178753430128872,5.012040938840165,-1.985093879619951,3.056225780450084,8.698119900794353,6.918608445890195,9.236310359668533,25.92499999949994,17.02733108325194,12.38973083012857,8.85534591214091,6.128957707342815,6.824615652477968,5.944227006144452,10.85584545530891,10.63630367613855,22.09845941453268,18.31988487427302,56.56017201350402,23.52916695569413,11.69058688767633,8.275016087515917,12.16778411306958,8.642343259734378,9.486542506171633,6.463804227538466,1.710206323056372,6.98097441830556,1.099488707710178,2.781227900232293,1.114188411747133,3.812372053660197,0.8449695667737002,4.492596092397543,8.60912474386327,17.03286654319883,14.20674328455688,4.838621775431567,2.056503423659901,5.369134738019567,4.443654909450098,4.561506876709827,5.049680758574017,4.7958826618311,4.254321998138986,5.69912989637382,5.947999356966258,6.8084549457960986,7.228792720579224,8.034189745459113,6.520968239465726,7.115676256311922,5.931276365624406,7.370347588766179,11.513119838050491,16.97421296323269,11.56105328975111,NA
Samoa,862,"Prices, Consumer Price Index, All items, Percentage change, Corresponding period previous year, Percent",PCPI_PC_CP_A_PT,Value,NA,NA,NA,NA,NA,NA,NA,NA,NA,NA,NA,NA,NA,NA,NA,NA,NA,NA,NA,NA,NA,NA,2.654867256637239,0.6896551724137931,5.308219178082285,2.113821138211317,2.866242038216461,-0.5159958720326866,1.711618257261249,4.130545639979657,2.742409402546061,4.76644423260296,7.506824385805339,11.7642429959867,24.98767865956126,8.787742226318747,4.903686826910464,14.61079026594285,2.058658857020856,11.11955099804967,33.04724289850005,20.50662444712941,18.29622458911865,16.46013560899332,11.86006825947153,9.090501188874926,5.733558179020046,4.566849496368282,8.507868010863007,6.462561711464445,15.23846327246954,-1.81919798798399,9.03113792907172,1.715091236588684,12.08038189097621,-2.903528657461424,5.37461972030278,6.861823553108767,2.21883468834654,0.2651201325603551,0.9667823500247295,3.83828463867725,8.050314465408704,0.1158301158301068,16.31315079059008,1.856763925729489,3.700086805555532,5.577063932196288,11.56590683845396,6.324953362352282,0.7770072687776919,5.235415914784342,2.049018835211604,0.61008572090503,-0.4068160884248905,0.7244701348747289,1.304718693031793,1.749896774847051,4.197458886637519,0.982326569888117,-1.568912477408954,3.13320473174494,10.96188222868439,7.921646848267772,2.172455305143773,NA
"Congo, Democratic Republic of the",636,"Prices, Consumer Price Index, All items, Index",PCPI_IX,Value,NA,NA,NA,NA,NA,NA,NA,NA,NA,NA,NA,NA,NA,NA,NA,NA,NA,NA,NA,NA,NA,NA,NA,3.54655752853891e-14,4.80278597519732e-14,4.67181494887695e-14,5.40903207798098e-14,7.40639965363608e-14,1.13556158365998e-13,1.20569608976082e-13,1.30245662568943e-13,1.37770410128697e-13,1.59543942490218e-13,1.84501021896926e-13,2.38872146572463e-13,3.07328055141898e-13,5.5437665977553e-13,9.36606661480924e-13,1.39338071649056e-12,2.80140949283502e-12,4.10759207290032e-12,5.56201915403393e-12,7.60326336257742e-12,1.3421789728827e-11,2.04315893748572e-11,2.52985542541259e-11,3.65311123429578e-11,6.52702699756448e-11,1.11672034903421e-10,2.27883794232873e-10,4.13142847259999e-10,9.31404449721431e-9,3.9390676230795e-7,8.22045898006947e-6,0.00196248100474795,0.0125973399013556,0.0746319135920352,0.222788731136843,0.287728988223605,1.10745441992109,6.79873847528014,31.2698875559072,41.1269636904424,46.4216348971088,48.2758932577652,58.5667769448823,66.2113196958995,77.4308944628405,90.8275112898595,93.3706816059754,100,115.316515913949,126.527389319038,127.550012909223,129.1355091835887,130.0965343448389,133.850926577035,NA,NA,NA,NA,NA,NA,NA,NA,NA
Gabon,646,"Prices, Consumer Price Index, All items, Percentage change, Corresponding period previous year, Percent",PCPI_PC_CP_A_PT,Value,NA,NA,NA,NA,NA,NA,NA,NA,NA,NA,NA,NA,NA,NA,NA,NA,NA,NA,NA,NA,NA,NA,NA,7.158333332499956,3.328408119008304,2.438473695959194,3.644111380967695,1.977741546826663,2.335604059298392,2.975139247396499,3.812664907667902,3.863260897015763,3.4870916434787,6.207141168143387,12.07280418566191,28.45294263723375,20.17156446397207,13.85256908628412,10.76416909768074,7.952698537514438,12.34035925656025,8.706502148930054,16.68579687974915,10.67193675889338,5.857142857142951,7.3549257759783,6.285355122564509,-0.9461856889414412,-8.77611940298511,6.740837696334983,7.72532188841208,-11.68611269208882,-9.542913303365754,0.5337465564741912,36.11624569629852,9.646531040796159,0.6896933772816383,3.973450075452996,1.448738542945982,-1.9366039760362601,0.5049200258348586,2.137620527014649,0.03668288939713941,2.235353135515361,0.4082053074392502,3.708333333333035,-1.409401366009797,5.03031883679951,5.264301455752853,1.885707545779184,1.46154402720469,1.26331707837421,2.652418286956261,0.5054410589156145,4.690457518262837,-0.3387951887534059,2.106707127840543,2.651925831439018,4.749066520832215,2.464567561511867,1.352761106753326,1.086907465194095,4.231247982745795,3.629015341853759,1.17311998381218,1.767666090034807
Mauritius,684,"Prices, Consumer Price Index, All items, Index",PCPI_IX,Value,NA,NA,NA,NA,NA,NA,NA,NA,NA,NA,NA,NA,NA,NA,NA,NA,NA,NA,NA,NA,NA,NA,NA,2.913207626606369,2.96842963797665,3.021432907821126,3.097116646606474,3.15529698001691,3.375445444993522,3.453594452155935,3.50684424883193,3.51793795646343,3.707763620556168,4.206487410753851,5.431232734351568,6.231705372381678,7.039068242924278,7.684726705056757,8.3413972953643,9.54809470845082,13.55824811916994,15.51898651899115,17.29058639663153,18.2570433806478,19.60608599500299,20.9194396513211,21.26098152317948,21.37127108596714,23.32873293905498,26.28449322176196,29.82976900620789,31.91815524350811,33.40028094207319,36.91326853250129,39.61660124948471,42.00521762031192,44.75696823670402,47.815365549351,51.07197123289776,54.60060841745618,56.89344535455949,59.95962898739743,63.80863767069833,66.31060853961533,69.43408394964858,72.86216274677608,79.35673239299975,86.36178345747796,94.76675677549046,97.15117488043256,99.99999999999999,106.5224925486934,110.6259097525473,114.5457128994247,118.231441048035,119.7525473071325,120.9233381853469,125.3575934012616,129.389161086851,129.9140349344978,133.2668573508006,138.6355511887433,153.5718005822416,164.4031926249393,170.3291419350693,176.5863410288666
Niger,692,"Prices, Consumer Price Index, All items, Index",PCPI_IX,Value,NA,NA,NA,NA,NA,NA,NA,NA,NA,NA,NA,NA,NA,NA,NA,NA,NA,NA,NA,NA,NA,NA,NA,11.6668848328589,11.7840222307803,12.2994267817518,13.5996518985627,13.6582205975234,13.25897729970551,14.67048294461,14.8344753017001,15.4562796556665,16.9634475089419,18.9625924334387,19.6068481219968,21.3941695853109,26.4281492609654,32.5729819269279,35.8606382285801,38.46694533235171,42.4310701069905,52.1534741344412,58.2250959267516,56.775520627464,61.52446596811779,60.9563495883257,59.00113118801039,55.04091099332189,54.27366103693649,52.73037581932141,52.32137107157909,48.2420611889648,46.08293086187011,45.5230071389855,61.9299806879715,68.4718233208102,72.0932004925605,74.208020309211,77.5830127808122,75.7969548179652,77.9951800030077,81.1192880784906,83.2518054455024,81.9077818948645,82.1228256629665,88.5263512020049,88.5621918300219,88.6099793340446,98.6274348647978,99.20234068296278,100,102.9423851401332,103.410865455741,105.7864520690128,104.8023341826252,104.1985780280387,105.9219070814786,108.8838788920784,112.1151208672782,109.3236868275917,112.4920990977181,116.8093974034712,121.7460170878041,126.2518045087771,137.7047621764296,131.5704170628809
Saudi Arabia,456,"Prices, Consumer Price Index, All items, Index",PCPI_IX,Value,NA,NA,NA,NA,NA,NA,NA,NA,NA,NA,NA,NA,NA,NA,NA,NA,NA,NA,NA,NA,NA,NA,NA,19.94371288397432,20.50213684452613,20.58191169626146,20.90101110220565,21.33977278585244,21.67881590488009,22.43667699447109,22.47656442023904,23.48239067798854,24.49945521794811,28.5452368136474,34.66448147694505,46.65010945398135,61.37225914935029,68.36808982503733,67.28541148960738,68.01314823074786,70.8487976720052,72.8318428994657,73.575484859763435,73.71632614012336,72.56706129239042,70.34740271392538,68.09394222817481,67.04044945108629,67.6488837822393,68.34745653282182,69.76713663884482,73.15859466989995,73.10225815775576,73.87406837412564,74.29095856398983,77.90776264361983,78.85984267532277,78.90491155256316,78.61196385050074,77.56347293337926,76.69088511539196,75.83122013495476,76.01866466810473,76.48404740454795,76.87832870945049,77.24675400924671,78.95315268074786,82.24378079873692,90.3614460659914,94.93122568404617,100,105.8262163739404,108.8594817824756,112.6815840155215,115.2077400368712,116.6163772234974,119.011060440762,118.0175016784617,120.9277461060315,119.4850944863395,123.5145496044047,127.2981583143935,130.4476085943439,133.4832355663387,135.7363272961387,138.5653554158946
"Congo, Democratic Republic of the",636,"Prices, Consumer Price Index, All items, Percentage change, Corresponding period previous year, Percent",PCPI_PC_CP_A_PT,Value,NA,NA,NA,NA,NA,NA,NA,NA,NA,NA,NA,NA,NA,NA,NA,NA,NA,NA,NA,NA,NA,NA,NA,NA,35.4210649777883,-2.726980277629155,15.78010124911408,36.92652487283185,53.32167271077387,6.176195735223137,8.025284045484868,5.777349825965162,15.80421539079505,15.64276212381938,29.46928104599451,28.65797019522683,80.38595907541404,68.94770819899973,48.76903761152025,101.0512604114971,46.62590683033084,35.40826487442939,36.69969757409141,76.52669766626585,52.22701135732085,23.82078452133495,44.4,78.67036011080326,71.09173126615032,104.0652294282603,81.295404814004,2154.436827113407,4129.169856615583,1986.904761904759,23773.13177410157,541.9088832390269,492.4418502354141,198.5167074164627,29.14880692366523,284.8949759140868,513.9068437475354,359.9366142645858,31.52258260254952,12.87396571874048,3.994384008159708,21.31681672293408,13.05269497451011,16.94510065419499,17.30138457001566,2.799999999999817,7.100000000000371,15.316515913949,9.721828062733643,0.8082231014871106,1.243038897608026,0.74419899478147,2.885851072899884,NA,NA,NA,NA,NA,NA,NA,NA,NA
Dominica,321,"Prices, Consumer Price Index, All items, Index",PCPI_IX,Value,NA,NA,NA,NA,NA,NA,NA,NA,NA,NA,NA,NA,NA,NA,NA,NA,NA,NA,NA,NA,NA,NA,NA,NA,7.977512377712158,NA,8.375723203853063,8.455498327636883,8.909551740448341,9.285159614918951,10.43591577540389,10.81551240603001,11.21438802492903,12.57122992184487,16.89272525420817,20.25484862278679,22.46313273762448,24.59795143181194,26.49508788271938,NA,41.4993196766848,47.00490473011556,49.07057949898529,51.1060038005284,52.23953202620713,54.19328006596855,55.69672829209792,57.93828792099476,59.63274624081441,63.34102138551521,65.36218475246159,68.99440157931306,72.76965490297191,73.91142973925135,73.9226175166346,74.8965756921653,76.15271447502926,78.00802089108487,78.78743604878463,79.71671642442605,80.39984627916185,81.44817507867133,81.58668204174135,82.77243677436515,84.75409981184985,86.17957969358037,88.07759128180795,91.27676430686427,97.08189516880375,97.08797596230441,100,101.1312313652648,102.5033510678685,102.4557775745301,103.2746557586344,102.4031963450507,102.5484206931365,102.8522233523504,103.8696284116412,105.4324752901598,106.7190302758074,109.0977049427299,112.2450671072789,117.9547209305833,120.9852359185116,NA
Ghana,652,"Prices, Consumer Price Index, All items, Index",PCPI_IX,Value,NA,NA,NA,NA,NA,NA,NA,NA,NA,NA,NA,NA,NA,NA,NA,NA,NA,NA,NA,NA,NA,NA,NA,NA,0.001140246411785872,0.001441782122131286,0.001632643588080046,0.001495134412112622,0.001613171339384673,0.001731208266525564,0.00178366912309092,0.001954166907059479,0.002150895119179556,0.002531236329147235,0.002990268824094092,0.003882103385705128,0.006059228933167361,0.01311521414126225,0.02270134274410189,0.03506024620323548,0.05261496033141749,0.1139132853588693,0.1393108975436923,0.3104884866472253,0.4336447191723455,0.4783337184245005,0.5958383865896733,0.833071844650769,1.094317073935631,1.370344242492293,1.880921714883637,2.220078966709633,2.443332699430571,3.053184692330274,3.812519524274902,6.079502868491996,8.910181395307413,11.39480406765842,13.06119920585299,13.69667851130004,19.20834975122979,27.18163897816474,29.72609382692765,38.57643771238935,45.53668361615198,52.56708856381454,58.70649552869046,65.00820723833797,75.73107674144185,90.30699786989516,100,108.7284593709302,120.891195539437,134.9945948935081,155.9047393082643,182.6423545499143,214.5219103570241,241.0623928154685,259.8863889742269,278.4517370981098,305.9830666373665,336.4929095423985,441.6667803844021,609.9725885830686,749.3411270388707,NA
Libya,672,"Prices, Consumer Price Index, All items, Index",PCPI_IX,Value,NA,NA,NA,NA,NA,NA,NA,NA,NA,NA,NA,NA,NA,NA,NA,NA,NA,NA,NA,NA,NA,NA,NA,NA,10.7819857071809,12.0138275741905,13.4846701243758,14.4685263201919,14.5251317451187,15.9465568608398,15.1019679804618,14.6332256366875,14.5964928465887,15.7599640472782,16.9354133317485,18.4797875953502,19.4923349409286,20.7164950992545,26.8029587174458,25.1843203346028,27.6358348069589,30.7309716456023,33.883603286202,37.4770284084661,42.1532723009057,46.0054240319728,47.5194538168201,49.5892666872442,52.607743789946,53.4030885503404,57.9164305039041,64.8062242716584,70.8719258780402,78.7199663450649,82.7446024820007,88.7336443524408,92.3079045407194,95.58510825222427,99.13062103952483,101.756216995526,98.8052867026555,90.0966504647885,81.2692986404266,79.4885648430049,77.7417497845817,79.802066116321,80.9665927386088,86.0278045970127,94.94091220605952,97.27636394855956,100,115.5184815317561,122.518675005754,125.7112887257346,128.7697707337206,142.1647800429158,178.9198834496119,225.0876875577238,254.7321948585926,249.2244292561782,252.8307978888575,260.0828202155742,271.8133395371215,278.2639466121314,284.1802768526706,NA
Madagascar,674,"Prices, Consumer Price Index, All items, Index",PCPI_IX,Value,NA,NA,NA,NA,NA,NA,NA,NA,NA,NA,NA,NA,NA,NA,NA,NA,NA,NA,NA,NA,NA,NA,NA,NA,0.5662574924749911,0.5900508416202053,0.609000760912406,0.6139652765092767,0.619837935204458,0.6435707414759265,0.6620968606555433,0.697756612935583,0.7369883947290671,0.7820928352171186,0.9549427380316992,1.033164130129125,1.084686115170622,1.118408495509578,1.191423200516971,1.358884787619679,1.606444595891379,2.097023496943851,2.763661073085496,3.29783084280175,3.622885528691998,4.005334858321954,4.586001554606677,5.273586964855953,6.689745310472692,7.292691784073552,8.152097868295186,8.852578910524514,10.13729867855436,11.15187614663382,15.49461643696294,23.09940673207284,27.66300742361658,28.90407578011259,30.69844545423463,33.74665803108517,37.74890520287522,40.73746520748987,47.45854630566799,46.64985040043018,53.16021106386003,62.92245900554561,69.69646263139242,76.8668112322822,84.01274079054583,91.53542476881006,99.99999999999999,109.4825404858299,115.7382024307594,122.4816071357431,129.9289887103647,139.5491801629493,147.9720317801127,160.7110190981272,174.5228930537674,184.3145251258908,192.0590401653034,203.2219940087367,219.8061083797589,241.5104817386221,259.897538942068,NA
Mauritius,684,"Prices, Consumer Price Index, All items, Percentage change, Corresponding period previous year, Percent",PCPI_PC_CP_A_PT,Value,NA,NA,NA,NA,NA,NA,NA,NA,NA,NA,NA,NA,NA,NA,NA,NA,NA,NA,NA,NA,NA,NA,NA,NA,1.895574172809982,1.78556598298231,2.50489556095841,1.878532197816459,6.97710758672967,2.315220566764722,1.541865943256695,0.3163444636925385,5.395935529334037,13.4507978726776,29.11563031109199,14.73832327175495,12.95572916718359,9.172498970748004,8.545139150822854,14.46637020583035,41.99951438656987,14.46159107421063,11.41569312836511,5.589498018439389,7.389162561694713,6.698703946584978,1.632653061224855,0.518741633199852,9.159314133510541,12.67004209113602,13.48808879263709,7.001013775418793,4.643519298837085,10.51783844728956,7.323471544122941,6.029331884845317,6.550973360655728,6.83334334996102,6.810793237971935,6.909146248667734,4.199288256228066,5.389344262295082,6.419333722211492,3.921053575581875,4.710370601058835,4.937170049817947,8.91350105650142,8.827292723932938,9.732283171468866,2.516091281451126,2.932363013698569,6.522492548693411,3.852160333159827,3.543295739348387,3.217691919946845,1.286549707602317,0.97767513471896506,3.666997026759247,3.216053831445703,0.4056551903095534,2.580800771828295,4.028528881573756,10.77375122428991,7.05298238454736,3.604522038479597,3.673592799629431
Niger,692,"Prices, Consumer Price Index, All items, Percentage change, Corresponding period previous year, Percent",PCPI_PC_CP_A_PT,Value,NA,NA,NA,NA,NA,NA,NA,NA,NA,NA,NA,NA,NA,NA,NA,NA,NA,NA,NA,NA,NA,NA,NA,NA,1.004016064266713,4.373757456305915,10.57142857047611,0.4306632213644374,-2.923098912974677,10.64566001584331,1.11783884490559,4.191616766486768,9.75116837202703,11.78501553674744,3.397508493733258,9.115802051370588,23.52968015692835,23.25108960633301,10.09320027569939,7.267877072233599,10.30527571240459,22.91340756416355,11.64183574167845,-2.489605686714877,8.364424118299647,-0.9233991239948187,-3.207571341656869,-6.71210892901195,-1.393963040470915,-2.843525179856177,-0.7756530109775036,-7.796641791044667,-4.475617902471761,-1.215034965034964,36.04105831342414,10.56328866918136,5.288857512648824,2.933452533944216,4.548015777187203,-2.302125038496478,2.900149735991085,4.005514283526785,2.628865979381362,-1.614407691755963,0.2625437572928378,7.797497817864402,0.04048582995950736,0.05395926075815617,11.30510988270191,0.582906590801122,0.8040730808826587,2.9423851401332,0.4550898203592894,2.297231149553169,-0.9302872599844664,-0.5760903698331888,1.653889223878056,2.796373188712845,2.967603660044556,-2.489792650708549,2.898193760262702,3.837868028405096,4.226217919163925,3.700973164258338,9.071519977250134,-4.454708041025681
Nepal,558,"Prices, Consumer Price Index, All items, Index",PCPI_IX,Value,NA,NA,NA,NA,NA,NA,NA,NA,NA,NA,NA,NA,NA,NA,NA,NA,NA,NA,NA,NA,NA,NA,NA,NA,2.969465233167245,3.221034447475365,3.684508149936438,3.581034951239801,3.623286507377196,3.770304677171141,4.344796499057919,4.257922125992782,4.615120230628238,5.14261797478399,6.161182274362761,6.628568650674532,6.42220568283727,7.057930372664774,7.576412378260984,7.84654586018423,8.998772104872666,10.00167236322595,11.17172266465852,12.55447337630749,12.91174669110144,13.95148333333581,16.60211861334635,18.3869008266986,20.03859674982245,21.81138874309618,23.60858182305172,27.28147582706933,31.96011896910227,34.35885188160475,37.22757094193525,40.06541732302893,43.75963575497292,45.51439216243828,50.63224332525371,54.40490879217262,55.75350866496262,57.25233232105076,58.98673418276547,62.35311259940064,64.12507040693991,68.50887353773061,73.24991764418652,74.91211887186877,82.33428429884341,91.46912801831915,100,109.2270754612596,119.559749053898,130.3681453932484,141.2723387490224,152.3889304650662,165.7844406346923,170.3883408367141,177.8966634141066,187.7986769613713,197.2944508805573,205.4363340491176,221.1937236459291,236.9335872536304,248.0341545584451,254.6153506872513
Saudi Arabia,456,"Prices, Consumer Price Index, All items, Percentage change, Corresponding period previous year, Percent",PCPI_PC_CP_A_PT,Value,NA,NA,NA,NA,NA,NA,NA,NA,NA,NA,NA,NA,NA,NA,NA,NA,NA,NA,NA,NA,NA,NA,NA,NA,2.79999999899983,0.3891050593422856,1.55038759593042,2.09923664219521,1.588785046729384,3.495860165593264,0.177777777777784,4.474999999749975,4.331179707834969,16.51376146819535,21.43700787366408,34.57610633814847,31.55866056411252,11.39901116995316,-1.583601850220859,1.081566902883373,4.169266553632904,2.798982188294876,1.021039603960352,0.1914241960190636,-1.559037065342031,-3.058768729136616,-3.203331464722995,-1.547116736990185,0.9075630252105227,1.032644903397393,2.077151335311565,4.861111111111374,-0.07700600646909206,1.055795314426953,0.5643254785331487,4.868431030560333,1.222060548777561,0.05715060506264893,-0.37126675171199,-1.333754896538959,-1.124998385176451,-1.120948048967913,0.2471864923396855,0.6121953581729663,0.51550789776729955,0.4792316716309551,2.209023140696472,4.167823584315785,9.87024816760266,5.057222761483297,5.339417330209054,5.8262163739404,2.866270299050528,3.51104209799866,2.241853487790632,1.22269318552328,2.05347076823965,-0.8348457350271624,2.465943089948431,-1.192986445333281,3.372349610123027,3.063289889415482,2.474073719253717,2.327085183627063,1.687921123758088,2.084208535850356
Burundi,618,"Prices, Consumer Price Index, All items, Index",PCPI_IX,Value,NA,NA,NA,NA,NA,NA,NA,NA,NA,NA,NA,NA,NA,NA,NA,NA,NA,NA,NA,NA,NA,NA,NA,NA,NA,1.468451154584807,1.533604277476126,1.51689834852749,1.608780957740796,1.673516432425097,1.670175246635375,1.734493073083431,1.800899140654247,1.909070030600816,2.20921988736678,2.556285561284366,2.731558599163479,2.918247355171417,3.615580672702255,4.936741220384384,5.060086662455118,5.675767361066752,6.008826858826167,6.498620237884154,7.429019235379819,7.711640436231999,7.840862519217492,8.398601703200104,8.775429971002996,9.798785499162461,10.48491307527253,11.42823428106686,11.63660908612495,12.7629568098098,14.65861517118171,17.48234139146199,22.10410980529672,28.98104978392878,32.60380005102692,33.707577012006666,41.94302038825704,45.84212229622697,45.2160655760269,50.03043013629708,54.12113292231034,61.29330329803369,62.97606190675172,68.27364781966776,84.93716361308962,93.90265115923992,100,109.5921660597967,129.4952489903405,139.7745275642124,145.9320879875763,154.0235682901459,162.5837201481344,188.6825292219081,183.3716857008591,182.1123399943436,195.4449782350601,211.8712265809119,251.7048788196027,319.5179074073942,384.1004404871683,515.209279367642
Bahrain,419,"Prices, Consumer Price Index, All items, Index",PCPI_IX,Value,NA,NA,NA,NA,NA,NA,NA,NA,NA,NA,NA,NA,NA,NA,NA,NA,NA,NA,NA,NA,NA,NA,NA,NA,NA,17.965654749727,18.3491265694073,19.1304504018123,19.7535921087149,19.71524492675159,20.0364025755978,21.1964048301295,22.2749193227975,25.46732222118869,31.67956569923261,36.7989144913243,45.0771123977812,53.069789692663,61.4471412957605,62.8026602869676,65.2328249647511,72.6332259437298,79.0872060052621,81.437993444915,81.7005489251881,79.5469475351624,77.7204754707078,76.3642518107051,76.5959684159317,77.7341058592505,78.4565164520158,79.0562535478963,78.919949662469,80.9236167782519,81.5846906225748,83.7907690082171,83.41184420672919,85.440046021889,85.1268793193387,84.0307958604124,83.43850231428459,82.4309224886878,82.0224441810135,83.3295747655714,85.2902706424084,87.49605350385,89.2525102268498,92.1591669765712,95.4087021197468,98.0758646336922,100,99.59995930251192,102.346325293152,105.7237658681541,108.5228588277321,110.5290421570588,113.6092582929996,115.1846986747914,117.5893743600114,118.7721118604914,116.0193231491991,115.3158755024363,119.4969305296746,119.586099949687,120.6858561298373,120.5196610186734
Ethiopia,644,"Prices, Consumer Price Index, All items, Index",PCPI_IX,Value,NA,NA,NA,NA,NA,NA,NA,NA,NA,NA,NA,NA,NA,NA,NA,NA,NA,NA,NA,NA,NA,NA,NA,NA,NA,4.697902034016347,4.633922823418087,4.671396361046535,4.679926922460268,4.746648099195795,5.227101504360736,5.255130491855973,4.935539101860498,5.37547234032483,5.837341308139975,6.219693257070108,7.994659356303523,9.326340925095973,10.66076446004696,12.36992337125225,12.9244098629424,13.71744741122065,14.52541344197977,14.42731198576318,15.64169833514983,18.62373887398936,16.79698008049513,16.38903644733309,17.54949746209102,18.92139453467057,19.89631583874654,27.00379680836826,29.84660639847246,30.90409135048747,33.25090972714298,36.5833735422195,33.47954915189315,34.28145452080076,34.58820555656842,37.33501013681591,37.58233893906271,34.48636428505509,34.71917797207842,39.46669406203044,40.77989718926735,44.84564120875245,50.36142022595538,59.04393093865044,85.23386191436045,92.46479936523971,99.99999999999999,133.2499598823344,164.6975069694227,176.9905650068699,189.1852494772722,207.2881959814942,221.0275340762014,244.6490008874137,278.4913844187401,322.5198479258708,388.1731068488021,492.3569138642357,659.2160797171358,858.4234517659455,1039.016397648818,NA
Ghana,652,"Prices, Consumer Price Index, All items, Percentage change, Corresponding period previous year, Percent",PCPI_PC_CP_A_PT,Value,NA,NA,NA,NA,NA,NA,NA,NA,NA,NA,NA,NA,NA,NA,NA,NA,NA,NA,NA,NA,NA,NA,NA,NA,NA,26.44478484901733,13.23788546265387,-8.42248589780283,7.89473684210539,7.317073162601248,3.030303030532654,9.558823537467722,10.06711409395949,17.68292682317107,18.13471502684633,29.82456140481681,56.08108108297558,116.4502164536386,73.09166666734303,54.44128833456161,50.07013934363644,116.5036039965411,22.29556640808933,122.8745145725921,39.66531379472676,10.30544066982954,24.56541607650007,39.81506787753632,31.35926762647684,25.22369202958248,37.25906648556708,18.03143900898491,10.05611674488413,24.95984247424968,24.87025543695763,59.46155369914462,46.56101967622823,27.88520864075274,14.62416666666746,4.865397850775285,40.24093312391401,41.50949628780302,9.360932395603127,29.77297971603836,18.04273882325649,15.43899201559083,11.67918393924918,10.7342665456292,16.49463961341201,19.24694822208571,10.73338983549149,8.7284593709302,11.18634094410672,11.66619230717286,15.48961603333184,17.14996950078776,17.45463470708676,12.37192155070485,7.80876516610703,7.143640033308569,9.887289562699442,9.971088675044395,31.25589510490163,38.10696562965015,22.84832811578422,NA
Libya,672,"Prices, Consumer Price Index, All items, Percentage change, Corresponding period previous year, Percent",PCPI_PC_CP_A_PT,Value,NA,NA,NA,NA,NA,NA,NA,NA,NA,NA,NA,NA,NA,NA,NA,NA,NA,NA,NA,NA,NA,NA,NA,NA,NA,11.4249999996678,12.24291376834086,7.296108742308906,0.3912314473092048,9.785970555473844,-5.296371422047035,-3.103849408108508,-0.2510231920890078,7.970895563185996,7.458451560828936,9.11920030145642,5.479215279688456,6.280213027509068,29.37979416416982,-6.03902875017094,9.7342887947139225,11.1997226074894,10.2588088556284,10.60520361990959,12.47762720531821,9.13844055467156,3.29098104561558,4.355716878402891,6.086956521739088,1.511839708560929,8.451462408038816,11.89609530112507,9.359751589531353,11.07355327203889,5.112598904443144,7.23798494499129,4.028077753779627,3.550295857988208,3.709273182957394,2.648622522958185,-2.900000000000242,-8.813937521455465,-9.797647058823568,-2.191151919866442,-2.197567740559002,2.650205761316575,1.459268762027244,6.250987829935529,10.36072889549982,2.459900256099479,2.799895001092679,15.5184815317561,6.059803921568639,2.605818027195169,2.432941415992255,10.40229335881506,25.85387421244608,25.80361847883377,13.17020385367212,-2.162178834705947,1.44703656998741,2.868330277510192,4.510301492357032,2.373175314351686,2.126157668850251,NA
St. Lucia,362,"Prices, Consumer Price Index, All items, Index",PCPI_IX,Value,NA,NA,NA,NA,NA,NA,NA,NA,NA,NA,NA,NA,NA,NA,NA,NA,NA,NA,NA,NA,NA,NA,NA,NA,NA,8.20092851232062,8.404230218738352,8.673768932752635,9.018070209741827,9.221371916179226,10.4569216416805,11.33439803907283,12.22761392344695,13.87107868568951,18.61784562471832,21.9211704481611,24.04075469059042,26.1721435482578,29.01902325015398,31.74392192820216,37.92691705131201,43.66330423232995,45.67795856178587,46.35082162882182,46.90957341547116,47.57718998696238,48.61925331783072,52.03317721522813,52.46477807241616,54.75887271873063,57.0957386211634,60.60686991882829,63.72139502340144,64.26186816888892,66.07142881524715,69.79102509610865,70.43648223388524,70.43259393787469,72.68780574274354,75.23463951109306,78.0264360467777,82.16747129817637,81.95750331359842,82.80515184393164,84.0144119032603,87.28952363307545,89.3806496395273,91.90395809998576,97.00421208727062,96.85197747243205,99.99999999999997,102.7694079414409,107.0627395920427,108.6350256318809,112.4556711556425,111.3495561027938,107.9219744061034,108.0344961002722,110.1256322593462,110.7193058423376,108.7752870417089,111.3975362821093,118.5026348463473,123.3264128404448,123.1904040624157,NA
Madagascar,674,"Prices, Consumer Price Index, All items, Percentage change, Corresponding period previous year, Percent",PCPI_PC_CP_A_PT,Value,NA,NA,NA,NA,NA,NA,NA,NA,NA,NA,NA,NA,NA,NA,NA,NA,NA,NA,NA,NA,NA,NA,NA,NA,NA,4.201860365894415,3.211573978975542,0.8151903766807868,0.9565131644855435,3.828872826836593,2.878645343187932,5.385881492434946,5.622559652774797,6.120101864647797,22.10094441877803,8.191212832159287,4.986815118625709,3.108952891284263,6.528446922617972,14.05559225555157,18.21786589467557,30.5381774327711,31.78970465105354,19.328338591095,9.856620954338887,10.55648395736188,14.4973321039129,14.99313513225024,26.85379714138119,9.012995945555009,11.78448383213568,8.592647604901922,14.51237860757715,10.00836120401402,38.94179089892395,49.0802100590784,19.7563545439776,4.486382617373988,6.208016086633199,9.929533993487807,11.85968450002796,7.916944845295859,16.49852553158463,-1.704004796162977,13.95580180332114,18.36382464689321,10.76563715548655,10.28796631876714,9.29650839381057,8.954218023929492,9.247321736441162,9.482540485829922,5.713844341910533,5.826429444519803,6.080408110883021,7.404191742021292,6.035758581546788,8.609050754229495,8.594229588704756,5.610514414923647,4.201793121905574,5.81225118787715,8.16059031991844,9.874326750448883,7.613357843137233,NA
Nepal,558,"Prices, Consumer Price Index, All items, Percentage change, Corresponding period previous year, Percent",PCPI_PC_CP_A_PT,Value,NA,NA,NA,NA,NA,NA,NA,NA,NA,NA,NA,NA,NA,NA,NA,NA,NA,NA,NA,NA,NA,NA,NA,NA,NA,8.471869328464747,14.38897068686558,-2.808331383346839,1.179869973700395,4.057591622815599,15.23727844503588,-1.999503845208261,8.389023896301797,11.42977252585998,19.8063380280849,7.585985213529685,-3.113235733271952,9.898852843134835,7.346091250832973,3.565453785202355,14.68450277637684,11.14485672784439,11.69854659241388,12.37723807827122,2.845784957162663,8.052641266196302,18.99894955023948,10.75032804498502,8.983003382089894,8.846886912325523,8.239700374532061,15.55745292769492,17.14952362434395,7.505394190871055,8.349286728833835,7.622969506981635,9.220466623769859,4.009988605231812,11.24446778186142,7.451112609575463,2.478820207091362,2.688303735456296,3.029399487148925,5.707009318747377,2.8418113124898,6.836332658928768,6.920335807075889,2.269219244390742,9.907830053064798,11.09482373869868,9.326504107453953,9.2270754612596,9.459809803571247,9.04016311917645,8.364154696595627,7.868908955908912,8.7903433200464,2.777039983002109,4.406594101757142,5.566160352437225,5.056358262384993,4.12676744440695,7.670205793802804,7.11587261530826,4.685096542657699,2.653342698114364
Swaziland,734,"Prices, Consumer Price Index, All items, Index",PCPI_IX,Value,NA,NA,NA,NA,NA,NA,NA,NA,NA,NA,NA,NA,NA,NA,NA,NA,NA,NA,NA,NA,NA,NA,NA,NA,NA,1.558133588757196,1.607643610879206,1.636967728669066,1.693433704302796,1.747717420027386,1.780042145207666,1.821368692601486,1.864468326180206,2.079693711608595,2.480820364661924,2.779653583589764,2.961190331370463,3.577269587359791,3.881967629842061,4.52068783259099,5.365332035301108,6.441392118019336,7.137540504493833,7.963177242726702,8.99359060989557,10.83391609056818,12.32217930537297,13.97047082284487,16.81968719535536,18.08892850537426,20.45718346736236,22.28489095378944,23.96924883343795,26.85117321971604,30.54839849454734,34.30236632206181,36.50636652628292,39.10756459928611,42.2791746492625,44.8534946709947,50.32944964993718,53.32008082135557,59.72900282441557,64.08324713031546,66.29112971971995,69.45587093437165,73.14025447359565,79.04712599208754,89.05248449302276,95.68532212966707,99.99999999999999,106.1074271459025,115.5930563908985,122.0908960766682,129.0273058063544,135.4157637525025,146.0422105734673,155.128044574078,162.5975555949443,166.821866435163,NA,NA,NA,NA,NA,NA
Tanzania,738,"Prices, Consumer Price Index, All items, Index",PCPI_IX,Value,NA,NA,NA,NA,NA,NA,NA,NA,NA,NA,NA,NA,NA,NA,NA,NA,NA,NA,NA,NA,NA,NA,NA,NA,NA,0.0980982505021119,0.107689331599363,0.120813968886352,0.139659601917924,0.162585651027103,0.168264580623163,0.176299214347959,0.189760380797459,0.209489402875623,0.2505459605474601,0.315832617829994,0.337496682584914,0.376660263725151,0.40142567606508,0.4534047924591509,0.5903207983232429,0.7417382243407541,0.956340409598158,1.21508717776415,1.65429187828086,2.204875018781101,2.9199645294633,3.79447549676717,4.97784788032566,6.264613506276709,8.5090222821475,10.9507417196333,13.3431334917154,16.715912613697,22.4132579678306,28.5607182687734,34.55197429593769,40.1116132508189,45.245801091593,48.81589087518969,51.7077252594847,54.3693638718957,57.26063620524591,60.2974919615774,63.1530614538705,66.3325465984336,71.14230139098231,76.140413998175,83.9664255610108,94.1618202905322,100,112.6909694699162,130.7227572559866,141.0115842216963,149.6578707266248,158.0210062572077,166.1982240248887,175.0378356447202,181.154460150602,187.4301589333854,193.5971558867847,200.7426712352635,209.4755235397623,217.4339865765428,224.0808277911253,NA
Burundi,618,"Prices, Consumer Price Index, All items, Percentage change, Corresponding period previous year, Percent",PCPI_PC_CP_A_PT,Value,NA,NA,NA,NA,NA,NA,NA,NA,NA,NA,NA,NA,NA,NA,NA,NA,NA,NA,NA,NA,NA,NA,NA,NA,NA,NA,4.436860067690882,-1.089324618742534,6.057268722225183,4.023883697331223,-0.1996506114302253,3.85096274044454,3.828557669173338,6.00649350675306,15.72230729909378,15.70987459882328,6.856551573645387,6.834514041364888,23.89562064693028,36.5407569980925,2.49851950030166,12.16739434879382,5.868096357226611,8.151231356226312,14.31686978832584,3.804286836494247,1.675675675675466,7.113237639553367,4.486797697041769,11.66159984799583,7.002169566511215,8.99693873494331,1.823333333333079,9.679346580679281,14.85281498339694,19.26325363825377,26.43678160919512,31.11158983196947,12.5004107653378,3.385424273404549,24.4320242102151,9.296187713418888,-1.365680053280599,10.64746456583057,8.176429374820534,13.25206991882235,2.745420002142409,8.412062857725438,24.40695103539137,10.55543552995293,6.493265914739934,9.5921660597967,18.16104530654508,7.937958074924175,4.40535234185293,5.544688912597794,5.55768961400965,16.05253530303918,-2.81469807668465,-0.6867721707973587,7.321106434155209,8.404538450763408,18.80087866649446,26.94148357624534,20.2124925027847,34.13399857448319
Bahrain,419,"Prices, Consumer Price Index, All items, Percentage change, Corresponding period previous year, Percent",PCPI_PC_CP_A_PT,Value,NA,NA,NA,NA,NA,NA,NA,NA,NA,NA,NA,NA,NA,NA,NA,NA,NA,NA,NA,NA,NA,NA,NA,NA,NA,NA,2.134471718522405,4.258098223092903,3.257328990244618,-0.1941276389239199,1.628981278393512,5.789473684984045,5.088195386488147,14.33182698499784,24.39299830617984,16.15978211537066,22.49576657596399,17.73112089423727,15.78553759419869,2.205991951167666,3.869525059415026,11.34459680839753,8.885713084714588,2.972399150750728,0.3223992502353261,-2.635969302969701,-2.296093214195603,-1.7450017537706,0.3034359660865778,1.485897321825715,0.9293354374890926,0.7644197359276086,-0.1724137931033124,2.538860103626954,0.8169108977597781,2.704034750647041,-0.4522273825303477,2.431551339559264,-0.366533864541774,-1.287587971849095,-0.7048529530907899,-1.207571801566593,-0.4955401387511543,1.593625498007866,2.352941176470619,2.586206896551728,2.00746965452849,3.256666666667031,3.526003163637211,2.795512835504117,1.96188468334623,-0.40004069748808,2.757396699629792,3.300011568884423,2.647553212461889,1.848627423749767,2.786793476020443,1.386718305764061,2.08766938046978,1.005820047021369,-2.317706293313787,-0.6063193851408502,3.62574104304482,0.07462067821922556,0.9196354598176512,-0.1377088554479015
"Bahamas, The",313,"Prices, Consumer Price Index, All items, Index",PCPI_IX,Value,NA,NA,NA,NA,NA,NA,NA,NA,NA,NA,NA,NA,NA,NA,NA,NA,NA,NA,NA,NA,NA,NA,NA,NA,NA,NA,13.9623368968273,14.7215747788535,15.390086121392,16.7653094545185,17.7967269545306,18.6180408895538,19.8898041340179,20.9801142998882,23.7226024979529,26.1801775286024,27.29436309948401,28.16501953848859,29.8856403987206,32.6026614980059,36.5468784190308,40.6088806717566,43.0505387656631,44.7725603162896,46.5483950403732,48.6919531164135,51.3377674780532,54.2930075870713,56.6832093747896,59.7371069684788,62.5264231260044,66.9749787984559,70.8181362695158,72.7464416517276,73.7644075162908,75.2891140975746,76.3274544374358,76.7427905733803,77.7685449697281,78.743955592022,80.0088429151256,81.6450155718767,83.4196336072759,85.9431152817263,86.7870027943044,88.1683100949079,90.2753795352439,92.5255637392711,96.6795543958914,98.6737971456012,100,103.1987814166032,105.2352726911487,105.9955078596106,107.6000216758854,109.6029778181882,109.2233383884446,110.8815747655321,113.3939998595428,116.2189111822809,116.2636799829583,119.6410383060545,126.3474046475154,130.2046845138723,130.7374332419323,NA
Barbados,316,"Prices, Consumer Price Index, All items, Index",PCPI_IX,Value,NA,NA,NA,NA,NA,NA,NA,NA,NA,NA,NA,NA,NA,NA,NA,NA,NA,NA,NA,NA,NA,NA,NA,NA,NA,NA,6.13836209026134,6.361483888703369,6.83787908000287,7.236885179041501,7.76403555419804,8.34395121954913,9.33493362168801,10.9083443220283,15.1541913380622,18.2296539653791,19.1387245360943,20.7372615650891,22.7036480455909,25.69368115549761,29.4014128815369,33.6844822890664,37.1649201160803,39.1087564805731,40.94131354044009,42.5442090566198,43.1100761592728,44.5377659618773,46.7017932910547,49.5926875677786,51.11745080628,54.31613890444041,57.6261063072741,58.2677380427303,58.3127232935558,59.4083393554372,60.82591276883621,65.5159183670657,64.684595653445,65.69371571044098,67.2938918008204,69.02861723213249,69.1150752011193,70.2343476740119,71.2137110877929,75.5450623761222,81.0656406669,84.336014923633,91.1740701877111,94.4963273871983,100,109.4322024017722,114.3931444561036,116.4683554777845,118.52926677929,117.2102850402638,118.7128366561736,124.2450740352105,128.104133146788,130.2519587268275,NA,NA,138.8088142707241,143.232913606156,145.3046869534802,NA
Ethiopia,644,"Prices, Consumer Price Index, All items, Percentage change, Corresponding period previous year, Percent",PCPI_PC_CP_A_PT,Value,NA,NA,NA,NA,NA,NA,NA,NA,NA,NA,NA,NA,NA,NA,NA,NA,NA,NA,NA,NA,NA,NA,NA,NA,NA,NA,-1.36186770466907,0.808678501054678,0.1826126655589956,1.42568843148626,10.1219512195636,0.5362242816951933,-6.08151197179128,8.913580246958128,8.592155973910845,6.550104383941986,28.53783982378486,16.65713959085028,14.30811446491546,16.03223593965194,4.482537806004351,6.135967186804344,5.89006107723961,-0.6753780648547176,8.417273783120528,19.06468514444065,-9.808765070506613,-2.428672482833682,7.080715321410895,7.817301182230483,5.15248124174767,35.72259822987153,10.52744401195922,3.543065961660324,7.593876001853367,10.02217335532388,-8.484248689488252,2.395209580838292,0.8948016939641066,7.941448641373251,0.6624581092664819,-8.237844533911366,0.6750891021708005,13.67404520282718,3.327370478948471,9.969971235128916,12.29947631148247,17.24040083408976,44.35668587669515,8.483644045302823,8.149264029650821,33.24995988233441,23.60041767731703,7.464021929445171,6.890019515971918,9.568899559686232,6.628133372309241,10.68711502842382,13.83303565866615,15.80963217193442,20.35634685590615,26.83952215577222,33.88987971008983,30.21882781352784,21.03774605777107,NA
St. Lucia,362,"Prices, Consumer Price Index, All items, Percentage change, Corresponding period previous year, Percent",PCPI_PC_CP_A_PT,Value,NA,NA,NA,NA,NA,NA,NA,NA,NA,NA,NA,NA,NA,NA,NA,NA,NA,NA,NA,NA,NA,NA,NA,NA,NA,NA,2.479008396577312,3.20717908718529,3.969454105343886,2.254381499689158,13.39876253481825,8.391345249205802,7.880576289053515,13.44060069717403,34.22060422687924,17.74278769965232,9.669119846687408,8.865731900261885,10.87751829209911,9.390042712873601,19.47772911329116,15.1248443770346,4.614067498730878,1.473058534623013,1.205484103655883,1.423198982387324,2.190258254331325,7.021753039027814,0.8294724256463756,4.372637663973292,4.267556628559722,6.149550531190494,5.138897799448282,0.848181596289603,2.815916651539679,5.62965921512378,0.9248426096159731,-0.005520287054723805,3.201943416790907,3.503797841089421,3.710786087136099,5.307220810285471,-0.2555366269165083,1.034253724262215,1.460368144252453,3.898273707594762,2.395620825291682,2.823103737369294,5.549547693839369,-0.1569360871686694,3.250344091801288,2.769407941440931,4.177635871025146,1.468565110354283,3.516955513692412,-0.9836009526969955,-3.078217656769267,0.104262078958441,1.935618931506019,0.5390875591917574,-1.755808335175935,2.410703121743933,6.378146951333514,4.070608219262044,-0.1102835758346942,NA
Rwanda,714,"Prices, Consumer Price Index, All items, Index",PCPI_IX,Value,NA,NA,NA,NA,NA,NA,NA,NA,NA,NA,NA,NA,NA,NA,NA,NA,NA,NA,NA,NA,NA,NA,NA,NA,NA,NA,2.300628998930554,2.33405546573299,2.407856828467311,2.419533478615807,2.431991313117552,2.443873538080276,2.519442844322995,2.755607205072809,3.61227862232171,4.704127641120059,5.041218913316605,5.729604741650574,6.489953875348048,7.507145726889378,8.051368223207769,8.570734972676986,9.647659523910864,10.28372992307848,10.83592203983815,11.02656167318576,10.90338763860468,11.35402627519519,11.69222224725373,11.81034622536193,12.30469941363713,14.72099364051037,16.12838126478413,18.12094418742164,NA,36.04888152751346,38.72059814392327,43.37304161301988,46.06653659813902,44.95820700795347,46.71136568905432,48.27285894408657,49.23473689541516,52.9025771588778,59.38351862225892,64.73640194963959,70.48682424809925,76.88753684609576,88.7575992244827,100.2467359814844,100,103.0801706924026,113.6675538176801,120.4015251076509,123.2363676121232,126.3524026694799,135.4173574507727,146.6292872896952,146.1729620495412,151.0666523689885,165.9473204176325,165.2978909752858,194.5377813062062,233.0359264773376,237.1613437776644,251.1846944356277
Swaziland,734,"Prices, Consumer Price Index, All items, Percentage change, Corresponding period previous year, Percent",PCPI_PC_CP_A_PT,Value,NA,NA,NA,NA,NA,NA,NA,NA,NA,NA,NA,NA,NA,NA,NA,NA,NA,NA,NA,NA,NA,NA,NA,NA,NA,NA,3.177521008420103,1.824043437949715,3.449425095242383,3.205541237703141,1.84953956571386,2.32166117555597,2.366332184899928,11.54352596964347,19.28777544569613,12.04574193216782,6.530912659492434,20.80512182761996,8.517614762916228,16.45351697007622,18.68397540349558,20.05579665225394,10.80742134184117,11.56752438340691,12.93972664127265,20.46263345195762,13.73707533234863,13.37662337662282,20.39456227811148,7.546164772727713,13.09228991249806,8.934306569342876,7.558295363173374,12.02342387241482,13.76932488043589,12.28859126014257,6.425213303152184,7.12532722513057,8.109965635738632,6.088860634314926,12.20853585458438,5.942109822816477,12.01971546992315,7.289999999999992,3.445335073166136,4.774004045537119,5.304639463387275,8.076088278615886,12.65746018639152,7.448234234457536,4.50923691774369,6.107427145902511,8.939646827882116,5.621306234689477,5.681348857764474,4.951244937049192,7.847274590856799,6.221375289331178,4.815061674615126,2.598016203110773,NA,NA,NA,NA,NA,NA
Togo,742,"Prices, Consumer Price Index, All items, Index",PCPI_IX,Value,NA,NA,NA,NA,NA,NA,NA,NA,NA,NA,NA,NA,NA,NA,NA,NA,NA,NA,NA,NA,NA,NA,NA,NA,NA,NA,9.575043179096827,9.353013192242658,9.380766940680376,9.94509315703294,10.39069500542577,11.06526527767428,11.92023491423611,12.35118895104086,13.93608508021784,16.44628052703137,18.36074777155427,22.48402336016748,22.5835765660444,24.2862091350484,27.27507821559868,32.65276965634564,36.28691625170087,39.68172603018732,38.28229888730165,37.5876993504071,39.13804733507896,39.15918534454599,39.10008983420806,38.77188246140847,39.16554947642842,39.31715218948774,39.86514940265917,39.46375451321056,54.91885289250699,63.94394447862458,66.94131687606009,72.46452783943121,73.17130219212387,73.13236508985383,74.49453287677969,77.41441413360754,79.78315475727287,79.04117071268954,79.35186470399896,84.73424529172564,86.62295280331055,87.44212291513328,95.04506522775371,98.57466439705978,100,103.5635147290396,106.232534720517,108.1716978417555,108.3781706524916,111.1797505992947,112.6089090028948,111.503213533868,112.5376906481026,113.2969292954413,115.2221666046128,120.0456143015055,129.6103369939728,136.7250186642119,140.6389374064903,141.24816200939
Tanzania,738,"Prices, Consumer Price Index, All items, Percentage change, Corresponding period previous year, Percent",PCPI_PC_CP_A_PT,Value,NA,NA,NA,NA,NA,NA,NA,NA,NA,NA,NA,NA,NA,NA,NA,NA,NA,NA,NA,NA,NA,NA,NA,NA,NA,NA,9.777015439275962,12.18749999843683,15.59888579548266,16.41566264999976,3.49288486418357,4.775000000023752,7.635409210010378,10.39680780321673,19.59839357421482,26.05775688415733,6.859350026532505,11.60413810301186,6.5750000000000854,12.94862772695286,30.19730010384205,25.65002392726121,28.93233464516934,27.05592753052379,36.14594150560284,33.28210382513677,32.43220158018366,29.94936953787614,31.1867182846932,25.84983826116572,35.82677165354333,28.69565217391299,21.84684684684731,25.27726432532299,34.0833640722984,27.42778541953229,20.97725964306288,16.09065492832015,12.79975404796087,7.890433360588766,5.923961096374794,5.147468002226182,5.317833661182028,5.303566215097816,4.735801439490581,5.034570092671631,7.25097262082546,7.025514369747714,10.27839376211348,12.14222787429879,6.200155956474026,12.6909694699162,16.00109385063382,7.870723645739588,6.131614329880117,5.588169529592981,5.174766293014932,5.318716052289308,3.494458488561813,3.4642805799902048,3.290290627983255,3.690919588021988,4.350272042691012,3.799232913849163,3.056946763123725,NA
"Bahamas, The",313,"Prices, Consumer Price Index, All items, Percentage change, Corresponding period previous year, Percent",PCPI_PC_CP_A_PT,Value,NA,NA,NA,NA,NA,NA,NA,NA,NA,NA,NA,NA,NA,NA,NA,NA,NA,NA,NA,NA,NA,NA,NA,NA,NA,NA,NA,5.437756499047976,4.541031462875624,8.935774122894342,6.15209342130048,4.614971826682513,6.830811319023691,5.48175416169897,13.07184583870124,10.35963499730509,4.255836575838107,3.189876370557404,6.109070358998739,9.091393267924134,12.09783723106822,11.1144984973891,6.012621016674977,3.999999999999944,3.96634615384615,4.605009633911352,5.433781543562331,5.756464011181358,4.402411827867636,5.387658227848069,4.669319120186763,7.114681202036279,5.738198861734471,2.722897669705908,1.399334237455483,2.066994954100418,1.379137412236664,0.5441503833786876,1.336613366133708,1.254248260236301,1.606329417405789,2.044989775051206,2.17357792508093,3.02504526252236,0.9819140367576621,1.591606180798021,2.389826274392541,2.492577949393963,4.489559953750598,2.062734734526817,1.344027383928359,3.1987814166032,1.97336755976254,0.7224147845305513,1.513756430508313,1.86148302863371,-0.3463769299893969,1.518207007361473,2.265863466787356,2.491235273680459,0.03852109800545575,2.904912629284783,5.605406335830438,3.052915789697428,0.4091624890832862,NA
Barbados,316,"Prices, Consumer Price Index, All items, Percentage change, Corresponding period previous year, Percent",PCPI_PC_CP_A_PT,Value,NA,NA,NA,NA,NA,NA,NA,NA,NA,NA,NA,NA,NA,NA,NA,NA,NA,NA,NA,NA,NA,NA,NA,NA,NA,NA,NA,3.634875153357557,7.488743186876205,5.835231866054928,7.284216373685207,7.46925566353863,11.87665622753279,16.85508182602132,38.9229280878111,20.29446876252894,4.986768111131808,8.352369699349978,9.482382591017634,13.16983554317995,14.4305197203942,14.56756321468865,10.33246643705612,5.230298782888416,4.685797311855965,3.915105250827964,1.330068451619157,3.311731107432548,4.858859178140476,6.190114068441188,3.074572710780188,6.257526632700231,6.093893029946383,1.113439336044829,0.0772043884602322,1.878862793572321,2.386152228423248,7.710538789698831,-1.268886607012135,1.560062402496051,2.435813034891383,2.577834904312878,0.1252494580560195,1.619433198380538,1.394422310756912,6.08218729535043,7.307662628289402,4.034229828850696,8.108108108107798,3.643861892583371,5.824218533118662,9.4322024017722,4.533347538887749,1.814104360490962,1.769503220897288,-1.112789925109584,1.281928130618953,4.660184639559953,3.106005724205903,1.676624732769876,NA,NA,NA,3.187189054726317,1.446436643061597,NA
Dominica,321,"Prices, Consumer Price Index, All items, Percentage change, Corresponding period previous year, Percent",PCPI_PC_CP_A_PT,Value,NA,NA,NA,NA,NA,NA,NA,NA,NA,NA,NA,NA,NA,NA,NA,NA,NA,NA,NA,NA,NA,NA,NA,NA,NA,NA,NA,0.9524565442554291,5.369919018579671,4.215788688508226,12.39349896189139,3.637406038871839,3.687995574547476,12.09911672308509,34.3760742523203,19.9027884369402,10.90249626626862,9.503655252019943,7.712579058327268,NA,NA,13.2666874934914,4.394594097637376,4.147952443857321,2.2179942499574,3.739979980642397,2.77423367675706,4.024580433416348,2.924591631237414,6.218521497778593,3.19092323226821,5.557061534291321,5.471825593441778,1.56902604224498,0.01513673517442273,1.317537457749697,1.677164504859133,2.436297154796736,0.9991474579107484,1.179477873941749,0.8569468053584828,1.3038940346596,0.1700553301976812,1.453368004372508,2.394109820502985,1.681900798775527,2.202391326316698,3.632221293178206,6.35992183336295,0.00626357107066859,2.999366305490001,1.1312313652648,1.356771478088595,-0.04641164688059916,0.7992503726874923,-0.84382698463833,0.1418162257323122,0.2962528892794868,0.9891911191898897,1.504623538581412,1.220264422424764,2.228913307003439,2.884902268293532,5.086774831581119,2.569218903677257,NA
Rwanda,714,"Prices, Consumer Price Index, All items, Percentage change, Corresponding period previous year, Percent",PCPI_PC_CP_A_PT,Value,NA,NA,NA,NA,NA,NA,NA,NA,NA,NA,NA,NA,NA,NA,NA,NA,NA,NA,NA,NA,NA,NA,NA,NA,NA,NA,NA,1.452927300228515,3.161936972699332,0.4849395533175706,0.5148858080224628,0.4885800742228911,3.092193808934999,9.373674075677403,31.08829936544842,30.22604657490645,7.1658615138318,13.65514650664281,13.27053379738781,15.67332944237264,7.249392993252739,6.450664471811905,12.56513653341344,6.593002143070785,5.36957038827376,1.759330056516884,-1.117066572806761,4.133014908091251,2.978643556580337,1.010278248311137,4.185763726499478,19.63716581483733,9.560411876008164,12.35438876304478,NA,NA,7.411371735266419,12.01542251956858,6.210067094558102,-2.405932097422587,3.899529802847124,3.342855067494094,1.992585424539932,7.449700140073658,12.25071028943913,9.014089180923394,8.882826547779235,9.080722058731581,15.43821387092554,12.94439784017115,-0.2461286934369337,3.0801706924026,10.27101823188757,5.924268679848535,2.354490528203584,2.528502841924209,7.174343019820087,8.27953672260832,-0.3112101603906995,3.347876550376479,9.850399022742067,-0.3913467483007914,17.68920955881533,19.78954674646699,1.770292401986348,5.913000168825997
Senegal,722,"Prices, Consumer Price Index, All items, Index",PCPI_IX,Value,NA,NA,NA,NA,NA,NA,NA,NA,NA,NA,NA,NA,NA,NA,NA,NA,NA,NA,NA,NA,NA,NA,NA,NA,NA,NA,NA,10.95361825134833,10.96000786194014,11.40089099656612,11.72128433041809,12.17585948782168,12.92526953649981,14.38392636698925,16.77181514581057,22.08066879158508,22.31982279012762,24.85102140769184,25.70083962365574,28.18183415765922,30.64183425658045,32.45374527563028,38.09303307203275,42.51829484555011,47.52866239402108,53.70741588934814,57.02910062411517,54.66768308943775,53.66907822552325,53.90914502553188,54.08440291755339,53.13600213729088,53.07758283995044,52.76631752130788,69.8064963143222,75.29608466128956,77.36996971687822,78.7263927770035,79.63708449753496,80.2958827634513,80.88363415755283,83.28951853434118,85.23624601234218,85.19192570081508,85.63047821322553,87.09590106634818,88.93561545072279,94.14128764050363,101.0580385532063,98.78623214072545,99.99999999999999,103.4032282978697,104.869722570496,105.6145550419627,104.4630869962399,104.6043335561025,105.4801698902303,106.8705600706582,107.363218008605,109.2529303683523,112.0313928329951,114.4740388126717,125.5743791478069,133.0328417555222,134.1030953559227,136.0596691704614
Togo,742,"Prices, Consumer Price Index, All items, Percentage change, Corresponding period previous year, Percent",PCPI_PC_CP_A_PT,Value,NA,NA,NA,NA,NA,NA,NA,NA,NA,NA,NA,NA,NA,NA,NA,NA,NA,NA,NA,NA,NA,NA,NA,NA,NA,NA,NA,-2.318840580676244,0.2967359060365361,6.015779092702138,4.480620154650946,6.4920611363943,7.726607678234798,3.615314965731672,12.8319316906201,18.01219949766762,11.64073081069152,22.45701340661774,0.4427730939529608,7.539251207729417,12.30685721237953,19.71650236248065,11.12967332818269,9.355465079861466,-3.526628710205487,-1.814414382321618,4.124615263676862,0.05400885048264597,-0.1509109799347772,-0.839403116952551,1.015341505308095,0.387081797870757,1.393786636759385,-1.006881688550339,39.16276737967952,16.43350345241635,4.687499999999957,8.25082508250802,0.9753383810886741,-0.05321362488235336,1.862605954630672,3.919591336531464,3.059818575358837,-0.9300008840722136,0.3930786810316692,6.782928930283138,2.228977794140268,0.9456732717052136,8.694828143639016,3.71360592035809,1.445945174308637,3.5635147290396,2.577181740558479,1.825394759091617,0.19087507624975,2.585003908015947,1.285448470514168,-0.9818898689431191,0.9277554264571826,0.674652770077525,1.69928463299399,4.186215065235198,7.967573616179453,5.489285681411314,2.8626207408980062,0.4331834512791086
Cameroon,622,"Prices, Consumer Price Index, All items, Index",PCPI_IX,Value,NA,NA,NA,NA,NA,NA,NA,NA,NA,NA,NA,NA,NA,NA,NA,NA,NA,NA,NA,NA,NA,NA,NA,NA,NA,NA,NA,NA,7.52480083848968,7.44190829559295,7.87786166933996,8.1940813700201,8.857221713163211,9.77702192991105,11.4618896166232,13.0153572724161,14.3078669227565,16.4108814370007,18.4561781806352,19.67070743876901,21.5496050777554,23.8613389624717,27.0246414078439,31.5191707068943,35.1039475115789,38.0907227753558,41.0503814527433,46.4446067637902,47.2259595279011,46.43939894256299,46.9499450028635,46.9781390695069,46.9705967077296,45.4644588928368,61.4199660724494,66.9905670350674,69.6193195769357,72.9514664757748,75.2645764514801,76.6733374030397,77.6142650318084,81.0446389417932,83.3417865050857,83.8611421466501,84.0570815081705,85.749604048364,90.1379070575965,90.9684397574072,95.8241588442075,98.7406806505194,99.99999999999999,102.9396994630509,105.7554057429625,107.9237587223293,109.9256349079718,112.8675035687364,113.8541804307925,114.5833130197944,115.8080460572987,118.6485882900108,121.5407767451358,124.3020101491486,132.0679984136415,141.8183328824457,148.2474025083906,NA
Senegal,722,"Prices, Consumer Price Index, All items, Percentage change, Corresponding period previous year, Percent",PCPI_PC_CP_A_PT,Value,NA,NA,NA,NA,NA,NA,NA,NA,NA,NA,NA,NA,NA,NA,NA,NA,NA,NA,NA,NA,NA,NA,NA,NA,NA,NA,NA,NA,0.05833333283295202,4.022653452257058,2.810248198570362,3.878202631975362,6.154884174112649,11.28531073468389,16.60109150934939,31.65342331536851,1.083092187106585,11.34058563710374,3.419651055875176,9.653359852570366,8.729027660723263,5.913193720316254,17.3763852168922,11.61698456814748,11.78402747963291,13.00005761597937,6.184778544569343,-4.140723786338088,-1.826682250792953,0.4473093407713161,0.3250986301832578,-1.753556901993091,-0.1099429670856651,-0.5864346151201836,32.29366685695517,7.864007845701103,2.754306634824074,1.753164780972361,1.156780703913414,0.8272506082724965,0.7319819819815966,2.974500839195664,2.337301874542993,-0.05199702427144954,0.5147817810230156,1.711333258555021,2.112285838771169,5.853304284676812,7.34720236578406,-2.248021478553397,1.22868119673344,3.40322829786971,1.41822871177854,0.710245486695176,-1.090255074468949,0.1352119336351645,0.8372849425574345,1.318153148477892,0.46098564246418833,1.760111511929386,2.543146856816618,2.180322780881468,9.696818990810733,5.939477987732149,0.804503298792438,1.459007198413849
Cameroon,622,"Prices, Consumer Price Index, All items, Percentage change, Corresponding period previous year, Percent",PCPI_PC_CP_A_PT,Value,NA,NA,NA,NA,NA,NA,NA,NA,NA,NA,NA,NA,NA,NA,NA,NA,NA,NA,NA,NA,NA,NA,NA,NA,NA,NA,NA,NA,NA,-1.101591187274101,5.858085808517404,4.014029618098565,8.092918695796211,10.38474870038392,17.23293349233061,13.55332940512621,9.930650563697245,14.69830915815536,12.46305234417868,6.58061081902716,9.551754276428664,10.72750000000042,13.25701986107039,16.6312264100787,11.37332209029373,8.508374343915948,7.770024987035322,13.140499844701,1.682332607712096,-1.665525895505437,1.099381283836084,0.06005133050034549,-0.01605504587174182,-3.20655456915868,35.09446184594641,9.06969071921509,3.924063727497982,4.786238818603755,3.170751853869066,1.871745006720085,1.227190129761323,4.419772458811458,2.834422601280668,0.6231635573743164,0.2336473800675835,2.013539501759865,5.117578160194693,0.9214022456500954,5.337806276274985,3.043618479399991,1.275380462423383,2.93969946305091,2.735296775295393,2.050347180017408,1.854898503667769,2.676235314198996,0.874190383288856,0.6404091498819502,1.068858113129201,2.452802140627324,2.437608821822364,2.271857625036371,6.247677133438612,7.382813842809837,4.533313497116064,NA
Algeria,612,"Prices, Consumer Price Index, All items, Index",PCPI_IX,Value,NA,NA,NA,NA,NA,NA,NA,NA,NA,NA,NA,NA,NA,NA,NA,NA,NA,NA,NA,NA,NA,NA,NA,NA,NA,NA,NA,NA,NA,2.569024533519679,2.738580152706292,2.810512839644838,2.913273820985626,3.093105538332,3.238469509862227,3.505005805223457,3.835553628529903,4.295409020025633,5.048133208366167,5.621025679326076,6.156025038446529,7.058180820467532,7.519962980354849,7.968691498892542,8.615462212762543,9.518559692110152,10.69615869536761,11.49208777154481,12.17144770743156,13.30392317251209,15.51936355384004,19.53676605321337,25.72399381074873,31.00778603148674,40.01482108750341,51.93108534660312,61.63133217350731,65.16497862700481,68.39075040036484,70.20003531678339,70.43812799529329,73.41483507730882,74.45607909530831,77.63457483111318,80.71030165167262,81.82607844576577,83.71748758227513,86.79745039027138,91.01458318040572,96.23614475519344,100,104.5242115050527,113.8179304607404,117.5218380679733,120.9498642002496,126.7366463578751,134.8448701950134,142.3842031857887,148.4639947148205,151.3616677677457,155.0172502385671,166.2188945166263,181.6199319777827,198.5508576182436,206.5844527637084,NA
Fiji,819,"Prices, Consumer Price Index, All items, Index",PCPI_IX,Value,NA,NA,NA,NA,NA,NA,NA,NA,NA,NA,NA,NA,NA,NA,NA,NA,NA,NA,NA,NA,NA,NA,NA,NA,NA,NA,NA,NA,NA,8.31770698775192,8.660744076301858,9.452179644884902,11.52962733169659,12.80772320942032,14.66464705359284,16.58056573771918,18.47612837483281,19.77062217931673,20.97822582016265,22.61594519498137,25.89364572792208,28.78872796975015,30.81302375597176,32.87878556392393,34.61847365587456,36.14894682019315,36.79920943323554,38.8834337684619,43.45547501249949,46.14508820810281,49.9250037293591,53.1688037424213,55.76504850682232,58.6685055287275,59.14763165721231,60.42856069458939,62.27172957661706,64.36912864926911,68.04568832906897,69.38528587197528,70.1430874017209,73.14007022581382,73.69742102833652,76.77262852646732,78.94336323103025,80.81097732369474,82.82384655226734,86.80246098064977,93.51426907726129,96.44223412394803,100,107.278117827085,110.9506503443,114.1832440703902,114.7762050497322,116.354246365723,120.849273144606,124.8947972456006,129.9923488905892,132.3242640560615,130.0745640921115,132.0706214130672,140.0989624608889,144.2675241587964,149.8807461276716,NA
Jordan,439,"Prices, Consumer Price Index, All items, Index",PCPI_IX,Value,NA,NA,NA,NA,NA,NA,NA,NA,NA,NA,NA,NA,NA,NA,NA,NA,NA,NA,NA,NA,NA,NA,NA,NA,NA,NA,NA,NA,NA,7.663902273112144,8.116072507149115,8.506931523154474,9.158363216369002,10.17766221861626,12.15494900507925,13.61109043697056,15.17636583722213,17.38703377562544,18.5904810217608,21.2389723692426,23.59885818804738,25.41597026852697,27.30387892357081,28.67457926985557,29.77782589010731,30.66671621526908,30.66671621526908,30.60538278283857,32.62938605304632,41.01928849760694,47.66118811789758,51.54819439818288,53.60797550397489,55.38597335819027,57.33372980150115,58.68286385168476,62.49796477505056,64.3965805741499,66.38750819023426,66.78998681882265,67.23539650112679,68.42694513846665,69.68120686198242,70.81701053383271,73.19778510161714,75.75508539345186,80.49108475317125,84.3095064663315,96.0885823707758,95.37842073185665,100,104.1624416292779,108.86561499113,114.1179706464297,117.4267972976772,116.3971388289156,115.4910680421479,119.3298692727982,124.6547392567817,125.6040026068044,126.022633651656,127.7190164750947,133.1204525262492,135.8958407228194,138.0111900970214,140.4491093404986
Chile,228,"Prices, Consumer Price Index, All items, Index",PCPI_IX,Value,NA,NA,NA,NA,NA,NA,NA,NA,NA,NA,NA,NA,NA,NA,NA,NA,NA,NA,NA,NA,NA,NA,NA,NA,NA,NA,NA,NA,NA,NA,0.001124747882175876,0.001350284927972479,0.002400749086218016,0.01087085562244678,0.06574025370887979,0.3120921737260803,0.973491335196732,1.868656847989678,2.617749516233067,3.491795635347236,4.718754676413674,5.647728015480542,6.209170178456243,7.901615781552355,9.47089292625242,12.37878843259514,14.789784992474731,17.73011932917652,20.33367232853148,23.79607718770156,29.99173833584173,36.52526230918082,42.15957858525048,47.5255514943023,52.96395721350247,57.32428402494088,61.54284562459684,65.31780047301656,68.65570307460759,70.94666093313268,73.67333476671682,76.30281014835519,78.2022909051817,80.3999150720275,81.24792410234357,83.72807890776176,86.5681498602451,90.38390023650825,98.2620038701354,98.60891313695976,99.99999999999999,103.341216942593,106.4491507202752,108.3541173941088,113.4669963448721,118.4014190496667,122.8843259514083,125.566544829069,128.6239518383143,131.9135669748441,135.9309825843904,142.0812728445496,158.6250268759407,170.651472801548,177.9854569069256,185.4838703258779
Algeria,612,"Prices, Consumer Price Index, All items, Percentage change, Corresponding period previous year, Percent",PCPI_PC_CP_A_PT,Value,NA,NA,NA,NA,NA,NA,NA,NA,NA,NA,NA,NA,NA,NA,NA,NA,NA,NA,NA,NA,NA,NA,NA,NA,NA,NA,NA,NA,NA,NA,6.599999999000172,2.626641651056348,3.656307129832355,6.172839506227152,4.69961240341694,8.23031665265143,9.430735401745572,11.98928332210503,17.52392344550327,11.34860050860913,9.517824497549634,14.65484263606344,6.54250963007673,5.967163930327202,8.116397955171005,10.48228704444671,12.37160916512988,7.441260912872471,5.911544963734887,9.304361258431657,16.65253438854325,25.88638693485135,31.6696619117149,20.54032612358267,29.04765611730715,29.77962648649989,18.67907586017494,5.733522753571867,4.950161637931142,2.645511133927986,0.3391631890717681,4.225988348546735,1.418301923450509,4.268953958395005,3.961800302571874,1.382446566621185,2.311499185144237,3.678995747416992,4.858590628149388,5.737060361456279,3.91106195534028,4.5242115050527,8.891450910623172,3.254239109988475,2.91692692067458,4.784447006938895,6.397694802687569,5.591115909616639,4.269990204670837,1.951768210528918,2.415130940834139,7.226063074154774,9.26551551551553,9.322173759283224,4.046114553134342,NA
Fiji,819,"Prices, Consumer Price Index, All items, Percentage change, Corresponding period previous year, Percent",PCPI_PC_CP_A_PT,Value,NA,NA,NA,NA,NA,NA,NA,NA,NA,NA,NA,NA,NA,NA,NA,NA,NA,NA,NA,NA,NA,NA,NA,NA,NA,NA,NA,NA,NA,NA,4.124178563335673,9.138193688792008,21.978504057907,11.08531820634013,14.49846950788816,13.0648809829824,11.4324364264689,7.006304449839231,6.108071005015051,7.806758249521133,14.4928744064522,11.18066676376203,7.031556893894879,6.704183998014191,5.291217610724325,4.420972396219084,1.798842484338014,5.663774758552215,11.75832687838887,6.189354033823545,8.191371320409695,6.497345559845472,4.88302271568615,5.206589251957648,0.8166666666670112,2.165647214415367,3.050161812297976,3.368140064379439,5.711681604131184,1.968673660009193,1.092164599773878,4.272670244651052,0.7620320855612064,4.172747777630344,2.827485193912008,2.365764538304339,2.490836387870788,4.803706413069889,7.732278579184217,3.13103559015967,3.689012296707605,7.278117827085,3.423375234019793,2.91354193603992,0.5193064745791065,1.374885426214466,3.863225382212778,3.34757834757831,4.081476376445425,1.793886475145553,-1.700141678473175,1.534548537515916,6.078824315297246,2.975440806045389,3.89084237884105,NA
Jordan,439,"Prices, Consumer Price Index, All items, Percentage change, Corresponding period previous year, Percent",PCPI_PC_CP_A_PT,Value,NA,NA,NA,NA,NA,NA,NA,NA,NA,NA,NA,NA,NA,NA,NA,NA,NA,NA,NA,NA,NA,NA,NA,NA,NA,NA,NA,NA,NA,NA,5.899999998999916,4.815864023652676,7.6576576576576,11.12970711213371,19.4277108435204,11.97982345530882,11.49999999999967,14.56651718938761,6.921521299524076,14.24649176307837,11.11111111111133,7.699999999999753,7.42804085422491,5.020167098314613,3.847472738376108,2.985074627147559,0,-0.1999999999999082,6.613226452905775,25.71271929824536,16.19213756152335,8.155495978552125,3.995835605571898,3.316666666667064,3.516696241328858,2.353124513012733,6.501218026795858,3.037884203002503,3.091666666667033,0.6062565677794267,0.6668809255979599,1.772204373510166,1.832993890020495,1.629999999999981,3.361868214766011,3.493685346195308,6.251724666564432,4.743906390216475,13.97123100127292,-0.7390697431447768,4.845518758521161,4.1624416292779,4.515229566709903,4.824623142695372,2.89947905006057,-0.876851359704049,-0.7784304630541418,3.323894475760973,4.462311084754812,0.7615140472656008,0.3332943506283782,1.346093772431178,4.229155688971175,2.084869863271339,1.556596112839526,1.766464908942058
Poland,964,"Prices, Consumer Price Index, All items, Index",PCPI_IX,Value,NA,NA,NA,NA,NA,NA,NA,NA,NA,NA,NA,NA,NA,NA,NA,NA,NA,NA,NA,NA,NA,NA,NA,NA,NA,NA,NA,NA,NA,NA,0.02104034403858341,0.02127178782279745,0.02125074747896926,0.02177675607993381,0.02331270119454002,0.02383870979550457,0.02489072699743377,0.02611106695167161,0.0282263938945918,0.03020951290357954,0.03313461344183644,0.03947233127472633,0.08034937184748563,0.1008663905946379,0.116400822831708,0.1298116651299873,0.151295454394021,0.1912057244498994,0.3034833123420869,1.045654584127916,6.98370529558457,12.34506087721873,18.0359564324483,24.70279741821917,32.85256564471177,42.03531392107968,50.35619040633713,57.86588895408542,64.57709109578995,69.1969832771014,76.04760598503745,80.16051562270798,81.6877996186006,82.24548335044747,85.02755757664664,86.88438829397099,88.00058676837322,90.16429514449179,93.91961273287372,97.48423059997069,100,104.2394014962594,107.9507114566525,109.0215637377146,109.080240575033,108.126741968608,107.4079507114568,109.6376705295585,111.6253483937216,114.1117793750917,117.9624468241162,123.9254804166056,141.8072465894089,158.1560803872672,164.141117793751,170.4122047821623
Seychelles,718,"Prices, Consumer Price Index, All items, Index",PCPI_IX,Value,NA,NA,NA,NA,NA,NA,NA,NA,NA,NA,NA,NA,NA,NA,NA,NA,NA,NA,NA,NA,NA,NA,NA,NA,NA,NA,NA,NA,NA,NA,6.12687109895192,7.02135095444405,8.49169170584488,10.0405589430465,12.4929320685729,14.8180381308507,17.0212927497258,19.5675366169081,21.8732286163709,24.6030445620776,27.9420567217123,30.8974294935249,30.615445130481,32.4684852304838,33.7978400848336,34.0798244478775,34.16039140874721,35.04662797831371,35.6911636652712,36.255132391359,37.6650542065786,38.41336654180861,39.660553767192,40.2093161463607,40.9077409925754,40.8079660145447,40.35897861340671,40.60841605848341,41.6560533278054,44.3000902456182,47.0771604674719,49.8874890153359,49.9747921211127,51.6252365493699,53.6165788192322,54.10298183713171,53.9117464625729,56.78017499195952,77.76882943297328,102.4638863162248,99.99999999999997,102.5592677223095,109.8516117658713,114.6180056232961,116.2064215409452,120.9034201486727,119.6756677800571,123.0945571777847,127.6526481739833,129.9594515303161,131.5224279000418,144.3709845750855,148.162219077859,146.6282943135185,147.0853729049129,147.5230837593838
Chile,228,"Prices, Consumer Price Index, All items, Percentage change, Corresponding period previous year, Percent",PCPI_PC_CP_A_PT,Value,NA,NA,NA,NA,NA,NA,NA,NA,NA,NA,NA,NA,NA,NA,NA,NA,NA,NA,NA,NA,NA,NA,NA,NA,NA,NA,NA,NA,NA,NA,NA,20.0522312040536,77.79574047552038,352.8109865730291,504.738541215978,374.7352742326348,211.924302225904,91.95413255651042,40.08722463138544,33.38921901022518,35.13834053304855,19.68683270843192,9.941026930418323,27.25719467262044,19.8602056602626,30.70349890961506,19.4768379232582,19.88084572019051,14.68435125008199,17.027936730896158,26.0364811362364,21.78441242777575,15.42580646889275,12.72776694909637,11.44311964449727,8.232630341161142,7.359117817887671,6.133864643579274,5.110249545175593,3.336879175260233,3.843272957065652,3.569100530014667,2.489398166507051,2.810178757436101,1.054738714035168,3.052576213878492,3.392017336994053,4.407799383980443,8.716268730396072,0.3530451783609367,1.410711079543209,3.341216942593021,3.007448402130474,1.789555539845903,4.718675278546717,4.348773532170441,3.786193558931184,2.182718468685193,2.434889813530572,2.557544757033266,3.045490848043265,4.524568382591437,11.64386671105596,7.581682514079624,4.29763891572524,4.212936016942926
Papua New Guinea,853,"Prices, Consumer Price Index, All items, Index",PCPI_IX,Value,NA,NA,NA,NA,NA,NA,NA,NA,NA,NA,NA,NA,NA,NA,NA,NA,NA,NA,NA,NA,NA,NA,NA,NA,NA,NA,NA,NA,NA,NA,NA,5.5047043203062,5.83911510773811,6.32628144010019,7.79190896535785,8.60935755693913,9.26854589928368,9.68827960374936,10.2501998206699,10.84118487649871,12.1491026230048,13.1276188630804,13.8542398333616,14.9490154284884,16.0583234432146,16.6541526388452,17.5624288516967,18.1485697677235,19.1367742873059,19.9941870322378,21.3844551553758,22.87402814445219,23.8598105941337,25.046624845593,25.7611354663696,30.2128999442924,33.7249013006515,35.061883885969,39.8212512413108,45.767432848112,52.90527284617431,57.8244968149781,64.6474677259186,74.1565141569986,75.7575023615182,77.1065952963403,78.932836001647,79.6521907622254,88.2238961416427,94.3275122920047,99.99999999999999,104.4408340102897,109.1795288383428,114.5951800704035,120.5794746818305,127.8093690766315,136.339019767127,143.7313836988898,150.0188975766948,155.9126493647649,163.5082053442145,170.8392431178119,179.8138372441051,183.9472177643396,185.0553230169209,NA
Poland,964,"Prices, Consumer Price Index, All items, Percentage change, Corresponding period previous year, Percent",PCPI_PC_CP_A_PT,Value,NA,NA,NA,NA,NA,NA,NA,NA,NA,NA,NA,NA,NA,NA,NA,NA,NA,NA,NA,NA,NA,NA,NA,NA,NA,NA,NA,NA,NA,NA,NA,1.099999999000123,-0.09891196736007583,2.475247524752308,7.053140095652293,2.256317689550898,4.41306266552893,4.902789518215586,8.10126582278465,7.025761124121871,9.682713347921288,19.12718204488771,103.55871886121,25.53475935828901,15.40099942655816,11.52126073684948,16.54996817313825,26.37902785363233,58.72082973206536,244.5509329848267,567.8788006661908,76.7694992087347,46.09856210374311,36.9641666120718,32.9912766093522,27.951388563304022,19.79496691967069,14.91315861495993,11.59785542572351,7.154072911798623,9.900175388430643,5.408335455661477,1.905282150480553,0.6827013757876806,3.382646818846914,2.183798723902579,1.284693943664082,2.458743123854023,4.164971935247636,3.795392424834055,2.580693702505425,4.2394014962594,3.560371517027829,0.9919826063324276,0.05382131323998016,-0.8741258741257699,-0.6647673314339609,2.075935536738496,1.812951565426793,2.227478809383004,3.374469726185887,5.055027047192717,14.42945075757576,11.52891279611048,3.784260075128697,3.820546047633926
Solomon Islands,813,"Prices, Consumer Price Index, All items, Index",PCPI_IX,Value,NA,NA,NA,NA,NA,NA,NA,NA,NA,NA,NA,NA,NA,NA,NA,NA,NA,NA,NA,NA,NA,NA,NA,NA,NA,NA,NA,NA,NA,NA,NA,2.459637168544721,2.62879984944583,2.71367589839084,3.2252898601227,3.55005863076714,3.70112495548063,4.020042752098011,4.27181995995384,4.6159154773568,5.22018077621078,6.07622328292058,6.86512520086884,7.29314645422374,8.09883351936238,8.87374781465195,10.0780821255623,11.1859018401279,13.0581451329892,15.008019731606,16.3193593558551,18.7754442807064,20.7940224050411,22.7005561048534,25.7097492206017,28.18539745767129,31.50404660305331,34.05083415728,38.2729686369045,41.3426017165095,44.6043518575463,47.6935767050965,52.90631016978819,57.2813781749542,61.2829647650451,65.7754126435205,73.1554054054054,78.7635135135135,92.4054054054054,98.95945945945951,100,107.34270706018,113.688814368881,119.818192049045,126.007882882883,125.284006297329,125.9260688216165,126.541452847665,130.9216534124791,133.0620331855913,137.0053929646254,136.847236823755,144.3986442756928,152.8977448329609,159.5057399391144,NA
Seychelles,718,"Prices, Consumer Price Index, All items, Percentage change, Corresponding period previous year, Percent",PCPI_PC_CP_A_PT,Value,NA,NA,NA,NA,NA,NA,NA,NA,NA,NA,NA,NA,NA,NA,NA,NA,NA,NA,NA,NA,NA,NA,NA,NA,NA,NA,NA,NA,NA,NA,NA,14.59929286981641,20.94099498715702,18.23979591882176,24.42466738592047,18.61137201031305,14.86873363004777,14.95916852275112,11.7832512318923,12.480169222314,13.57154051080879,10.57679039609184,-0.9126466753585271,6.052631578947377,4.094292803970122,0.8343265792610141,0.236406619385411,2.594339622641348,1.839080459770105,1.580135440180568,3.888888888889119,1.986754966887342,3.24675324675323,1.383647798742153,1.736972704714635,-0.2439024390244594,-1.100244498777427,0.6180469715698906,2.5798525798524228,6.347305389221562,6.268768768768784,5.969622041681559,0.1749999999999242,3.302553864070886,3.857303913673989,0.9071877180739437,-0.3534654986937563,5.320600272851421,36.96475828752887,31.75444077441784,-2.404638751082275,2.559267722309531,7.110370623264027,4.338938483290987,1.38583454581263,4.041944107256171,-1.015481916976257,2.856795755684371,3.702918391115683,1.807094008099823,1.202664639871229,9.769099369735416,2.6260363285129,-1.035300884319521,0.3117260509196685,0.2975896554675558
Hungary,944,"Prices, Consumer Price Index, All items, Index",PCPI_IX,Value,NA,NA,NA,NA,NA,NA,NA,NA,NA,NA,NA,NA,NA,NA,NA,NA,NA,NA,NA,NA,NA,NA,NA,NA,NA,NA,NA,NA,NA,NA,NA,NA,2.235644858476205,2.311388017608917,2.352924588729114,2.443327714176576,2.571074619656427,2.671575244796081,2.796795790154093,3.047847712781946,3.330866506355203,3.486131982136723,3.724437169357609,3.995572311920301,4.333911576777737,4.634786671246993,4.880043902439024,5.303354242528339,6.137229749227068,7.189712607351422,9.229405290278253,12.44285743730677,15.38630504981105,18.84272071453108,22.39797938852627,28.73783236001372,35.48232291308826,41.97738852627963,47.91877980075573,52.7095767777396,57.87701820680177,63.15355547921674,66.4788732394366,69.57746478873236,74.27001030573683,76.91514943318442,79.93816557883885,86.30024046719338,91.51494331844724,95.36928890415662,100,103.9299209893507,109.8041909996564,111.7073170731706,111.4531088972862,111.3844039848849,111.8241154242528,114.450017176228,117.7121264170388,121.6420474063895,125.6887667468224,132.112676056338,151.4118859498454,177.3411198900721,183.9093095156303,192.0233596702164
Kuwait,443,"Prices, Consumer Price Index, All items, Index",PCPI_IX,Value,NA,NA,NA,NA,NA,NA,NA,NA,NA,NA,NA,NA,NA,NA,NA,NA,NA,NA,NA,NA,NA,NA,NA,NA,NA,NA,NA,NA,NA,NA,NA,NA,20.0610574734572,21.7194382244626,24.5413603090623,26.6009622096538,27.9935339493365,30.7619598806235,33.4350957890118,35.7922700418864,38.2720396463218,41.09451898251059,44.2903568882881,46.3800503751571,46.9261569397109,47.6255076931861,48.079667744599,48.3945148966123,49.1050106821288,50.7461166337726,55.7363046802826,60.7850041444234,60.4534394445156,60.6846988570564,62.2227132633509,63.8944680528015,66.1652683084719,66.6166421016236,66.7030160990785,68.6979768144897,69.94343413263041,70.8526987763546,71.48218968354819,72.16938392390131,73.070465185832,76.0977569019605,78.4240755212118,82.7255967203686,91.4802065404475,95.697074010327,100,104.8394034987095,108.2520791511327,111.1557212503584,114.3891597361629,118.1316317751649,121.9099512474907,124.5576317808031,125.234145567617,126.6015121145745,129.2623335032482,133.6877968545496,139.0094396318971,144.0723914409015,148.2484027870145,NA
Papua New Guinea,853,"Prices, Consumer Price Index, All items, Percentage change, Corresponding period previous year, Percent",PCPI_PC_CP_A_PT,Value,NA,NA,NA,NA,NA,NA,NA,NA,NA,NA,NA,NA,NA,NA,NA,NA,NA,NA,NA,NA,NA,NA,NA,NA,NA,NA,NA,NA,NA,NA,NA,NA,6.074999999515112,8.343153429472174,23.16728301032476,10.49099258237725,7.656649616245118,4.528582034622272,5.799999998999586,5.76559546319348,12.06434316364594,8.054226476141055,5.535055350553483,7.90209790139863,7.420609203547862,3.710407239819086,5.453752181500841,3.337470693697205,5.445082076604636,4.480445513226606,6.953361599030704,6.965681277607528,4.309614570097481,4.974114303116457,2.852722173871341,17.28093268145904,11.62417829084481,3.964378052284091,13.57419176568089,14.9321817407701,15.59589331075352,9.298173327839683,11.79944709726063,14.70907796635569,2.158931312669455,1.780804399258265,2.368462384168295,0.9113504556752402,10.76141823268266,6.918325326012237,6.013608935678564,4.44083401028971,4.537205081669719,4.960317460317502,5.222117202268408,5.995957781271074,6.673728813559295,5.422045680238336,4.374489214531625,3.928672909395973,4.871673985655547,4.483590140423982,5.253239222152406,2.298699912967908,0.6024039211079167,NA
Solomon Islands,813,"Prices, Consumer Price Index, All items, Percentage change, Corresponding period previous year, Percent",PCPI_PC_CP_A_PT,Value,NA,NA,NA,NA,NA,NA,NA,NA,NA,NA,NA,NA,NA,NA,NA,NA,NA,NA,NA,NA,NA,NA,NA,NA,NA,NA,NA,NA,NA,NA,NA,NA,6.877546130155306,3.228699551352397,18.85317115559886,10.06944444466411,4.25531914893602,8.61678004535154,6.263048016701553,8.055009823182674,13.09090909090907,16.39871382636644,12.98342541436477,6.234718826405821,11.04718066743382,9.568221070811427,13.57187894073128,10.99236641221347,16.73752657246537,14.9322478710301,8.737592618481814,15.05013077593698,10.75116036752848,9.168662333219851,13.25603259166383,9.629219701162262,11.77435638566372,8.084001354860426,12.39950381280694,8.020368392968408,7.88956186986721,6.92583732057426,10.92963418726921,8.26946349334406,6.985842026825674,7.330663416332994,11.2199870214146,7.666020134848055,17.32006519687743,7.092717168762857,1.051481633210381,7.34270706018,5.912006024911552,5.3913638858756,5.165902379251711,-0.5744692863594901,0.5124856262687925,0.4886867602610835,3.461474849737293,1.63485544012247,2.963549920760649,-0.1154378944128394,5.518129285769377,5.885858970421641,4.321839483880329,NA
Hungary,944,"Prices, Consumer Price Index, All items, Percentage change, Corresponding period previous year, Percent",PCPI_PC_CP_A_PT,Value,NA,NA,NA,NA,NA,NA,NA,NA,NA,NA,NA,NA,NA,NA,NA,NA,NA,NA,NA,NA,NA,NA,NA,NA,NA,NA,NA,NA,NA,NA,NA,NA,NA,3.387978141767018,1.797040168234744,3.842159917938189,5.228398333086599,3.908895695648223,4.687142748531119,8.976412347003032,9.285857439213373,4.661413943947549,6.835805082595404,7.279895732794907,8.467854876460182,6.942345018791468,5.291661700710906,8.674314177332429,15.7235490703556,17.14915199739598,28.36959965327767,34.81754290727044,23.65572078065521,22.46423461338092,18.86807498692827,28.30546837066536,23.46903019191848,18.30507441437988,14.15378965453398,9.997744093033676,9.803610169081253,9.116809116809106,5.265448215839854,4.661016949152537,6.744346795694687,3.561517113783518,3.930326038410014,7.958745165449096,6.042512538810601,4.211711711711715,4.85555795691956,3.9299209893507,5.652145170886461,1.73319984983101,-0.2275662709882186,-0.06164468006416725,0.3947693066863919,2.348242811501539,2.850247925946455,3.338586353820081,3.326743857667376,5.110965343828553,14.60814394924334,17.12496596787366,3.703703703703689,4.411984459055616
Kuwait,443,"Prices, Consumer Price Index, All items, Percentage change, Corresponding period previous year, Percent",PCPI_PC_CP_A_PT,Value,NA,NA,NA,NA,NA,NA,NA,NA,NA,NA,NA,NA,NA,NA,NA,NA,NA,NA,NA,NA,NA,NA,NA,NA,NA,NA,NA,NA,NA,NA,NA,NA,NA,8.26666666600006,12.99261083751867,8.392370572184452,5.23504273532376,9.889519259331019,8.6897451227484,7.049999999250094,6.928226685631884,7.374781595838071,7.776798426908528,4.718168092751556,1.177460050466688,1.490321814278765,0.9536067401920375,0.6548446917016563,1.468132880419132,3.342033590557921,9.83363531543402,9.058188362327579,-0.54547121378821,0.3825413651659155,2.534435261707919,2.686727565824844,3.553985696842866,0.6821914347076039,0.1296582876740268,2.990810359231657,1.81294613887089,1.299999999999992,0.8884501480749066,0.9613502935421122,1.248564436798894,4.142975836310232,3.057013391667222,5.484949832775961,10.58270978651442,4.609595484477873,4.496402877697866,4.8394034987095,3.255146002872105,2.682296840850394,2.908926728586248,3.271701660921334,3.198397766583738,2.171832985100056,0.5431331481995668,1.09184802655856,2.101729548274,3.423629476091884,3.980649619903132,3.642164030307087,2.898550724637621,NA
Lesotho,666,"Prices, Consumer Price Index, All items, Index",PCPI_IX,Value,NA,NA,NA,NA,NA,NA,NA,NA,NA,NA,NA,NA,NA,NA,NA,NA,NA,NA,NA,NA,NA,NA,NA,NA,NA,NA,NA,NA,NA,NA,NA,NA,NA,5.729150550242557,6.498164947808057,7.421680230623676,8.268683346099584,9.64858699543634,10.94956184649298,12.70188071392028,14.76909168265027,16.60241763554674,18.61793747196087,21.87465313983909,24.27733497872825,27.51127641116663,32.46467261930301,36.27935705545401,40.43565502320065,46.39111759068415,51.78861138989487,60.9438540366573,71.43138945664253,80.814374457802,87.45306408847681,95.56069190501259,104.476805079658,NA,NA,65.34307054029,69.34989154307893,62.68109949345448,83.87519536287745,89.43541925937062,93.92813661120232,97.15727720783126,103.0573654438178,111.314771604833,123.2428908844566,102.4645202352395,100,105.0366305210156,111.3928556462486,116.8122506253269,123.0854067839663,127.0468430724191,135.4274943098359,141.4509021261574,148.1723703598973,155.8581950706831,163.6169668336237,173.5121052689249,187.8646863585434,199.7794732439372,211.9769015862962,NA
Botswana,616,"Prices, Consumer Price Index, All items, Index",PCPI_IX,Value,NA,NA,NA,NA,NA,NA,NA,NA,NA,NA,NA,NA,NA,NA,NA,NA,NA,NA,NA,NA,NA,NA,NA,NA,NA,NA,NA,NA,NA,NA,NA,NA,NA,NA,3.03857705919775,3.40243921825504,3.80162780053741,4.302253683746111,4.69134900225421,5.24193654113544,5.956539616363659,6.93508153925869,7.70745588619922,8.51497712352899,9.24534665027727,9.99371824283448,10.9932615154108,12.0708137397458,13.0789294245651,14.5928174342512,16.25586541771169,18.1683705986913,21.1057623358172,24.13038762885099,26.67443533206371,29.4785976383479,32.4508827978371,35.2805774747962,37.63075738876329,40.5468762381222,44.034509775931,46.92274985999959,50.6919589272398,55.3505006072386,59.1949823407624,64.29180367799292,71.7208622579467,76.79941541834128,86.55462184873952,93.50261843867959,99.99999999999997,108.4598723340858,116.6343872838331,123.4978626846514,128.9345511637767,132.8825679872562,136.6231563506342,141.1430339563826,145.7132673993513,149.7536987588671,152.584581533137,163.6331969882762,182.7219380006646,191.981583240697,197.3922987199027,202.6426385358529
Lesotho,666,"Prices, Consumer Price Index, All items, Percentage change, Corresponding period previous year, Percent",PCPI_PC_CP_A_PT,Value,NA,NA,NA,NA,NA,NA,NA,NA,NA,NA,NA,NA,NA,NA,NA,NA,NA,NA,NA,NA,NA,NA,NA,NA,NA,NA,NA,NA,NA,NA,NA,NA,NA,NA,13.42283451659238,14.21193968194262,11.41255199841357,16.68831168855524,13.48357901184893,16.00355239774775,16.27484161825332,12.41326137239799,12.13991769547337,17.49235474006143,10.98386257157737,13.32082551594709,18.00496688741723,11.75026306559101,11.45637162586322,14.72824556462966,11.63475699558184,17.67810026385227,17.20852017937208,13.13566076837237,8.214738621953021,9.27083333333323,9.33031458531928,NA,NA,NA,6.131975387226955,-9.61615353858472,33.81257833812596,6.62916357146762,5.023420686162853,3.437884230574427,6.072718797342934,8.01243669043409,10.71566613096811,-16.85969105406442,-2.405242545987059,5.0366305210156,6.051436621399669,4.865118994963848,5.370289610085872,3.218445136559305,6.596504906965434,4.447699373763005,4.751803016247396,5.187083591979818,4.978096762523092,6.047745919506756,8.27180389943028,6.342217431249531,6.105446242450317,NA
St. Vincent and the Grenadines,364,"Prices, Consumer Price Index, All items, Index",PCPI_IX,Value,NA,NA,NA,NA,NA,NA,NA,NA,NA,NA,NA,NA,NA,NA,NA,NA,NA,NA,NA,NA,NA,NA,NA,NA,NA,NA,NA,NA,NA,NA,NA,NA,NA,NA,19.62398184999634,20.95796259813401,23.32390335283783,25.69988914329623,27.86626852103064,32.21576900272362,37.75928940112856,42.56818285132078,45.6451203473235,48.13660811433821,49.43723791018763,50.49503912523043,51.01396047592451,52.70045486568019,52.82020594660957,54.31709445822712,58.44850675029143,61.65850100298244,63.79406194622335,66.53170471302599,67.20297605001366,68.37121437285796,71.3849499095812,71.70162499026146,73.23776524507237,73.9800669401742,74.10411644823306,74.77168966963336,76.15908135519267,76.31595513239294,78.57493752407699,81.50847715772225,83.74235974505427,89.80208001074676,98.84177454813575,99.25843130037968,100,103.1860311155246,105.8672624958624,106.7196292618339,106.9265143992056,105.0728235683548,104.9155908639523,107.1747765640516,109.6656736180072,110.6669976828865,109.9718636213175,111.7014233697451,118.0238331678252,123.4111221449851,127.8881165177094,NA
Botswana,616,"Prices, Consumer Price Index, All items, Percentage change, Corresponding period previous year, Percent",PCPI_PC_CP_A_PT,Value,NA,NA,NA,NA,NA,NA,NA,NA,NA,NA,NA,NA,NA,NA,NA,NA,NA,NA,NA,NA,NA,NA,NA,NA,NA,NA,NA,NA,NA,NA,NA,NA,NA,NA,NA,11.97475502409531,11.73242361364198,13.16872428010788,9.0439882701036165,11.7362306367885,13.63242514708946,16.42802677257119,11.13720642746893,10.47714381052375,8.57746904251906,8.09457579975941,10.00171556060223,9.801933873986748,8.351679568212193,11.57501474732852,11.39634611995559,11.76501608395347,16.16761239633391,14.33080333658878,10.54292099382184,10.51254608157901,10.08285806521079,8.719931271477469,6.661398656657521,7.749296192028481,8.601485148514906,6.559037670148618,8.032796625274859,9.18990265632739,6.945703636546746,8.610225285464399,11.5552187914379,7.080998471726926,12.70218839200757,8.027297031095818,6.948876587431035,8.4598723340858335,7.53690261091916,5.884607070568166,4.402253092434274,3.062031695805576,2.814957913619439,3.30828076768219,3.238015589477153,2.772864428633207,1.8903591682421,7.240977655884423,11.66556747880202,5.067615493438298,2.818351316762511,2.659850384234275
Tonga,866,"Prices, Consumer Price Index, All items, Index",PCPI_IX,Value,NA,NA,NA,NA,NA,NA,NA,NA,NA,NA,NA,NA,NA,NA,NA,NA,NA,NA,NA,NA,NA,NA,NA,NA,NA,NA,NA,NA,NA,NA,NA,NA,NA,NA,NA,6.877294957849716,7.366241458307376,8.658128351230356,9.487956197204833,10.00600007885735,12.24668259150082,14.07134621731415,15.59638048107691,17.12693956405371,17.14517146746069,20.01955946398048,24.35857373310808,25.50001352355422,28.03064083215143,29.17250925188425,32.00512018059502,35.39620649457252,38.20559636796359,38.57271564760838,38.96343876803902,39.53230743011655,40.71641082295186,41.58152515774836,42.9430895548233,44.86022138170882,47.69881268156689,51.65317933042251,57.00396357818464,63.63843940016742,70.62174332538844,76.74160623623327,81.46053667351126,86.2196638582594,95.2270213751291,96.58577738635829,100,106.2707530299569,107.4902508746001,108.3239767790698,111.0438578744784,109.8734574783371,112.7061656834906,121.178358977414,127.2761714470398,128.7774490612099,128.3270657769589,135.5653685595649,150.4387403513792,159.9933000244193,165.086920501068,NA
St. Vincent and the Grenadines,364,"Prices, Consumer Price Index, All items, Percentage change, Corresponding period previous year, Percent",PCPI_PC_CP_A_PT,Value,NA,NA,NA,NA,NA,NA,NA,NA,NA,NA,NA,NA,NA,NA,NA,NA,NA,NA,NA,NA,NA,NA,NA,NA,NA,NA,NA,NA,NA,NA,NA,NA,NA,NA,NA,6.797706797399626,11.28898261758741,10.18691320451434,8.429528102845946,15.60847832357037,17.20747500373582,12.73565664625164,7.22825662243943,5.458387989902197,2.701955635843831,2.139685103290968,1.027667984189748,3.305946791862206,0.2272296913462977,2.833931607783957,7.606099577438916,5.492003870013334,3.463530427276544,4.291375534466512,1.008949552522505,1.738372898805666,4.407901138464544,0.4436160298233483,2.142406472683902,1.013550444388749,0.1676796374882787,0.9008584858664996,1.855503990466547,0.2059817088242544,2.960039467192865,3.733429164670202,2.740675160706726,7.23614701584807,10.06624182458489,0.4215391256872154,0.747109026311474,3.1860311155246,2.598444141471008,0.8051278042679275,0.1938585607940153,-1.733611949539591,-0.1496416476332843,2.153336488405107,2.324144853679213,0.9130697253245903,-0.6281313093546544,1.572729325005577,5.660097792265516,4.564577198148944,3.62770736940927,NA
Grenada,328,"Prices, Consumer Price Index, All items, Index",PCPI_IX,Value,NA,NA,NA,NA,NA,NA,NA,NA,NA,NA,NA,NA,NA,NA,NA,NA,NA,NA,NA,NA,NA,NA,NA,NA,NA,NA,NA,NA,NA,NA,NA,NA,NA,NA,NA,NA,17.30795835264867,20.50246806372757,24.22066789137677,29.27864160058506,35.66766102274277,42.3687124726902,45.67887041784514,48.46315620427716,51.20598318981415,52.48684193325912,52.77923558167764,52.31882468752602,54.41157767502713,57.45478931101836,59.01999414958653,60.58083908609804,62.86978766617733,64.63554799938133,67.07273324940842,68.32620509088017,69.7148338961285,70.58245440552979,71.5548641535995,71.96804171604025,73.53825353529932,75.84808496942392,76.65754747344712,78.30946250402323,80.12069520437726,82.90553588670748,86.43064048921794,89.76585130350827,96.97698744769878,96.6776633408433,100,103.0334728033474,105.5173801094304,105.47095268748,104.433537174123,103.8952365626007,105.6099130994529,106.5693350740265,107.4262615626007,108.0688314934021,107.2683304312843,108.5764805278404,111.3783392339878,114.381235918893,115.6235918892823,NA
Tonga,866,"Prices, Consumer Price Index, All items, Percentage change, Corresponding period previous year, Percent",PCPI_PC_CP_A_PT,Value,NA,NA,NA,NA,NA,NA,NA,NA,NA,NA,NA,NA,NA,NA,NA,NA,NA,NA,NA,NA,NA,NA,NA,NA,NA,NA,NA,NA,NA,NA,NA,NA,NA,NA,NA,NA,7.109575835475524,17.53793844846122,9.584379121112878,5.460015527950409,22.39338891649647,14.8992481203003,10.83787038006552,9.81355311787775,0.1064516129037169,16.76500000000003,21.6738748768894,4.685987787924953,9.92402339810402,4.073643647929324,9.709863845626552,10.59544939947935,7.936980121928738,0.9609044604591732,1.012952066948561,1.460006303509746,2.995280239911407,2.12473132408035,3.274445542604692,4.464354676758908,6.327635514111549,8.2902831885033,10.3590607918507,11.63862195807343,10.97340536795541,8.665692211317511,6.149116064565709,5.842248749013802,10.44698751282229,1.426859720705349,3.534912391898326,6.2707530299569,1.147538537060552,0.7756293223674195,2.5108763325370562,-1.053998319712825,2.578155152450721,7.517062835511245,5.032096919848823,1.179543348218004,-0.3497376967274184,5.640511406367429,10.97136529030216,6.35112980255189,3.183646112600513,NA
Vanuatu,846,"Prices, Consumer Price Index, All items, Index",PCPI_IX,Value,NA,NA,NA,NA,NA,NA,NA,NA,NA,NA,NA,NA,NA,NA,NA,NA,NA,NA,NA,NA,NA,NA,NA,NA,NA,NA,NA,NA,NA,NA,NA,NA,NA,NA,NA,NA,19.5740988999552,20.69696893894137,22.02442970537007,22.94270901691392,25.52150376746702,32.37291417484076,34.53301162272109,35.10396249000225,37.0404375148641,37.43534519806691,39.21956665832048,45.5101478740061,49.49694167078922,53.33198899087831,55.87029369194436,59.48461886411459,61.89876735697641,64.10598883616439,65.58206820037125,67.04435243033323,67.65200517139371,69.5670319917053,71.8503332005384,73.28660331577213,75.14638897780554,77.83479201401225,79.36313072637634,81.75691425176588,82.91697857560851,83.91131942461647,85.6237953312413,88.99350598621272,93.30231633191391,97.31157819189225,100,100.8737931047811,102.2329702535595,103.7244815270714,104.5530989012448,107.1494333403211,108.0517055921987,111.384588808318,113.9809232473943,117.1296692692529,123.3719201546918,126.2628741045853,134.6963576017269,149.7587800922549,NA,NA
Brunei Darussalam,516,"Prices, Consumer Price Index, All items, Index",PCPI_IX,Value,NA,NA,NA,NA,NA,NA,NA,NA,NA,NA,NA,NA,NA,NA,NA,NA,NA,NA,NA,NA,NA,NA,NA,NA,NA,NA,NA,NA,NA,NA,NA,NA,NA,NA,NA,NA,NA,49.3979184996874,NA,NA,58.3883396666305,63.7233148645967,67.7739441815711,68.5643108775661,70.6719554002196,72.3350186563754,73.6234810305759,74.5414590160282,75.4306215490226,76.4144634258082,78.048711229506,79.2974906091781,80.3121238551617,83.7267549714526,85.7885417597654,90.9072364045671,92.7218689406532,94.3088594023198,93.8925996090957,93.5023560529482,94.9592653292323,95.5251184856463,93.3137383341436,93.593679549146,94.3557417455415,95.5299396195795,95.6826806042815,96.6086728240376,98.6229445597957,99.6443998949906,99.99999999999996,100.1379115631695,100.249831963168,100.6400093749166,100.4315751278975,99.94112012114832,99.66259094965248,98.4063383634936,99.41505429921791,99.02681657210658,100.9482536658205,102.6981047110301,106.4797059860515,106.8599070151571,106.4445701638072,NA
Grenada,328,"Prices, Consumer Price Index, All items, Percentage change, Corresponding period previous year, Percent",PCPI_PC_CP_A_PT,Value,NA,NA,NA,NA,NA,NA,NA,NA,NA,NA,NA,NA,NA,NA,NA,NA,NA,NA,NA,NA,NA,NA,NA,NA,NA,NA,NA,NA,NA,NA,NA,NA,NA,NA,NA,NA,NA,18.45688350983372,18.13537675606647,20.88288288288313,21.82143389476799,18.78747094090257,7.812741412164894,6.095347281933436,5.659612787032883,2.501384923509793,0.5570799035505318,-0.8723333884575093,4.000000000000132,5.592948717948956,2.724237365305252,2.644603678806777,3.778337531486177,2.808599167822453,3.770657672849649,1.868824752989779,2.032351721277825,1.244527829893434,1.377693303894964,0.5774276386771193,2.18181818181821,3.140993052025434,1.067215479928745,2.154928099086793,2.312916782261104,3.475806937554001,4.251953219779671,3.858829224696526,8.033273276503401,-0.3086547795856416,3.436509059433511,3.0334728033474,2.410777040218625,-0.04399978648280583,-0.9836030555549795,-0.5154480314353295,1.650389944315728,0.9084582558742492,0.8041023132770334,0.5981497647360223,-0.7407325970454977,1.219511939168379,2.580539259079196,2.696122698145644,1.086153651347365,NA
Vanuatu,846,"Prices, Consumer Price Index, All items, Percentage change, Corresponding period previous year, Percent",PCPI_PC_CP_A_PT,Value,NA,NA,NA,NA,NA,NA,NA,NA,NA,NA,NA,NA,NA,NA,NA,NA,NA,NA,NA,NA,NA,NA,NA,NA,NA,NA,NA,NA,NA,NA,NA,NA,NA,NA,NA,NA,NA,5.736509479824586,6.413793103448501,4.16936703391667,11.2401493156364,26.84563758389279,6.672545561434478,1.653348029760316,5.516400108430397,1.066152858060426,4.76614133197763,16.03939500527619,8.760230372840088,7.74804905239702,4.759441282979698,6.46913580246914,4.058441558441603,3.565856919991156,2.302560791908685,2.229701304164866,0.9063444108762194,2.830702231899785,3.282159872948633,1.998974884674519,2.537688442211065,3.577554520950739,1.963567541991954,3.016241299303942,1.418918918918926,1.19920053297801,2.040816326530617,3.93548387096774,4.841713221601495,4.297065729553574,2.762694694773476,0.8737931047811,1.34740362877658,1.458933717579207,0.7988638380970228,2.48326875660439,0.8420690840350609,3.08452624403546,2.330963795668661,2.76252019386111,5.32935073101715,2.343283582089533,6.679305818871213,11.18250170881747,NA,NA
Djibouti,611,"Prices, Consumer Price Index, All items, Index",PCPI_IX,Value,NA,NA,NA,NA,NA,NA,NA,NA,NA,NA,NA,NA,NA,NA,NA,NA,NA,NA,NA,NA,NA,NA,NA,NA,NA,NA,NA,NA,NA,NA,NA,NA,NA,NA,NA,NA,NA,NA,NA,82.3856856499113,92.3197710456843,97.5980319580977,95.24522225909891,96.1041845301619,97.9154745364093,100,118.147633450986,122.978827761477,NA,NA,NA,NA,NA,NA,NA,NA,NA,NA,NA,NA,70.0722694952796,71.2961883669429,71.7507868049893,73.1728639701599,75.4575125305984,77.8004429420683,80.5105490150371,84.5086839958037,94.6147569646812,96.2000233127406,100,105.0687139477798,108.9890477920797,95.29659107901702,96.57534262696315,96.07105851979358,98.37919361355215,98.94712265422108,99.08449727722908,102.3717562986315,104.1929553266654,105.4233364269765,110.8760642528725,112.482714826873,114.8583628939548,NA
St. Kitts and Nevis,361,"Prices, Consumer Price Index, All items, Index",PCPI_IX,Value,NA,NA,NA,NA,NA,NA,NA,NA,NA,NA,NA,NA,NA,NA,NA,NA,NA,NA,NA,NA,NA,NA,NA,NA,NA,NA,NA,NA,NA,NA,NA,NA,NA,NA,NA,NA,NA,NA,NA,31.65460930697446,37.26907808952302,41.17352207023909,43.61396853289335,44.61339804823664,45.82460929112639,47.02500614809854,47.02186227545367,47.47468875679781,47.58507929296991,50.04521121652317,52.05251666999727,54.30313186462057,55.85535795905576,56.8578842548308,57.67792822784657,59.38334935441657,60.62242679430427,66.02096507650889,68.29628432354343,70.59311315937487,72.1100570323037,73.77107432635934,75.27680910436753,76.95957447932894,78.74084586780494,81.40056915169208,88.30943086574634,92.2664758661654,97.15687288850901,99.15630021157226,100,105.8351651957086,106.6988746349947,107.8800157485482,108.1474129728667,105.6579940286755,104.9320843859707,105.6612749762133,104.5654384986385,104.2208304816431,103.0043180304473,104.2359291971523,107.0171265461466,110.8238459267038,NA,NA
Qatar,453,"Prices, Consumer Price Index, All items, Index",PCPI_IX,Value,NA,NA,NA,NA,NA,NA,NA,NA,NA,NA,NA,NA,NA,NA,NA,NA,NA,NA,NA,NA,NA,NA,NA,NA,NA,NA,NA,NA,NA,NA,NA,NA,NA,NA,NA,NA,NA,NA,NA,31.1525353056995,33.27090770617561,36.1057884189943,38.1638183588769,39.21088622266671,39.6441556836946,40.4023772408546,40.7084558563156,41.8015937686764,43.7255164944313,45.1684585387476,46.523949550075,48.5790488253132,50.06571638612389,49.6284612211796,50.2843439685961,51.7710115294067,54.310138705849,56.9357568323404,58.6161524332949,59.8949829090213,60.88345090958269,61.77925003509161,61.9275202351758,63.3299092109724,67.6359229384182,73.5976205668046,82.3084948217525,93.6326313531848,107.724478286189,102.485537415603,99.99999999999999,101.138366235292,103.4800719155526,106.8141766203251,110.3921533723766,112.3947523007637,115.4031009131851,115.8588034248892,116.1551880662905,115.3808498139808,112.4498127443596,115.0411800608865,120.787803986413,124.4448347162533,126.0219777459746,NA
Aruba,314,"Prices, Consumer Price Index, All items, Index",PCPI_IX,Value,NA,NA,NA,NA,NA,NA,NA,NA,NA,NA,NA,NA,NA,NA,NA,NA,NA,NA,NA,NA,NA,NA,NA,NA,NA,NA,NA,NA,NA,NA,NA,NA,NA,NA,NA,NA,NA,NA,NA,NA,31.98245913814051,NA,NA,NA,39.85753701652687,41.46469576391306,41.91001266770813,43.4368134807205,44.79285367648797,46.5808177864629,49.29959467279195,52.03846104350273,54.05410597647049,56.87333028470828,60.46265149424587,62.49503766419891,64.51068259716655,66.4459695926078,67.6881693768789,69.23171142687565,72.03145659157516,74.10855877348055,76.56544038626126,79.36495241142123,81.37219481117633,84.13704848767328,87.17273371632184,91.87358252410228,100.1017686789653,97.96416676089686,99.99999999999997,104.316297421952,104.9708529722981,102.4808758541627,102.91277219904,103.4013645784572,102.4384952209171,101.3851388310483,105.0614059522266,109.534355432857,NA,NA,NA,NA,NA,NA
Belize,339,"Prices, Consumer Price Index, All items, Index",PCPI_IX,Value,NA,NA,NA,NA,NA,NA,NA,NA,NA,NA,NA,NA,NA,NA,NA,NA,NA,NA,NA,NA,NA,NA,NA,NA,NA,NA,NA,NA,NA,NA,NA,NA,NA,NA,NA,NA,NA,NA,NA,NA,43.5056855487787,48.388976783891,51.6983146457026,54.2812124892696,56.1174914249888,59.6176325864509,60.0944374171909,61.3034782379958,63.2277263049107,64.5729970773556,66.5483313761355,67.0553973858179,68.6625145846371,69.6736366781005,71.4637914172932,73.5288204566114,77.9148300197922,78.8101006874555,80.5401892743557,82.6514659669741,85.18674982130788,88.2972740234199,92.041313848626,94.1749076647235,100.196857152232,99.09037279402081,92.0413138478551,94.1749076637407,100.196857155967,99.0903727931812,100,101.602056156402,102.9234729357825,103.4481230428327,104.6909484256325,103.788947954679,104.4775120327062,105.6765517445323,105.9618600704544,106.160082270615,106.2889973892432,109.7281230824335,116.6156401726204,121.7348803951078,125.7394221556293,NA
Brazil,223,"Prices, Consumer Price Index, All items, Index",PCPI_IX,Value,NA,NA,NA,NA,NA,NA,NA,NA,NA,NA,NA,NA,NA,NA,NA,NA,NA,NA,NA,NA,NA,NA,NA,NA,NA,NA,NA,NA,NA,NA,NA,NA,NA,NA,NA,NA,NA,NA,NA,NA,3.572039958206293e-10,7.205700211777954e-10,1.44505532582099e-9,3.396280039225078e-9,9.921272112602185e-9,3.234232174463298e-8,7.993172803054522e-8,2.624447684957877e-7,1.913522885531538e-6,2.929074879495264e-5,8.927037503294394e-4,0.004756206512272551,0.05003348767393415,1.014369317748545,22.07154429343353,36.64031594114094,42.41397440202492,45.35186847558667,46.80089527359221,49.07469219953414,52.53158274257135,56.12493160361263,60.86758058064348,69.82419620030473,74.430627668128,79.54366733067458,82.87143084573388,85.88900587439682,90.76629372519164,95.20298174803096,100,106.6364496221309,112.3985492607838,119.3721044414506,126.9272128656112,138.3886145601025,150.4825942064079,155.6687862300178,161.3738141839057,167.3978602800606,172.774291252888,187.1174250582957,204.4821206157748,213.8751352877196,223.2160549900265,234.4142526699675
Bhutan,514,"Prices, Consumer Price Index, All items, Index",PCPI_IX,Value,NA,NA,NA,NA,NA,NA,NA,NA,NA,NA,NA,NA,NA,NA,NA,NA,NA,NA,NA,NA,NA,NA,NA,NA,NA,NA,NA,NA,NA,NA,NA,NA,NA,NA,NA,NA,NA,NA,NA,NA,10.86,11.943,13.119,15.488,16.578,16.89,18.573,19.749,21.743,23.65200000000001,26.02000000000001,29.214,33.881,37.675,40.31599999999999,44.14100000000001,48.02100000000001,51.14499999999999,56.55900000000001,60.392,62.81500000000001,64.96,66.55499999999999,68.26700000000001,71.07000000000001,74.8456868846605,78.5883113128943,82.6404121818089,89.52201193694839,93.4261762655376,100,108.848985699468,120.734921525617,131.3310812,142.1935549585474,148.6607225268534,153.4474296479576,161.0508781762501,165.4378458969425,169.9483935773833,179.5154093481266,192.7040733019114,203.570977260005,212.1806945781941,218.0396734019749,NA
Central African Republic,626,"Prices, Consumer Price Index, All items, Index",PCPI_IX,Value,NA,NA,NA,NA,NA,NA,NA,NA,NA,NA,NA,NA,NA,NA,NA,NA,NA,NA,NA,NA,NA,NA,NA,NA,NA,NA,NA,NA,NA,NA,NA,NA,NA,NA,NA,NA,NA,NA,NA,NA,36.77504843673641,36.76279008725747,41.65080694197359,47.73707745825348,48.95065405666581,54.05319202726291,55.26676862567524,51.40538853981795,49.36743793894903,49.70760713698887,49.70147796224925,48.32854282061124,47.82901507934531,46.43462782611933,57.84408660361673,68.94402205677162,71.51214627260357,72.66443112362158,71.29456056935308,70.28631132471241,72.53786366525159,75.31958962075382,77.07590464234492,80.26276904812514,78.60421436362826,80.87078318227918,86.28529614711464,87.11356390783153,95.1793660993333,98.53088120888567,100,101.1944757244985,106.7382085831205,114.1979214808854,131.2119091421671,133.0527730887144,139.6328085185494,145.4704699048578,147.8156820791274,151.7850853123759,154.3808479594233,160.95649049113,169.9429607188861,175.0057969342093,177.5912205869837,NA
Djibouti,611,"Prices, Consumer Price Index, All items, Percentage change, Corresponding period previous year, Percent",PCPI_PC_CP_A_PT,Value,NA,NA,NA,NA,NA,NA,NA,NA,NA,NA,NA,NA,NA,NA,NA,NA,NA,NA,NA,NA,NA,NA,NA,NA,NA,NA,NA,NA,NA,NA,NA,NA,NA,NA,NA,NA,NA,NA,NA,NA,12.05802357218556,5.717367853741167,-2.41071428572344,0.9018428963568638,1.884715025784267,2.128902988480724,18.147633450986,4.08911644641214,NA,NA,NA,NA,NA,NA,NA,NA,NA,NA,NA,NA,NA,1.746652249854344,0.63761955366632,1.981967346275447,3.122262046993522,3.104966401482993,3.483406996778665,4.96597654553301,11.95862068965518,1.675495872859627,3.950078759238862,5.0687139477798,3.731209507568871,-12.56314922503408,1.341864943401625,-0.5221665214457935,2.402529054348895,0.5772857245606609,0.1388364000114051,3.317632032996029,1.779005356439553,1.18086783934059,5.172220886476057,1.449050870290858,2.112011672849702,NA
St. Kitts and Nevis,361,"Prices, Consumer Price Index, All items, Percentage change, Corresponding period previous year, Percent",PCPI_PC_CP_A_PT,Value,NA,NA,NA,NA,NA,NA,NA,NA,NA,NA,NA,NA,NA,NA,NA,NA,NA,NA,NA,NA,NA,NA,NA,NA,NA,NA,NA,NA,NA,NA,NA,NA,NA,NA,NA,NA,NA,NA,NA,NA,17.73665480468124,10.47636319668899,5.927222982019931,2.291535370347065,2.714904705488184,2.61954629955699,-0.006685533724267515,0.9630126486515704,0.232525033997813,5.169964955625729,4.010984077556172,4.323739443554205,2.858446725144581,1.794861464337821,1.44226958804943,2.956800250926198,2.086573851691215,8.90518339116016,3.446358659552734,3.363036303630454,2.148855327436962,2.303447483492547,2.041091026202084,2.235436643745526,2.314554622380927,3.377819039882376,8.487485758458785,4.480886086147258,5.300296750725844,2.057937090418363,0.8508786497958443,5.8351651957086,0.816089281562459,1.106985540001294,0.2478653923649418,-2.301875630456158,-0.6870371232940393,0.6949167116136044,-1.037122141315725,-0.3295620636639773,-1.167245017693531,1.195688870384002,2.668175331112491,3.557112308482431,NA,NA
Malawi,676,"Prices, Consumer Price Index, All items, Index",PCPI_IX,Value,NA,NA,NA,NA,NA,NA,NA,NA,NA,NA,NA,NA,NA,NA,NA,NA,NA,NA,NA,NA,NA,NA,NA,NA,NA,NA,NA,NA,NA,NA,NA,NA,NA,NA,NA,NA,NA,NA,NA,NA,0.47155663952601,0.527269630263052,0.5790536371707559,0.6572404154289119,0.788861373803463,0.8718415123375521,0.9943079383853028,1.2444270491372,1.66643920254176,1.87385025903768,2.09540565732911,2.35974768955199,2.92021969375051,3.58523286279466,4.82750300491308,8.85005728504623,12.177859809975,13.290593779248,17.2443661760535,24.9705603276808,32.3572237502022,39.7023135414981,45.5562746049722,49.9191069406245,55.62476406191009,64.19673192040119,73.16777220514479,78.98622703637368,85.8679825270992,93.0998220352694,100,107.6228226284852,130.5155584317532,166.1245532905499,205.6490149022991,250.6189997328871,305.0311744998111,340.2421245477018,382.5008024181032,418.344325525805,454.4286768060302,496.8275272217105,600.9326168859014,773.9395718372714,1022.990620535918,1313.215683890774
Qatar,453,"Prices, Consumer Price Index, All items, Percentage change, Corresponding period previous year, Percent",PCPI_PC_CP_A_PT,Value,NA,NA,NA,NA,NA,NA,NA,NA,NA,NA,NA,NA,NA,NA,NA,NA,NA,NA,NA,NA,NA,NA,NA,NA,NA,NA,NA,NA,NA,NA,NA,NA,NA,NA,NA,NA,NA,NA,NA,NA,6.799999999000223,8.520599251016199,5.699999999999792,2.743614000946166,1.104972375700678,1.912568306939254,0.7575757575757088,2.685284640171897,4.602510460250853,3.300000000000153,3.000968054211097,4.417293233082545,3.060306030603112,-0.8733624454148003,1.32158590308376,2.956521739130301,4.904534606205324,4.83448981913322,2.951388888888905,2.181703204047225,1.650335224342319,1.47133434804683,0.2399999999999517,2.264565043894687,6.799336650082785,8.81439532334683,11.83580961974312,13.75816257599642,15.05014515703332,-4.863278016225647,-2.425256751617138,1.13836623529202,2.315348534316611,3.221977568292933,3.349720856595234,1.814077239377604,2.676591700981896,0.3948789140830052,0.2558153827244081,-0.6666411248611472,-2.540315030047598,2.304465657420031,4.995275537407606,3.027648991989015,1.267343102923753,NA
Slovenia,961,"Prices, Consumer Price Index, All items, Index",PCPI_IX,Value,NA,NA,NA,NA,NA,NA,NA,NA,NA,NA,NA,NA,NA,NA,NA,NA,NA,NA,NA,NA,NA,NA,NA,NA,NA,NA,NA,NA,NA,NA,NA,NA,NA,NA,NA,NA,NA,NA,NA,NA,4.238771200282525e-4,6.045460645389131e-4,7.865902617754822e-4,0.001102905672537853,0.001694856840153622,0.003040681322562132,0.005956284377345166,0.0138229112258862,0.04129646051295636,0.5704872670286495,3.720053502847305,7.991900145676068,24.76959431421888,32.63694521696907,39.48803337306317,44.80459541782546,49.22432260627732,53.33931841257231,57.54841301372886,61.09085595726834,66.53511676157686,72.11053723568625,77.50496622963847,81.80196883415003,84.74109389484838,86.81852293294486,88.95245662826119,92.20588884474462,97.41314616165629,98.23069792080523,100,101.8028517194191,104.4470931002516,106.2949719683928,106.5068644329669,105.9471151723833,105.8888447446254,107.4021100957931,109.2694124398535,111.0510749128152,110.9901558292501,113.1179093276829,123.1104048028959,132.2782854368074,134.8783825541871,138.078841654527
Belize,339,"Prices, Consumer Price Index, All items, Percentage change, Corresponding period previous year, Percent",PCPI_PC_CP_A_PT,Value,NA,NA,NA,NA,NA,NA,NA,NA,NA,NA,NA,NA,NA,NA,NA,NA,NA,NA,NA,NA,NA,NA,NA,NA,NA,NA,NA,NA,NA,NA,NA,NA,NA,NA,NA,NA,NA,NA,NA,NA,NA,11.2244897960225,6.83903252716288,4.99609679980487,3.38289962863707,6.237166118055496,0.7997714938589525,2.011901388495295,3.138888888888941,2.127659574468072,3.059071729957859,0.7619515008068796,2.396700730251883,1.472596946936799,2.56934304644295,2.889615843721514,5.965020975372424,1.149037567605397,2.1952625003759,2.621395245827462,3.067439669305853,3.651417865615023,4.240266606886452,2.318082746631012,6.394430997423989,-1.104310444119097,-7.113767712650139,2.318082746420205,6.394431002500336,-1.104310448643554,0.9179773788088877,1.602056156402,1.300580745478581,0.5097477689832204,1.201399644810576,-0.8615840094277477,0.6634271679176011,1.14765339305816,0.2699826226463354,0.1870693851814241,0.1214346446148936,3.235636592370709,6.276893194475437,4.389840174876749,3.289559859527682,NA
Brazil,223,"Prices, Consumer Price Index, All items, Percentage change, Corresponding period previous year, Percent",PCPI_PC_CP_A_PT,Value,NA,NA,NA,NA,NA,NA,NA,NA,NA,NA,NA,NA,NA,NA,NA,NA,NA,NA,NA,NA,NA,NA,NA,NA,NA,NA,NA,NA,NA,NA,NA,NA,NA,NA,NA,NA,NA,NA,NA,NA,NA,101.7250729579271,100.5433591948496,135.0276822304727,192.1217331320506,225.9896652118952,147.1428262376044,228.3361625755128,629.1145091208973,1430.723725147205,2947.732772482995,432.7866619264613,951.9620530528179,1927.380790160265,2075.88839757325,66.00703355424814,15.75766560026064,6.92671251629154,3.195076292800515,4.858447499026666,7.044141059472658,6.840359024875233,8.450164377083315,14.71491972281472,6.597185099859633,6.86953720898964,4.18356812896909,3.641272991026522,5.67859390284168,4.888034798767986,5.038726901080747,6.6364496221309,5.403499140369971,6.204310666401007,6.329040155161389,9.029901024161363,8.739143523293931,3.446373350326692,3.664850283767288,3.732976212168936,3.211768038033762,8.30165975585673,9.280106089568728,4.593562822832039,4.367464076523365,5.01675279604836
Brunei Darussalam,516,"Prices, Consumer Price Index, All items, Percentage change, Corresponding period previous year, Percent",PCPI_PC_CP_A_PT,Value,NA,NA,NA,NA,NA,NA,NA,NA,NA,NA,NA,NA,NA,NA,NA,NA,NA,NA,NA,NA,NA,NA,NA,NA,NA,NA,NA,NA,NA,NA,NA,NA,NA,NA,NA,NA,NA,NA,NA,NA,NA,9.137055837563386,6.356589147286878,1.166180758017495,3.073967339097272,2.353215284249277,1.781242886410645,1.246854906345793,1.192842942345962,1.304300371098226,2.138662931637952,1.600000000000005,1.279527559055146,4.251700680272123,2.462518449467897,5.966641394996126,1.996136509980777,1.711560044893353,-0.4413793103448995,-0.4156275976724536,1.558152476349458,0.5958904109589899,-2.314972424593207,0.299999999999967,0.8142239946826126,1.244437118839653,0.1598880783451209,0.9677741195251011,2.084980237154154,1.035717742716134,0.3568691320175606,0.1379115631695401,0.1117662614003067,0.3892050531236322,-0.2071087317198223,-0.488347420743522,-0.2786932657530832,-1.260505646289603,1.025051792902122,-0.390522069165529,1.940319966071838,1.733413884505931,3.682250306042156,0.3570643115368905,-0.3886741650364606,NA
Bhutan,514,"Prices, Consumer Price Index, All items, Percentage change, Corresponding period previous year, Percent",PCPI_PC_CP_A_PT,Value,NA,NA,NA,NA,NA,NA,NA,NA,NA,NA,NA,NA,NA,NA,NA,NA,NA,NA,NA,NA,NA,NA,NA,NA,NA,NA,NA,NA,NA,NA,NA,NA,NA,NA,NA,NA,NA,NA,NA,NA,NA,9.972375690607736,9.846772167797036,18.05777879411541,7.037706611570248,1.882012305465074,9.964476021314386,6.331771926990793,10.09671375765862,8.779837188980407,10.0118383223406,12.27517294388927,15.97521736153899,11.1980165874679,7.009953550099509,9.487548367893693,8.790013819351621,6.505487182690863,10.5855899892463,6.776993935536324,4.012120810703421,3.414789461115943,2.455357142857143,2.572308616933394,4.105936982729576,5.3126310463775,5.000454380225408,5.156111387584626,8.327160493827126,4.361122191198046,7.036383160730186,8.848985699468,10.91965694468303,8.776383452682126,8.271060939493278,4.54814395082205,3.219886893957179,4.955083669851294,2.723963861837134,2.726430373888325,5.629365226325079,7.346814405335302,5.639166713963702,4.229344199292512,2.761315696240976,NA
Central African Republic,626,"Prices, Consumer Price Index, All items, Percentage change, Corresponding period previous year, Percent",PCPI_PC_CP_A_PT,Value,NA,NA,NA,NA,NA,NA,NA,NA,NA,NA,NA,NA,NA,NA,NA,NA,NA,NA,NA,NA,NA,NA,NA,NA,NA,NA,NA,NA,NA,NA,NA,NA,NA,NA,NA,NA,NA,NA,NA,NA,NA,-0.0333333333334091,13.29609869956628,14.6126112868811,2.5422096681004702,10.42384023038864,2.245152511622692,-6.986802705999735,-3.96446882079366,0.6890558073127377,-0.01233045622721015,-2.762362806757623,-1.033608116677771,-2.915358492983349,24.57101372756048,19.18940397350982,3.724941103258018,1.611313477609107,-1.885200961579104,-1.414202200825513,3.203400915631124,3.834860602373617,2.331817035162349,4.134709051509959,-2.066406011363026,2.883520733590217,6.695264657733543,0.9599176194571096,9.25895099417076,3.521262272386427,1.491023700478021,1.1944757244985,5.47829594346117,6.98879341970198,14.89868417975499,1.402970171368163,4.945432761065182,4.180723318712666,1.612156869915552,2.685373552667865,1.710156595231529,4.259364175428684,5.583167351832467,2.979138526189368,1.477336007187436,NA
Hong Kong SAR,532,"Prices, Consumer Price Index, All items, Index",PCPI_IX,Value,NA,NA,NA,NA,NA,NA,NA,NA,NA,NA,NA,NA,NA,NA,NA,NA,NA,NA,NA,NA,NA,NA,NA,NA,NA,NA,NA,NA,NA,NA,NA,NA,NA,NA,NA,NA,NA,NA,NA,NA,NA,28.98909258103468,32.16933058570519,35.34956859037571,38.4074897487127,39.75297505838096,41.09846036804922,43.42248044838536,46.847352145722724,51.61770915272844,56.99965039140157,63.36012640074249,69.47596871741648,75.59181103409055,82.19692073609842,89.658248362440645,95.28482329378075,100.789081378787,103.7246856907912,99.56591291545256,95.89640752544815,94.30628852311295,91.49300105744291,89.04666413077322,88.80203043810629,89.53593151610725,91.32687542239245,93.18540211759407,97.19531425996848,97.75850416760537,100,105.3052489299392,109.5742284298266,114.3275512502817,119.3849966208606,122.9556206352783,125.9179995494482,127.7990538409552,130.8740707366524,134.6474431178194,134.9853570624015,137.102951115116,139.6823608920929,142.6109484118045,145.0777202072539,147.1615228655103
Malawi,676,"Prices, Consumer Price Index, All items, Percentage change, Corresponding period previous year, Percent",PCPI_PC_CP_A_PT,Value,NA,NA,NA,NA,NA,NA,NA,NA,NA,NA,NA,NA,NA,NA,NA,NA,NA,NA,NA,NA,NA,NA,NA,NA,NA,NA,NA,NA,NA,NA,NA,NA,NA,NA,NA,NA,NA,NA,NA,NA,NA,11.81469755002124,9.82116244432078,13.5025105170179,20.02630320423249,10.51897599371658,14.04686795876443,25.15509542829113,33.91216493543387,12.44636205026642,11.82353804541513,12.61531538288492,23.75135302303987,22.7727102336625,34.64963615083235,83.32577475434584,37.60204502350164,9.137352430034948,29.74865128282636,44.80416428616744,29.58148846316839,22.7,14.74463461016033,9.576797869192145,11.42980608221236,15.41034466042956,13.97429435483877,7.952209908640304,8.712601866090434,8.422044276966554,7.41159092883827,7.6228226284852,21.27126500137791,27.28333333333336,23.79206494696866,21.86734755425529,21.71111321364988,11.54339391887714,12.42017810892101,9.370836056056698,8.625514696505519,9.330144108352115,20.95396972996904,28.78974282472983,32.17965042250251,28.3702565330281
Slovenia,961,"Prices, Consumer Price Index, All items, Percentage change, Corresponding period previous year, Percent",PCPI_PC_CP_A_PT,Value,NA,NA,NA,NA,NA,NA,NA,NA,NA,NA,NA,NA,NA,NA,NA,NA,NA,NA,NA,NA,NA,NA,NA,NA,NA,NA,NA,NA,NA,NA,NA,NA,NA,NA,NA,NA,NA,NA,NA,NA,NA,42.62295273182439,30.11254359507147,40.21349184369349,53.6719669102484,79.40638114818738,95.88650521016439,132.0727210148308,198.7537128620227,1281.443494048757,552.0835289143249,114.8329355897467,209.9337311868217,31.76213063059321,20.99181804714978,13.46372961786695,9.864450615468511,8.359679907042999,7.891166828566838,6.155587544515586,8.91174418658769,8.37966587492204,7.480777707037538,5.544164217529011,3.592975942495088,2.451501323164749,2.457924441958653,3.657495632840991,5.647423805739348,0.8392622467938873,1.80117022137134,1.8028517194191,2.597413860390028,1.769200858819065,0.1993438265707497,-0.5255522858208768,-0.05499954167047397,1.42910743319306,1.7386086198818,1.630522607543444,-0.05485681576060998,1.917065060892595,8.833698867494517,7.446877173858376,1.965626564325125,2.372848072265489
Hong Kong SAR,532,"Prices, Consumer Price Index, All items, Percentage change, Corresponding period previous year, Percent",PCPI_PC_CP_A_PT,Value,NA,NA,NA,NA,NA,NA,NA,NA,NA,NA,NA,NA,NA,NA,NA,NA,NA,NA,NA,NA,NA,NA,NA,NA,NA,NA,NA,NA,NA,NA,NA,NA,NA,NA,NA,NA,NA,NA,NA,NA,NA,NA,10.97046413502123,9.885931558935502,8.650519031141844,3.503184713375746,3.384615384615338,5.654761904761962,7.887323943661795,10.18276762402091,10.42654028436023,11.15879828326175,9.65250965250966,8.802816901408573,8.737864077669848,9.077380952380906,6.275579809004117,5.776636713735212,2.912621359223991,-4.009433962264453,-3.685503685503691,-1.658163265306094,-2.983138780804155,-2.6737967914439418,-0.2747252747252529,0.8264462809918274,2.000251603975343,2.035027133695113,4.303154841049208,0.57944141847260755,2.292890886046734,5.3052489299392,4.053909509038435,4.337993421052668,4.423645320196988,2.990848193225807,2.409307438622238,1.493872439395217,2.406134320465339,2.883208537739963,0.2509620210807999,1.568758344459223,1.881367071968528,2.096605112490893,1.72972119105914,1.436335403726733
Cabo Verde,624,"Prices, Consumer Price Index, All items, Index",PCPI_IX,Value,NA,NA,NA,NA,NA,NA,NA,NA,NA,NA,NA,NA,NA,NA,NA,NA,NA,NA,NA,NA,NA,NA,NA,NA,NA,NA,NA,NA,NA,NA,NA,NA,NA,NA,NA,NA,NA,NA,NA,NA,NA,NA,NA,29.56147917759622,32.88714558507571,34.66083433573151,38.42992293087499,39.90799688975489,41.53387824452259,43.42581291188878,48.05218440318257,52.64160404550435,54.28226613986095,57.42433860993624,59.40666027442944,64.36802234687131,68.20668635512362,74.0424931244261,77.29609434609237,80.66344748383338,78.66504551163369,81.30029678574608,82.83242860269877,83.81661898953067,82.23179615014068,82.57625824731377,87.00984102952305,90.84784254352756,97.002271006813,97.96366389099163,99.99999999999997,104.4738834216502,107.1279342385694,108.7418624797073,108.48221067765,108.6245263191356,107.0952924547837,107.9353642620106,109.291196346283,110.5016065159521,111.1710210333518,113.2411950563282,122.2222741529692,126.7742904142607,128.1031002832531,131.1049901586466
Chad,628,"Prices, Consumer Price Index, All items, Index",PCPI_IX,Value,NA,NA,NA,NA,NA,NA,NA,NA,NA,NA,NA,NA,NA,NA,NA,NA,NA,NA,NA,NA,NA,NA,NA,NA,NA,NA,NA,NA,NA,NA,NA,NA,NA,NA,NA,NA,NA,NA,NA,NA,NA,NA,NA,38.1319791332216,45.85404659209991,48.2173636978776,41.9218286124868,39.4170652677156,45.5178485022021,43.8386338019223,43.51498094320811,44.9047949234459,43.5068948842132,39.84016272132241,56.4634296756252,61.6751883041599,68.66352920578412,72.4896375947909,75.5768633245147,69.5117749782986,72.1689327009226,81.1404595091695,85.3531252636695,83.8572524976971,79.3663609552153,85.6286570572285,92.5100233876238,84.2074896660977,92.8783145174345,102.121957167557,100,102.0292405367826,109.6983945574559,109.942661688985,111.7918677271776,116.6851393627306,115.7604790314921,113.9811251368346,118.8533873719441,117.6982047387632,122.9524225219405,122.0021916462595,129.0637112910262,143.0495155974489,155.7802177130414,NA
Tunisia,744,"Prices, Consumer Price Index, All items, Index",PCPI_IX,Value,NA,NA,NA,NA,NA,NA,NA,NA,NA,NA,NA,NA,NA,NA,NA,NA,NA,NA,NA,NA,NA,NA,NA,NA,NA,NA,NA,NA,NA,NA,NA,NA,NA,NA,NA,NA,NA,NA,NA,NA,NA,NA,NA,28.85195786523766,31.41978211524384,33.69908678659762,35.77642775289469,38.71932745514893,41.50594571896641,44.71887367673538,47.64585501774372,51.54982063268445,54.55226010867132,56.72068861910626,59.40540963202548,63.1147726883372,65.46588931503624,67.856720749618,69.97749149059285,71.85997338426716,73.98868708681881,75.45612938070742,77.50931544736656,79.61182730541704,82.50355182572684,84.16829728518023,86.88293813353641,89.46070653568583,93.34779935185551,96.76890593678056,99.99999999999999,103.2400284200953,108.0012978088872,113.7429009417898,119.0041368284317,124.284792209994,128.7955836802466,135.6331459581343,145.544662556429,155.325373517033,164.0766398492271,173.4394275290466,187.8461063593883,205.3702620609976,220.1705094000044,231.5114966891663
Cabo Verde,624,"Prices, Consumer Price Index, All items, Percentage change, Corresponding period previous year, Percent",PCPI_PC_CP_A_PT,Value,NA,NA,NA,NA,NA,NA,NA,NA,NA,NA,NA,NA,NA,NA,NA,NA,NA,NA,NA,NA,NA,NA,NA,NA,NA,NA,NA,NA,NA,NA,NA,NA,NA,NA,NA,NA,NA,NA,NA,NA,NA,NA,NA,NA,11.24999999999971,5.393258426966388,10.87420042643914,3.846153846154087,4.074074074073844,4.555160142348842,10.65350578624912,9.550907413103609,3.116664326828609,5.788395904436975,3.45205833010708,8.351524979729271,5.9636196177757554,8.556062581486337,4.394235099834773,4.356433745104526,-2.47745668519835,3.349964723178944,1.884534100767649,1.188170386205281,-1.890821723061803,0.4188916128551701,5.369076870655489,4.410997041934888,6.774435463711429,0.991103480568085,2.078664709064239,4.473883421650231,2.540396441671086,1.506542857014072,-0.2387781449906236,0.1311879990245447,-1.407816370917059,0.7844152511013344,1.256151858607851,1.107509305538191,0.6057961856899002,1.86215256793885,7.930929280791898,3.724375358614546,1.048169833686502,2.343338973651629
Chad,628,"Prices, Consumer Price Index, All items, Percentage change, Corresponding period previous year, Percent",PCPI_PC_CP_A_PT,Value,NA,NA,NA,NA,NA,NA,NA,NA,NA,NA,NA,NA,NA,NA,NA,NA,NA,NA,NA,NA,NA,NA,NA,NA,NA,NA,NA,NA,NA,NA,NA,NA,NA,NA,NA,NA,NA,NA,NA,NA,NA,NA,NA,NA,20.25089605734793,5.153999006458158,-13.05657257588289,-5.97484276729554,15.47751765143034,-3.689134604414709,-0.7382822653109185,3.193874730294957,-3.113030672149495,-8.427933486517999,41.72489723644135,9.230325997686558,11.33087890572822,5.572257111253298,4.258851102251403,-8.025059627274542,3.822600880863059,12.43128652799407,5.191818951954464,-1.752569412486548,-5.355400288848158,7.890365674629931,8.03628897951331,-8.974739620092704,10.29697582212537,9.952422907488643,-2.077865746418658,2.0292405367826,7.516623646638329,0.2226715646245507,1.681973139256705,4.377126650656541,-0.792440525236102,-1.537099629808404,4.274621986105452,-0.971939175419401,4.464144372328608,-0.7728443703591396,5.788026878436164,10.83635683998429,8.899507322637543,NA
Tunisia,744,"Prices, Consumer Price Index, All items, Percentage change, Corresponding period previous year, Percent",PCPI_PC_CP_A_PT,Value,NA,NA,NA,NA,NA,NA,NA,NA,NA,NA,NA,NA,NA,NA,NA,NA,NA,NA,NA,NA,NA,NA,NA,NA,NA,NA,NA,NA,NA,NA,NA,NA,NA,NA,NA,NA,NA,NA,NA,NA,NA,NA,NA,NA,8.900000000000098,7.254361799816354,6.164383561643706,8.2258064516129,7.196969696969551,7.74088603961336,6.545293072824143,8.193715095440853,5.824345146379064,3.974956319161301,4.733230639965955,6.244150287471464,3.725144726907154,3.652026207230707,3.125365796558624,2.690124858115804,2.962307947386055,1.983333333333369,2.721032848504548,2.712592474743517,3.632280049566251,2.017786413571443,3.225253374389166,2.966944324773489,4.345028076230452,3.664903306429192,3.338979636010688,3.24002842009531,4.611844322066397,5.316235313266889,4.625550995340309,4.437371273215,3.629399373843808,5.308848395658444,7.307591760316519,6.72007532863799,5.634151158976247,5.706350208307002,8.306461244476234,9.328995975078653,7.206616571687938,5.151001975726761
Aruba,314,"Prices, Consumer Price Index, All items, Percentage change, Corresponding period previous year, Percent",PCPI_PC_CP_A_PT,Value,NA,NA,NA,NA,NA,NA,NA,NA,NA,NA,NA,NA,NA,NA,NA,NA,NA,NA,NA,NA,NA,NA,NA,NA,NA,NA,NA,NA,NA,NA,NA,NA,NA,NA,NA,NA,NA,NA,NA,NA,NA,NA,NA,NA,NA,4.032258056286278,1.073966408268288,3.643045458177056,3.121868496107226,3.991628046045753,5.836687751581657,5.555555555555791,3.873375369964796,5.215559960357102,6.311079712704397,3.361391073208986,3.225287972139792,2.999948097784121,1.8694885361554061,2.280371982587532,4.044021311905129,2.883604303162639,3.315246785854234,3.656365079384182,2.529129469327625,3.397786778288057,3.60802438784541,5.392567844755169,8.955987051777843,-2.135428720469373,2.078140718607866,4.316297421952031,0.6274719928933725,-2.372065242522614,0.4214409188812145,0.4747635973426413,-0.9311959870795609,-1.028281787620122,3.626041413529609,4.257462043354278,NA,NA,NA,NA,NA,NA
Bulgaria,918,"Prices, Consumer Price Index, All items, Index",PCPI_IX,Value,NA,NA,NA,NA,NA,NA,NA,NA,NA,NA,NA,NA,NA,NA,NA,NA,NA,NA,NA,NA,NA,NA,NA,NA,NA,NA,NA,NA,NA,NA,NA,NA,NA,NA,NA,NA,NA,NA,NA,NA,NA,NA,NA,NA,NA,0.02483486253226422,0.02550540382063532,0.02620077997153871,0.02682165153484532,0.02853525704957152,0.03532664822736963,0.1548893752650741,0.2963001728957441,0.5122401577786673,1.004284418883991,1.627491444734761,3.606643794248498,41.77840808781398,49.57935785861041,50.85505596564914,56.10139684491464,60.23098659759118,63.7304934450711,65.22729438707869,69.23690145282346,72.7256368024915,78.00667773750142,84.56121550492414,95.00344289747333,97.61907981459441,99.99999999999997,104.2199034660187,107.2991516943552,108.2542145130411,106.7189707771329,106.6073072378942,105.7558880996874,107.9361474641377,110.9740586232575,114.4183931603526,116.3319732431316,120.1683043214848,138.5844081062607,151.670713970091,155.3813674570812,162.499144809803
"Congo, Republic of",634,"Prices, Consumer Price Index, All items, Index",PCPI_IX,Value,NA,NA,NA,NA,NA,NA,NA,NA,NA,NA,NA,NA,NA,NA,NA,NA,NA,NA,NA,NA,NA,NA,NA,NA,NA,NA,NA,NA,NA,NA,NA,NA,NA,NA,NA,NA,NA,NA,NA,NA,NA,NA,NA,NA,NA,35.4484142505569,36.92239862134491,37.08617466254363,37.46831875867382,36.79501725596819,37.85804507893364,37.22265469687584,35.7577689950433,37.51836143792903,53.44103211002202,58.47411248722933,64.33972107386327,NA,73.46720248103738,76.51070724664606,75.83588929911448,75.87834975424006,79.20088036781674,78.7004535752652,80.6126905007425,83.1072422393703,88.54066405061873,90.89110564618237,95.39816918382104,99.61000192876455,99.99999999999997,101.759587042738,106.8579333882203,111.8071827391234,112.8270202675406,116.4026190736394,120.1165165687871,120.657117555654,122.048027425109,124.7404960757293,126.9800513548461,129.1585754055919,133.0894434758337,138.8146128024125,143.1059781450501,NA
Equatorial Guinea,642,"Prices, Consumer Price Index, All items, Index",PCPI_IX,Value,NA,NA,NA,NA,NA,NA,NA,NA,NA,NA,NA,NA,NA,NA,NA,NA,NA,NA,NA,NA,NA,NA,NA,NA,NA,NA,NA,NA,NA,NA,NA,NA,NA,NA,NA,NA,NA,NA,NA,NA,NA,NA,NA,NA,NA,37.8710181288273,31.1904099229299,27.0812378678958,27.7646760475273,29.476688687504,29.7295608139677,28.7112379263168,27.4827577984293,28.9811960072712,38.2091035088547,45.8021827479985,47.8819351542961,49.3262963171747,53.2406884910137,53.4388855631069,56.0051752162291,60.9478499339941,65.5753023354285,70.3777384508461,73.3474593441042,77.4781194458834,80.8994755998429,83.1676851961002,88.616638076126,92.77370276944627,100,104.805389221557,108.6377245508982,111.8413173652695,116.6616766467066,118.6176623111789,120.2924715298472,121.18787425149701,122.4725555268024,124.346722780622,130.2739520958084,130.1474550898204,136.3772455089821,140.2769461077845,144.375,NA
Croatia,960,"Prices, Consumer Price Index, All items, Index",PCPI_IX,Value,NA,NA,NA,NA,NA,NA,NA,NA,NA,NA,NA,NA,NA,NA,NA,NA,NA,NA,NA,NA,NA,NA,NA,NA,NA,NA,NA,NA,NA,NA,NA,NA,NA,NA,NA,NA,NA,NA,NA,NA,NA,NA,NA,NA,NA,1.205399999999999e-4,1.808099999999999e-4,4.218898741760956e-4,0.001205399640503129,0.01808099460754698,0.108485967645282,0.2410799281006258,1.747829478729539,27.96527165967267,57.97972270820055,60.26998202515654,62.86159125223824,65.48333547033253,69.67209922108093,72.47231756298083,75.81424481030773,78.67752326413743,79.99284180386543,81.40658554044383,83.07981388690042,85.83571939871153,88.57372942018613,91.14173228346453,96.68038654259126,98.9799570508232,100,102.2727272727273,105.7623478883321,108.1066571224051,107.8740157480314,107.3729420186113,106.1649964209019,107.3639942734431,108.9745884037223,109.8156764495347,109.9856836077309,112.7952755905512,124.9552612741589,134.8783106657123,138.8869005010737,144.0139584824624
Maldives,556,"Prices, Consumer Price Index, All items, Index",PCPI_IX,Value,NA,NA,NA,NA,NA,NA,NA,NA,NA,NA,NA,NA,NA,NA,NA,NA,NA,NA,NA,NA,NA,NA,NA,NA,NA,NA,NA,NA,NA,NA,NA,NA,NA,NA,NA,NA,NA,NA,NA,NA,NA,NA,NA,NA,NA,24.80352035412752,27.21496654240266,29.85592658010846,31.78353276147563,34.06109587091619,35.30429588866574,40.49885596283005,47.32534221414009,56.85068388859787,58.77570545454354,62.00182242368071,65.87150863277559,70.85984907664864,69.86479798916754,71.92840036855365,71.08341658563447,71.56150755945667,74.55182852418626,73.61199005210297,72.37132464660941,73.31235089489586,75.3199519390778,80.43777210324899,90.12365292914052,94.20641355738614,100,111.2734146055937,123.3851871343036,128.0807708427872,130.7960854352657,132.0428424310551,132.7063701442715,136.4453367997627,136.2633550338733,136.563174927495,134.6925677145742,135.4241499768678,138.5837895618901,142.6407820849303,144.6374646098211,NA
Mauritania,682,"Prices, Consumer Price Index, All items, Index",PCPI_IX,Value,NA,NA,NA,NA,NA,NA,NA,NA,NA,NA,NA,NA,NA,NA,NA,NA,NA,NA,NA,NA,NA,NA,NA,NA,NA,NA,NA,NA,NA,NA,NA,NA,NA,NA,NA,NA,NA,NA,NA,NA,NA,NA,NA,NA,NA,20.8951543874346,22.44836086356721,24.2784281353335,24.5988205026074,27.7801077580943,29.6136575555917,31.2805116272042,34.45292404894269,37.6812816054137,39.2368623587608,41.8044405029745,43.7614343844879,45.7855525564604,49.4628955139399,51.4781009991274,53.1532331319081,55.6593529791016,57.8276773194462,60.8069022991322,67.1111328986714,75.2487931250063,79.945095347811,85.7443992352565,92.0437276337074,94.0879454875239,99.99999999999996,105.6863195957595,110.8675145505853,115.4453470205868,119.5256110713661,123.4158432647961,125.2321671351018,128.0552464734992,131.9831618312539,135.0188967977338,138.240035711831,143.1685208688208,156.8057037196305,164.5723691688031,168.6729258665538,171.2839309117287
Zambia,754,"Prices, Consumer Price Index, All items, Index",PCPI_IX,Value,NA,NA,NA,NA,NA,NA,NA,NA,NA,NA,NA,NA,NA,NA,NA,NA,NA,NA,NA,NA,NA,NA,NA,NA,NA,NA,NA,NA,NA,NA,NA,NA,NA,NA,NA,NA,NA,NA,NA,NA,NA,NA,NA,NA,NA,0.0135519380102761,0.0211177438933138,0.0310530604100499,0.0468913683300353,0.104757312226675,0.216872578526413,0.428632002527477,1.13890320756913,3.22664992766756,4.98844343936545,6.73088615124958,9.63008733933052,11.9816315535675,14.9121536773142,18.9067761726999,23.8282878664427,28.9260598696352,35.3572904521191,42.9243086848799,50.6368579457588,59.9157784465985,65.3199255059111,72.2812983255456,81.2771246612011,92.1644024676162,100,106.4293968107234,113.4280872043757,121.34273168477,130.8158077189739,144.0420614744627,169.7819890609352,180.9490794237731,194.5104383329482,212.30875895539631,245.7114243894922,299.8189661813421,332.778676527232,369.0000770356674,424.2970495339341,483.3163854864802
Bangladesh,513,"Prices, Consumer Price Index, All items, Index",PCPI_IX,Value,NA,NA,NA,NA,NA,NA,NA,NA,NA,NA,NA,NA,NA,NA,NA,NA,NA,NA,NA,NA,NA,NA,NA,NA,NA,NA,NA,NA,NA,NA,NA,NA,NA,NA,NA,NA,NA,NA,NA,NA,NA,NA,NA,NA,NA,NA,24.2800028287658,26.67757931905729,28.6551258370912,30.38746566861811,32.2492201402459,34.29942049131899,35.5458878143966,36.6175318517239,38.56329231780319,42.53446758253851,43.54556675900001,45.8559208091063,49.70884439246299,52.7444123541293,53.9091441150379,54.99119430032649,56.82381155766261,60.0449873584211,64.6009226216381,69.1531029680564,73.8314909913831,80.5553137783967,87.7263034206632,92.484115240665,99.99999999999999,111.3951651552399,118.3211642504147,127.2312287864872,136.126776861358,144.5588508880129,152.5291403222778,161.226458913586,170.1642433841024,179.6798217470482,189.9055347087794,200.4370391749835,215.8645866244067,237.1995696009473,262.0242794679473,285.0005670433254
Bulgaria,918,"Prices, Consumer Price Index, All items, Percentage change, Corresponding period previous year, Percent",PCPI_PC_CP_A_PT,Value,NA,NA,NA,NA,NA,NA,NA,NA,NA,NA,NA,NA,NA,NA,NA,NA,NA,NA,NA,NA,NA,NA,NA,NA,NA,NA,NA,NA,NA,NA,NA,NA,NA,NA,NA,NA,NA,NA,NA,NA,NA,NA,NA,NA,NA,NA,2.699999999999863,2.72638753651409,2.369668246445519,6.388888888888782,23.80000000000031,338.4491114701118,91.29793272693033,72.87879138663332,96.05733826865054,62.05483368379921,121.60754244925,1058.373559219734,18.67220444206401,2.573042818902061,10.31626212899898,7.36093927231844,5.810143657218253,2.348641695827545,6.14713074246273,5.038838071119025,7.261594627699442,8.402534190059013,12.34871959940208,2.753202239148161,2.43899060504113,4.219903466018731,2.954568298310217,0.8900935409130024,-1.418183802648398,-0.1046332610083854,-0.7986498864537102,2.061596194431414,2.814544738248287,3.103729447967807,1.672440968557562,3.297744352995149,15.32525892643664,9.44284140088564,2.446519430060789,4.580843552356973
China,924,"Prices, Consumer Price Index, All items, Index",PCPI_IX,Value,NA,NA,NA,NA,NA,NA,NA,NA,NA,NA,NA,NA,NA,NA,NA,NA,NA,NA,NA,NA,NA,NA,NA,NA,NA,NA,NA,NA,NA,NA,NA,NA,NA,NA,NA,NA,NA,NA,NA,NA,NA,NA,NA,NA,NA,NA,26.04831978496585,27.93261239670963,33.1872445880263,39.24246921792467,40.44026322900266,41.87859626898234,44.53955446147156,51.04681839226528,63.42923988427758,74.07978637375274,80.23815775670646,82.47396598362867,81.83628881547331,80.68937558313607,80.97002229030115,81.55229845630097,80.95535936140303,81.86821481671551,84.9993772047539,86.50931810650583,87.93622961253583,92.17191349406075,97.63333106150155,96.92239907138342,99.99999999999997,105.5538989225749,108.3189089823739,111.1580017651918,113.2940601998371,114.9221228194955,117.2205673696739,119.0880504286818,121.5588778661133,125.0831543820749,128.1094436056234,129.3662166374569,131.9193566685346,132.2291519024311,132.517581947783,132.5965156368609
"Congo, Republic of",634,"Prices, Consumer Price Index, All items, Percentage change, Corresponding period previous year, Percent",PCPI_PC_CP_A_PT,Value,NA,NA,NA,NA,NA,NA,NA,NA,NA,NA,NA,NA,NA,NA,NA,NA,NA,NA,NA,NA,NA,NA,NA,NA,NA,NA,NA,NA,NA,NA,NA,NA,NA,NA,NA,NA,NA,NA,NA,NA,NA,NA,NA,NA,NA,NA,4.158110882956784,0.4435682602268444,1.030421982335505,-1.796988829528847,2.889053742169467,-1.678349689565368,-3.935468100708815,4.923664122137433,42.43967503334523,9.418007434522275,10.03112033195028,NA,NA,4.142671372840485,-0.8819915170254309,0.05598992181405829,4.378759717808726,-0.631844987363156,2.429766079617993,3.094490114561818,6.537843952996039,2.654646450607025,4.958750920231519,4.415003747952232,0.3915250112276121,1.759587042738031,5.01018773134471,4.631616197294613,0.9121395454500975,3.169097967508294,3.190561797237732,0.4500638232855464,1.152778963755232,2.206073057815252,1.795371470831075,1.715642754512603,3.043443346984775,4.301745635910163,3.091436309191664,NA
Equatorial Guinea,642,"Prices, Consumer Price Index, All items, Percentage change, Corresponding period previous year, Percent",PCPI_PC_CP_A_PT,Value,NA,NA,NA,NA,NA,NA,NA,NA,NA,NA,NA,NA,NA,NA,NA,NA,NA,NA,NA,NA,NA,NA,NA,NA,NA,NA,NA,NA,NA,NA,NA,NA,NA,NA,NA,NA,NA,NA,NA,NA,NA,NA,NA,NA,NA,NA,-17.64042409203713,-13.17447274719274,2.523659305993913,6.166153846153629,0.8578715511247355,-3.425287356322015,-4.278743156391288,5.452284737332798,31.84101684163854,19.87243494834721,4.540727715402347,3.016505406943662,7.935710698141481,0.3722661703119278,4.802288869013977,8.825389258549661,7.5924784983324,7.323543993518087,4.219687870948341,5.631633513576132,4.415899841695609,2.803738317757037,6.551766911845354,4.691065677473749,7.789165479911835,4.805389221557,3.656620482788057,2.948876946396622,4.309998661491074,1.676630853159882,1.411939154790155,0.7443547466124104,1.060074106621712,1.53027528964189,4.766695239442282,-0.09710076646401984,4.78671704710803,2.859495060373218,2.921402273091033,NA
Croatia,960,"Prices, Consumer Price Index, All items, Percentage change, Corresponding period previous year, Percent",PCPI_PC_CP_A_PT,Value,NA,NA,NA,NA,NA,NA,NA,NA,NA,NA,NA,NA,NA,NA,NA,NA,NA,NA,NA,NA,NA,NA,NA,NA,NA,NA,NA,NA,NA,NA,NA,NA,NA,NA,NA,NA,NA,NA,NA,NA,NA,NA,NA,NA,NA,NA,50.00000000000004,133.3332637443149,185.7142857142854,1400.000000000004,500.0000000000007,122.2222222222214,625.0000000000007,1500.000000000003,107.3275862068961,3.950103950104024,4.299999999999948,4.170661553211876,6.396686608375538,4.019138755980856,4.611315547378011,3.776702466658888,1.671784373933826,1.767337807606286,2.05539679050328,3.317178244480452,3.189825914729492,2.899282755833884,6.076968387983541,2.378528459046742,1.030555053335736,2.2727272727273,3.412073490813581,2.216582064297788,-0.2151961595762682,-0.4644990046449106,-1.125000000000021,1.129372102823469,1.500125010417563,0.7718203464980194,0.1548113745621064,2.554506996420408,10.7805806758686,7.9412817758683,2.972004776436181,3.691534596057217
Maldives,556,"Prices, Consumer Price Index, All items, Percentage change, Corresponding period previous year, Percent",PCPI_PC_CP_A_PT,Value,NA,NA,NA,NA,NA,NA,NA,NA,NA,NA,NA,NA,NA,NA,NA,NA,NA,NA,NA,NA,NA,NA,NA,NA,NA,NA,NA,NA,NA,NA,NA,NA,NA,NA,NA,NA,NA,NA,NA,NA,NA,NA,NA,NA,NA,NA,9.722193276785626,9.7040723294332,6.456360268019414,7.165858894707771,3.649911977174767,14.71367702827348,16.85599775355483,20.12735931492483,3.386100982914926,5.488861331715043,6.241245914760255,7.572834670725924,-1.404252338167923,2.953708360691287,-1.174756811759459,0.6725773700624702,4.178672399047897,-1.260651134503543,-1.685412124594662,1.300275009309971,2.738421316020986,6.79477353930168,12.04145835051081,4.530176591328005,6.149885367501734,11.2734146055937,10.88469565856303,3.805630009194298,2.120001757181345,0.9532066587776067,0.5025094136116122,2.817473382345089,-0.1333733861175947,0.2200297310653834,-1.369774255698108,0.5431496887370127,2.333143376245675,2.927465424250351,1.399797796749283,NA
Mauritania,682,"Prices, Consumer Price Index, All items, Percentage change, Corresponding period previous year, Percent",PCPI_PC_CP_A_PT,Value,NA,NA,NA,NA,NA,NA,NA,NA,NA,NA,NA,NA,NA,NA,NA,NA,NA,NA,NA,NA,NA,NA,NA,NA,NA,NA,NA,NA,NA,NA,NA,NA,NA,NA,NA,NA,NA,NA,NA,NA,NA,NA,NA,NA,NA,NA,7.433333333333196,8.152342538008714,1.319658610054818,12.93268209810992,6.600225648740178,5.628666666666988,10.14181756215103,9.370344159714605,4.128258612954418,6.54379068524171,4.681306239164126,4.62534695318394,8.031666654988577,4.074176135967543,3.254067458333583,4.714896346896095,3.895705257584902,5.151901507695781,10.36762334730735,12.12564871855412,6.241033281428202,7.254108413048872,7.346635412497862,2.220920323817791,6.283540874277036,5.686319595759542,4.902427272179972,4.129101737833927,3.534368561473237,3.25472688117631,1.471710456500036,2.254276519348126,3.067359960583556,2.300092621179372,2.385694884563199,3.565164846501848,9.52526628622843,4.953050345068724,2.491643474819718,1.547969261670724
Zambia,754,"Prices, Consumer Price Index, All items, Percentage change, Corresponding period previous year, Percent",PCPI_PC_CP_A_PT,Value,NA,NA,NA,NA,NA,NA,NA,NA,NA,NA,NA,NA,NA,NA,NA,NA,NA,NA,NA,NA,NA,NA,NA,NA,NA,NA,NA,NA,NA,NA,NA,NA,NA,NA,NA,NA,NA,NA,NA,NA,NA,NA,NA,NA,NA,NA,55.82822085889661,47.04724409448764,51.00401606425738,123.4042553191498,107.0238095238085,97.64232317423834,165.7065270099896,183.3120414643934,54.60132184130161,34.9295874166667,43.07309799828819,24.41872156894123,24.4584563516656,26.78769667900287,26.03041178881214,21.39378217925458,22.23334464309469,21.40157839019952,17.96778910872861,18.32443970117399,9.019572472264858,10.65734960001529,12.44557934631924,13.39525463258952,8.501761333652647,6.4293968107234,6.575899707576976,6.977676054903073,7.806875535663326,10.11059289096177,17.86973007952677,6.577311542056444,7.494571927285201,9.150316443162955,15.73306047213692,22.02076762457765,10.99320392091359,10.88453169128201,14.9856262747939,13.90990958277354
Bangladesh,513,"Prices, Consumer Price Index, All items, Percentage change, Corresponding period previous year, Percent",PCPI_PC_CP_A_PT,Value,NA,NA,NA,NA,NA,NA,NA,NA,NA,NA,NA,NA,NA,NA,NA,NA,NA,NA,NA,NA,NA,NA,NA,NA,NA,NA,NA,NA,NA,NA,NA,NA,NA,NA,NA,NA,NA,NA,NA,NA,NA,NA,NA,NA,NA,NA,NA,9.874696091266326,7.412765957446663,6.045479755962436,6.126718469814579,6.357364122782342,3.634076917984911,3.014818599897985,5.313740079364979,10.2978117947206,2.377129029532233,5.305601056688016,8.40223795613228,6.106695898419582,2.208256209375351,2.007173742138401,3.332564932719127,5.668707734414762,7.587536385046896,7.046618162220388,6.765261170547572,9.106984969053828,8.901944894651537,5.423472361746793,8.126676391699174,11.39516515523992,6.217504220692839,7.530406409131722,6.9916388922084884,6.194280229849836,5.513525726929953,5.702070157172389,5.543621394864763,5.591996399306291,5.691074747462114,5.545654307734731,7.696954371768982,9.883503037792101,10.46574827634125,8.768762811611404
China,924,"Prices, Consumer Price Index, All items, Percentage change, Corresponding period previous year, Percent",PCPI_PC_CP_A_PT,Value,NA,NA,NA,NA,NA,NA,NA,NA,NA,NA,NA,NA,NA,NA,NA,NA,NA,NA,NA,NA,NA,NA,NA,NA,NA,NA,NA,NA,NA,NA,NA,NA,NA,NA,NA,NA,NA,NA,NA,NA,NA,NA,NA,NA,NA,NA,NA,7.233835530656091,18.81181794487525,18.24563836216475,3.052290120752333,3.556685652204525,6.353981340248685,14.61007863566025,24.2569897243361,16.79122516509164,8.313160288939086,2.786465055318817,-0.7731860115493183,-1.401472682764649,0.3478112268645869,0.7191256091201137,-0.7319709023502436,1.127603487296372,3.824637431081595,1.776414076675707,1.649430994558598,4.816767673788345,5.925251370410918,-0.7281652509328982,3.175324752691991,5.553898922574932,2.619524326455406,2.621050017481148,1.921641627885208,1.437023809356548,2.000001821919434,1.593136000714356,2.07479039965576,2.899234163582267,2.419421894577823,0.9810151355448816,1.973575557390506,0.2348368288930508,0.2181289384391772,0.05956469165654026
Guinea-Bissau,654,"Prices, Consumer Price Index, All items, Index",PCPI_IX,Value,NA,NA,NA,NA,NA,NA,NA,NA,NA,NA,NA,NA,NA,NA,NA,NA,NA,NA,NA,NA,NA,NA,NA,NA,NA,NA,NA,NA,NA,NA,NA,NA,NA,NA,NA,NA,NA,NA,NA,NA,NA,NA,NA,NA,NA,NA,NA,1.18856332006423,1.90505047712512,3.444105335916979,4.58072821538023,7.21901167467801,12.2422625100147,18.13179048889959,20.8835340090184,30.3574136091315,45.7589605143907,68.2270327461698,73.6945801236143,72.1570863163161,78.3888038782586,81.01335718010259,83.68689660310712,80.7556914880525,81.4690086888917,84.1812742972448,85.826796961407,89.7897958602478,99.1818741754195,97.5439873472857,100,105.046102263202,107.2841575859179,108.5792120704107,106.9404861693211,108.5196982397318,110.1508801341157,112.013657770165,112.4407935177424,112.7180728160647,114.0030694348272,116.5595754937446,127.5054047159153,136.5611054092534,141.7033933907995,142.943198452785
Guinea-Bissau,654,"Prices, Consumer Price Index, All items, Percentage change, Corresponding period previous year, Percent",PCPI_PC_CP_A_PT,Value,NA,NA,NA,NA,NA,NA,NA,NA,NA,NA,NA,NA,NA,NA,NA,NA,NA,NA,NA,NA,NA,NA,NA,NA,NA,NA,NA,NA,NA,NA,NA,NA,NA,NA,NA,NA,NA,NA,NA,NA,NA,NA,NA,NA,NA,NA,NA,NA,60.2817826333536,80.78814064362332,33.00197783180257,57.59528475056636,69.58363639937932,48.10816606870667,15.17634743134412,45.36530836218561,50.73405496121191,49.10092357695305,8.013755189656028,-2.086305132235272,8.636320949302783,3.348122655271079,3.300121752837517,-3.50258551103421,0.8833026969309434,3.329199228028556,1.954737176289165,4.617437722419966,10.46007313547063,-1.65139733620775,2.517851401717014,5.046102263202,2.130545802745028,1.207125556684045,-1.509244605704939,1.476720489104847,1.503120558610882,1.691114618222977,0.3813247027909915,0.2466002681478295,1.140009393932222,2.242488795776585,9.39075933985203,7.102209285570592,3.76555825770114,0.8749296910387171
Lao P.D.R.,544,"Prices, Consumer Price Index, All items, Index",PCPI_IX,Value,NA,NA,NA,NA,NA,NA,NA,NA,NA,NA,NA,NA,NA,NA,NA,NA,NA,NA,NA,NA,NA,NA,NA,NA,NA,NA,NA,NA,NA,NA,NA,NA,NA,NA,NA,NA,NA,NA,NA,NA,NA,NA,NA,NA,NA,NA,NA,NA,1.677125382720696,2.705749926681951,3.670159912293185,4.163486601802729,4.5741949729403,4.860869945598922,5.190654733100363,6.207707416443486,7.016225035573998,8.946308729732516,17.08572612825324,38.48937890158799,48.14430158696625,51.90524196476639,57.42346712028719,66.31799060337376,73.2563556712173,78.50547947321041,83.64412973386588,87.54359622277565,94.22212986159153,94.35515989606012,100,107.5689885610998,112.1461853985321,119.2914979339132,124.2173338439427,125.8040292631578,127.8130092499525,128.8680782989998,131.4974931211675,135.8665746671725,142.8013033175336,148.1643781486811,182.1773224817997,239.0715447261266,294.3701547590729,NA
Macao SAR,546,"Prices, Consumer Price Index, All items, Index",PCPI_IX,Value,NA,NA,NA,NA,NA,NA,NA,NA,NA,NA,NA,NA,NA,NA,NA,NA,NA,NA,NA,NA,NA,NA,NA,NA,NA,NA,NA,NA,NA,NA,NA,NA,NA,NA,NA,NA,NA,NA,NA,NA,NA,NA,NA,NA,NA,NA,NA,NA,45.60811515657653,49.60837809950633,53.56201395482849,58.68729754204914,63.21438971264423,67.4534743238086,71.67071201539527,77.80476890749377,81.55689359280215,84.40399349075172,84.54970042930603,81.84059064962021,80.52318724347785,78.92508373826483,76.84342123885455,75.64277963862808,76.3846299004576,79.74241637967636,83.84912959381045,88.52078124262869,96.14332216823134,97.2673019766948,99.99999999999997,105.8062461669104,112.2682455064396,118.4436476859933,125.6073972731991,131.3358022361655,134.4470915695617,136.0982686229184,140.1872906543378,144.0451478982875,145.2139453696279,145.2523607963391,146.770288671746,147.4694795714016,NA,NA
Mali,678,"Prices, Consumer Price Index, All items, Index",PCPI_IX,Value,NA,NA,NA,NA,NA,NA,NA,NA,NA,NA,NA,NA,NA,NA,NA,NA,NA,NA,NA,NA,NA,NA,NA,NA,NA,NA,NA,NA,NA,NA,NA,NA,NA,NA,NA,NA,NA,NA,NA,NA,NA,NA,NA,NA,NA,NA,NA,NA,52.594061990904,52.5537260280306,52.87238013473199,53.8243088585494,50.4643231511772,50.3312144736943,61.99637493674329,70.32978486643191,75.1160502210147,74.8433791119892,77.8644990643947,76.9286427797623,76.4073268628188,80.37058401451921,84.4154930568257,83.2786475030098,80.69719157694169,85.8601034290779,87.1853764227528,88.4164356964982,96.5250965250965,98.9032354109295,99.99999999999999,102.9556439522939,108.4361051476498,107.7781838743074,108.7307431420295,110.3080897860705,108.3229334793427,110.2292626717839,110.5594505782366,108.7260797508947,109.2023966815276,113.4892490572242,124.408590014187,126.9699169053265,131.0410785954534,135.3369136271972
Lao P.D.R.,544,"Prices, Consumer Price Index, All items, Percentage change, Corresponding period previous year, Percent",PCPI_PC_CP_A_PT,Value,NA,NA,NA,NA,NA,NA,NA,NA,NA,NA,NA,NA,NA,NA,NA,NA,NA,NA,NA,NA,NA,NA,NA,NA,NA,NA,NA,NA,NA,NA,NA,NA,NA,NA,NA,NA,NA,NA,NA,NA,NA,NA,NA,NA,NA,NA,NA,NA,NA,61.33259651061875,35.64298297122697,13.44155844155859,9.864529669910317,6.267222415190292,6.784480786202299,19.5939189878584,13.02441569634619,27.5088624491449,90.9807345622878,125.2721283992801,25.08464142813154,7.811807947834706,10.63134463233329,15.48935292335251,10.46226673142081,7.16541759946639,6.545594390527871,4.66197269469701,7.628808875775164,0.1411876749803849,5.982545215500817,7.5689885610998,4.255126778320897,6.371427177829471,4.129243068737711,1.277354271029923,1.596912275832041,0.8254786075680259,2.040392668902015,3.322558812569254,5.104072629599191,3.755620366588772,22.95622251320559,31.23013417326456,23.13056959425881,NA
Macao SAR,546,"Prices, Consumer Price Index, All items, Percentage change, Corresponding period previous year, Percent",PCPI_PC_CP_A_PT,Value,NA,NA,NA,NA,NA,NA,NA,NA,NA,NA,NA,NA,NA,NA,NA,NA,NA,NA,NA,NA,NA,NA,NA,NA,NA,NA,NA,NA,NA,NA,NA,NA,NA,NA,NA,NA,NA,NA,NA,NA,NA,NA,NA,NA,NA,NA,NA,NA,NA,8.770945541591793,7.969693843632239,9.56887765934839,7.713921683566111,6.705885527700448,6.252068902102704,8.558666043084461,4.822486767834875,3.490937151388552,0.1726303845685754,-3.204162481865882,-1.609718839618948,-1.984650086416521,-2.63751699816194,-1.562452036713048,0.9807284520394243,4.395892843356756,5.149973377506971,5.571496891439528,8.61101858636995,1.169066954537647,2.809472420608452,5.806246166910432,6.107389283365494,5.500577791784842,6.048234520940846,4.560563380281642,2.368957497058981,1.228124040528163,3.004462931669378,2.751930810519824,0.8114105114916512,0.02645436470541262,1.045028023699535,0.4763844957880754,NA,NA
Mali,678,"Prices, Consumer Price Index, All items, Percentage change, Corresponding period previous year, Percent",PCPI_PC_CP_A_PT,Value,NA,NA,NA,NA,NA,NA,NA,NA,NA,NA,NA,NA,NA,NA,NA,NA,NA,NA,NA,NA,NA,NA,NA,NA,NA,NA,NA,NA,NA,NA,NA,NA,NA,NA,NA,NA,NA,NA,NA,NA,NA,NA,NA,NA,NA,NA,NA,NA,NA,-0.07669299792888405,0.6063397037375226,1.800427220018578,-6.242505995204253,-0.2637678842618043,23.17679115242849,13.44176968119739,6.805459967882332,-0.3629997959466946,4.036589459549863,-1.201903686375016,-0.6776616590467694,5.187011919440678,5.032822757111935,-1.346726190476212,-3.099781280639569,6.397882938978825,1.543525969275824,1.412002017145768,9.170988136676776,2.463751885722989,1.108926906701861,2.955643952293921,5.323128470640577,-0.606736356351563,0.8838145471378414,1.450690576059608,-1.799647070833858,1.75985742927165,0.299546507387843,-1.658266948463649,0.4380889403206689,3.925602831042767,9.621476084890638,2.058802282742227,3.206398640996599,3.278235403575843
Angola,614,"Prices, Consumer Price Index, All items, Index",PCPI_IX,Value,NA,NA,NA,NA,NA,NA,NA,NA,NA,NA,NA,NA,NA,NA,NA,NA,NA,NA,NA,NA,NA,NA,NA,NA,NA,NA,NA,NA,NA,NA,NA,NA,NA,NA,NA,NA,NA,NA,NA,NA,NA,NA,NA,NA,NA,NA,NA,NA,NA,NA,2.220081507307718e-8,4.080149797214184e-8,1.630059845455667e-7,2.410088483158379e-6,2.530092888958796e-5,6.999376972715132e-4,0.02971309705859058,0.09483728895055284,0.1965833051434299,0.6844950133372077,2.909082392950176,7.34720823610931,15.34812962938371,30.42369852526286,43.67081781502994,53.69480503121987,60.83901169529269,68.29270165928189,76.81278242835737,87.3593955494136,99.99999999999999,113.4824679218511,125.1460880778664,136.131179284704,146.0420563776038,159.7057105073752,208.7264441980452,271.0197658859882,324.2180676186002,379.5976070732742,464.1398371134648,583.6757794386613,708.3214355684797,804.9655331441319,1032.291783410658,1240.422656734209
Anguilla,312,"Prices, Consumer Price Index, All items, Index",PCPI_IX,Value,NA,NA,NA,NA,NA,NA,NA,NA,NA,NA,NA,NA,NA,NA,NA,NA,NA,NA,NA,NA,NA,NA,NA,NA,NA,NA,NA,NA,NA,NA,NA,NA,NA,NA,NA,NA,NA,NA,NA,NA,NA,NA,NA,NA,NA,NA,NA,NA,NA,NA,51.51866590825113,53.89716670841842,55.16682905726227,57.51993661045272,59.5386997451143,60.36398027186276,62.52663847272672,62.59435379799839,64.24491485149531,65.2758863454038,68.3582591963124,71.54569244573948,71.93044073070799,74.23893044051918,77.47431374593641,81.04372851693994,87.88350371017597,91.77121024419895,98.60923658159422,97.93942479458084,100,104.7241951050509,106.1991140587493,106.3550199213047,106.0852780321216,105.0533297037789,104.505122126259,105.8576059788661,106.2560320720632,107.1221757529263,106.6148630255636,108.5302779083868,114.5586379271944,118.4612338835408,117.884629661709,NA
Romania,968,"Prices, Consumer Price Index, All items, Index",PCPI_IX,Value,NA,NA,NA,NA,NA,NA,NA,NA,NA,NA,NA,NA,NA,NA,NA,NA,NA,NA,NA,NA,NA,NA,NA,NA,NA,NA,NA,NA,NA,NA,NA,NA,NA,NA,NA,NA,NA,NA,NA,NA,NA,NA,NA,NA,NA,NA,NA,NA,NA,NA,0.02338892589898712,0.07732905033758518,0.2406523254963779,0.8547173123784562,2.023623519075686,2.676090023120545,3.715197082281807,9.464965391889335,15.05843649735572,21.95576979260155,31.98222205302931,43.00873669984964,52.70285703409026,60.75242210251821,67.96638559491406,74.09349601233416,78.952928412357,82.77214153834441,89.2704189428403,94.25833222300474,100,105.7892532881588,109.3172430858252,113.6732207777376,114.8876030226317,114.2049909333888,112.4407560386014,113.9463616118164,119.2169328282924,123.780383348878,127.037135732912,133.4554694786531,151.8663037478349,167.6561280621276,177.2484154024783,NA
Yemen,474,"Prices, Consumer Price Index, All items, Index",PCPI_IX,Value,NA,NA,NA,NA,NA,NA,NA,NA,NA,NA,NA,NA,NA,NA,NA,NA,NA,NA,NA,NA,NA,NA,NA,NA,NA,NA,NA,NA,NA,NA,NA,NA,NA,NA,NA,NA,NA,NA,NA,NA,NA,NA,NA,NA,NA,NA,NA,NA,NA,NA,3.84468633427295,5.22877341461121,6.76664794832039,9.185880088527833,13.7231679725975,21.282040789565,27.8228064406265,28.4284328897989,30.1274606039635,32.7365648201277,34.2391731453715,38.3176035125458,43.0071164230291,47.6658024016401,53.6312229259879,59.9657482186826,66.4689128968059,71.723358754956,85.3337679510354,89.94841415771675,100,119.5435617131144,131.3609055951969,145.7691505331482,157.5833405376746,NA,NA,NA,NA,NA,NA,NA,NA,NA,NA,NA
Angola,614,"Prices, Consumer Price Index, All items, Percentage change, Corresponding period previous year, Percent",PCPI_PC_CP_A_PT,Value,NA,NA,NA,NA,NA,NA,NA,NA,NA,NA,NA,NA,NA,NA,NA,NA,NA,NA,NA,NA,NA,NA,NA,NA,NA,NA,NA,NA,NA,NA,NA,NA,NA,NA,NA,NA,NA,NA,NA,NA,NA,NA,NA,NA,NA,NA,NA,NA,NA,NA,NA,83.78378378378376,299.5098039215688,1378.527607361963,949.7925311203318,2666.450592885375,4145.105982206379,219.1767211729742,107.2848215282982,248.1959024128681,324.9968716013207,152.5610224692988,108.897436089429,98.22414365733042,43.54210675196869,22.95351385139399,13.30521017800316,12.25149744594868,12.47582913263979,13.73028392884085,14.46965649325768,13.48246792185111,10.27790492188394,8.777814293326237,7.280387303611207,9.35597215533784,30.69441508067191,29.84447990156793,19.62893797015208,17.08095414343803,22.27153924705097,25.75429488418906,21.35529013208222,13.64410177677148,28.24049489157724,20.16201975723312
Anguilla,312,"Prices, Consumer Price Index, All items, Percentage change, Corresponding period previous year, Percent",PCPI_PC_CP_A_PT,Value,NA,NA,NA,NA,NA,NA,NA,NA,NA,NA,NA,NA,NA,NA,NA,NA,NA,NA,NA,NA,NA,NA,NA,NA,NA,NA,NA,NA,NA,NA,NA,NA,NA,NA,NA,NA,NA,NA,NA,NA,NA,NA,NA,NA,NA,NA,NA,NA,NA,NA,NA,4.616774829540673,2.355712603062558,4.26543920214802,3.509675520565027,1.386124537958493,3.582696487415082,0.1082983619872777,2.636916835699805,1.604751903386629,4.722069700591106,4.662835605970224,0.5377658274260391,3.209336250911747,4.358068315665518,4.60722347629796,8.43961071189656,4.423704529173005,7.451167222486876,-0.679258668085463,2.103928228842503,4.7241951050509,1.408384139136978,0.14680523838377121,-0.2536240314586845,-0.9727535690958325,-0.5218374125462683,1.294179486219902,0.3763792780999068,0.8151477746465052,-0.4735832929054762,1.796573975210127,5.554542137905787,3.406636135833443,-0.4867450751008211,NA
Albania,914,"Prices, Consumer Price Index, All items, Index",PCPI_IX,Value,NA,NA,NA,NA,NA,NA,NA,NA,NA,NA,NA,NA,NA,NA,NA,NA,NA,NA,NA,NA,NA,NA,NA,NA,NA,NA,NA,NA,NA,NA,NA,NA,NA,NA,NA,NA,NA,NA,NA,NA,NA,NA,NA,NA,NA,NA,NA,NA,NA,NA,NA,5.114499742529291,16.6735464306431,30.84685309668301,37.80746175219584,40.75387987017446,45.94000580924195,61.18302578482111,73.81295144817842,74.10040687432279,74.13747051686674,76.44135785455664,82.38125331474654,82.77998073243872,84.66738016154822,86.67110310374495,88.72583948945223,91.32788664083255,94.36076785542801,96.4998529504904,99.99999999999997,103.428071301415,105.5293084311282,107.5740662635516,109.3230754033681,111.3960311635077,112.8168114393227,115.0580994078581,117.3915462738126,119.0480475709839,120.9776814420642,123.4474064890239,131.7494948221919,138.0185910481879,141.0769087785867,144.1046809551101
Azerbaijan,912,"Prices, Consumer Price Index, All items, Index",PCPI_IX,Value,NA,NA,NA,NA,NA,NA,NA,NA,NA,NA,NA,NA,NA,NA,NA,NA,NA,NA,NA,NA,NA,NA,NA,NA,NA,NA,NA,NA,NA,NA,NA,NA,NA,NA,NA,NA,NA,NA,NA,NA,NA,NA,NA,NA,NA,NA,NA,NA,NA,NA,NA,0.04302177863145594,0.03844852176399594,0.4721478566025707,8.320264830774233,42.57975749289022,51.00833652396168,52.88256036626333,52.473937940233,48.0004455223207,48.86685502179303,49.6229209998933,50.99805387966723,52.13728152009958,55.63513546432201,61.02034247362152,66.10268092842333,77.14166666666668,93.225,94.58333333333331,100,107.8583333333334,109.0083333333333,111.6416666666667,113.175,117.7333333333333,132.3833333333334,149.5083333333334,152.9,156.891564325,161.221472575,171.9431827583333,195.7611977916667,212.9596617666667,217.6706955396022,NA
Czech Republic,935,"Prices, Consumer Price Index, All items, Index",PCPI_IX,Value,NA,NA,NA,NA,NA,NA,NA,NA,NA,NA,NA,NA,NA,NA,NA,NA,NA,NA,NA,NA,NA,NA,NA,NA,NA,NA,NA,NA,NA,NA,NA,NA,NA,NA,NA,NA,NA,NA,NA,NA,NA,NA,NA,NA,NA,NA,NA,NA,NA,NA,NA,34.88790091381474,38.75574807382191,46.82199337036375,51.52265454219674,56.15481096577675,61.07328435764201,66.32323956280237,73.41874216090307,74.98656154810969,77.81759541300848,81.44597742340083,82.99587887475366,83.09442752194953,85.38792331123457,86.97366063429494,89.17756674431106,91.72191363554923,97.55420175595776,98.54864719584309,100,101.9172191363555,105.2678731410142,106.7819387206594,107.1492564056621,107.4807382189572,108.2153735889626,110.8672280953235,113.2503135638775,116.4755420175597,120.1576778355134,124.7715463178642,143.6122558681241,158.9231320551873,162.7934061996059,166.7980648629279
Lithuania,946,"Prices, Consumer Price Index, All items, Index",PCPI_IX,Value,NA,NA,NA,NA,NA,NA,NA,NA,NA,NA,NA,NA,NA,NA,NA,NA,NA,NA,NA,NA,NA,NA,NA,NA,NA,NA,NA,NA,NA,NA,NA,NA,NA,NA,NA,NA,NA,NA,NA,NA,NA,NA,NA,NA,NA,NA,NA,NA,NA,NA,NA,0.3728754061606457,4.178518484171558,21.32932526278186,36.7407613223404,51.30760207525902,63.94219933439383,69.6209370594386,73.14901554166212,73.68121166255607,74.40447784124555,75.42167656800716,75.63399357317957,74.7760707174463,75.64654084180776,77.6575926625653,80.56130327286397,85.18324527972915,94.49026922994472,98.69796302851778,99.99999999999994,104.1302756264508,107.3478832022387,108.4723301336153,108.5848788641483,107.6248827673444,108.5994530682375,112.6424897511954,115.6815027878882,118.3820983212579,119.8025585486137,125.4135643417925,150.1263650760095,163.8138656197394,164.9863401590533,171.242135647364
Latvia,941,"Prices, Consumer Price Index, All items, Index",PCPI_IX,Value,NA,NA,NA,NA,NA,NA,NA,NA,NA,NA,NA,NA,NA,NA,NA,NA,NA,NA,NA,NA,NA,NA,NA,NA,NA,NA,NA,NA,NA,NA,NA,NA,NA,NA,NA,NA,NA,NA,NA,NA,NA,NA,NA,NA,NA,NA,NA,NA,NA,NA,NA,1.129990427072514,11.88406632392594,24.83645561786268,33.75887912863416,42.19047501601794,49.62041589537577,53.81204268111802,56.3111892229428,57.64284656505089,59.17283457415618,60.64448666018792,61.82030789881593,63.63946166192029,67.58026244031576,72.14088284947162,76.85615457610778,84.61322903010337,97.64562857163239,101.0965293011559,100,104.3707355993922,106.7272068413738,106.6957705792578,107.3578078454916,107.5448704985884,107.69611443606,110.8520016592023,113.6614949174473,116.8569846432734,117.1129772854836,120.9493985965323,141.8860818044366,154.5679253945454,156.5244444294679,162.3874950695157
Moldova,921,"Prices, Consumer Price Index, All items, Index",PCPI_IX,Value,NA,NA,NA,NA,NA,NA,NA,NA,NA,NA,NA,NA,NA,NA,NA,NA,NA,NA,NA,NA,NA,NA,NA,NA,NA,NA,NA,NA,NA,NA,NA,NA,NA,NA,NA,NA,NA,NA,NA,NA,NA,NA,NA,NA,NA,NA,NA,NA,NA,NA,NA,0.01001418588471218,0.1128424766994547,1.933673181739617,11.3395550181904,14.72618234210218,18.18767124150686,20.32887530322566,21.89333780931546,30.48778227195613,40.03024519085165,43.93906367479946,46.26838060872627,51.70310124227902,58.17854077818701,65.1362193567528,73.45916639246065,82.54398406054003,93.09562055483929,93.037232288028,100,107.6872510335618,112.5830734355477,117.7595068969086,123.752035663224,135.7265800485254,144.357852642313,153.8424955472437,158.5270825706376,166.1962796369206,172.4551837008354,181.261454671574,233.3510984735221,264.6598397132056,277.0399260900563,NA
Romania,968,"Prices, Consumer Price Index, All items, Percentage change, Corresponding period previous year, Percent",PCPI_PC_CP_A_PT,Value,NA,NA,NA,NA,NA,NA,NA,NA,NA,NA,NA,NA,NA,NA,NA,NA,NA,NA,NA,NA,NA,NA,NA,NA,NA,NA,NA,NA,NA,NA,NA,NA,NA,NA,NA,NA,NA,NA,NA,NA,NA,NA,NA,NA,NA,NA,NA,NA,NA,NA,NA,230.6224949001783,211.2055876100818,255.1668618266981,136.7593928154407,32.2424847257597,38.82930133828518,154.763480436309,59.09658275411668,45.80378113263625,45.66659404402382,34.47701234935274,22.53988626053857,15.27348899362548,11.87436359363988,9.014912833438348,6.558514122769834,4.837329283139891,7.850802557144816,5.587420042643928,6.09141668601891,5.7892532881588,3.334922676934421,3.984712355481296,1.068309876842982,-0.5941564374952033,-1.544796668138967,1.339021211043902,4.625484431377785,3.827854325994376,2.631073111847428,5.05232876096582,13.79548874325208,10.39718747649958,5.721405743544386,NA
Slovak Republic,936,"Prices, Consumer Price Index, All items, Index",PCPI_IX,Value,NA,NA,NA,NA,NA,NA,NA,NA,NA,NA,NA,NA,NA,NA,NA,NA,NA,NA,NA,NA,NA,NA,NA,NA,NA,NA,NA,NA,NA,NA,NA,NA,NA,NA,NA,NA,NA,NA,NA,NA,NA,NA,NA,NA,NA,NA,NA,NA,NA,NA,NA,26.11865679915739,28.7027074671545,35.3867148955042,40.1340268307556,44.08365485891678,46.62985087865182,49.49385165474806,52.79293918731636,58.37338599700649,65.39907866289705,70.1925827374023,72.38760463440326,78.57974388824215,84.51133654858918,86.80082044459225,90.69238871334329,93.19252730195683,97.4776872332169,99.05205388325297,100,103.9192859914629,107.6667221021121,109.1745662176395,109.0914130495038,108.7366261987915,108.1711846554688,109.5903320583181,112.3454736958812,115.3389877487665,117.5730361993458,121.276123953656,136.7681135317923,151.1724596707135,155.3412051665835,161.555518598592
Yemen,474,"Prices, Consumer Price Index, All items, Percentage change, Corresponding period previous year, Percent",PCPI_PC_CP_A_PT,Value,NA,NA,NA,NA,NA,NA,NA,NA,NA,NA,NA,NA,NA,NA,NA,NA,NA,NA,NA,NA,NA,NA,NA,NA,NA,NA,NA,NA,NA,NA,NA,NA,NA,NA,NA,NA,NA,NA,NA,NA,NA,NA,NA,NA,NA,NA,NA,NA,NA,NA,NA,35.99999999999995,29.41176470588236,35.75229801644908,49.39415538132538,55.08110687022924,30.7337332718043,2.176726673726458,5.976508521418603,8.660219493643458,4.589999999999812,11.9115912929855,12.2385339389711,10.83236070232415,12.51509514952074,11.81126393749489,10.84479869142567,7.905117789887304,18.97625743180765,5.407760980775217,11.17483386050437,19.5435617131144,9.885387144848714,10.9684421500198,8.10472583623915,NA,NA,NA,NA,NA,NA,NA,NA,NA,NA,NA
Albania,914,"Prices, Consumer Price Index, All items, Percentage change, Corresponding period previous year, Percent",PCPI_PC_CP_A_PT,Value,NA,NA,NA,NA,NA,NA,NA,NA,NA,NA,NA,NA,NA,NA,NA,NA,NA,NA,NA,NA,NA,NA,NA,NA,NA,NA,NA,NA,NA,NA,NA,NA,NA,NA,NA,NA,NA,NA,NA,NA,NA,NA,NA,NA,NA,NA,NA,NA,NA,NA,NA,NA,226.0054212535257,85.00475123871558,22.56505269336959,7.793218537892175,12.72547780871026,33.18027437539561,20.64285886705961,0.3894376535616283,0.05001813634682384,3.107588270314336,7.77052583431552,0.4840026118184783,2.280019169381011,2.366581956797953,2.370728319042818,2.932682481623228,3.32087090389265,2.266922094508307,3.627100915174796,3.428071301415031,2.031592683952962,1.937620802052232,1.625865044026045,1.896174025923657,1.275431683674233,1.986661331711943,2.028059630711346,1.411090789542507,1.620886617170039,2.041471631395451,6.725202715300596,4.758345551500386,2.215873750899991,2.146185511673877
Azerbaijan,912,"Prices, Consumer Price Index, All items, Percentage change, Corresponding period previous year, Percent",PCPI_PC_CP_A_PT,Value,NA,NA,NA,NA,NA,NA,NA,NA,NA,NA,NA,NA,NA,NA,NA,NA,NA,NA,NA,NA,NA,NA,NA,NA,NA,NA,NA,NA,NA,NA,NA,NA,NA,NA,NA,NA,NA,NA,NA,NA,NA,NA,NA,NA,NA,NA,NA,NA,NA,NA,NA,NA,-10.63009715762008,1128.000024294043,1662.215948758991,411.7596417772679,19.79480280618984,3.674348096847296,-0.7726978860331667,-8.52517000536064,1.805003037043564,1.547195901522799,2.771164719982701,2.233864929670496,6.708930427977844,9.679507319170568,8.328924828632097,16.69975496182445,20.84908717727123,1.457048359703213,5.72687224669605,7.8583333333334,1.066213397203028,2.415717452794191,1.37344181533176,4.027685737427259,12.44337485843723,12.93591841873347,2.268546903739991,2.610571827992152,2.759809470081272,6.650299127087786,13.8522590144267,8.785430498490808,2.212171889199014,NA
Benin,638,"Prices, Consumer Price Index, All items, Index",PCPI_IX,Value,NA,NA,NA,NA,NA,NA,NA,NA,NA,NA,NA,NA,NA,NA,NA,NA,NA,NA,NA,NA,NA,NA,NA,NA,NA,NA,NA,NA,NA,NA,NA,NA,NA,NA,NA,NA,NA,NA,NA,NA,NA,NA,NA,NA,NA,NA,NA,NA,NA,NA,NA,NA,38.90351108667876,39.07491965110757,54.13082464668148,61.95952126205721,65.00436067018714,67.25760416259034,71.12714571184041,71.35953438030074,74.33194758154065,77.29355200750265,79.21751400685037,80.39567051206885,81.09824090508907,85.44877295417595,88.68059676206894,89.83173132909445,96.97092739970765,97.83985707324993,100,102.7042390774728,109.6313139515998,110.1015104758811,109.4973201234367,109.7368848465162,108.8663310053597,108.9134318661686,109.9145322397272,110.7200401981486,114.0667983221437,116.0441914722402,117.611691618775,120.8327239392855,122.2355083644634,123.5819966371068
Belarus,913,"Prices, Consumer Price Index, All items, Index",PCPI_IX,Value,NA,NA,NA,NA,NA,NA,NA,NA,NA,NA,NA,NA,NA,NA,NA,NA,NA,NA,NA,NA,NA,NA,NA,NA,NA,NA,NA,NA,NA,NA,NA,NA,NA,NA,NA,NA,NA,NA,NA,NA,NA,NA,NA,NA,NA,NA,NA,NA,NA,NA,NA,NA,1.44697526067745e-4,0.001866929781465565,0.04333174957659432,0.3507037958457371,0.5355670498883118,0.8779945165489591,1.517786636503742,5.975203471759824,16.0506056584144,25.86313269975778,36.86467522110499,47.33344667496982,55.90470197953012,61.68462172172373,66.00077429856388,71.56249635192432,82.18085116864931,92.81970173908432,100,153.2286983118174,243.9703289639406,288.6468124585658,340.9483285292549,387.0939451578951,432.9126326142876,459.0252180559684,481.3903138791422,508.3392943802096,536.5426882783548,587.3011498139572,676.6277475816038,710.4631881700589,751.565750724138,801.1599171076484
Czech Republic,935,"Prices, Consumer Price Index, All items, Percentage change, Corresponding period previous year, Percent",PCPI_PC_CP_A_PT,Value,NA,NA,NA,NA,NA,NA,NA,NA,NA,NA,NA,NA,NA,NA,NA,NA,NA,NA,NA,NA,NA,NA,NA,NA,NA,NA,NA,NA,NA,NA,NA,NA,NA,NA,NA,NA,NA,NA,NA,NA,NA,NA,NA,NA,NA,NA,NA,NA,NA,NA,NA,NA,11.08650007222303,20.8130295438428,10.03942983514303,8.990523614784449,8.758774728781114,8.59615666715563,10.69836552748886,2.135448444173312,3.775388291517344,4.662675569882525,1.902980970190317,0.1187392055267907,2.760107816711571,1.857097891092197,2.533992583436345,2.853124372111748,6.358663801523733,1.019377353292318,1.47272727272722,1.9172191363555,3.287623066104114,1.438297872340401,0.3439885896467939,0.3093645484949753,0.6835042093857026,2.450533984601403,2.149494949494928,2.8478759591805,3.161295284978014,3.839844915001462,15.10016514683715,10.66126013724263,2.435312024353143,2.459963678388649
Estonia,939,"Prices, Consumer Price Index, All items, Index",PCPI_IX,Value,NA,NA,NA,NA,NA,NA,NA,NA,NA,NA,NA,NA,NA,NA,NA,NA,NA,NA,NA,NA,NA,NA,NA,NA,NA,NA,NA,NA,NA,NA,NA,NA,NA,NA,NA,NA,NA,NA,NA,NA,NA,NA,NA,NA,NA,NA,NA,NA,NA,NA,NA,NA,11.63777857283556,22.08989433263042,32.61676513485707,42.00276564595222,51.68454734363717,57.15374357020401,61.84511335492472,63.88359687559534,66.45075252429035,70.27052771956562,72.78052962469043,73.75214326538384,76.00019051247855,79.10078110116211,82.61097351876549,88.06439321775579,97.18994094113162,97.1137359497047,100,104.9819013145361,109.1112592874834,112.1451705086683,112.0261002095637,111.4745665841112,111.6403124404648,115.4553248237759,119.4227471899409,122.1423128214898,121.5993522575729,127.257572871023,151.94333206325,165.8601638407315,171.6993713088208,179.9890931606021
Lithuania,946,"Prices, Consumer Price Index, All items, Percentage change, Corresponding period previous year, Percent",PCPI_PC_CP_A_PT,Value,NA,NA,NA,NA,NA,NA,NA,NA,NA,NA,NA,NA,NA,NA,NA,NA,NA,NA,NA,NA,NA,NA,NA,NA,NA,NA,NA,NA,NA,NA,NA,NA,NA,NA,NA,NA,NA,NA,NA,NA,NA,NA,NA,NA,NA,NA,NA,NA,NA,NA,NA,NA,1020.620565243536,410.4518585613163,72.25468161644282,39.64762903282894,24.62519538645,8.88104848465892,5.067553858419683,0.7275506265574238,0.9816154788575978,1.367120308178191,0.2815066103455753,-1.134308549902469,1.164102521046706,2.658484840652617,3.739120040606639,5.737173827998425,10.9258856241655,4.453044565185352,1.319213620554631,4.130275626450852,3.089982770554172,1.04747937065344,0.1037580094337085,-0.8840974055005959,0.905525075460342,3.722888623037074,2.697927792083936,2.334509379880265,1.199894449835687,4.683544209034531,19.70504615183939,9.117319623904748,0.7157358352287232,3.791705108604669
Latvia,941,"Prices, Consumer Price Index, All items, Percentage change, Corresponding period previous year, Percent",PCPI_PC_CP_A_PT,Value,NA,NA,NA,NA,NA,NA,NA,NA,NA,NA,NA,NA,NA,NA,NA,NA,NA,NA,NA,NA,NA,NA,NA,NA,NA,NA,NA,NA,NA,NA,NA,NA,NA,NA,NA,NA,NA,NA,NA,NA,NA,NA,NA,NA,NA,NA,NA,NA,NA,NA,NA,NA,951.6961948708012,108.9895406243229,35.92470539296422,24.97593553167507,17.6104698431032,8.447383420929523,4.644214226607866,2.364818361118068,2.654254777960477,2.487040035554569,1.938875738558962,2.942647529484729,6.1923854719744,6.748450278931117,6.536199087658774,10.09297758491683,15.40231910649859,3.534106728589437,-1.084635950151617,4.3707355993922,2.257789243745948,-0.02945477825792161,0.6204906367324212,0.1742422436251855,0.1406333345053265,2.930363123746655,2.534454241865981,2.811409200756152,0.2190649048421562,3.275829374311563,17.31028301988148,8.93804623316637,1.2657988582872861,3.745773167519385
Moldova,921,"Prices, Consumer Price Index, All items, Percentage change, Corresponding period previous year, Percent",PCPI_PC_CP_A_PT,Value,NA,NA,NA,NA,NA,NA,NA,NA,NA,NA,NA,NA,NA,NA,NA,NA,NA,NA,NA,NA,NA,NA,NA,NA,NA,NA,NA,NA,NA,NA,NA,NA,NA,NA,NA,NA,NA,NA,NA,NA,NA,NA,NA,NA,NA,NA,NA,NA,NA,NA,NA,NA,1026.82626424702,1613.603988761938,486.4256237958909,29.86561040957168,23.50567729633686,11.77283244944667,7.69576517517209,39.25598068917474,31.2993015817784,9.76466285757629,5.301243902615868,11.74607920582324,12.52427684282282,11.95918372221267,12.77775578303499,12.36716684143012,12.78304726188211,-0.06271859671090067,7.48385086350852,7.6872510335618,4.546334273553021,4.59787897363127,5.088785546258698,9.676240331018597,6.359308980379318,6.570229974556049,3.045053973370644,4.83778351428735,3.765971222453514,5.106411290028356,28.73729767662345,13.41701043813001,4.677735160070445,NA
Mongolia,948,"Prices, Consumer Price Index, All items, Index",PCPI_IX,Value,NA,NA,NA,NA,NA,NA,NA,NA,NA,NA,NA,NA,NA,NA,NA,NA,NA,NA,NA,NA,NA,NA,NA,NA,NA,NA,NA,NA,NA,NA,NA,NA,NA,NA,NA,NA,NA,NA,NA,NA,NA,NA,NA,NA,NA,NA,NA,NA,NA,NA,NA,NA,2.288663203110814,8.425724771132845,15.80497531179494,15.81185302080788,23.22602333678481,31.71655511329087,34.68428655238543,37.30813254083187,41.63421150998725,44.24774093491413,44.6535257666791,46.94380286799668,50.8125141877898,57.27412180547098,60.19233373967224,65.98943518894761,84.43722064201549,90.8709196803468,99.99999999999999,108.411214953271,123.9469050521469,136.9497494243533,153.7315454422322,162.5490992821347,163.7410266829203,170.7842340511988,182.4389735594541,195.7589698788956,203.0484917850402,217.990721824726,251.0184368386875,276.9927782657968,294.1602339531636,319.4737953981539
Russia,922,"Prices, Consumer Price Index, All items, Index",PCPI_IX,Value,NA,NA,NA,NA,NA,NA,NA,NA,NA,NA,NA,NA,NA,NA,NA,NA,NA,NA,NA,NA,NA,NA,NA,NA,NA,NA,NA,NA,NA,NA,NA,NA,NA,NA,NA,NA,NA,NA,NA,NA,NA,NA,NA,NA,NA,NA,NA,NA,NA,NA,NA,NA,0.05359578410673697,0.5221546329640899,2.12894263118429,6.331779144470352,9.355331094077822,10.73630232106164,13.70872060485466,25.46346790894221,30.75955365400747,37.36578521057026,43.26536844557724,49.17684251371931,54.531519924474694,61.44900897584989,67.39030137682836,73.46034710899428,83.8261661028973,93.58967594017213,100,108.4404648593257,113.9435397676078,121.640047972666,131.1525061474583,151.5262558078959,162.1973972967102,168.1716638638058,173.0121721164639,180.7493219875114,186.8626218856231,199.372063343799,226.7731212204481,240.0749959987502,260.3249956612503,NA
Slovak Republic,936,"Prices, Consumer Price Index, All items, Percentage change, Corresponding period previous year, Percent",PCPI_PC_CP_A_PT,Value,NA,NA,NA,NA,NA,NA,NA,NA,NA,NA,NA,NA,NA,NA,NA,NA,NA,NA,NA,NA,NA,NA,NA,NA,NA,NA,NA,NA,NA,NA,NA,NA,NA,NA,NA,NA,NA,NA,NA,NA,NA,NA,NA,NA,NA,NA,NA,NA,NA,NA,NA,NA,9.893505197711674,23.28702766454503,13.41552034222463,9.84109579837748,5.775827861559492,6.141989995956524,6.665651231958244,10.57044160752248,12.0357805974299,7.329620191155299,3.127142229846084,8.55414305406645,7.548500881834232,2.709084945883843,4.483331204496106,2.756723716381397,4.598179763250279,1.615104640582376,0.9570181329751429,3.9192859914629,3.606102635228899,1.400473689630253,-0.07616532954198706,-0.3252197774276733,-0.520010196278266,1.311945882232281,2.514037128838118,2.664561334254313,1.936941266942229,3.14960629921268,12.77414636376106,10.53194766452113,2.757609094242718,4.000428234958295
Ukraine,926,"Prices, Consumer Price Index, All items, Index",PCPI_IX,Value,NA,NA,NA,NA,NA,NA,NA,NA,NA,NA,NA,NA,NA,NA,NA,NA,NA,NA,NA,NA,NA,NA,NA,NA,NA,NA,NA,NA,NA,NA,NA,NA,NA,NA,NA,NA,NA,NA,NA,NA,NA,NA,NA,NA,NA,NA,NA,NA,NA,NA,NA,NA,0.004194348521421934,0.2027931584441119,2.010060940551409,9.582888644588731,17.28039200224558,20.03499006865539,22.15412325425324,27.17949186477457,34.84495038442369,39.01199128642247,39.3074762410188,41.34347686911623,45.08426271212766,51.2020062262193,55.83708059494981,63.00588031822895,78.9000345901072,91.43030093393286,99.99999999999999,107.9557246627465,108.5696990660671,108.3102732618471,121.3853337945347,180.4998270494638,205.6122448979592,235.2992044275337,261.0688343133862,281.6585956416464,289.354894500173,316.4475959875475,380.3182289865097,429.1854029747492,457.0909719820129,515.2801798685576
Armenia,911,"Prices, Consumer Price Index, All items, Index",PCPI_IX,Value,NA,NA,NA,NA,NA,NA,NA,NA,NA,NA,NA,NA,NA,NA,NA,NA,NA,NA,NA,NA,NA,NA,NA,NA,NA,NA,NA,NA,NA,NA,NA,NA,NA,NA,NA,NA,NA,NA,NA,NA,NA,NA,NA,NA,NA,NA,NA,NA,NA,NA,NA,NA,NA,0.462030295706842,16.0498210283141,44.289693873561,52.5635338054846,59.9018047741462,65.0967806009243,65.5187677213725,65.0005904218581,67.0454470164194,67.756161803785,70.9553051421402,75.8946893809888,76.3796018037861,78.5887722763934,82.0524630946995,89.3961202671007,92.4416376368405,99.99999999999996,107.6500080785929,110.4037168987588,116.7957253299818,120.2777664380184,124.7661612548623,123.0149339844037,124.2076292979815,127.3379519785898,129.1760073267483,130.7408916965933,140.1344107348764,152.2433005726061,155.2583554825849,155.6767953478586,160.8249233059692
Benin,638,"Prices, Consumer Price Index, All items, Percentage change, Corresponding period previous year, Percent",PCPI_PC_CP_A_PT,Value,NA,NA,NA,NA,NA,NA,NA,NA,NA,NA,NA,NA,NA,NA,NA,NA,NA,NA,NA,NA,NA,NA,NA,NA,NA,NA,NA,NA,NA,NA,NA,NA,NA,NA,NA,NA,NA,NA,NA,NA,NA,NA,NA,NA,NA,NA,NA,NA,NA,NA,NA,NA,NA,0.4405992149317939,38.53086616685379,14.4625482180894,4.914239726372014,3.466295905647761,5.753314584170641,0.3267228933968662,4.165404422902826,3.984295477678934,2.48916235491541,1.487242461454418,0.8738908308684998,5.364520858323421,3.782176965403747,1.298068133341521,7.947298760678541,0.8960723557490692,2.207835325365237,2.7042390774728,6.744682533407122,0.4288888888888836,-0.5487575509481809,0.2187859235362453,-0.793310145785624,0.04326485551036081,0.9191707178860538,0.7328493712410664,3.022721196637592,1.733539626940358,1.350778635835274,2.738700784060748,1.160930896404151,1.101552479029779
Belarus,913,"Prices, Consumer Price Index, All items, Percentage change, Corresponding period previous year, Percent",PCPI_PC_CP_A_PT,Value,NA,NA,NA,NA,NA,NA,NA,NA,NA,NA,NA,NA,NA,NA,NA,NA,NA,NA,NA,NA,NA,NA,NA,NA,NA,NA,NA,NA,NA,NA,NA,NA,NA,NA,NA,NA,NA,NA,NA,NA,NA,NA,NA,NA,NA,NA,NA,NA,NA,NA,NA,NA,NA,1190.22923349187,2221.016569920392,709.3460321186063,52.71207675319542,63.93736633574784,72.86971705353544,293.6787508897725,168.6202358509335,61.13493316184765,42.53754813487944,28.39783991334737,18.10824249376462,10.33887944579325,6.997129035355846,8.426752735053093,14.83787648282542,12.94565634104014,7.735748043125003,53.2286983118174,59.21973602325183,18.3122610377873,18.11955435267341,13.53448976497349,11.83658076534964,6.031837251777853,4.872302205506899,5.598155950398538,5.548143574565106,9.460283896231058,15.20967527408096,5.000599030913127,5.785319104279989,6.598779459511857
Estonia,939,"Prices, Consumer Price Index, All items, Percentage change, Corresponding period previous year, Percent",PCPI_PC_CP_A_PT,Value,NA,NA,NA,NA,NA,NA,NA,NA,NA,NA,NA,NA,NA,NA,NA,NA,NA,NA,NA,NA,NA,NA,NA,NA,NA,NA,NA,NA,NA,NA,NA,NA,NA,NA,NA,NA,NA,NA,NA,NA,NA,NA,NA,NA,NA,NA,NA,NA,NA,NA,NA,NA,NA,89.81194902772745,47.65469061876283,28.77661372085138,23.05034334951698,10.58187893221463,8.208333333332979,3.296110897189092,4.018489525087634,5.74827981651373,3.571912701640268,1.33499116549955,3.048111075234161,4.079714231998485,4.437620423892135,6.601326030556375,10.36235803136826,-0.0784083112809768,2.972045120156935,4.9819013145361,3.933399872969854,2.780566589549876,-0.1061751465217099,-0.4923260065473701,0.1486849076273729,3.417235494880541,3.436326884204463,2.277259312435221,-0.4445310976798297,4.653166738474728,19.39826340806162,9.159225079839825,3.520560532965857,4.828044382801667
Kazakhstan,916,"Prices, Consumer Price Index, All items, Index",PCPI_IX,Value,NA,NA,NA,NA,NA,NA,NA,NA,NA,NA,NA,NA,NA,NA,NA,NA,NA,NA,NA,NA,NA,NA,NA,NA,NA,NA,NA,NA,NA,NA,NA,NA,NA,NA,NA,NA,NA,NA,NA,NA,NA,NA,NA,NA,NA,NA,NA,NA,NA,NA,NA,NA,NA,0.3736634993153336,7.388718886309007,20.40433872849801,28.39927739517372,33.34303526507779,35.72583748165316,38.68966283854901,43.7893049656122,47.44752383167141,50.21699998483633,53.45007996773434,57.12854354251556,61.45888673814406,66.81914268977286,74.06690565262544,86.76189904956388,93.109467764034,100,108.4529046617679,114.087774540991,120.8678269771882,129.1466080741218,137.7713877348364,157.5568665612974,169.2832935085176,179.7173443482626,189.3026785171879,202.0203250246396,218.2657315630446,251.0664098302295,287.5402326123316,312.5298411448829,348.1205690244123
"Macedonia, FYR",962,"Prices, Consumer Price Index, All items, Index",PCPI_IX,Value,NA,NA,NA,NA,NA,NA,NA,NA,NA,NA,NA,NA,NA,NA,NA,NA,NA,NA,NA,NA,NA,NA,NA,NA,NA,NA,NA,NA,NA,NA,NA,NA,NA,NA,NA,NA,NA,NA,NA,NA,NA,NA,NA,NA,NA,NA,NA,NA,NA,NA,NA,NA,NA,27.59156585944253,62.51789930103832,72.7543231667423,74.5488813644176,75.51381589693243,75.92476182065045,74.95346653502673,79.9059590549901,84.06017818011642,86.00583333333326,86.74166666666659,86.3524999999999,86.80629616134046,89.59592872560891,91.61341220317969,99.2465470435175,98.51248587441818,100,103.9047542206973,107.3502937111868,110.3399999999999,110.0291666666666,109.6991666666665,109.4366666666666,110.9158333333333,112.5333333333332,113.3958333333332,114.7566666666666,118.4641666666666,135.2916666666666,147.9574999999999,153.1208333333331,159.3566666666664
Mongolia,948,"Prices, Consumer Price Index, All items, Percentage change, Corresponding period previous year, Percent",PCPI_PC_CP_A_PT,Value,NA,NA,NA,NA,NA,NA,NA,NA,NA,NA,NA,NA,NA,NA,NA,NA,NA,NA,NA,NA,NA,NA,NA,NA,NA,NA,NA,NA,NA,NA,NA,NA,NA,NA,NA,NA,NA,NA,NA,NA,NA,NA,NA,NA,NA,NA,NA,NA,NA,NA,NA,NA,NA,268.150488882784,87.58000932980804,0.04351610095719227,46.88995215311023,36.55611489487726,9.357042177165477,7.56494150307377,11.59553875933271,6.277360204840061,0.9170746871842701,5.12899499422419,8.241154494176191,12.71656740660532,5.09516661663157,9.63096309630964,27.95566502463056,7.619505935194102,10.04620658816507,8.411214953271012,14.33033483258381,10.49065675882415,12.25398081297595,5.735682819383272,0.7332722273143972,4.301431053023421,6.824247901455217,7.301069535507288,3.723723061402598,7.35894657888155,15.15097282008049,10.34758313143399,6.197799016584197,8.605364873696947
Russia,922,"Prices, Consumer Price Index, All items, Percentage change, Corresponding period previous year, Percent",PCPI_PC_CP_A_PT,Value,NA,NA,NA,NA,NA,NA,NA,NA,NA,NA,NA,NA,NA,NA,NA,NA,NA,NA,NA,NA,NA,NA,NA,NA,NA,NA,NA,NA,NA,NA,NA,NA,NA,NA,NA,NA,NA,NA,NA,NA,NA,NA,NA,NA,NA,NA,NA,NA,NA,NA,NA,NA,NA,874.2457203801879,307.7226355531932,197.414268084251,47.75201220099391,14.761329268806,27.68567980767421,85.74649409606356,20.79876065587041,21.47700721171585,15.78873079144626,13.66329302286657,10.888615732621579,12.68530395073494,9.668654547892645,9.00729868861079,14.11076778404423,11.64732957641177,6.849392302550247,8.4404648593257,5.07474300799149,6.754668339034861,7.820169700138449,15.53439599357014,7.042437254137072,3.683330723344951,2.878313826149806,4.472026318379035,3.382197969480676,6.694458919576123,13.74367973982316,5.865719317489674,8.434864104967232,NA
Uganda,746,"Prices, Consumer Price Index, All items, Index",PCPI_IX,Value,NA,NA,NA,NA,NA,NA,NA,NA,NA,NA,NA,NA,NA,NA,NA,NA,NA,NA,NA,NA,NA,NA,NA,NA,NA,NA,NA,NA,NA,NA,NA,NA,NA,NA,NA,NA,NA,NA,NA,NA,NA,NA,NA,NA,NA,NA,NA,NA,NA,NA,NA,NA,NA,36.0940476153757,39.7167205052214,42.3182213770662,45.36159830774429,49.0671969995158,49.1009572781341,51.9377007561817,53.6994387766516,54.7010005634685,54.5437305308278,59.278386250326,61.48430539236501,66.67894614804489,71.55362795157201,75.9459551546768,85.0980925051349,96.1755292184112,99.99999999999999,116.5643496174515,131.3435874763952,137.7862646309738,142.0241659895599,149.9628710012847,158.5203148506103,166.7787747355883,171.1417273452274,176.0493670405627,181.8824510260037,185.8921807007657,199.2685895307928,209.9313482222138,216.9081660711184,224.6752832321676
Ukraine,926,"Prices, Consumer Price Index, All items, Percentage change, Corresponding period previous year, Percent",PCPI_PC_CP_A_PT,Value,NA,NA,NA,NA,NA,NA,NA,NA,NA,NA,NA,NA,NA,NA,NA,NA,NA,NA,NA,NA,NA,NA,NA,NA,NA,NA,NA,NA,NA,NA,NA,NA,NA,NA,NA,NA,NA,NA,NA,NA,NA,NA,NA,NA,NA,NA,NA,NA,NA,NA,NA,NA,NA,4734.914347445849,891.1877481337049,376.7461747682093,80.32550145517423,15.94059941494297,10.57716114825143,22.6836718061345,28.20309723885524,11.95880853904594,0.7574208463928603,5.17967781908315,9.048067860508883,13.56957649092478,9.052524911332481,12.83877961901812,25.22646170738403,15.88119245944761,9.37293105078978,7.955724662746522,0.5687279718038623,-0.2389486260454066,12.0718562874251,48.69986464344236,13.91271019977966,14.43832274887494,10.95185593531784,7.886717456111332,2.732492094194272,9.363139176952233,20.1836366617478,12.84902228285588,6.50198464669254,12.73033410269029
Armenia,911,"Prices, Consumer Price Index, All items, Percentage change, Corresponding period previous year, Percent",PCPI_PC_CP_A_PT,Value,NA,NA,NA,NA,NA,NA,NA,NA,NA,NA,NA,NA,NA,NA,NA,NA,NA,NA,NA,NA,NA,NA,NA,NA,NA,NA,NA,NA,NA,NA,NA,NA,NA,NA,NA,NA,NA,NA,NA,NA,NA,NA,NA,NA,NA,NA,NA,NA,NA,NA,NA,NA,NA,NA,3373.759443362932,175.951325534583,18.68118564003604,13.96076412179104,8.672486323851578,0.6482457604703853,-0.7908837689347572,3.1459046468502,1.060049293416667,4.721553366053402,6.961261358757952,0.6389280024100973,2.892356624590039,4.407360896445163,8.949953353533871,3.406766826838013,8.176361384739518,7.650008078592943,2.558020077579073,5.789667785446507,2.981308689336724,3.731691192616935,-1.403607559008996,0.9695532688161378,2.520233820016377,1.443446607706982,1.211435778384646,7.184836294433707,8.640911089738546,1.980418776155536,0.2695119782591255,3.306933410729035
Georgia,915,"Prices, Consumer Price Index, All items, Index",PCPI_IX,Value,NA,NA,NA,NA,NA,NA,NA,NA,NA,NA,NA,NA,NA,NA,NA,NA,NA,NA,NA,NA,NA,NA,NA,NA,NA,NA,NA,NA,NA,NA,NA,NA,NA,NA,NA,NA,NA,NA,NA,NA,NA,NA,NA,NA,NA,NA,NA,NA,NA,NA,NA,NA,NA,NA,10.9011308634888,28.63914055674358,39.9107903009958,42.73951451043687,44.26395085314272,52.75938744634688,54.90350891089368,57.45435032335438,60.66480594120001,61.17301596905909,64.6331613976932,69.96351666666665,76.37285,83.43344166666668,91.77635833333335,93.36180833333331,100,108.5429333333333,107.5186583333333,106.9681,110.25075,114.664725,117.1127333333333,124.1808583333333,127.4284916666667,133.6124666666666,140.5636083333334,154.0112083333334,172.3357166666667,176.6230166666667,178.5830333333333,NA
Guyana,336,"Prices, Consumer Price Index, All items, Index",PCPI_IX,Value,NA,NA,NA,NA,NA,NA,NA,NA,NA,NA,NA,NA,NA,NA,NA,NA,NA,NA,NA,NA,NA,NA,NA,NA,NA,NA,NA,NA,NA,NA,NA,NA,NA,NA,NA,NA,NA,NA,NA,NA,NA,NA,NA,NA,NA,NA,NA,NA,NA,NA,NA,NA,NA,NA,37.98679933596261,42.62518746540646,45.64932174392624,47.27246139586462,49.44059684334411,53.16753750533014,56.4365665864716,57.91938835387694,61.01287169758241,64.66203821680664,67.68076363051347,72.36802404480191,77.2001512823506,86.6186889703122,93.63655426716544,96.40098716127343,100,104.9777356370697,107.4887350617123,109.5323665918695,110.466272954109,109.3596943773265,110.2739502383595,112.3742898191079,113.815875399987,116.1914755109034,117.3456484545358,123.2514856657742,130.7883824201658,134.4780578593351,138.3832364657481,NA
Kazakhstan,916,"Prices, Consumer Price Index, All items, Percentage change, Corresponding period previous year, Percent",PCPI_PC_CP_A_PT,Value,NA,NA,NA,NA,NA,NA,NA,NA,NA,NA,NA,NA,NA,NA,NA,NA,NA,NA,NA,NA,NA,NA,NA,NA,NA,NA,NA,NA,NA,NA,NA,NA,NA,NA,NA,NA,NA,NA,NA,NA,NA,NA,NA,NA,NA,NA,NA,NA,NA,NA,NA,NA,NA,NA,1877.372395175716,176.1552989423702,39.18254236541106,17.40804106073569,7.146326654523337,8.296027653425645,13.18089058657313,8.354137771613443,5.836924521056426,6.438218101189398,6.882054389818987,7.579999291257655,8.721693860917256,10.84683620755567,17.13989977720698,7.316078582885775,7.400463563413957,8.4529046617679,5.195683690350729,5.942838716484185,6.849449770033578,6.678285856152362,14.36109423862478,7.442663213067925,6.163662475777625,5.333560989166689,6.718154548614583,8.04147134028401,15.02786444408505,14.52755978259521,8.690821561044944,11.38794546759143
Cambodia,522,"Prices, Consumer Price Index, All items, Index",PCPI_IX,Value,NA,NA,NA,NA,NA,NA,NA,NA,NA,NA,NA,NA,NA,NA,NA,NA,NA,NA,NA,NA,NA,NA,NA,NA,NA,NA,NA,NA,NA,NA,NA,NA,NA,NA,NA,NA,NA,NA,NA,NA,NA,NA,NA,NA,NA,NA,NA,NA,NA,NA,NA,NA,NA,NA,44.86840062412426,44.50992707787107,47.69277027633551,51.48921684226028,59.11296955867219,61.48233975477817,60.99540421697477,60.62903635839194,60.75724650080421,61.32942551100723,63.97844994060044,68.2107901851408,72.17430468303127,78.45984052564935,97.36619212210393,96.15717903464723,100,105.4784474961745,108.5735185556375,111.7673444245087,116.0767451979252,117.4974455748556,121.0448576610754,124.5704532454643,127.6337467672467,130.1131280341438,133.9388380176683,137.8508362381262,145.2171750257887,148.3066239055082,149.5050037399717,NA
"Macedonia, FYR",962,"Prices, Consumer Price Index, All items, Percentage change, Corresponding period previous year, Percent",PCPI_PC_CP_A_PT,Value,NA,NA,NA,NA,NA,NA,NA,NA,NA,NA,NA,NA,NA,NA,NA,NA,NA,NA,NA,NA,NA,NA,NA,NA,NA,NA,NA,NA,NA,NA,NA,NA,NA,NA,NA,NA,NA,NA,NA,NA,NA,NA,NA,NA,NA,NA,NA,NA,NA,NA,NA,NA,NA,NA,126.5833683362451,16.37358897235685,2.466600085829174,1.294364871550449,0.5441996525230739,-1.279286575726263,6.60742291038536,5.198885257440484,2.314597940832185,0.8555621227242307,-0.4486502065520381,0.5255159507142821,3.213629296063463,2.251757983054569,8.33189666968095,-0.7396339630611529,1.509975220276214,3.9047542206973,3.316055666876469,2.785000567261184,-0.281705032928494,-0.2999204756315524,-0.23929078768441,1.351618896774421,1.458312985071173,0.7664395734597165,1.200073488884866,3.230749121329191,14.20471731958329,9.361872497690156,3.489740860269472,4.072491768483481
Serbia,942,"Prices, Consumer Price Index, All items, Index",PCPI_IX,Value,NA,NA,NA,NA,NA,NA,NA,NA,NA,NA,NA,NA,NA,NA,NA,NA,NA,NA,NA,NA,NA,NA,NA,NA,NA,NA,NA,NA,NA,NA,NA,NA,NA,NA,NA,NA,NA,NA,NA,NA,NA,NA,NA,NA,NA,NA,NA,NA,NA,NA,NA,NA,NA,NA,1.413437127146466,2.581791538282524,5.050008159389507,6.227057301027044,8.10511908934622,11.54605868530597,19.75768822329535,38.528524534673,46.03805458466798,50.58485521628447,56.16252483298235,65.21591296764603,72.8618416023829,77.5189566272369,87.1398240824992,94.21292083712466,100,111.1373976342129,119.2841977555354,128.4622383985441,131.1373976342129,132.9632999696694,134.4555656657568,138.6654534425235,141.3830755232029,143.9975735517136,146.2663026994237,152.2414316044889,170.4822565969063,191.5741583257507,200.5216863815591,208.3227176220806
Uganda,746,"Prices, Consumer Price Index, All items, Percentage change, Corresponding period previous year, Percent",PCPI_PC_CP_A_PT,Value,NA,NA,NA,NA,NA,NA,NA,NA,NA,NA,NA,NA,NA,NA,NA,NA,NA,NA,NA,NA,NA,NA,NA,NA,NA,NA,NA,NA,NA,NA,NA,NA,NA,NA,NA,NA,NA,NA,NA,NA,NA,NA,NA,NA,NA,NA,NA,NA,NA,NA,NA,NA,NA,NA,10.03675987921753,6.550140189703707,7.191646604333442,8.169021441069631,0.06880417199831723,5.777368986878946,3.39202158512998,1.865125240847725,-0.2875085117651964,8.680476515668836,3.721287439782284,8.448726422995321,7.310676135618637,6.138510832850498,12.05085554828855,13.01725618891854,3.976552884781682,16.56434961745152,12.67903772246589,4.905208756945568,3.075706689586414,5.589686062517254,5.70637504616212,5.209717059142092,2.616011909522744,2.867588034468999,3.313322895445018,2.204572047574139,7.195788859758103,5.350948042803953,3.323380670865596,3.580832064433466
Georgia,915,"Prices, Consumer Price Index, All items, Percentage change, Corresponding period previous year, Percent",PCPI_PC_CP_A_PT,Value,NA,NA,NA,NA,NA,NA,NA,NA,NA,NA,NA,NA,NA,NA,NA,NA,NA,NA,NA,NA,NA,NA,NA,NA,NA,NA,NA,NA,NA,NA,NA,NA,NA,NA,NA,NA,NA,NA,NA,NA,NA,NA,NA,NA,NA,NA,NA,NA,NA,NA,NA,NA,NA,NA,NA,162.717152150377,39.35749999871458,7.087617629487261,3.566807812787829,19.19267582188947,4.063962013825961,4.64604442058634,5.587837300007943,0.837734531536568,5.656326361911319,8.247090431141581,9.160965083944967,9.244897455924036,9.99948761552747,1.727514611379096,7.110178974860989,8.5429333333333,-0.943658853270964,-0.5120584109470924,3.068812103795431,4.003578206950973,2.134927139391212,6.035317252721169,2.615244713976705,4.852898216967227,5.202464889753404,9.566914338247692,11.89816542031976,2.487760565787146,1.109717580220962,NA
Guyana,336,"Prices, Consumer Price Index, All items, Percentage change, Corresponding period previous year, Percent",PCPI_PC_CP_A_PT,Value,NA,NA,NA,NA,NA,NA,NA,NA,NA,NA,NA,NA,NA,NA,NA,NA,NA,NA,NA,NA,NA,NA,NA,NA,NA,NA,NA,NA,NA,NA,NA,NA,NA,NA,NA,NA,NA,NA,NA,NA,NA,NA,NA,NA,NA,NA,NA,NA,NA,NA,NA,NA,NA,NA,NA,12.21052631578946,7.094711972760453,3.555670905788086,4.586466165413502,7.538219398513927,6.148543330248714,2.62741314203332,5.341015213774097,5.980978140664727,4.66846622369882,6.925543038901568,6.677157904100276,12.20015444466475,8.102022069692756,2.952300963810012,3.733377577042457,4.9777356370697,2.39193521312334,1.901251818605823,0.8526304975399145,-1.001734327763738,0.8360080615062073,1.904656155155838,1.282842884435276,2.087230891620126,0.9933370228387302,5.032855746267019,6.115055501099348,2.821103350996412,2.903952264463725,NA
Kyrgyz Republic,917,"Prices, Consumer Price Index, All items, Index",PCPI_IX,Value,NA,NA,NA,NA,NA,NA,NA,NA,NA,NA,NA,NA,NA,NA,NA,NA,NA,NA,NA,NA,NA,NA,NA,NA,NA,NA,NA,NA,NA,NA,NA,NA,NA,NA,NA,NA,NA,NA,NA,NA,NA,NA,NA,NA,NA,NA,NA,NA,NA,NA,NA,NA,NA,NA,NA,16.74066736379916,22.08886490340472,27.26548490065995,30.11674097028797,41.26924898349695,48.9869015768215,52.37663835603925,53.49446573779533,55.0857190441513,57.35010062074454,59.83833447857766,63.16063260841883,69.62203054774952,86.6934237473156,92.62027382876548,99.99999999999999,116.6363262731495,119.8653357431527,127.7929318114374,137.4211673231675,146.3581033693568,146.9271997258672,151.5925935913669,153.9311540973706,155.6761524135445,165.5233275068185,185.2289455554357,211.0182036747278,233.7095757242357,245.3894618685167,NA
Cambodia,522,"Prices, Consumer Price Index, All items, Percentage change, Corresponding period previous year, Percent",PCPI_PC_CP_A_PT,Value,NA,NA,NA,NA,NA,NA,NA,NA,NA,NA,NA,NA,NA,NA,NA,NA,NA,NA,NA,NA,NA,NA,NA,NA,NA,NA,NA,NA,NA,NA,NA,NA,NA,NA,NA,NA,NA,NA,NA,NA,NA,NA,NA,NA,NA,NA,NA,NA,NA,NA,NA,NA,NA,NA,NA,-0.7989443378118778,7.150861408727962,7.96021397777456,14.80650354377626,4.008207020887823,-0.7919925294735668,-0.6006483001236859,0.211466568022607,0.94174611779921,4.319336774347855,6.615259120015872,5.810685504643064,8.708827705680491,24.09685193060504,-1.241717541896374,3.996395281072181,5.4784474961745,2.93431609293951,2.941625095473491,3.855688614242069,1.22393195511119,3.01913975139128,2.912635573714778,2.459085153801459,1.94257500833107,2.940295142639697,2.920734775929485,5.34370264895437,2.127467965941944,0.8080420165366541,NA
Serbia,942,"Prices, Consumer Price Index, All items, Percentage change, Corresponding period previous year, Percent",PCPI_PC_CP_A_PT,Value,NA,NA,NA,NA,NA,NA,NA,NA,NA,NA,NA,NA,NA,NA,NA,NA,NA,NA,NA,NA,NA,NA,NA,NA,NA,NA,NA,NA,NA,NA,NA,NA,NA,NA,NA,NA,NA,NA,NA,NA,NA,NA,NA,NA,NA,NA,NA,NA,NA,NA,NA,NA,NA,NA,NA,82.66051518646633,95.6009261208171,23.30786613580105,30.15969979928437,42.4539054642972,71.12062879465411,95.00522581000064,19.49083215796889,9.876178897295777,11.02636271834637,16.11998064828263,11.72402299808338,6.391706443914125,12.41098677517796,8.116950922380816,6.142553602472484,11.1373976342129,7.330385895966456,7.694263628966555,2.082447938801538,1.392358220001869,1.12231397417769,3.131062485901151,1.959840762938007,1.849229845110863,1.575532900834149,4.085102853351022,11.98151173447029,12.37190435525192,4.670529748899701,3.890367860600099
Vietnam,582,"Prices, Consumer Price Index, All items, Index",PCPI_IX,Value,NA,NA,NA,NA,NA,NA,NA,NA,NA,NA,NA,NA,NA,NA,NA,NA,NA,NA,NA,NA,NA,NA,NA,NA,NA,NA,NA,NA,NA,NA,NA,NA,NA,NA,NA,NA,NA,NA,NA,NA,NA,NA,NA,NA,NA,NA,NA,NA,NA,NA,NA,NA,NA,NA,NA,40.16572038228995,42.44512501398488,43.80741236361771,46.99054570391412,48.92519456899422,48.08840872769663,47.88088583905484,49.71512040317939,51.32322963697539,55.30331914400453,59.88496267539527,64.32723947757673,69.69499310310889,85.8053032346153,91.56883060846937,100,118.6777322770707,129.4711200242612,138.0067298742848,143.6436899232646,144.5503701942881,148.4073328012785,153.631652156685,159.0696412245834,163.5169479129183,168.7837214833385,171.8804226640626,177.3058410958517,183.0734100821373,189.7026680414021,NA
Kyrgyz Republic,917,"Prices, Consumer Price Index, All items, Percentage change, Corresponding period previous year, Percent",PCPI_PC_CP_A_PT,Value,NA,NA,NA,NA,NA,NA,NA,NA,NA,NA,NA,NA,NA,NA,NA,NA,NA,NA,NA,NA,NA,NA,NA,NA,NA,NA,NA,NA,NA,NA,NA,NA,NA,NA,NA,NA,NA,NA,NA,NA,NA,NA,NA,NA,NA,NA,NA,NA,NA,NA,NA,NA,NA,NA,NA,NA,31.94733772185668,23.4354278497005,10.45738258467212,37.03092583693441,18.70073428380231,6.919679894230396,2.13420986310243,2.97461295184355,4.110650847233807,4.338673918443104,5.552123331625423,10.23010326604841,24.52010242341016,6.83656248105368,7.967722255796837,16.63632627314951,2.768442365409567,6.613752023580815,7.534247297758903,6.503318389933836,0.388838296895799,3.175309863799396,1.542661452384359,1.133622577188036,6.325422963380776,11.90503981851468,13.92290931741758,10.75327704167424,4.997607012073231,NA
São Tomé and Príncipe,716,"Prices, Consumer Price Index, All items, Index",PCPI_IX,Value,NA,NA,NA,NA,NA,NA,NA,NA,NA,NA,NA,NA,NA,NA,NA,NA,NA,NA,NA,NA,NA,NA,NA,NA,NA,NA,NA,NA,NA,NA,NA,NA,NA,NA,NA,NA,NA,NA,NA,NA,NA,NA,NA,NA,NA,NA,NA,NA,NA,NA,NA,NA,NA,NA,NA,NA,8.64459741756038,11.7408482831257,17.66917074476451,19.9176039987665,22.3493334419534,24.4103972581218,26.8828591877943,29.5153416000885,33.4367162633182,39.1718503604826,48.21155289695279,57.1540793585216,75.4377287565537,88.2300633564732,99.99999999999997,114.3271667616801,126.4892168414575,136.7422211532401,146.312124734434,153.9874808096312,162.3498012307718,171.5879857997616,185.0895516823238,199.3789190082717,218.9565888598766,236.7747733014666,279.4075750200665,338.8065906764124,387.431866451361,NA
Vietnam,582,"Prices, Consumer Price Index, All items, Percentage change, Corresponding period previous year, Percent",PCPI_PC_CP_A_PT,Value,NA,NA,NA,NA,NA,NA,NA,NA,NA,NA,NA,NA,NA,NA,NA,NA,NA,NA,NA,NA,NA,NA,NA,NA,NA,NA,NA,NA,NA,NA,NA,NA,NA,NA,NA,NA,NA,NA,NA,NA,NA,NA,NA,NA,NA,NA,NA,NA,NA,NA,NA,NA,NA,NA,NA,NA,5.674999999999939,3.209526062613743,7.266198044009601,4.117102357717356,-1.710337278511087,-0.4315445117281802,3.830828381684672,3.234648172939269,7.754947487096015,8.284572431286774,7.41801715108463,8.344448897738367,23.11544834744774,6.71698269988629,9.207466487784126,18.6777322770707,9.09470339557192,6.592674758991919,4.084554466376173,0.6312009051757544,2.668248169690822,3.520256888116174,3.539628059426409,2.795823674522497,3.220934366525141,1.834715548104437,3.156507499631293,3.252892826676616,3.621092738858435,NA
São Tomé and Príncipe,716,"Prices, Consumer Price Index, All items, Percentage change, Corresponding period previous year, Percent",PCPI_PC_CP_A_PT,Value,NA,NA,NA,NA,NA,NA,NA,NA,NA,NA,NA,NA,NA,NA,NA,NA,NA,NA,NA,NA,NA,NA,NA,NA,NA,NA,NA,NA,NA,NA,NA,NA,NA,NA,NA,NA,NA,NA,NA,NA,NA,NA,NA,NA,NA,NA,NA,NA,NA,NA,NA,NA,NA,NA,NA,NA,NA,35.81717824448003,50.49313574862536,12.72517701300846,12.20894563089766,9.222037075608894,10.12872467222902,9.79241974934509,13.28588608717963,17.15220493543541,23.07703734513812,18.54851363257793,31.99010394925735,16.95747580259453,13.34005235377999,14.32716676168013,10.63793534316276,8.105832708754763,6.998499439664208,5.245878350224542,5.430519661191558,5.690296199290199,7.868596288739091,7.720245252132482,9.819327915401464,8.137770383787318,18.00563511228408,21.25891384729995,14.35192735710081,NA
Antigua and Barbuda,311,"Prices, Consumer Price Index, All items, Index",PCPI_IX,Value,NA,NA,NA,NA,NA,NA,NA,NA,NA,NA,NA,NA,NA,NA,NA,NA,NA,NA,NA,NA,NA,NA,NA,NA,NA,NA,NA,NA,NA,NA,NA,NA,NA,NA,NA,NA,NA,NA,NA,NA,NA,NA,NA,NA,NA,NA,NA,NA,NA,NA,NA,NA,NA,NA,NA,NA,NA,NA,79.56938073394478,80.46158256880707,81.08256880733929,82.21999235474011,84.19956858890349,85.87811271297514,87.621505024028,89.46046308431634,91.05982415902147,92.34927916120584,97.275010921799975,96.7398427260813,100,103.4567496723461,106.9503604193972,108.0834971603321,109.261003713412,110.3197356924422,109.7797892092618,112.4501692878987,113.807620427883,115.4366126106557,116.1592339237618,118.5555947209793,127.484109443389,133.9439060302464,142.2469106041572,NA
Antigua and Barbuda,311,"Prices, Consumer Price Index, All items, Percentage change, Corresponding period previous year, Percent",PCPI_PC_CP_A_PT,Value,NA,NA,NA,NA,NA,NA,NA,NA,NA,NA,NA,NA,NA,NA,NA,NA,NA,NA,NA,NA,NA,NA,NA,NA,NA,NA,NA,NA,NA,NA,NA,NA,NA,NA,NA,NA,NA,NA,NA,NA,NA,NA,NA,NA,NA,NA,NA,NA,NA,NA,NA,NA,NA,NA,NA,NA,NA,NA,NA,1.121287895711461,0.7717797969001801,1.402796635739881,2.407658012934909,1.993530551524539,2.030077578532364,2.09875196709308,1.787785374191205,1.416052594097406,5.333806398202332,-0.5501599955089137,3.370025402201479,3.4567496723461,3.37688044338874,1.059497823561693,1.089441574353553,0.9689934588256383,-0.4894377962304987,2.432487890413628,1.207157933670076,1.431355981829838,0.6259897070467194,2.062996385453344,7.531078346342885,5.067138653642129,6.198866988421157,NA
Micronesia,868,"Prices, Consumer Price Index, All items, Index",PCPI_IX,Value,NA,NA,NA,NA,NA,NA,NA,NA,NA,NA,NA,NA,NA,NA,NA,NA,NA,NA,NA,NA,NA,NA,NA,NA,NA,NA,NA,NA,NA,NA,NA,NA,NA,NA,NA,NA,NA,NA,NA,NA,NA,NA,NA,NA,NA,NA,NA,NA,NA,NA,NA,NA,NA,NA,NA,NA,NA,NA,NA,70.89028629673756,72.42046596198554,72.78437688523931,72.7032642095743,72.79533805762647,74.4526673225655,77.62263837693303,81.22228738887736,83.90777462373228,90.97593536751228,96.79257511593964,99.99999999999999,105.0825940389037,110.356167730641,112.289969066139,113.020173769947,112.6832427325036,111.514190075614,112.1634856126685,113.8441435457243,116.0343360456492,116.6778562433045,120.4013780781179,126.9135800956,NA,NA,NA
Nicaragua,278,"Prices, Consumer Price Index, All items, Index",PCPI_IX,Value,NA,NA,NA,NA,NA,NA,NA,NA,NA,NA,NA,NA,NA,NA,NA,NA,NA,NA,NA,NA,NA,NA,NA,NA,NA,NA,NA,NA,NA,NA,NA,NA,NA,NA,NA,NA,NA,NA,NA,NA,NA,NA,NA,NA,NA,NA,NA,NA,NA,NA,NA,NA,NA,NA,NA,NA,NA,NA,NA,42.69641649524156,45.71501621867231,48.45153622710564,50.26855346000191,52.93398707181913,57.41760727475093,62.92918073464681,68.6810335030899,76.32312728290368,91.45510553222113,94.82705674103757,100,108.082387980991,115.8573491780978,124.1243130839162,131.6164176689499,136.8776259820578,141.700061784993,147.1564659103848,154.4366454524208,162.7396072368145,168.7313759296214,177.047156631849,195.5794339871397,211.9839691015107,221.7876731448021,NA
Comoros,632,"Prices, Consumer Price Index, All items, Index",PCPI_IX,Value,NA,NA,NA,NA,NA,NA,NA,NA,NA,NA,NA,NA,NA,NA,NA,NA,NA,NA,NA,NA,NA,NA,NA,NA,NA,NA,NA,NA,NA,NA,NA,NA,NA,NA,NA,NA,NA,NA,NA,NA,NA,NA,NA,NA,NA,NA,NA,NA,NA,NA,NA,NA,NA,NA,NA,NA,NA,NA,NA,NA,69.1444788256996,72.9851738620443,75.5637708127911,78.4344999497301,81.9444382464002,84.4136896302482,87.2621144475714,91.1593862946495,92.7098085118706,96.7541332611702,100,101.8426630075619,108.2737669716953,103.6235458464847,111.4445887093556,111.3140047560452,112.2017533469947,111.9354287697098,114.3437764322854,118.4397253766658,119.3714219176623,119.3661481636567,134.3251514006546,145.5731897356839,152.927439696549,NA
Curacao,354,"Prices, Consumer Price Index, All items, Index",PCPI_IX,Value,NA,NA,NA,NA,NA,NA,NA,NA,NA,NA,NA,NA,NA,NA,NA,NA,NA,NA,NA,NA,NA,NA,NA,NA,NA,NA,NA,NA,NA,NA,NA,NA,NA,NA,NA,NA,NA,NA,NA,NA,NA,NA,NA,NA,NA,NA,NA,NA,NA,NA,NA,NA,NA,NA,NA,NA,NA,NA,NA,NA,76.84233544719002,78.21998687951017,78.52613164224798,79.80902398133978,80.90968729499235,84.24083388002038,86.86493184634446,89.46716232961558,95.6192142284426,97.2957212624824,100,102.3325315256217,105.5907865004741,106.9975945768642,108.6012100007286,108.083679568482,108.0326554413584,109.7456082804872,112.5810919163201,115.5332021284347,NA,NA,NA,NA,NA,NA
Micronesia,868,"Prices, Consumer Price Index, All items, Percentage change, Corresponding period previous year, Percent",PCPI_PC_CP_A_PT,Value,NA,NA,NA,NA,NA,NA,NA,NA,NA,NA,NA,NA,NA,NA,NA,NA,NA,NA,NA,NA,NA,NA,NA,NA,NA,NA,NA,NA,NA,NA,NA,NA,NA,NA,NA,NA,NA,NA,NA,NA,NA,NA,NA,NA,NA,NA,NA,NA,NA,NA,NA,NA,NA,NA,NA,NA,NA,NA,NA,NA,2.158518106194191,0.5024973512940274,-0.1114424264329447,0.1266433482089031,2.27669698247304,4.257699782109416,4.637370085856346,3.306342780026991,8.423725662461864,6.393602577352006,3.313709631362165,5.082594038903711,5.018503530456163,1.752327373507615,0.6502848917679442,-0.2981158373807002,-1.03746806405349,0.5822537352548897,1.498400235937367,1.923851707879231,0.5545946308531743,3.191284065974663,5.408743754790666,NA,NA,NA
Nicaragua,278,"Prices, Consumer Price Index, All items, Percentage change, Corresponding period previous year, Percent",PCPI_PC_CP_A_PT,Value,NA,NA,NA,NA,NA,NA,NA,NA,NA,NA,NA,NA,NA,NA,NA,NA,NA,NA,NA,NA,NA,NA,NA,NA,NA,NA,NA,NA,NA,NA,NA,NA,NA,NA,NA,NA,NA,NA,NA,NA,NA,NA,NA,NA,NA,NA,NA,NA,NA,NA,NA,NA,NA,NA,NA,NA,NA,NA,NA,NA,7.069913522525169,5.986041862795179,3.750174657784661,5.302387732199364,8.4702106358407665,9.599099860644252,9.140199667777198,11.1269347446118,19.82620312874285,3.687001604987965,5.455134258874225,8.082387980991,7.193550533389605,7.13546785289407,6.03596861798425,3.997379966943965,3.523173176284731,3.850671662847271,4.947237280398862,5.376289908441255,3.681813416255719,4.928413969489675,10.46742444659907,8.387658548725362,4.624738410571412,NA
Oman,449,"Prices, Consumer Price Index, All items, Index",PCPI_IX,Value,NA,NA,NA,NA,NA,NA,NA,NA,NA,NA,NA,NA,NA,NA,NA,NA,NA,NA,NA,NA,NA,NA,NA,NA,NA,NA,NA,NA,NA,NA,NA,NA,NA,NA,NA,NA,NA,NA,NA,NA,NA,NA,NA,NA,NA,NA,NA,NA,NA,NA,NA,NA,NA,NA,NA,NA,NA,NA,NA,NA,74.76761295231157,74.1570107798677,73.94968348227522,74.12075031061549,74.58398206904708,76.00841346225744,78.70290101450776,83.29166120808935,93.59934507291365,96.84612873708163,100,104.0421886711639,107.1090766320448,108.2375223837867,109.3350669223857,109.4064519330263,110.6199971139162,112.3778530009406,113.3772431499089,113.9337160772312,113.4706861288374,115.379503467114,118.2710782468795,119.3955795501216,120.1042988588876,121.266598525264
Tajikistan,923,"Prices, Consumer Price Index, All items, Index",PCPI_IX,Value,NA,NA,NA,NA,NA,NA,NA,NA,NA,NA,NA,NA,NA,NA,NA,NA,NA,NA,NA,NA,NA,NA,NA,NA,NA,NA,NA,NA,NA,NA,NA,NA,NA,NA,NA,NA,NA,NA,NA,NA,NA,NA,NA,NA,NA,NA,NA,NA,NA,NA,NA,NA,NA,NA,NA,NA,NA,NA,NA,NA,28.34876835256525,39.28909369530064,44.10200169497767,51.29216766252484,54.95543636930813,58.85283878918703,64.74451714006376,73.25785443930137,88.25411958382442,93.94495244467625,100,112.4315490430406,118.9876193157086,124.948478366802,132.5758678300995,140.1519946752479,148.5675344708801,NA,NA,NA,NA,NA,NA,NA,NA,NA
Comoros,632,"Prices, Consumer Price Index, All items, Percentage change, Corresponding period previous year, Percent",PCPI_PC_CP_A_PT,Value,NA,NA,NA,NA,NA,NA,NA,NA,NA,NA,NA,NA,NA,NA,NA,NA,NA,NA,NA,NA,NA,NA,NA,NA,NA,NA,NA,NA,NA,NA,NA,NA,NA,NA,NA,NA,NA,NA,NA,NA,NA,NA,NA,NA,NA,NA,NA,NA,NA,NA,NA,NA,NA,NA,NA,NA,NA,NA,NA,NA,NA,5.554593948168124,3.533042143080776,3.799081366719004,4.474992890781065,3.013323950581202,3.374363601212043,4.466167100981319,1.700781762845304,4.362348293257194,3.354757703289194,1.8426630075619,6.314744503151774,-4.294873315367564,7.547553790967113,-0.1171738841900699,0.7975174308884871,-0.2373622241546134,2.151550844130334,3.582135444692111,0.7866419294991515,-0.004417936823469882,12.53203145709987,8.373739554909957,5.051926095882184,NA
Curacao,354,"Prices, Consumer Price Index, All items, Percentage change, Corresponding period previous year, Percent",PCPI_PC_CP_A_PT,Value,NA,NA,NA,NA,NA,NA,NA,NA,NA,NA,NA,NA,NA,NA,NA,NA,NA,NA,NA,NA,NA,NA,NA,NA,NA,NA,NA,NA,NA,NA,NA,NA,NA,NA,NA,NA,NA,NA,NA,NA,NA,NA,NA,NA,NA,NA,NA,NA,NA,NA,NA,NA,NA,NA,NA,NA,NA,NA,NA,NA,NA,1.792828685258964,0.3913894324853243,1.633713914415706,1.379121380947995,4.117117117117076,3.114995240979499,2.995720399429082,6.876323936777603,1.753316054275953,2.779442613125866,2.3325315256217,3.183987463494547,1.332320861521174,1.498739696164296,-0.4765420498014045,-0.04720798489402929,1.585588017003446,2.583687566418136,2.622207834250587,NA,NA,NA,NA,NA,NA
Liberia,668,"Prices, Consumer Price Index, All items, Index",PCPI_IX,Value,NA,NA,NA,NA,NA,NA,NA,NA,NA,NA,NA,NA,NA,NA,NA,NA,NA,NA,NA,NA,NA,NA,NA,NA,NA,NA,NA,NA,NA,NA,NA,NA,NA,NA,NA,NA,NA,NA,NA,NA,NA,NA,NA,NA,NA,NA,NA,NA,NA,NA,NA,NA,NA,NA,NA,NA,NA,NA,NA,NA,NA,41.02866456623378,46.83817864239921,51.6766974480441,55.7225110752132,61.75968788429711,66.29374207121944,73.8458566737493,86.76108985168293,93.20539392009364,100,108.488167518494,115.8998480806479,124.6819351706353,136.9769615085435,147.5908910460878,160.6294373950933,180.5790230308356,223.1297880206277,283.2995825406376,331.3350782732686,357.2308823021369,384.3553691305987,423.1539433980487,457.9159314835075,NA
Montserrat,351,"Prices, Consumer Price Index, All items, Index",PCPI_IX,Value,NA,NA,NA,NA,NA,NA,NA,NA,NA,NA,NA,NA,NA,NA,NA,NA,NA,NA,NA,NA,NA,NA,NA,NA,NA,NA,NA,NA,NA,NA,NA,NA,NA,NA,NA,NA,NA,NA,NA,NA,NA,NA,NA,NA,NA,NA,NA,NA,NA,NA,NA,NA,NA,NA,NA,NA,NA,NA,NA,NA,NA,77.92964160062124,81.02898052184695,81.96559393210744,84.50977654106966,86.7678663265341,88.44355286416383,90.84128319443077,95.292751293378,97.94932751157144,100,103.6677781145802,108.6083287070308,109.5524350245734,109.1345323524106,107.8829962857228,107.6176757682784,108.9014672474805,110.3321602392281,109.1505611165795,107.0833094935735,109.8768567935125,113.151574361996,111.9188790610707,115.3550970501787,NA
Oman,449,"Prices, Consumer Price Index, All items, Percentage change, Corresponding period previous year, Percent",PCPI_PC_CP_A_PT,Value,NA,NA,NA,NA,NA,NA,NA,NA,NA,NA,NA,NA,NA,NA,NA,NA,NA,NA,NA,NA,NA,NA,NA,NA,NA,NA,NA,NA,NA,NA,NA,NA,NA,NA,NA,NA,NA,NA,NA,NA,NA,NA,NA,NA,NA,NA,NA,NA,NA,NA,NA,NA,NA,NA,NA,NA,NA,NA,NA,NA,NA,-0.8166666666666562,-0.2795788225713726,0.2313286822671425,0.6249690626313674,1.909835535318648,3.544985916050331,5.830484180927101,12.37540915299119,3.468810237548931,3.256579590786242,4.0421886711639,2.947734952572092,1.053548202659318,1.014014839241558,0.06529013302865994,1.109208058070266,1.589094135677986,0.8893123709704039,0.4908153628206712,-0.4064029194658499,1.682211858760845,2.506142506142497,0.9507829977628273,0.593589236248469,0.967741935483928
Palau,565,"Prices, Consumer Price Index, All items, Index",PCPI_IX,Value,NA,NA,NA,NA,NA,NA,NA,NA,NA,NA,NA,NA,NA,NA,NA,NA,NA,NA,NA,NA,NA,NA,NA,NA,NA,NA,NA,NA,NA,NA,NA,NA,NA,NA,NA,NA,NA,NA,NA,NA,NA,NA,NA,NA,NA,NA,NA,NA,NA,NA,NA,NA,NA,NA,NA,NA,NA,NA,NA,NA,NA,74.07228915662651,73.10843373493978,73.78313253012053,77.44578313253011,80.50602409638554,84.07228915662655,86.79518072289159,97.18072289156626,98.57831325301206,100,104.6746987951807,108.4578313253012,112.0963855421687,116.7951807228916,117.9036144578313,116.6746987951808,118.3291322525958,120.8255274477982,121.1485903554127,121.4129145525518,124.5848049182207,139.9743470627629,157.9190231129828,161.4433457415039,NA
Tajikistan,923,"Prices, Consumer Price Index, All items, Percentage change, Corresponding period previous year, Percent",PCPI_PC_CP_A_PT,Value,NA,NA,NA,NA,NA,NA,NA,NA,NA,NA,NA,NA,NA,NA,NA,NA,NA,NA,NA,NA,NA,NA,NA,NA,NA,NA,NA,NA,NA,NA,NA,NA,NA,NA,NA,NA,NA,NA,NA,NA,NA,NA,NA,NA,NA,NA,NA,NA,NA,NA,NA,NA,NA,NA,NA,NA,NA,NA,NA,NA,NA,38.59188944885999,12.24998478458845,16.30349120494906,7.141965086922526,7.091932440837731,10.01086518864611,13.1491247062982,20.47052191099642,6.448234810666968,6.445314407806583,12.4315490430406,5.831166010314624,5.00964645344951,6.104427651296671,5.714559496497104,6.004580823221391,NA,NA,NA,NA,NA,NA,NA,NA,NA
Kosovo,967,"Prices, Consumer Price Index, All items, Index",PCPI_IX,Value,NA,NA,NA,NA,NA,NA,NA,NA,NA,NA,NA,NA,NA,NA,NA,NA,NA,NA,NA,NA,NA,NA,NA,NA,NA,NA,NA,NA,NA,NA,NA,NA,NA,NA,NA,NA,NA,NA,NA,NA,NA,NA,NA,NA,NA,NA,NA,NA,NA,NA,NA,NA,NA,NA,NA,NA,NA,NA,NA,NA,NA,NA,89.35962603693667,88.39024153357742,87.44912679660806,86.23779099654845,86.77388558419626,90.55592274362932,99.02327972387461,96.63655724462073,100,107.3364177131527,109.9948593669677,111.9388252272156,112.418995558574,111.8153849283962,112.1208303792264,113.789451041016,114.9885617005188,118.0656464428955,118.2996855216097,122.2670918918056,136.426245250384,143.1716013658125,145.4901937862383,151.1054441182246
Liberia,668,"Prices, Consumer Price Index, All items, Percentage change, Corresponding period previous year, Percent",PCPI_PC_CP_A_PT,Value,NA,NA,NA,NA,NA,NA,NA,NA,NA,NA,NA,NA,NA,NA,NA,NA,NA,NA,NA,NA,NA,NA,NA,NA,NA,NA,NA,NA,NA,NA,NA,NA,NA,NA,NA,NA,NA,NA,NA,NA,NA,NA,NA,NA,NA,NA,NA,NA,NA,NA,NA,NA,NA,NA,NA,NA,NA,NA,NA,NA,NA,NA,14.15964701163247,10.33028812368235,7.829087048832354,10.83435884814136,7.341446082785579,11.39189668071025,17.48944864299302,7.427643059149192,7.289927968902182,8.488167518494,6.831787034185483,7.577306817413998,9.861112855749038,7.748696876213224,8.834248683364876,12.41963239071377,23.56351489537417,26.96627601978781,16.95572414962546,7.815593858586484,7.592984865603134,10.09445356655517,8.214974391189639,NA
Montserrat,351,"Prices, Consumer Price Index, All items, Percentage change, Corresponding period previous year, Percent",PCPI_PC_CP_A_PT,Value,NA,NA,NA,NA,NA,NA,NA,NA,NA,NA,NA,NA,NA,NA,NA,NA,NA,NA,NA,NA,NA,NA,NA,NA,NA,NA,NA,NA,NA,NA,NA,NA,NA,NA,NA,NA,NA,NA,NA,NA,NA,NA,NA,NA,NA,NA,NA,NA,NA,NA,NA,NA,NA,NA,NA,NA,NA,NA,NA,NA,NA,NA,3.977098903019968,1.155899289647327,3.103964098728523,2.67198645871117,1.931229392369287,2.711028958718447,4.900269946010788,2.78780513956893,2.093605480023637,3.6677781145802,4.765753334647522,0.8692761676586622,-0.3814636087906777,-1.146782819068135,-0.2459335822873437,1.192918793346133,1.313749968580612,-1.070947147310987,-1.893945025896888,2.608760705240112,2.980352427297365,-1.089419486980928,3.070275558454228,NA
Namibia,728,"Prices, Consumer Price Index, All items, Index",PCPI_IX,Value,NA,NA,NA,NA,NA,NA,NA,NA,NA,NA,NA,NA,NA,NA,NA,NA,NA,NA,NA,NA,NA,NA,NA,NA,NA,NA,NA,NA,NA,NA,NA,NA,NA,NA,NA,NA,NA,NA,NA,NA,NA,NA,NA,NA,NA,NA,NA,NA,NA,NA,NA,NA,NA,NA,NA,NA,NA,NA,NA,NA,NA,NA,62.57347696441456,67.03881608971557,69.81196529662473,71.40503669527051,74.94755973572303,79.85503706766943,87.11756766392983,95.35168190623365,100,105.005595180812,112.0640689507579,118.3406934303053,124.6721213158197,128.9035122929694,137.5768912644022,146.0320915878631,152.2991917655097,157.968367961494,161.458493232361,167.2982940331393,177.472173637599,187.907421438975,195.872890747544,202.7494892416633
Palau,565,"Prices, Consumer Price Index, All items, Percentage change, Corresponding period previous year, Percent",PCPI_PC_CP_A_PT,Value,NA,NA,NA,NA,NA,NA,NA,NA,NA,NA,NA,NA,NA,NA,NA,NA,NA,NA,NA,NA,NA,NA,NA,NA,NA,NA,NA,NA,NA,NA,NA,NA,NA,NA,NA,NA,NA,NA,NA,NA,NA,NA,NA,NA,NA,NA,NA,NA,NA,NA,NA,NA,NA,NA,NA,NA,NA,NA,NA,NA,NA,NA,-1.301236174365624,0.9228740936058241,4.964075767472172,3.951462352209097,4.429811433702542,3.238750358268807,11.9655746807329,1.438135383089529,1.442190173551687,4.6746987951807,3.614180478821381,3.35481004221287,4.19174548581256,0.9490406436970814,-1.042305334150741,1.417988196669196,2.109704641350175,0.2673796791444399,0.2181818181818328,2.612481857764805,12.35266383781242,12.81997482165336,2.231727729217038,NA
Timor-Leste,537,"Prices, Consumer Price Index, All items, Index",PCPI_IX,Value,NA,NA,NA,NA,NA,NA,NA,NA,NA,NA,NA,NA,NA,NA,NA,NA,NA,NA,NA,NA,NA,NA,NA,NA,NA,NA,NA,NA,NA,NA,NA,NA,NA,NA,NA,NA,NA,NA,NA,NA,NA,NA,NA,NA,NA,NA,NA,NA,NA,NA,NA,NA,NA,NA,NA,NA,NA,NA,NA,NA,NA,NA,66.5193311321761,71.2855469166047,73.59342643525869,74.4115454254981,77.3405048460967,85.3072744701248,93.0397273405051,93.662796889978,99.99999999999999,113.499840238577,126.8931728618596,140.959164980296,141.9829161785067,142.7677920971349,140.856789860475,141.6416657791032,145.3760086520921,146.7698923435203,147.4971360086133,152.951463496811,163.6661868291812,177.4474542826937,181.1079140636619,NA
Kosovo,967,"Prices, Consumer Price Index, All items, Percentage change, Corresponding period previous year, Percent",PCPI_PC_CP_A_PT,Value,NA,NA,NA,NA,NA,NA,NA,NA,NA,NA,NA,NA,NA,NA,NA,NA,NA,NA,NA,NA,NA,NA,NA,NA,NA,NA,NA,NA,NA,NA,NA,NA,NA,NA,NA,NA,NA,NA,NA,NA,NA,NA,NA,NA,NA,NA,NA,NA,NA,NA,NA,NA,NA,NA,NA,NA,NA,NA,NA,NA,NA,NA,NA,-1.084812623274135,-1.064726966055254,-1.385189131592993,0.6216469386017279,4.358496953283691,9.350417646581779,-2.410264016612286,3.480507637358424,7.3364177131527,2.476737821565329,1.767324283548916,0.4289578083240921,-0.5369293927406592,0.2731694310454681,1.488234305923193,1.053797736549915,2.675992026398933,0.1982279229948544,3.353691392079971,11.58051045420125,4.944324387912826,1.619449945594762,3.859538698695058
Namibia,728,"Prices, Consumer Price Index, All items, Percentage change, Corresponding period previous year, Percent",PCPI_PC_CP_A_PT,Value,NA,NA,NA,NA,NA,NA,NA,NA,NA,NA,NA,NA,NA,NA,NA,NA,NA,NA,NA,NA,NA,NA,NA,NA,NA,NA,NA,NA,NA,NA,NA,NA,NA,NA,NA,NA,NA,NA,NA,NA,NA,NA,NA,NA,NA,NA,NA,NA,NA,NA,NA,NA,NA,NA,NA,NA,NA,NA,NA,NA,NA,NA,NA,7.136153114586299,4.136632131447484,2.281946070243065,4.961166892989158,6.547881411017173,9.094643071928095,9.451726515217048,4.874919876439499,5.005595180812,6.72199777334886,5.600925022904008,5.350169668596022,3.394015384105586,6.728582345933377,6.145799811111642,4.291591053378753,3.722394144226946,2.209382369334692,3.61690530108814,6.081281141124132,5.879934632842747,4.239039228770362,3.510745396095873
San Marino,135,"Prices, Consumer Price Index, All items, Index",PCPI_IX,Value,NA,NA,NA,NA,NA,NA,NA,NA,NA,NA,NA,NA,NA,NA,NA,NA,NA,NA,NA,NA,NA,NA,NA,NA,NA,NA,NA,NA,NA,NA,NA,NA,NA,NA,NA,NA,NA,NA,NA,NA,NA,NA,NA,NA,NA,NA,NA,NA,NA,NA,NA,NA,NA,NA,NA,NA,NA,NA,NA,NA,NA,NA,NA,84.7335158901036,85.9459158148515,87.3945246904551,89.2256666457635,91.455367656793,95.3817317809043,97.4797410759698,99.99999999999997,102.8997958430012,105.8091149480549,107.5067089613078,108.703218890836,108.8615843419247,109.5627349617816,110.6738469572942,111.9613548015218,112.4905423476661,112.3405149505633,114.155391827031,120.2346838090261,127.3668953415972,128.9490024383174,NA
Timor-Leste,537,"Prices, Consumer Price Index, All items, Percentage change, Corresponding period previous year, Percent",PCPI_PC_CP_A_PT,Value,NA,NA,NA,NA,NA,NA,NA,NA,NA,NA,NA,NA,NA,NA,NA,NA,NA,NA,NA,NA,NA,NA,NA,NA,NA,NA,NA,NA,NA,NA,NA,NA,NA,NA,NA,NA,NA,NA,NA,NA,NA,NA,NA,NA,NA,NA,NA,NA,NA,NA,NA,NA,NA,NA,NA,NA,NA,NA,NA,NA,NA,NA,NA,7.165158914418385,3.237513940033208,1.111674003871979,3.936162599298661,10.30090201748945,9.064236219489416,0.6696811859654332,6.76597680236481,13.49984023857702,11.8003096701544,11.08490851099542,0.7262750161394651,0.5527960262778531,-1.338538761851631,0.557215537430361,2.636472010158919,0.9588127397031413,0.495499215459571,3.697920946667864,7.005309453997869,8.420351033103767,2.062841530054681,NA
Afghanistan,512,"Prices, Consumer Price Index, All items, Index",PCPI_IX,Value,NA,NA,NA,NA,NA,NA,NA,NA,NA,NA,NA,NA,NA,NA,NA,NA,NA,NA,NA,NA,NA,NA,NA,NA,NA,NA,NA,NA,NA,NA,NA,NA,NA,NA,NA,NA,NA,NA,NA,NA,NA,NA,NA,NA,NA,NA,NA,NA,NA,NA,NA,NA,NA,NA,NA,NA,NA,NA,NA,NA,NA,NA,NA,NA,63.52339480931578,71.5821433759539,76.43870300586678,83.07401872752943,105.0210647350049,97.86791083853129,100,111.8041858089129,119.0057313466162,127.7952230737319,133.768366733582,132.883209191418,138.7086655088913,145.6107414385931,146.5224818572093,149.8959752080322,158.2929797280159,166.4184803584343,189.2379527511203,180.4484010808902,168.5366671397985,NA
Guinea,656,"Prices, Consumer Price Index, All items, Index",PCPI_IX,Value,NA,NA,NA,NA,NA,NA,NA,NA,NA,NA,NA,NA,NA,NA,NA,NA,NA,NA,NA,NA,NA,NA,NA,NA,NA,NA,NA,NA,NA,NA,NA,NA,NA,NA,NA,NA,NA,NA,NA,NA,NA,NA,NA,NA,NA,NA,NA,NA,NA,NA,NA,NA,NA,NA,NA,NA,NA,NA,NA,NA,NA,NA,NA,NA,32.26313514013344,42.3851461519433,57.09078730344142,67.4673608075348,83.02912111142307,86.9185278699779,100,121.3169268542577,139.7889989348563,156.4065398240666,166.0263327631983,185.5843717393808,200.7515906553018,218.6473091063889,240.1351292537028,262.8759509501441,290.7450612316694,327.3710546871226,361.7222336724757,389.9545669052932,421.6311189947855,NA
Mozambique,688,"Prices, Consumer Price Index, All items, Index",PCPI_IX,Value,NA,NA,NA,NA,NA,NA,NA,NA,NA,NA,NA,NA,NA,NA,NA,NA,NA,NA,NA,NA,NA,NA,NA,NA,NA,NA,NA,NA,NA,NA,NA,NA,NA,NA,NA,NA,NA,NA,NA,NA,NA,NA,NA,NA,NA,NA,NA,NA,NA,NA,NA,NA,NA,NA,NA,NA,NA,NA,NA,NA,NA,NA,NA,NA,57.24111292406729,60.9203156695223,68.98926503323327,74.8460995505839,85.70088364321899,88.94775872698193,100,111.1666056127874,114.059666020389,118.9201504605845,121.9642075355378,126.2948634328958,148.292955561846,170.704777480577,177.38161216446,182.3530920706718,188.7061564996636,200.7993462491509,221.4403178806332,237.2223135802336,246.8975877765955,257.6832335984602
San Marino,135,"Prices, Consumer Price Index, All items, Percentage change, Corresponding period previous year, Percent",PCPI_PC_CP_A_PT,Value,NA,NA,NA,NA,NA,NA,NA,NA,NA,NA,NA,NA,NA,NA,NA,NA,NA,NA,NA,NA,NA,NA,NA,NA,NA,NA,NA,NA,NA,NA,NA,NA,NA,NA,NA,NA,NA,NA,NA,NA,NA,NA,NA,NA,NA,NA,NA,NA,NA,NA,NA,NA,NA,NA,NA,NA,NA,NA,NA,NA,NA,NA,NA,NA,1.430838685273429,1.685488905283466,2.09525935611432,2.49894575725803,4.293202492877041,2.199592370460113,2.585418155825868,2.899795843001231,2.827332242225804,1.604392980780818,1.112963033738508,0.1456860732410663,0.6440753403465518,1.014133131945077,1.163335222931585,0.4726519673528523,-0.1333688983729153,1.615514115514209,5.325453213113651,5.931908586294032,1.242165079455693,NA
Afghanistan,512,"Prices, Consumer Price Index, All items, Percentage change, Corresponding period previous year, Percent",PCPI_PC_CP_A_PT,Value,NA,NA,NA,NA,NA,NA,NA,NA,NA,NA,NA,NA,NA,NA,NA,NA,NA,NA,NA,NA,NA,NA,NA,NA,NA,NA,NA,NA,NA,NA,NA,NA,NA,NA,NA,NA,NA,NA,NA,NA,NA,NA,NA,NA,NA,NA,NA,NA,NA,NA,NA,NA,NA,NA,NA,NA,NA,NA,NA,NA,NA,NA,NA,NA,NA,12.68626872167151,6.784596550016551,8.680570785134057,26.41866415474439,-6.811161088989959,2.178537523894187,11.8041858089129,6.44121280934117,7.385771783978554,4.673996035363445,-0.6617091647137416,4.383891955139149,4.975951505538328,0.6261491491688467,2.302372515168337,5.601887914822242,5.133203408249625,13.71210237200648,-4.644708707977748,-6.601185640737259,NA
Bosnia and Herzegovina,963,"Prices, Consumer Price Index, All items, Index",PCPI_IX,Value,NA,NA,NA,NA,NA,NA,NA,NA,NA,NA,NA,NA,NA,NA,NA,NA,NA,NA,NA,NA,NA,NA,NA,NA,NA,NA,NA,NA,NA,NA,NA,NA,NA,NA,NA,NA,NA,NA,NA,NA,NA,NA,NA,NA,NA,NA,NA,NA,NA,NA,NA,NA,NA,NA,NA,NA,NA,NA,NA,NA,NA,NA,NA,NA,NA,85.0497012056015,90.25947691860345,91.61407048429739,98.41828698788085,98.04285637561993,100,103.67125,105.7992833333333,105.7008416666667,104.7525,103.6672399710423,102.025047222661,102.8515861269501,104.3091043262597,104.896137350469,103.7933684463403,105.8501783209858,120.6912667846069,128.0605562051884,130.2275038833665,135.408231006236
Guinea,656,"Prices, Consumer Price Index, All items, Percentage change, Corresponding period previous year, Percent",PCPI_PC_CP_A_PT,Value,NA,NA,NA,NA,NA,NA,NA,NA,NA,NA,NA,NA,NA,NA,NA,NA,NA,NA,NA,NA,NA,NA,NA,NA,NA,NA,NA,NA,NA,NA,NA,NA,NA,NA,NA,NA,NA,NA,NA,NA,NA,NA,NA,NA,NA,NA,NA,NA,NA,NA,NA,NA,NA,NA,NA,NA,NA,NA,NA,NA,NA,NA,NA,NA,NA,31.3733025877534,34.69527059970722,18.17556561085974,23.06561293879799,4.684388689765041,15.05026885590008,21.3169268542577,15.2262941038638,11.88758844818276,6.150505567064199,11.78008250298339,8.172681122751316,8.91435947913097,9.827617012591912,9.470010392530124,10.60162033871666,12.59728825669343,10.49304099844241,7.804975919279735,8.123139149485961,NA
"Montenegro, Rep. of",943,"Prices, Consumer Price Index, All items, Index",PCPI_IX,Value,NA,NA,NA,NA,NA,NA,NA,NA,NA,NA,NA,NA,NA,NA,NA,NA,NA,NA,NA,NA,NA,NA,NA,NA,NA,NA,NA,NA,NA,NA,NA,NA,NA,NA,NA,NA,NA,NA,NA,NA,NA,NA,NA,NA,NA,NA,NA,NA,NA,NA,NA,NA,NA,NA,NA,NA,NA,NA,NA,NA,NA,NA,NA,NA,NA,82.2054794520548,84.60958904109592,88.2876712328767,96.0205479452052,99.3493150684929,100,103.4501431124869,107.738407324783,110.11500096703,109.3326184121184,111.0258434700929,110.724535958828,113.3600412140688,116.3201255702588,116.7406969253971,116.4422426796644,119.2494345764367,134.7999229278674,146.3721850643416,151.2562590853428,157.1546619396173
Mozambique,688,"Prices, Consumer Price Index, All items, Percentage change, Corresponding period previous year, Percent",PCPI_PC_CP_A_PT,Value,NA,NA,NA,NA,NA,NA,NA,NA,NA,NA,NA,NA,NA,NA,NA,NA,NA,NA,NA,NA,NA,NA,NA,NA,NA,NA,NA,NA,NA,NA,NA,NA,NA,NA,NA,NA,NA,NA,NA,NA,NA,NA,NA,NA,NA,NA,NA,NA,NA,NA,NA,NA,NA,NA,NA,NA,NA,NA,NA,NA,NA,NA,NA,NA,NA,6.427552780700866,13.24508790709988,8.489486754974553,14.50280530022677,3.788613309146254,12.42554217351563,11.1666056127874,2.602454569566181,4.261352509419634,2.55974875844295,3.550759673567459,17.41804181975971,15.11320738993842,3.911334399907289,2.802703079281112,3.483935674932038,6.408476529756918,10.27940180934209,7.126974821318511,4.078568348120219,4.368469501461496
Sint Maarten,352,"Prices, Consumer Price Index, All items, Index",PCPI_IX,Value,NA,NA,NA,NA,NA,NA,NA,NA,NA,NA,NA,NA,NA,NA,NA,NA,NA,NA,NA,NA,NA,NA,NA,NA,NA,NA,NA,NA,NA,NA,NA,NA,NA,NA,NA,NA,NA,NA,NA,NA,NA,NA,NA,NA,NA,NA,NA,NA,NA,NA,NA,NA,NA,NA,NA,NA,NA,NA,NA,NA,NA,NA,NA,NA,NA,89.2838171963047,89.5522054243497,93.52156890811835,93.13071513161651,98.67910496999083,99.99999999999999,104.584754356504,108.7840249003468,111.5347898456247,113.6391776936284,114.0142178502603,114.1415519566739,116.6435463148526,NA,NA,NA,NA,NA,NA,NA,NA
Bosnia and Herzegovina,963,"Prices, Consumer Price Index, All items, Percentage change, Corresponding period previous year, Percent",PCPI_PC_CP_A_PT,Value,NA,NA,NA,NA,NA,NA,NA,NA,NA,NA,NA,NA,NA,NA,NA,NA,NA,NA,NA,NA,NA,NA,NA,NA,NA,NA,NA,NA,NA,NA,NA,NA,NA,NA,NA,NA,NA,NA,NA,NA,NA,NA,NA,NA,NA,NA,NA,NA,NA,NA,NA,NA,NA,NA,NA,NA,NA,NA,NA,NA,NA,NA,NA,NA,NA,NA,6.125566156202847,1.500777106115417,7.427043103329526,-0.3814642824530569,1.996212367458867,3.67125,2.05267452001717,-0.0930456838317588,-0.8971940541943332,-1.036023034254743,-1.584100000000018,0.8101333219530387,1.417108140180337,0.56278215406123,-1.051296007634898,1.98163900587622,14.0208440826771,6.1059011284828,1.692127335997238,3.978212718804339
Kiribati,826,"Prices, Consumer Price Index, All items, Index",PCPI_IX,Value,NA,NA,NA,NA,NA,NA,NA,NA,NA,NA,NA,NA,NA,NA,NA,NA,NA,NA,NA,NA,NA,NA,NA,NA,NA,NA,NA,NA,NA,NA,NA,NA,NA,NA,NA,NA,NA,NA,NA,NA,NA,NA,NA,NA,NA,NA,NA,NA,NA,NA,NA,NA,NA,NA,NA,NA,NA,NA,NA,NA,NA,NA,NA,NA,NA,NA,80.47306415466409,83.3640761353743,94.75611019980191,104.0577858095483,100,101.4974097987597,98.40593782106698,96.94159932345507,98.98123623483139,99.54742448933843,101.456058112065,101.8167555913496,102.3910331383342,100.5346018428033,103.1014970846799,105.2188067166009,110.8437561534579,121.1334637791078,124.1078362895592,NA
"Montenegro, Rep. of",943,"Prices, Consumer Price Index, All items, Percentage change, Corresponding period previous year, Percent",PCPI_PC_CP_A_PT,Value,NA,NA,NA,NA,NA,NA,NA,NA,NA,NA,NA,NA,NA,NA,NA,NA,NA,NA,NA,NA,NA,NA,NA,NA,NA,NA,NA,NA,NA,NA,NA,NA,NA,NA,NA,NA,NA,NA,NA,NA,NA,NA,NA,NA,NA,NA,NA,NA,NA,NA,NA,NA,NA,NA,NA,NA,NA,NA,NA,NA,NA,NA,NA,NA,NA,NA,2.924512581236478,4.347122156561121,8.758727695887984,3.466723732077934,0.6549465701484787,3.4501431124869,4.145247249811187,2.205892681411779,-0.7105140517102266,1.548691582224855,-0.2713850233851755,2.380235990531304,2.611223782637997,0.3615637045407673,-0.2556556998485512,2.410801984031652,13.04030363470036,8.584769104554026,3.336750092822814,3.899609107049556
Sierra Leone,724,"Prices, Consumer Price Index, All items, Index",PCPI_IX,Value,NA,NA,NA,NA,NA,NA,NA,NA,NA,NA,NA,NA,NA,NA,NA,NA,NA,NA,NA,NA,NA,NA,NA,NA,NA,NA,NA,NA,NA,NA,NA,NA,NA,NA,NA,NA,NA,NA,NA,NA,NA,NA,NA,NA,NA,NA,NA,NA,NA,NA,NA,NA,NA,NA,NA,NA,NA,NA,NA,NA,NA,NA,NA,NA,NA,NA,71.85375691426829,80.22470123744662,86.81205119372532,93.29605977900836,99.99999999999999,106.7913829195262,113.8265454834521,120.114470441718,125.6869551392458,134.0947030922917,148.692334190095,175.7863218421261,203.9640690002383,234.1609475608786,265.648268369591,297.1912345319164,378.0518826677971,558.166662231195,717.9907088856982,771.7502751761723
Sint Maarten,352,"Prices, Consumer Price Index, All items, Percentage change, Corresponding period previous year, Percent",PCPI_PC_CP_A_PT,Value,NA,NA,NA,NA,NA,NA,NA,NA,NA,NA,NA,NA,NA,NA,NA,NA,NA,NA,NA,NA,NA,NA,NA,NA,NA,NA,NA,NA,NA,NA,NA,NA,NA,NA,NA,NA,NA,NA,NA,NA,NA,NA,NA,NA,NA,NA,NA,NA,NA,NA,NA,NA,NA,NA,NA,NA,NA,NA,NA,NA,NA,NA,NA,NA,NA,NA,0.300601202404805,4.432457542457542,-0.4179290200807581,5.95763688760801,1.338576216728816,4.58475435650401,4.015184210815764,2.528647885383703,1.886754662752656,0.3300271651410656,0.1116826557375794,2.19201010962985,NA,NA,NA,NA,NA,NA,NA,NA
United Arab Emirates,466,"Prices, Consumer Price Index, All items, Index",PCPI_IX,Value,NA,NA,NA,NA,NA,NA,NA,NA,NA,NA,NA,NA,NA,NA,NA,NA,NA,NA,NA,NA,NA,NA,NA,NA,NA,NA,NA,NA,NA,NA,NA,NA,NA,NA,NA,NA,NA,NA,NA,NA,NA,NA,NA,NA,NA,NA,NA,NA,NA,NA,NA,NA,NA,NA,NA,NA,NA,NA,NA,NA,NA,NA,NA,NA,NA,NA,NA,86.95312352042215,97.60524656766601,99.12965816755396,99.99999999999999,100.8773465956851,101.5454258896049,102.6635612216307,105.0723241804427,109.3487321378537,111.1174348557019,113.3029209862707,116.7797727075676,114.5246605323427,112.1432311000253,112.345016399902,118.2894451665296,120.2136694744026,122.2132617005727,NA
Kiribati,826,"Prices, Consumer Price Index, All items, Percentage change, Corresponding period previous year, Percent",PCPI_PC_CP_A_PT,Value,NA,NA,NA,NA,NA,NA,NA,NA,NA,NA,NA,NA,NA,NA,NA,NA,NA,NA,NA,NA,NA,NA,NA,NA,NA,NA,NA,NA,NA,NA,NA,NA,NA,NA,NA,NA,NA,NA,NA,NA,NA,NA,NA,NA,NA,NA,NA,NA,NA,NA,NA,NA,NA,NA,NA,NA,NA,NA,NA,NA,NA,NA,NA,NA,NA,NA,NA,3.592521312664173,13.66539952524415,9.816438845086568,-3.899550406516491,1.4974097987597,-3.045862927755707,-1.488059084680996,2.10398520925043,0.5720157436342556,1.917310902333777,0.3555208885468283,0.5640304914934757,-1.813079953029471,2.553245544146301,2.053616767739075,5.345954409089039,9.28307374517721,2.455450721590278,NA
Sierra Leone,724,"Prices, Consumer Price Index, All items, Percentage change, Corresponding period previous year, Percent",PCPI_PC_CP_A_PT,Value,NA,NA,NA,NA,NA,NA,NA,NA,NA,NA,NA,NA,NA,NA,NA,NA,NA,NA,NA,NA,NA,NA,NA,NA,NA,NA,NA,NA,NA,NA,NA,NA,NA,NA,NA,NA,NA,NA,NA,NA,NA,NA,NA,NA,NA,NA,NA,NA,NA,NA,NA,NA,NA,NA,NA,NA,NA,NA,NA,NA,NA,NA,NA,NA,NA,NA,NA,11.64997445181059,8.211124322896078,7.469018985409824,7.185662756681626,6.791382919526211,6.58776239392585,5.52412877994266,4.639311714096666,6.689435624986811,10.88606094139033,18.22150940033864,16.02954476936986,14.80499909060209,13.44687111010521,11.87395888402341,27.2082883814653,47.64287332531787,28.63375000141146,7.487501666129855
United Arab Emirates,466,"Prices, Consumer Price Index, All items, Percentage change, Corresponding period previous year, Percent",PCPI_PC_CP_A_PT,Value,NA,NA,NA,NA,NA,NA,NA,NA,NA,NA,NA,NA,NA,NA,NA,NA,NA,NA,NA,NA,NA,NA,NA,NA,NA,NA,NA,NA,NA,NA,NA,NA,NA,NA,NA,NA,NA,NA,NA,NA,NA,NA,NA,NA,NA,NA,NA,NA,NA,NA,NA,NA,NA,NA,NA,NA,NA,NA,NA,NA,NA,NA,NA,NA,NA,NA,NA,NA,12.25042024481392,1.5618131744907,0.8779832882858672,0.8773465956851202,0.6622689002690088,1.101118363757104,2.346268656716426,4.069966083615932,1.617488089041977,1.96682557818842,3.068633792519967,-1.931081147821727,-2.079403179409438,0.1799353361744314,5.291226043768494,1.626708372132483,1.66336510224894,NA
Lebanon,446,"Prices, Consumer Price Index, All items, Index",PCPI_IX,Value,NA,NA,NA,NA,NA,NA,NA,NA,NA,NA,NA,NA,NA,NA,NA,NA,NA,NA,NA,NA,NA,NA,NA,NA,NA,NA,NA,NA,NA,NA,NA,NA,NA,NA,NA,NA,NA,NA,NA,NA,NA,NA,NA,NA,NA,NA,NA,NA,NA,NA,NA,NA,NA,NA,NA,NA,NA,NA,NA,NA,NA,NA,NA,NA,NA,NA,NA,NA,95.03338196395431,96.16912278678048,99.99999999999996,104.9714857169238,111.8801572573395,117.2739215258019,119.4488886156495,114.9705762843315,114.0699432098243,118.9993071909053,126.2308820928586,130.0246117613395,240.3691313298167,612.3550150211842,1660.740427212766,5336.650591766157,7751.113674890345,8882.589924544995
South Sudan,733,"Prices, Consumer Price Index, All items, Index",PCPI_IX,Value,NA,NA,NA,NA,NA,NA,NA,NA,NA,NA,NA,NA,NA,NA,NA,NA,NA,NA,NA,NA,NA,NA,NA,NA,NA,NA,NA,NA,NA,NA,NA,NA,NA,NA,NA,NA,NA,NA,NA,NA,NA,NA,NA,NA,NA,NA,NA,NA,NA,NA,NA,NA,NA,NA,NA,NA,NA,NA,NA,NA,NA,NA,NA,NA,NA,NA,NA,NA,94.13142357045126,98.84390019240314,100,146.8521757193597,213.7079472090176,213.5838021715171,217.1598337698989,331.7471091947402,1592.384749454438,4583.705461625803,8411.169629500853,15749.18875524817,20422.89337125728,22570.7110312611,21061.33514568068,21563.18555530778,41280.73969304955,NA
Venezuela,299,"Prices, Consumer Price Index, All items, Index",PCPI_IX,Value,NA,NA,NA,NA,NA,NA,NA,NA,NA,NA,NA,NA,NA,NA,NA,NA,NA,NA,NA,NA,NA,NA,NA,NA,NA,NA,NA,NA,NA,NA,NA,NA,NA,NA,NA,NA,NA,NA,NA,NA,NA,NA,NA,NA,NA,NA,NA,NA,NA,NA,NA,NA,NA,NA,NA,NA,NA,NA,NA,NA,NA,NA,NA,NA,NA,NA,NA,NA,61.38666196810853,78.01074795172228,100,126.0902123160959,152.6561536428511,214.6947405514938,348.1675623293108,772.0200863360053,2740.273984670961,NA,NA,NA,NA,NA,NA,NA,NA,NA
Caymen Islands,377,"Prices, Consumer Price Index, All items, Index",PCPI_IX,Value,NA,NA,NA,NA,NA,NA,NA,NA,NA,NA,NA,NA,NA,NA,NA,NA,NA,NA,NA,NA,NA,NA,NA,NA,NA,NA,NA,NA,NA,NA,NA,NA,NA,NA,NA,NA,NA,NA,NA,NA,NA,NA,NA,NA,NA,NA,NA,NA,NA,NA,NA,NA,NA,NA,NA,NA,NA,NA,NA,NA,NA,NA,NA,NA,NA,NA,NA,NA,NA,99.72461957612543,99.99999999999996,101.3254357577966,102.5301429581833,104.7454209852319,106.0798557728523,103.5896017727077,102.9418991289646,NA,NA,NA,NA,NA,NA,NA,NA,NA
Lebanon,446,"Prices, Consumer Price Index, All items, Percentage change, Corresponding period previous year, Percent",PCPI_PC_CP_A_PT,Value,NA,NA,NA,NA,NA,NA,NA,NA,NA,NA,NA,NA,NA,NA,NA,NA,NA,NA,NA,NA,NA,NA,NA,NA,NA,NA,NA,NA,NA,NA,NA,NA,NA,NA,NA,NA,NA,NA,NA,NA,NA,NA,NA,NA,NA,NA,NA,NA,NA,NA,NA,NA,NA,NA,NA,NA,NA,NA,NA,NA,NA,NA,NA,NA,NA,NA,NA,NA,NA,1.195096711655427,3.983479418558331,4.971485716923842,6.581474476836774,4.821019562973989,1.854604213409097,-3.749145247996286,-0.7833596243615077,4.321352183031908,6.076989078896069,3.005389493903827,84.86433304720406,154.7560960233933,171.2054913366413,221.341644023365,45.24304227167184,14.59759586961105
South Sudan,733,"Prices, Consumer Price Index, All items, Percentage change, Corresponding period previous year, Percent",PCPI_PC_CP_A_PT,Value,NA,NA,NA,NA,NA,NA,NA,NA,NA,NA,NA,NA,NA,NA,NA,NA,NA,NA,NA,NA,NA,NA,NA,NA,NA,NA,NA,NA,NA,NA,NA,NA,NA,NA,NA,NA,NA,NA,NA,NA,NA,NA,NA,NA,NA,NA,NA,NA,NA,NA,NA,NA,NA,NA,NA,NA,NA,NA,NA,NA,NA,NA,NA,NA,NA,NA,NA,NA,NA,5.006273615340468,1.169621803011082,46.8521757193597,45.52589783717057,-0.0580909784225664,1.674299062955201,52.76633041921427,379.9995856240261,187.8516302794417,83.50152949219998,87.241364150003207,29.67584355385716,10.51671582943585,-6.687320942126679,2.382804348137544,91.44082207690455,NA
Venezuela,299,"Prices, Consumer Price Index, All items, Percentage change, Corresponding period previous year, Percent",PCPI_PC_CP_A_PT,Value,NA,NA,NA,NA,NA,NA,NA,NA,NA,NA,NA,NA,NA,NA,NA,NA,NA,NA,NA,NA,NA,NA,NA,NA,NA,NA,NA,NA,NA,NA,NA,NA,NA,NA,NA,NA,NA,NA,NA,NA,NA,NA,NA,NA,NA,NA,NA,NA,NA,NA,NA,NA,NA,NA,NA,NA,NA,NA,NA,NA,NA,NA,NA,NA,NA,NA,NA,NA,NA,27.08094144661304,28.1874647092039,26.0902123160959,21.06899563318759,40.63942751615894,62.16864997948285,121.7380852975033,254.948534781816,NA,NA,NA,NA,NA,NA,NA,NA,NA
Zimbabwe,698,"Prices, Consumer Price Index, All items, Index",PCPI_IX,Value,NA,NA,NA,NA,NA,NA,NA,NA,NA,NA,NA,NA,NA,NA,NA,NA,NA,NA,NA,NA,NA,NA,NA,NA,NA,NA,NA,NA,NA,NA,NA,NA,NA,NA,NA,NA,NA,NA,NA,NA,NA,NA,NA,NA,NA,NA,NA,NA,NA,NA,NA,NA,NA,NA,NA,NA,NA,NA,NA,NA,NA,NA,NA,NA,NA,NA,NA,NA,NA,97.06601466992664,100,103.4661297281749,107.3205810441536,109.0752193297857,108.8594851143391,106.2131454048612,104.5735653674673,105.5084136344024,116.7122105565943,414.6843089313965,2725.312814612398,5411.002444987775,11076.60178773358,NA,NA,NA
Caymen Islands,377,"Prices, Consumer Price Index, All items, Percentage change, Corresponding period previous year, Percent",PCPI_PC_CP_A_PT,Value,NA,NA,NA,NA,NA,NA,NA,NA,NA,NA,NA,NA,NA,NA,NA,NA,NA,NA,NA,NA,NA,NA,NA,NA,NA,NA,NA,NA,NA,NA,NA,NA,NA,NA,NA,NA,NA,NA,NA,NA,NA,NA,NA,NA,NA,NA,NA,NA,NA,NA,NA,NA,NA,NA,NA,NA,NA,NA,NA,NA,NA,NA,NA,NA,NA,NA,NA,NA,NA,NA,0.2761408617501083,1.325435757796641,1.188948452456078,2.160611468133909,1.273979115333875,-2.347527701656152,-0.6252583586181402,NA,NA,NA,NA,NA,NA,NA,NA,NA
French Territories: New Caledonia,839,"Prices, Consumer Price Index, All items, Index",PCPI_IX,Value,NA,NA,NA,NA,NA,NA,NA,NA,NA,NA,NA,NA,NA,NA,NA,NA,NA,NA,NA,NA,NA,NA,NA,NA,NA,NA,NA,NA,NA,NA,NA,NA,NA,NA,NA,NA,NA,NA,NA,NA,NA,NA,NA,NA,NA,NA,NA,NA,NA,NA,NA,NA,NA,NA,NA,NA,NA,NA,NA,NA,NA,NA,NA,NA,NA,NA,NA,NA,NA,NA,99.99999999999997,102.4289969375338,104.2211687712377,105.5527121701553,105.7414943155595,106.344758149096,106.9597684272346,NA,NA,NA,NA,NA,NA,NA,NA,NA
Nauru,836,"Prices, Consumer Price Index, All items, Index",PCPI_IX,Value,NA,NA,NA,NA,NA,NA,NA,NA,NA,NA,NA,NA,NA,NA,NA,NA,NA,NA,NA,NA,NA,NA,NA,NA,NA,NA,NA,NA,NA,NA,NA,NA,NA,NA,NA,NA,NA,NA,NA,NA,NA,NA,NA,NA,NA,NA,NA,NA,NA,NA,NA,NA,NA,NA,NA,NA,NA,NA,NA,NA,NA,NA,NA,NA,NA,NA,NA,NA,NA,NA,100,100.3003003003003,100.1751751751752,NA,NA,NA,NA,NA,NA,NA,NA,NA,NA,NA,NA,NA
Tuvalu,869,"Prices, Consumer Price Index, All items, Index",PCPI_IX,Value,NA,NA,NA,NA,NA,NA,NA,NA,NA,NA,NA,NA,NA,NA,NA,NA,NA,NA,NA,NA,NA,NA,NA,NA,NA,NA,NA,NA,NA,NA,NA,NA,NA,NA,NA,NA,NA,NA,NA,NA,NA,NA,NA,NA,NA,NA,NA,NA,NA,NA,NA,NA,NA,NA,NA,NA,NA,NA,NA,NA,NA,NA,NA,NA,NA,NA,NA,NA,NA,NA,100,100.5005807431527,NA,NA,NA,NA,NA,NA,NA,NA,NA,NA,NA,NA,NA,NA
Uzbekistan,927,"Prices, Consumer Price Index, All items, Index",PCPI_IX,Value,NA,NA,NA,NA,NA,NA,NA,NA,NA,NA,NA,NA,NA,NA,NA,NA,NA,NA,NA,NA,NA,NA,NA,NA,NA,NA,NA,NA,NA,NA,NA,NA,NA,NA,NA,NA,NA,NA,NA,NA,NA,NA,NA,NA,NA,NA,NA,NA,NA,NA,NA,NA,NA,NA,NA,NA,NA,NA,NA,NA,NA,NA,NA,NA,NA,NA,NA,NA,NA,NA,100,113.7797446476602,128.8086865952766,144.0614813831876,157.4348434862547,171.2133551636934,185.1345190791653,210.8233083069656,247.7683636017147,283.7585418811719,320.2718241539951,355.0188822107617,395.656628724737,435.050539874052,476.938313750946,NA
Zimbabwe,698,"Prices, Consumer Price Index, All items, Percentage change, Corresponding period previous year, Percent",PCPI_PC_CP_A_PT,Value,NA,NA,NA,NA,NA,NA,NA,NA,NA,NA,NA,NA,NA,NA,NA,NA,NA,NA,NA,NA,NA,NA,NA,NA,NA,NA,NA,NA,NA,NA,NA,NA,NA,NA,NA,NA,NA,NA,NA,NA,NA,NA,NA,NA,NA,NA,NA,NA,NA,NA,NA,NA,NA,NA,NA,NA,NA,NA,NA,NA,NA,NA,NA,NA,NA,NA,NA,NA,NA,NA,3.022670025188917,3.4661297281749,3.725326661106463,1.634950415438219,-0.1977848101266099,-2.430968423834039,-1.54366960054161,0.8939623160500274,10.61886586695751,255.3049907578557,557.2018173620507,98.54610509206238,104.7051706286672,NA,NA,NA
French Territories: New Caledonia,839,"Prices, Consumer Price Index, All items, Percentage change, Corresponding period previous year, Percent",PCPI_PC_CP_A_PT,Value,NA,NA,NA,NA,NA,NA,NA,NA,NA,NA,NA,NA,NA,NA,NA,NA,NA,NA,NA,NA,NA,NA,NA,NA,NA,NA,NA,NA,NA,NA,NA,NA,NA,NA,NA,NA,NA,NA,NA,NA,NA,NA,NA,NA,NA,NA,NA,NA,NA,NA,NA,NA,NA,NA,NA,NA,NA,NA,NA,NA,NA,NA,NA,NA,NA,NA,NA,NA,NA,NA,NA,2.428996937533831,1.749672346002621,1.27761318992718,0.1788510607855111,0.5705081410484018,0.578317435520754,NA,NA,NA,NA,NA,NA,NA,NA,NA
Nauru,836,"Prices, Consumer Price Index, All items, Percentage change, Corresponding period previous year, Percent",PCPI_PC_CP_A_PT,Value,NA,NA,NA,NA,NA,NA,NA,NA,NA,NA,NA,NA,NA,NA,NA,NA,NA,NA,NA,NA,NA,NA,NA,NA,NA,NA,NA,NA,NA,NA,NA,NA,NA,NA,NA,NA,NA,NA,NA,NA,NA,NA,NA,NA,NA,NA,NA,NA,NA,NA,NA,NA,NA,NA,NA,NA,NA,NA,NA,NA,NA,NA,NA,NA,NA,NA,NA,NA,NA,NA,NA,0.3003003003003,-0.124750499001971,NA,NA,NA,NA,NA,NA,NA,NA,NA,NA,NA,NA,NA
Tuvalu,869,"Prices, Consumer Price Index, All items, Percentage change, Corresponding period previous year, Percent",PCPI_PC_CP_A_PT,Value,NA,NA,NA,NA,NA,NA,NA,NA,NA,NA,NA,NA,NA,NA,NA,NA,NA,NA,NA,NA,NA,NA,NA,NA,NA,NA,NA,NA,NA,NA,NA,NA,NA,NA,NA,NA,NA,NA,NA,NA,NA,NA,NA,NA,NA,NA,NA,NA,NA,NA,NA,NA,NA,NA,NA,NA,NA,NA,NA,NA,NA,NA,NA,NA,NA,NA,NA,NA,NA,NA,NA,0.5005807431527,NA,NA,NA,NA,NA,NA,NA,NA,NA,NA,NA,NA,NA,NA
Uzbekistan,927,"Prices, Consumer Price Index, All items, Percentage change, Corresponding period previous year, Percent",PCPI_PC_CP_A_PT,Value,NA,NA,NA,NA,NA,NA,NA,NA,NA,NA,NA,NA,NA,NA,NA,NA,NA,NA,NA,NA,NA,NA,NA,NA,NA,NA,NA,NA,NA,NA,NA,NA,NA,NA,NA,NA,NA,NA,NA,NA,NA,NA,NA,NA,NA,NA,NA,NA,NA,NA,NA,NA,NA,NA,NA,NA,NA,NA,NA,NA,NA,NA,NA,NA,NA,NA,NA,NA,NA,NA,NA,13.7797446476602,13.2088026688373,11.84143336220487,9.283093561626954,8.751881967375075,8.130886695235997,13.87574254416354,17.52417965140548,14.52573595606866,12.86772973626065,10.8492397508122,11.44664369988359,9.956590712580178,9.628254659566815,NA
Canada,156,"Supplementary Items, Current Account, Net (Excluding Exceptional Financing), US Dollars",BCAXF_BP6_USD,Value,NA,NA,NA,NA,NA,NA,NA,NA,NA,NA,NA,NA,NA,NA,NA,NA,NA,NA,NA,NA,-1187187628.369726,-1105883473.511656,-1080531891.707542,-841511701.6441844,-453738889.1107339,-1657803080.86996,-1578616023.550333,-1278892821.919319,-980740554.3180419,-1945698726.399522,493731567.6081297,-1038600163.227585,-2404308515.175797,-2056301251.05484,-4570220597.295241,-8196398662.673308,-7638587863.327183,-7002658577.45663,-8188226093.991169,-8384719674.322336,-6088019706.462969,-12532212145.42351,1796486978.153524,-2522643418.799162,-1373618096.222839,-5838917859.285099,-11351388394.99648,-13711713496.43764,-15285075070.66,-22216034255.55865,-20259435863.98822,-22874763553.83358,-21718992367.35422,-22353009553.39519,-13907010266.71012,-5061141976.25053,2428067198.301231,-8985483076.794708,-8999712921.894485,845351118.081363,18494424438.881672,15757824510.9176,12512912205.01146,10432942306.80066,23235547976.42115,21933097496.40701,17990236971.1868,11050809835.87342,3177944944.24188,-40775263975.9539,-58162670440.44638,-49746988786.87768,-64582432568.93223,-58110120944.71608,-41873919951.86797,-54695520049.64868,-47262580270.15049,-46235966235.65859,-41150336771.19688,-34032332330.54493,-33287434317.46843,-444179661.14057,-9729614620.85871,-15238758364.72562,-11074626981.57488,NA
Israel,436,"Supplementary Items, Current Account, Net (Excluding Exceptional Financing), US Dollars",BCAXF_BP6_USD,Value,NA,NA,NA,NA,NA,NA,NA,NA,NA,NA,NA,NA,NA,NA,NA,NA,NA,NA,NA,NA,-41000000,-103000000,0,0,0,-190000000,-160000000,-20000000,-184000000,-395000000,-617000000,-545000000,-216000000,-525000000,-1563000000,-1822000000,-676000000,-356000000,-1009000000,-920000000,-871000000,-1361200000,-2257100000,-2372600000,-1577800000,987700000,1276700000,-1407300000,-837900000,208400000,163400000,-1278400000,-875000000,-2479800000,-3447100000,-5351600000,-6066700000,-4255400000,-2017500000,-2980500000,-3226100000,-3500900000,-2859200000,-720100000,1173900000,3272800000,5216500000,3973300000,941100000,6034900000,6451800000,2567800000,-828000000,6686400000,10896600000,13893300000,10179600000,11274000000,9095200000,11581100000,15368300000,14797900000,14126500000,15719200000,15475300000,NA
South Africa,199,"Supplementary Items, Current Account, Net (Excluding Exceptional Financing), US Dollars",BCAXF_BP6_USD,Value,NA,NA,NA,NA,NA,NA,NA,NA,NA,NA,NA,NA,NA,NA,NA,NA,NA,NA,NA,NA,48999980.41960762,270199892.0281229,429799828.2519883,194599922.2378704,-160999935.6644258,-516599793.5667215,-146999941.2588238,-375199850.0701405,-19599992.16784262,-480199808.1121559,-1289399484.755965,-1488132777.641073,-192051956.9560808,-258394951.4731867,-1437709300.09144,-2397131175.737886,-1912449998.337,239199999.792,1099399999.044,2965045476.421118,3161391216.189014,-4978365548.891987,-3525807428.479838,-323223987.9765796,-1951775969.24327,2261355818.81972,2765954425.459861,5104704864.422192,2533618988.844296,1497993501.866363,1551571060.83907,1399119919.338594,1980166934.354875,2803148534.313403,29620519.2570453,-2493247873.02848,-1678190241.833606,-2227357021.249754,-2199125544.601379,-675246561.6951966,-190556634.7718844,342639131.1215789,1009383967.419174,-1541574878.824161,-6413747384.11009,-8015417922.76413,-12154724637.79289,-16193848408.82512,-16395139537.10974,-7863255557.701924,-5421631418.057157,-9254146535.696348,-20346176599.84602,-21400789698.60222,-18344938660.43781,-14944186632.13162,-8521994957.009457,-9056996805.89759,-12159926617.73682,-10200410538.59003,6771399115.516789,15843620102.38869,-1207228550.223082,-4209439168.07549,-2578559235.522134,NA
Barbados,316,"Supplementary Items, Current Account, Net (Excluding Exceptional Financing), US Dollars",BCAXF_BP6_USD,Value,NA,NA,NA,NA,NA,NA,NA,NA,NA,NA,NA,NA,NA,NA,NA,NA,NA,NA,NA,NA,NA,NA,NA,NA,NA,NA,NA,-18259009.8699574,-26386397.5118068,-39578130.8052109,-46201972.601899,-42465732.2264967,-46479667.2181207,-50479865.5180473,-57664892.2329516,-46170238.1478838,-69864469.4,-47464982.8,-23647312.6,-42124306.635,-61041000,-132041000,-79733000,-87646500,-32790250,-5278000,40383211.9294945,-7650244.95213798,55547125.1807956,29010255.5598285,-7130095.59703499,-19479304.420415,146166971.696937,85054634.9323685,134089341.109446,936486.048994482,140864286.638673,-80150970.2093395,-106181127.821938,-132281342.191056,-102185303.181541,-111242365.71171,-144795834.450193,-188204341.519287,-437235618.857471,-495742535.692659,-442370494.173792,-347371226.13696,-431911348.77444,-381050945.366036,-272352980.335986,-173611506.825515,-448497185.128993,-252485397.907366,-645562541.154232,-98732451.680711,-452390305.208519,-296395806.963392,NA,NA,NA,NA,NA,NA,NA,NA
Netherlands,138,"Supplementary Items, Current Account, Net (Excluding Exceptional Financing), US Dollars",BCAXF_BP6_USD,Value,NA,NA,NA,NA,NA,NA,NA,NA,NA,NA,NA,NA,NA,NA,NA,NA,NA,NA,NA,NA,NA,NA,NA,NA,NA,NA,NA,607182320.0025365,753867402.7693005,760220993.9249222,193093922.5121799,524464561.1454605,2100762925.131921,3223947552.101776,3039990055.33871,2393845027.544479,3587007746.914158,1413306611.083033,-904480650.760727,349720838.960883,-854956679.213426,3825980500.960958,5025236975.331658,5088774471.627985,6380197847.858268,4247718696.019216,4318239793.180167,4186503694.614187,7131957792.660374,10038843474.89091,8088821798.281138,7466488032.940702,6846502367.057709,13203348828.4657,17294219707.79583,25772729768.07974,21502347231.0879,25076694617.15587,13031045493.85289,15681703602.71072,7257328230.2234,9813967287.13193,11032388748.39371,29892053162.24244,44316893710.02882,41569049492.0265,57193610850.62118,50050749221.38609,38959720080.88378,29404599572.23382,54613976873.73744,64063212586.35656,63444805959.68968,69840143481.17809,77047969780.46527,37610928247.48874,56964432570.26515,68280223868.59239,82167694936.70328,63132744134.90165,53370119272.07324,108380090363.3476,71389537658.7799,106894748471.8952,110922512535.1566,NA
Colombia,233,"Supplementary Items, Current Account, Net (Excluding Exceptional Financing), US Dollars",BCAXF_BP6_USD,Value,NA,NA,NA,NA,NA,NA,NA,NA,NA,NA,NA,NA,NA,NA,NA,NA,NA,NA,NA,NA,NA,NA,NA,NA,NA,NA,NA,NA,-164000000.0001518,-174999999.999802,-293000000.0001718,-453986379.9953529,-191228310,-54743029.9958952,-351911520.0002383,-171677650,162860199.9996652,375428639.9960647,258131999.9990765,438044000,-205835310.002474,-1961259960,-3053797000.000432,-3003000000,-1401000000,-1809000000,383000000,336000000,-216000000,-201000000,542000000,2348800000,900700000,-2102400000,-3666972447.692591,-4515876292.870141,-4641240162.002986,-5750513928.354706,-4857623993.579538,670982414.6313623,845404083.0525539,-1040314751.939653,-1289193776.364777,-911997622.3559507,-774546542.895856,-1947743523.406817,-2991011803.110612,-6149613557.249053,-6497270736.680405,-4433005419.500877,-8583011647.501946,-9734499319.544441,-11639998929.75311,-12365127742.02014,-19818544018.19058,-18702227284.95809,-12586559420.16644,-9924358408.232021,-14040948614.94794,-14808662077.60665,-9266809779.596827,-17949402964.31421,-20852670457.82431,-8283169606.945529,-6880114730.734169,NA
Dominican Republic,243,"Supplementary Items, Current Account, Net (Excluding Exceptional Financing), US Dollars",BCAXF_BP6_USD,Value,NA,NA,NA,NA,NA,NA,NA,NA,NA,NA,NA,NA,NA,NA,NA,NA,NA,NA,NA,NA,NA,NA,NA,NA,NA,NA,NA,NA,-75200000,-84700000,-101900000,-129400000,-47000000,-96600000,-241000000,-72800000,-129200000,-128600000,-311900000,-331300000,-719900000,-389400000,-442600000,-417900000,-163400000,-107600000,-183400000,-364100000,-18900000,-327300000,-279600000,-157300000,-707900000,-532900000,-283000000,-182800000,-212700000,-163000000,-338400000,-429200000,-1026500000,-740800000,-797900000,1036180000,1041480000,-472910000,-1287410000,-2166300000,-4519700000,-2302900000,-4023500000,-4358700000.000001,-3970570000,-2567900000,-2170200000,-1280300000,-814700000,-133100000,-1321500000,-1187900000,-1329200000,-2685300000,-6548900000,-4418400000,-4167200000,NA
United Kingdom,112,"Supplementary Items, Current Account, Net (Excluding Exceptional Financing), US Dollars",BCAXF_BP6_USD,Value,NA,NA,NA,NA,NA,NA,NA,NA,NA,NA,NA,NA,NA,NA,NA,NA,NA,NA,NA,NA,NA,NA,NA,NA,NA,NA,NA,NA,NA,NA,1970398426.439806,2716894254.079745,533353862.867339,-2411629487.301559,-7448453413.847234,-3465069948.228205,-1380238419.497803,145041980.632977,2163486629.48549,-782636743.685483,6861992454.994314,14126907663.537,7984708624.956203,5291692208.228797,1833423998.031716,3314271039.144546,-1323753956.882409,-12589592392.45759,-35326156228.25079,-43108544486.49113,-38810922316.94362,-19021852919.39496,-23204209131.16371,-17721103946.91249,-10025834771.63351,-13436363557.05479,-10328612315.62327,-1402652030.84098,-5272998683.33106,-35700714424.70135,-30142652691.73942,-29139796850.05189,-35233225038.72756,-37556576825.33841,-55504743534.50978,-50393919928.1493,-84562487956.83072,-115382011654.8247,-113853924732.5815,-73330869121.42268,-68893627523.61298,-43445876389.00582,-85197234067.48164,-129528931532.3337,-153585312219.4226,-144834307320.88062,-147868520452.3421,-93747523536.96873,-112615839096.92,-76564527687.82718,-79781478065.78677,-24049803045.16454,-65768123497.55475,-122353749282.974,-109910214554.2098,NA
Italy,136,"Supplementary Items, Current Account, Net (Excluding Exceptional Financing), US Dollars",BCAXF_BP6_USD,Value,NA,NA,NA,NA,NA,NA,NA,NA,NA,NA,NA,NA,NA,NA,NA,NA,NA,NA,NA,NA,NA,NA,NA,NA,NA,NA,NA,NA,NA,NA,816480159.18352,1617368233.016902,1982312477.956098,-2840983358.584604,-8271487420.749048,-656143154.88728,-2857931546.267889,2343792334.896146,6051495316.798383,5923431267.998083,-10568983428.10149,-10374488962.01098,-7398297747.649574,647025844.293112,-3205948960.165934,-4088275110.135933,2424881553.703327,-2568855666.929159,-7150418028.74613,-12829875345.37366,-16437768132.71913,-24301559516.68353,-29279160439.06646,7732702839.64793,13199668906.51815,25096131773.97668,39973598784.99108,32276687022.73307,20107131271.3941,9984120563.22357,-3103990320.74001,1814098109.73462,-6275308295.08231,-12132055329.13869,-8975265087.95077,-16715931657.97018,-28325437322.76545,-30125765368.77781,-64953764524.54233,-39200389342.93076,-69581653623.23177,-63248722948.25444,-4515622908.03089,22350641380.94865,37156854353.7149,22759070859.6739,46448271973.68072,48869837408.8691,53985908863.47037,65310580764.3663,75093383670.11751,44447351586.36301,-38494330177.82736,5196187596.70994,25775403487.98776,NA
Sweden,144,"Supplementary Items, Current Account, Net (Excluding Exceptional Financing), US Dollars",BCAXF_BP6_USD,Value,NA,NA,NA,NA,NA,NA,NA,NA,NA,NA,NA,NA,NA,NA,NA,NA,NA,NA,NA,NA,NA,NA,NA,NA,NA,NA,NA,NA,NA,NA,-253227686.2805159,364813610.4176045,585837022.6430923,1451714465.957234,-529347832.3272396,-308065689.1873775,-1602305828.5999,-2120382778.271141,-190965360.187707,-2348884119.578846,-4331108818.251995,-2777532565.502944,-3285067818.619152,-724851573.7726653,735902006.324249,-1010297686.760734,32367359.173187,-21284436.815834,-533965375.026053,-3101175938.563063,-6338855169.816121,-4653082670.275697,-8827494542.404934,-4159269844.744845,742624072.838998,4940367414.438994,5892259171.382381,7405693192.055367,9547496431.148249,10777831815.58219,11688841495.04705,14965935660.77957,12452537009.68095,19571575442.60781,22902163040.98846,23583338994.91305,34469081299.70333,39927979688.38049,40802489742.9093,25918466382.46908,29196091602.58597,31437988057.6453,30417338752.987,27486293332.21923,19916384575.75738,13628030733.13848,10316959064.62085,11718652932.66597,11446182781.87557,27688464244.8074,30827677662.32069,39419670524.58138,23135209090.11514,36123499947.68849,39138772620.72045,NA
United States,111,"Supplementary Items, Current Account, Net (Excluding Exceptional Financing), US Dollars",BCAXF_BP6_USD,Value,NA,NA,NA,NA,NA,NA,NA,NA,NA,NA,NA,NA,NA,NA,NA,NA,NA,NA,NA,NA,NA,NA,NA,NA,NA,NA,NA,NA,NA,NA,2620000000,-980000000,-5260000000,7580000000,1700000000,17880000000,3840000000,-15100000000,-15747000000,-156700000,2127000000,4810000000,-11607000000,-44222000000,-99008000000,-124455000000,-147174000000,-160647000000,-121258000000,-99506000000,-78952000000,2851000000,-51605050000,-84782800000,-121642400000,-113561000000,-124727100000,-140724500000,-215037000000,-286622000000,-401928000000,-394079000000,-456109000000,-522297000000,-635887000000,-749230000000,-816642000000,-736554000000,-696526000000,-379736000000,-432002000000,-455297000000,-418112000000,-339455000000,-369978000000,-408447000000,-396219000000,-367614000000,-438989000000,-441962000000,-593504000000,-858634000000,-993142000000,-928017000000,-1185294000000,NA
Venezuela,299,"Supplementary Items, Current Account, Net (Excluding Exceptional Financing), US Dollars",BCAXF_BP6_USD,Value,NA,NA,NA,NA,NA,NA,NA,NA,NA,NA,NA,NA,NA,NA,NA,NA,NA,NA,NA,NA,NA,NA,NA,NA,NA,NA,NA,NA,NA,NA,-104000000,-11000000,-101000000,877000000,5760000000,2171000000,254000000,-3179000000,-5735000000,350000000,4728000000,4000000000,-4246000000,4427000000,4651000000,3327000000,-2245000000,-1390000000,-5809000000,2161000000,8279000000,1736000000,-3749000000,-1993000000,2541000000,2014000000,8914000000,3732000000,-4432000000,2112000000,11853000000,1983000000,7599000000,11796000000,15519000000,25447000000,26462000000,13464000000,31297000000,429000000,5585000000,16342000000,2586000000,4604000000,4919000000,-16051000000,-3870000000,NA,NA,NA,NA,NA,NA,NA,NA,NA
Germany,134,"Supplementary Items, Current Account, Net (Excluding Exceptional Financing), US Dollars",BCAXF_BP6_USD,Value,NA,NA,NA,NA,NA,NA,NA,NA,NA,NA,NA,NA,NA,NA,NA,NA,NA,NA,NA,NA,NA,NA,NA,NA,NA,NA,NA,NA,NA,NA,NA,106579704.590851,339737168.201061,4180846805.998902,9084950154.225975,3097445200.308166,3746082062.26461,3904679947.82904,9277965922.85644,-5386663051.22668,-15655476542.07513,-5304713597.30245,5511893342.90969,4346783317.35029,9212736899.73638,17994051589.59972,38661456608.19348,44216520652.04616,53961061179.46737,57052694501.38814,46455960977.48288,-22377151199.27751,-21058939120.62079,-16179390577.29186,-29276316296.81641,-27682631906.5423,-12339025899.24736,-7892794342.76428,-10672957751.67801,-25853497690.33017,-29761140543.981,-3353875402.61561,41716816826.71747,38844691698.55976,129315487541.0172,134345960160.9362,177800180477.4462,233636012354.8998,212413319489.5591,204411662121.7371,200143582233.7656,239389564087.7024,258786645229.2824,256180083917.6782,285239819861.6058,277318295638.9789,314858693283.9958,304190327719.5303,342183981933.5721,311826924162.1443,250193112917.4756,301386470204.8331,161758604940.6654,251480221838.2773,272307138782.9591,NA
Haiti,263,"Supplementary Items, Current Account, Net (Excluding Exceptional Financing), US Dollars",BCAXF_BP6_USD,Value,NA,NA,NA,NA,NA,NA,NA,NA,NA,NA,NA,NA,NA,NA,NA,NA,NA,NA,NA,NA,NA,NA,NA,NA,NA,NA,NA,NA,NA,NA,NA,4980000.000996,8219969.70972475,1179999.99920833,-20959982.62043497,-24540000.004908,-12520000.002504,-37740000.007548,-44880000.008976,-52820000.010564,-101060000.020212,-148800000.02976,-98520000.019704,-111179988.532236,-102980000.008581,-94659641.010037,-44896982.476094,-31140622.395,-40364936.7672,-62658170.45547,-21900000,-91520000,7260000,-11830000,-23390000,-87070000,-137720000,-47700000,28710000,-59820000,-114210000,-131900000,-188950000,-181780000,-168270000,-356372000,-458479000,-477373000,-678358058.0256528,-516688764.0810848,-1941824279.16184,-1769623966.855129,-1418658219.822786,-1310834855.998651,-1313652437.396934,-759715987.4763141,-606829202.0424527,-800693922.4401263,-884343555.071071,-351547117.1685672,-133200611.210855,-76588642.341251,-680947057.546041,-863107455.296548,-335140726.983493,NA
Malta,181,"Supplementary Items, Current Account, Net (Excluding Exceptional Financing), US Dollars",BCAXF_BP6_USD,Value,NA,NA,NA,NA,NA,NA,NA,NA,NA,NA,NA,NA,NA,NA,NA,NA,NA,NA,NA,NA,NA,NA,NA,NA,NA,NA,NA,NA,NA,NA,NA,1228176.754640775,22538065.80382632,30369038.12498946,5188314.200472054,59254125.85243848,55041232.04946159,40018075.320059,72654932.50699721,46586883.27220368,38792604.42773941,86371678.58798265,12374360.83969583,-4856062.09174351,8242339.247123961,-25791049.87541107,6870360.124290011,22576521.38257057,61053628.45945354,-9469357.30324156,-55756946.41115282,-7369080.489106369,30239242.45116342,-84336645.54246826,-131535397.7120005,-379876740.0294134,-422330481.2501147,-226700442.7378448,-232940086.5184786,-134413103.2854819,-480425177.1501421,-149664786.070547,106237639.0558372,-156279445.3170412,-231662069.7744245,-417871418.717912,-530700349.1678042,-159239134.7250898,-76962232.427778,-557794386.179878,-419702566.625581,-13008900.983038,151215093.846441,270314052.246141,991728103.175171,300542507.1961907,-66359745.1614192,2712999108.368551,2156274377.649811,2916262509.611191,2640836573.504176,1843736552.715733,-535604644.877318,1479469826.68371,1777923342.861528,NA
Romania,968,"Supplementary Items, Current Account, Net (Excluding Exceptional Financing), US Dollars",BCAXF_BP6_USD,Value,NA,NA,NA,NA,NA,NA,NA,NA,NA,NA,NA,NA,NA,NA,NA,NA,NA,NA,NA,NA,NA,NA,NA,NA,NA,NA,NA,NA,NA,NA,NA,-23000000,-47000000,149000000,-359000000,-135000000,-16000000,-304000000,-759000000,-1653000000,-2420000000,-833000000,1040000000,1160000000,1719000000,1381000000,1395000000,2043000000,3922000000,2514000000,-3254000000,-1012000000,-1506000000,-1231000000,-455000000,-1780000000,-2579000000,-2104000000,-2917000000,-1297000000,-1355000000,-2229000000,-1525000000,-3311000000,-6382000000,-8540560759.816578,-13014840641.70431,-23925119198.61922,-24986469320.80776,-8234451299.812263,-8479104271.67002,-9275562979.338184,-8198913541.208534,-2159211227.343398,-682003314.556316,-1134499764.142389,-3897387335.574336,-6712673216.179182,-11140245140.39884,-12178366978.77564,-12883002247.82738,-20566763872.40979,-27326032083.16596,-24460292918.70543,-31207294294.61773,NA
Saudi Arabia,456,"Supplementary Items, Current Account, Net (Excluding Exceptional Financing), US Dollars",BCAXF_BP6_USD,Value,NA,NA,NA,NA,NA,NA,NA,NA,NA,NA,NA,NA,NA,NA,NA,NA,NA,NA,NA,NA,NA,NA,NA,NA,NA,NA,NA,NA,NA,NA,NA,971732954.0978792,2089388576.3176441,2519836944.141131,23025352119.16208,14384756710.52021,14359773375.17275,11991268249.51916,-2212049887.474332,10205792013.16115,41503072337.99929,39627396837.07717,7575468455.197302,-16852115359.35268,-18400533704.24496,-12931596758.76924,-11785497470.48904,-9759999999.999996,-7330666666.666673,-9525333333.33332,-4146666666.66666,-27509333333.33334,-17716533333.33334,-17244799999.99999,-10472800000,-5318133333.33334,679466666.66666,305066666.66667,-13132000000.00001,410986666.66666,14316800000,9353446133.33333,11873093333.33333,28047946666.66668,51925973333.33333,88914948385.6253,103439817346.5886,102112230429.004,144666885603.1088,25249308829.6572,71531813174.2399,162552918255.3741,171802670944.3907,141060099571.9154,77650927639.55441,-55044502737.15285,-26969340111.7751,9083926600.5432,70028933566.24364,32398623534.48614,-34687750307.15118,44905279085.07975,145336719378.5727,25948146192.5275,-16254059643.40883,NA
Tonga,866,"Supplementary Items, Current Account, Net (Excluding Exceptional Financing), US Dollars",BCAXF_BP6_USD,Value,NA,NA,NA,NA,NA,NA,NA,NA,NA,NA,NA,NA,NA,NA,NA,NA,NA,NA,NA,NA,NA,NA,NA,NA,NA,NA,NA,NA,NA,NA,NA,-614880.098454602,-1475102.278278878,-1239438.546117211,804644.1704875076,244681.9221713313,-2091070.437419969,-2050706.329277235,-716570.8558001117,-2404139.404556788,-3218776.719161314,-7469818.113597631,3390673.513491061,798991.239683981,-257298.5872834,-2087373.185606644,538242.240518694,4879900.456969457,-11243742.56007424,-1880805.925200574,12776831.72272606,-1901108.306893037,-1768134.160545331,3271890.53269842,-18573310.20150183,NA,NA,NA,NA,NA,NA,-13150662.75425768,-6334978.96222913,-12822927.51071953,-7539129.75296999,-24332160.87991906,-23696552.55794525,-49242000.98653597,-62713603.65149794,-93845899.27150673,-87437001.17786425,-83871330.43022195,-69820546.13882145,-42800210.41419269,-27630995.77990536,-47797844.01288707,-34709037.32411985,-34959566.86723582,-35776033.76932936,-39348167.69616839,-33587910.44271,-49569669.06076773,-47062180.33116257,-46901646.45602707,-43515751.69046405,NA
Jordan,439,"Supplementary Items, Current Account, Net (Excluding Exceptional Financing), US Dollars",BCAXF_BP6_USD,Value,NA,NA,NA,NA,NA,NA,NA,NA,NA,NA,NA,NA,NA,NA,NA,NA,NA,NA,NA,NA,NA,NA,NA,NA,NA,NA,NA,NA,NA,NA,NA,NA,6439992.8927619,12478282.1604176,3415176.84949476,44716612.51768056,36146393.00008953,-16488056.41561548,-288441286.4341281,-6467727.7163304,373904638.953551,-38922616.6746474,-332711821.1028996,-390679533.3793312,-264744680.645011,-260474547.0027402,-39758700.7045924,-351817386.5803572,-293726235.4750384,384911700.483393,-227133951.3727026,-393540845.3720402,-835222713.0091238,-629090658.8200839,-397985562.1714707,-258624042.0598224,-221861777.1509174,29337094.4992956,14104372.3554301,404936530.3243999,27581390.0141024,-24030934.391113,501306213.6274018,1198530228.39464,39195475.254303,-2271235044.854951,-1725938857.013105,-2874692559.876217,-2054052822.619199,-1243195602.743942,-1881948409.498041,-2956017204.22536,-4711237323.943659,-3503873260.380123,-2608028169.014075,-3469788732.394368,-3851830985.915496,-4392816901.408446,-2962760563.380282,-772845070.4225364,-2505005633.802814,-3717605633.80281,-3955915492.957747,-1827323943.661976,-3126507042.253529,NA
Singapore,576,"Supplementary Items, Current Account, Net (Excluding Exceptional Financing), US Dollars",BCAXF_BP6_USD,Value,NA,NA,NA,NA,NA,NA,NA,NA,NA,NA,NA,NA,NA,NA,NA,NA,NA,NA,NA,NA,NA,NA,NA,NA,NA,NA,NA,NA,NA,NA,NA,NA,-494933333.5093102,-518848089.5941618,-1021393593.21444,-584067811.1311924,-567417985.2717788,-295154546.2906309,-452501621.7398982,-735781595.7783684,-1562669054.235893,-1469689141.094002,-1296246539.680709,-610491943.2150124,-384888854.2227357,-3636115.7199317,318726319.439607,-108642835.0968213,1936916903.735545,2963658660.604791,3121873620.715033,4880321843.072555,5914853997.421689,4211064860.396014,11399762020.76128,14486215715.6715,14085124012.36605,15589109013.69259,18681506252.48336,14844686294.83151,10637117185.40034,12959875203.88894,13766983477.49766,23730108771.5606,22214276769.31219,29728715646.35258,39970902911.80656,49113607686.27641,29204144341.6402,31827178901.85856,54995996846.37049,62068689196.22459,52064046516.34577,48311595940.22219,56518685134.76183,57574236721.03713,57554926923.12506,63935405615.80105,59180185467.7779,57869528830.35327,61107526167.33799,86435311193.53938,93770599613.1527,89403321500.38487,96015191957.49242,NA
Benin,638,"Supplementary Items, Current Account, Net (Excluding Exceptional Financing), US Dollars",BCAXF_BP6_USD,Value,NA,NA,NA,NA,NA,NA,NA,NA,NA,NA,NA,NA,NA,NA,NA,NA,NA,NA,NA,NA,NA,NA,NA,NA,NA,NA,NA,NA,NA,NA,NA,NA,NA,NA,-29272386.23640567,-53379894.45239075,-72789135.89758484,-60684707.83383177,-96399003.23194268,-51851799.27621884,-35722305.00957434,-93365958.09502593,-377165677.7131706,-134792910.2678685,-57072020.9863987,-38952687.96336038,-52843453.75625506,-34289873.34561439,-137687242.7256964,-44532070.2401935,-47739555.66438221,-261453008.405351,-120136702.0430096,-100976972.4886906,-23181720.36495456,-213126185.4786124,-57403304.65120979,-169911262.6042575,-151483907.418606,-191441920.4833727,-111277263.2185023,-160592081.4365746,-240028852.9036299,-349343643.9908555,-317076125.2955594,-270428143.2037645,-327612184.0967131,-652943969.3359932,-621103081.3138281,-758868787.6269189,-618442903.1679575,-552267265.7197808,-576935937.9452579,-673366862.2908314,-885799913.3105373,-679200701.4918897,-354241236.0262238,-531029511.3573764,-648824804.8952628,-575592817.829541,-292472547.5849315,-734659106.5514276,-991004622.5053778,-1608543370.68412,NA,NA
Honduras,268,"Supplementary Items, Current Account, Net (Excluding Exceptional Financing), US Dollars",BCAXF_BP6_USD,Value,NA,NA,NA,NA,NA,NA,NA,NA,NA,NA,NA,NA,NA,NA,NA,NA,NA,NA,NA,NA,NA,NA,NA,NA,NA,NA,NA,NA,NA,NA,NA,NA,NA,NA,-103949999.9784574,-112100000,-104750000,-128700000,-157200000,-192100000,-316800000,-302700000,-228250371.000035,-231950000,-374250000,-308649221.400034,-224649316.13692,-245220736.68,-160971878.17194,-180266491.13279,-186400000,-213400000,-298200000,-308700000,-343300000,-200900000,-335400000,-272200000,-394800000,-624600000,-508263274.2842,-478666907.592411,-281571254.028684,-552820451.195313,-683390969.513439,-304335008.4523072,-382653481.1638361,-1116156503.152547,-2129853584.474266,-556653464.758831,-804073094.3601365,-1408660826.656293,-1580746021.605383,-1762523570.436401,-1372124152.448855,-979945387.0117292,-682674236.4021634,-288253383.0271467,-1581815976.612682,-660874046.6340722,665854481.8794829,-1537902787.370402,-2156562609.242864,-1367804425.143558,-1651917528.534034,NA
Madagascar,674,"Supplementary Items, Current Account, Net (Excluding Exceptional Financing), US Dollars",BCAXF_BP6_USD,Value,NA,NA,NA,NA,NA,NA,NA,NA,NA,NA,NA,NA,NA,NA,NA,NA,NA,NA,NA,NA,NA,NA,NA,NA,NA,NA,NA,NA,NA,NA,NA,NA,NA,NA,-39633782.1907635,-55619822.3428544,-28123087.33384295,-15141724.713952,-79368948.18482035,-426098368.4207137,-556326653.8896995,-362827571.8820842,-299335933.9570846,-247090732.7423487,-193299620.529431,-183550479.1266383,-142656012.0311647,-140823159.7062014,-149995735.9309412,-83851101.14987332,-264980680.1652672,-229753290.9075058,-197653749.1729107,-258185034.0882519,-277035201.286241,-275980228.0162492,-290858606.3984378,-265831928.726222,-300683739.6882358,-251983879.1172504,-282830501.7979979,-170234628.9866255,-527658209.3025798,-457889219.7,-541175586.3999997,-734214649.7965415,-585538628.386257,-842718615.7783381,-1677032018.650364,-1747565455.358368,-893306534.9671876,-777177676.5058491,-864105350.4840128,-808214219.126162,-81289492.7581075,-255834414.677425,44804653.58386449,-30119708.80958205,98048614.28014608,-301226231.2376863,-623653058.8483564,-721952769.5074822,-842926733.374528,-453893195.0616272,-749014868.287939,NA
Malaysia,548,"Supplementary Items, Current Account, Net (Excluding Exceptional Financing), US Dollars",BCAXF_BP6_USD,Value,NA,NA,NA,NA,NA,NA,NA,NA,NA,NA,NA,NA,NA,NA,NA,NA,NA,NA,NA,NA,NA,NA,NA,NA,NA,NA,NA,NA,NA,NA,NA,NA,NA,NA,-538414668.0899891,-491272532.3575135,585857195.0417396,446921321.6992532,126940721.4678908,941309074.8923959,-265976587.4348593,-2469050074.131193,-3585265856.043163,-3482175553.215639,-1656823249.072514,-600070478.0762839,-101493674.4002864,2575369613.231535,1867279334.551032,314525581.3524261,-869910809.1871145,-4182807689.510551,-2167322023.252616,-2990954102.315565,-4520137130.895465,-8643572905.73105,-4461946169.278518,-5935251478.895549,9528651059.085827,12603657894.73682,8487894736.842094,7286842368.421049,7189736842.105275,13381157894.73684,15079434210.52634,19979946359.59865,26199509355.38805,29770093207.51359,38914368952.04542,31813364132.9741,25643752186.14932,32491635332.42642,16315757809.83796,11205218342.85789,14846482442.78097,9067534382.299786,7132796676.885625,8960171430.005089,8026400934.693781,12795413586.67517,14137954762.83168,14493419471.00488,12738468639.60384,6257096796.554015,7150093156.33001,NA
Niger,692,"Supplementary Items, Current Account, Net (Excluding Exceptional Financing), US Dollars",BCAXF_BP6_USD,Value,NA,NA,NA,NA,NA,NA,NA,NA,NA,NA,NA,NA,NA,NA,NA,NA,NA,NA,NA,NA,NA,NA,NA,NA,NA,NA,NA,NA,NA,NA,NA,NA,NA,NA,-40049077.96181524,-39358340.00925831,-39623270.20515904,-103500620.4841821,-218704712.3386581,-143506788.4410819,-277319780.8230621,-192649763.2448512,-233154419.2197152,-63608397.78025611,-6762684.3377499,-68543375.60821237,-155948828.6098533,-176770505.3105337,-230496594.1113543,-256874194.594763,-235884340.6910113,-176181434.9384913,-159170022.9494464,-97180920.05161384,-126148068.53765,-151662303.3786099,-108782593.3509005,-132922856.1148923,-152381946.9242731,-137221213.7104314,-104393364.1943948,-92341907.43958282,-165566974.3823176,-219173243.8595099,-231274803.8862591,-311634696.8387275,-314006419.6370832,-351730338.8819103,-654078414.5733354,-1325370436.974027,-1137080687.783908,-1432933621.758178,-1021630309.358579,-1150600187.883553,-1306931079.206375,-1486216431.437805,-1181659913.778458,-1274368825.515626,-1625023611.821957,-1572440249.926453,-1815733516.467264,-2099092173.630452,-2500089004.983753,-2332754443.512814,-1201436331.530168,NA
Oman,449,"Supplementary Items, Current Account, Net (Excluding Exceptional Financing), US Dollars",BCAXF_BP6_USD,Value,NA,NA,NA,NA,NA,NA,NA,NA,NA,NA,NA,NA,NA,NA,NA,NA,NA,NA,NA,NA,NA,NA,NA,NA,NA,NA,NA,NA,NA,NA,NA,NA,NA,NA,179212507.7568402,57324840.9302973,36479444.2283711,276780545.0978009,-49507817.1670753,548639260.4187596,942385642.5662566,1236537351.582331,488708744.9007202,494499132.8734768,302839482.4113761,-10133325.612705,-1039839800.444305,784395318.595578,-309492847.8543563,305331599.4798455,1106371911.573471,-250715214.5643699,-598439531.8595575,-1190117035.110534,-804941482.444734,-800520156.0468136,242699996.843954,-165899997.842653,-3163599979.430429,-459499997.0123536,3129401300.390117,2082444733.420025,1941222366.710013,1453836150.845252,876566970.091031,5177529258.777637,5662473342.00259,2461901170.351103,5046678511.3134,-434786729.258776,4936102543.563075,8868485153.691326,7858653768.270632,5288166899.054025,4291929063.31259,-10847357591.06355,-12479457859.68273,-11008149603.10292,-4438284715.191769,-4330999179.750728,-12562016467.06806,-4835685478.926375,4009862705.21201,2433644273.084332,3068773848.684127,NA
Senegal,722,"Supplementary Items, Current Account, Net (Excluding Exceptional Financing), US Dollars",BCAXF_BP6_USD,Value,NA,NA,NA,NA,NA,NA,NA,NA,NA,NA,NA,NA,NA,NA,NA,NA,NA,NA,NA,NA,NA,NA,NA,NA,NA,NA,NA,NA,NA,NA,NA,NA,NA,NA,-65599060.27147951,-85622470.55956039,-92780724.59319589,-67486246.95720235,-235757227.5980024,-264195024.4173618,-386549469.2077328,-462294661.9575965,-266610873.2880762,-306141164.4475718,-274077521.5867796,-361058029.4020956,-369817547.6810708,-430227187.5568778,-405072088.3214846,-348078718.2598383,-363286052.3137806,-371738503.1185785,-401296903.4129315,-432966814.3879592,-187462391.4646142,-244462355.62030151,-200745796.3698724,-184820388.2363134,-247457175.8124921,-320280317.9342507,-333178459.9056246,-245679364.7164961,-318328945.6874075,-437532364.3573417,-511345633.1382226,-676139109.8824564,-861979157.4931953,-1312527671.47249,-1891367537.299037,-857209520.6769471,-589477328.7984859,-1152678353.536409,-1532152538.480519,-1549868805.385065,-1346796310.179169,-944941214.6381834,-795648215.2972294,-1526269729.283336,-2215256000.638369,-1897946141.692918,-2662353128.794431,-3327276073.691017,-5542372487.17796,-6071838779.447208,NA,NA
São Tomé and Príncipe,716,"Supplementary Items, Current Account, Net (Excluding Exceptional Financing), US Dollars",BCAXF_BP6_USD,Value,NA,NA,NA,NA,NA,NA,NA,NA,NA,NA,NA,NA,NA,NA,NA,NA,NA,NA,NA,NA,NA,NA,NA,NA,NA,NA,NA,NA,NA,NA,NA,NA,NA,NA,5755541.394190162,-143871.570766903,-529064.256552046,8096144.796540946,5670068.711497149,8699603.797950733,675842.814610895,-18370047.88087631,-25966739.05789104,-11042820.56674274,-11012560.59011419,-18231389.80690992,-18896570.756679,-12978864.18732882,-10772111.33845504,-11368207.43990744,-14330000,NA,NA,NA,NA,NA,NA,-6299690,-10481755.7,-17284633.39158632,-20080602.75364374,-26985121.77559678,-26594663.64594171,-28332843.59783359,-37041296.95713435,-36198730.3645318,-57659698.1292167,-64347011.89681213,-93506392.3887716,-78780635.0556838,-87575752.57888353,-105761604.4530997,-98870179.64962299,-81260661.0209989,-103936467.5637579,-68693728.20878997,-61493955.30348531,-73144971.77345444,-75131185.10672034,-90025980.2153677,-59595184.75744676,-95248349.93858083,-25591882.06667516,20893649.17190649,41500695.39027792,NA
Swaziland,734,"Supplementary Items, Current Account, Net (Excluding Exceptional Financing), US Dollars",BCAXF_BP6_USD,Value,NA,NA,NA,NA,NA,NA,NA,NA,NA,NA,NA,NA,NA,NA,NA,NA,NA,NA,NA,NA,NA,NA,NA,NA,NA,NA,NA,NA,NA,NA,NA,NA,NA,NA,42532712.43639969,51520757.86511878,30359999.9736,11614999.9899,-70724999.9385,-119236704.2990103,-129681079.7555405,-81246252.0760929,-113831458.5531693,-106992191.030202,-77476949.26504967,-38350140.78875152,10761338.83017977,65568671.10885543,95097026.89833932,77058654.75263359,50747475.26801387,47187662.39997992,-40567820.92889314,-63683432.33179471,1844937.21834384,-29719733.6152859,-51962748.6253245,-2740691.2022199,-93335100.8096094,-32957910.119253,-45863820.9206425,9000849.6743349,33206128.063666,89400978.1622417,71299923.1529311,-102646146.91842,-196624544.8957205,-65542455.5002054,-231432268.7830615,-415097104.3370471,-388582673.0968302,-281718554.5038064,239938759.2545163,487018321.0132048,512086156.6026968,533323971.0199972,297421435.2209214,272798389.9429822,60731705.45136248,176144195.6334558,270941987.2883493,125317735.082126,-140972067.8743605,98697571.58574314,78332882.0418613,NA
Togo,742,"Supplementary Items, Current Account, Net (Excluding Exceptional Financing), US Dollars",BCAXF_BP6_USD,Value,NA,NA,NA,NA,NA,NA,NA,NA,NA,NA,NA,NA,NA,NA,NA,NA,NA,NA,NA,NA,NA,NA,NA,NA,NA,NA,NA,NA,NA,NA,NA,NA,NA,NA,131775591.687844,-75492422.4077998,-27566379.4720514,-87288453.9202173,-217370822.761459,-212747509.342208,-94997360.0645085,-44153887.5510845,-86836448.6847992,-47891961.6935384,16342581.6771142,-33465923.6302356,-65583635.0662332,-60535063.8691891,-87181988.5407708,-50838802.7083759,-99810923.7855322,-146898210.238743,-140563477.578437,-82436740.197864,-56344984.5521475,-121963722.29377,-153906022.806026,-116905226.198311,-140118232.648126,-127167163.430521,-139989979.295331,-169278250.246958,-140221703.105451,-162288797.01521,-207259847.208532,-203975831.401782,-176448087.553163,-216046941.19799,-222862246.129318,-177380316.136523,-199902525.487962,-302102822.650797,-294119033.86536,-568417939.682029,-458469871.811717,-461024604.594774,-436626626.246693,-96643295.4745588,-184851586.588724,-55445279.6913028,-20737721.124092,NA,NA,NA,NA,NA
Turkey,186,"Supplementary Items, Current Account, Net (Excluding Exceptional Financing), US Dollars",BCAXF_BP6_USD,Value,NA,NA,NA,NA,NA,NA,NA,NA,NA,NA,NA,NA,NA,NA,NA,NA,NA,NA,NA,NA,NA,NA,NA,NA,NA,NA,NA,NA,NA,NA,NA,NA,NA,NA,-561000000,-1648000000,-2029000000,-3140000000,-1265000000,-1413000000,-3408000000,-1936000000,-952000000,-1923000000,-1439000000,-1013000000,-1465000000,-806000000,1596000000,938000000,-2625000000,250000000,-974000000,-6433000000,2631000000,-2338000000,-2437000000,-2638000000,2000000000,-925000000,-9920000000,3760000000,-626000000,-7554000000,-14198000000,-20980000000,-31162000000,-36946000000,-39426000000,-11358000000,-44625000000,-74403000000,-41796000000,-49329000000,-32110000000,-21354000000,-22165000000,-35141000000,-14603000000,15014000000,-30980000000,-6221000000,-46283000000,-41469000000,-10411000000,NA
Bahrain,419,"Supplementary Items, Current Account, Net (Excluding Exceptional Financing), US Dollars",BCAXF_BP6_USD,Value,NA,NA,NA,NA,NA,NA,NA,NA,NA,NA,NA,NA,NA,NA,NA,NA,NA,NA,NA,NA,NA,NA,NA,NA,NA,NA,NA,NA,NA,NA,NA,NA,NA,NA,NA,-203034134.5209463,-360213095.393813,-324023759.1912642,-387659590.1123395,-222736117.0990646,184350017.8546114,429521277.7380882,425558511.7701028,102659574.7411166,218351064.071755,38829787.2340431,-68882978.7234042,-201329787.2340421,192021276.595745,-193085106.3829787,69680851.0638291,-602659574.4680856,-826595744.6808507,-339361711.9053678,-255585130.1741476,237382283.2306115,260424551.8586638,-31063706.9366215,-777413136.2522676,-36879302.8159728,830185016.496781,225932635.756968,-49630835.4412102,200443477.622729,471578624.33783,1474202077.299038,2187449378.748189,2906574539.710005,2256886835.285773,559975548.79326,770071855.488063,3247340425.53191,2577976351.451808,2409721033.47922,1523251102.709366,-752110737.115914,-1492819148.936174,-1600000000.000001,-2434574468.085102,-794414893.61702,-3244680851.063829,2602393617.021273,6838563829.787238,2699468085.106375,2281914893.617014,NA
Brazil,223,"Supplementary Items, Current Account, Net (Excluding Exceptional Financing), US Dollars",BCAXF_BP6_USD,Value,NA,NA,NA,NA,NA,NA,NA,NA,NA,NA,NA,NA,NA,NA,NA,NA,NA,NA,NA,NA,NA,NA,NA,NA,NA,NA,NA,NA,NA,NA,NA,NA,NA,NA,NA,-6968000000,-6520000000,-5049000000,-6996000000,-10516000000,-12831000000,-11764000000,-16317000000,-6834000000,33000000,-280000000,-5311000000,-1452000000,4156000000,1002000000,-3823000000,-1450000000,6089000000,20000000,-1153000000,-18136000000,-23248000000,-32133362814.2919,-34992880274.94268,-26783642462.79536,-26530848798.82426,-24890077179.81907,-9407043257.05194,2193173018.42129,8959313364.242973,11679374942.1176,10773999924.46166,-2753670195.51869,-35601727612.84287,-29328433093.61553,-86717778084.25,-83576205984.365,-92678171336.37,-88384030093.09,-110493241349.855,-63408884124.215,-30528825466.82,-25263598550.21,-53818304220.985,-63959511165.035,-24223442477.915,-39397557333.01,-41960059748.66,-27073227179.585,-66168310204.47,-68791091370.34
Botswana,616,"Supplementary Items, Current Account, Net (Excluding Exceptional Financing), US Dollars",BCAXF_BP6_USD,Value,NA,NA,NA,NA,NA,NA,NA,NA,NA,NA,NA,NA,NA,NA,NA,NA,NA,NA,NA,NA,NA,NA,NA,NA,NA,NA,NA,NA,NA,NA,NA,NA,NA,NA,NA,-35564200.32121503,-20355005.11215953,-26960911.46127065,-115557798.962706,-60613001.19501637,-151050210.8797969,-303679167.286881,-144610725.4934358,-78947908.2670797,-58765840.35240416,81941938.09440865,108666489.5862316,628491474.5357821,193920170.6235003,491888911.8200663,-19296242.562906,302934867.0249153,197703492.1613006,426936846.7752757,221630751.6206521,299652984.0247593,494954771.0273855,721431864.9341831,169705244.8247472,583453155.3071731,545147749.1102759,595211329.6060227,263353892.00287,716788889.5413829,316806215.9748602,1597510497.874629,1950580298.904368,1654312720.132059,149529674.3935427,-648182389.0029925,-789799835.3852185,-171928339.2902885,-871642576.9248877,623282565.4800853,1658630606.993286,296750851.8535381,1185536380.435101,872782080.3327632,57903827.7852184,-1157159812.218756,-1467048817.444781,-330922962.0555565,-120919893.8064652,288854546.6171029,-821137481.6364626,NA
Chile,228,"Supplementary Items, Current Account, Net (Excluding Exceptional Financing), US Dollars",BCAXF_BP6_USD,Value,NA,NA,NA,NA,NA,NA,NA,NA,NA,NA,NA,NA,NA,NA,NA,NA,NA,NA,NA,NA,NA,NA,NA,NA,NA,NA,NA,NA,NA,NA,NA,NA,NA,NA,NA,-490000000,148000000,-551000000,-1088000000,-1189000000,-1971000000,-4733000000,-2304000000,-1117000000,-2111000000,-1412980000,-1191440000,-734900000,-231400000,-690860000,-484610000,-97700000,-956900000,-2552200000,-1587000000,-1349600000,-3082652307.593824,-3660191808.397164,-3918430456.420619,99338040.682966,-897526442.929425,-1100127918.637033,-580075884.9576232,164153378.6912494,3230434888.424078,2337151911.98816,8455912547.514055,8720422182.295614,-7534471017.574944,2473170320.211157,1946692533.483894,-12360830621.94119,-14228392009.97481,-13248567562.33789,-8981588318.724524,-6631182622.098122,-6534477430.033809,-7615781653.399779,-13265293208.03522,-14505468953.67115,-4952326391.677555,-22962267945.45564,-26656488969.4973,-10497100009.9518,-4852716809.9505,NA
Denmark,128,"Supplementary Items, Current Account, Net (Excluding Exceptional Financing), US Dollars",BCAXF_BP6_USD,Value,NA,NA,NA,NA,NA,NA,NA,NA,NA,NA,NA,NA,NA,NA,NA,NA,NA,NA,NA,NA,NA,NA,NA,NA,NA,NA,NA,NA,NA,NA,NA,NA,NA,NA,NA,-490031786.3912014,-1913896584.292562,-1722370638.307768,-1502178634.952616,-3056236980.197815,-2388928524.112877,-1875068191.333176,-2258898413.747153,-1381788411.587307,-1718091085.99371,-2767043669.628106,-4490071520.094626,-3001504830.461803,-1339878502.586061,-1117661217.996126,1371546056.784978,1983274879.712576,4198752277.246117,4831706293.519046,3189386537.591082,1854784040.045972,3089672486.228518,921262661.373005,-2008094992.074603,3047192196.556104,2261835981.646612,4848072420.252557,3460409556.630611,6963066045.363441,5940838083.388185,11007384393.53684,9461825132.23801,4840967830.92041,10412940488.30128,11840952884.33212,20619934730.63517,21825621544.17474,19740804392.90061,25448700642.69438,29416869127.10163,24240453781.94774,22332296603.25966,24646350722.38416,22459803193.79911,25944797852.66147,26002978820.58689,34953371720.32488,44624321552.01034,44904936083.72681,52124398984.00325,NA
Spain,184,"Supplementary Items, Current Account, Net (Excluding Exceptional Financing), US Dollars",BCAXF_BP6_USD,Value,NA,NA,NA,NA,NA,NA,NA,NA,NA,NA,NA,NA,NA,NA,NA,NA,NA,NA,NA,NA,NA,NA,NA,NA,NA,NA,NA,NA,NA,NA,NA,NA,NA,NA,NA,-3893003630.865028,-4622445702.058837,-2455212500.71753,1250840554.608109,756532365.6544212,-5579999645.382682,-5363207814.040307,-4548243515.823221,-3013194547.956278,1777600859.88877,2785470118.452767,3914233942.913138,-263468751.520875,-3795489189.946502,-10924451313.44324,-18009410031.97983,-19797681590.78946,-21537215134.76905,-5803781134.440708,-6389349435.889156,-1966861256.451542,-2233973438.885816,-829666961.158106,-7251485437.82898,-20415142833.33356,-25476273554.74737,-27177270742.72419,-25768011193.32642,-34562390778.36106,-58026341434.77621,-83291441550.57982,-110960779686.9777,-138338984355.6254,-144253048714.3658,-58969654408.35727,-51085366491.77464,-38517583601.21072,1676029322.41589,28299779308.18643,23961683474.41026,24567049548.59603,39258796743.16251,37386754091.47821,26650178857.02369,29750069191.90997,10568111441.2999,11179734435.64228,5495177601.12278,44253876579.51586,54931757172.494,NA
Finland,172,"Supplementary Items, Current Account, Net (Excluding Exceptional Financing), US Dollars",BCAXF_BP6_USD,Value,NA,NA,NA,NA,NA,NA,NA,NA,NA,NA,NA,NA,NA,NA,NA,NA,NA,NA,NA,NA,NA,NA,NA,NA,NA,NA,NA,NA,NA,NA,NA,NA,NA,NA,NA,-2140125901.477899,-1114194870.424849,-99080934.02002773,680405505.5492833,-162827095.6849593,-1402766284.501804,-478183388.6149236,-923075101.5369093,-1124269736.129267,-20635960.5557533,-806258709.1752758,-693308768.6393147,-1731474349.395031,-2693879544.365499,-5797060598.401908,-6962269019.469308,-6807373406.478532,-5115907404.59358,-1135004052.247862,1110443784.945951,5231356798.128948,5002580419.466043,6632800363.77208,7339629117.191314,8044740599.560552,10527099590.09791,12082014153.41115,12091805084.26258,8539305696.645194,12556749492.8933,7782802138.883191,8554462845.323935,10457546326.764,7045340046.063982,5322285469.9607,3469872145.743165,-4290326915.449133,-5802933967.788469,-5069870960.808676,-3837138142.367017,-2125776343.296707,-4737358033.231348,-1556668505.395257,-4486358677.664886,-409381878.923164,1432214471.892672,959839364.502201,-7025853950.960591,-2735851112.459415,-1989564242.550517,NA
France,132,"Supplementary Items, Current Account, Net (Excluding Exceptional Financing), US Dollars",BCAXF_BP6_USD,Value,NA,NA,NA,NA,NA,NA,NA,NA,NA,NA,NA,NA,NA,NA,NA,NA,NA,NA,NA,NA,NA,NA,NA,NA,NA,NA,NA,NA,NA,NA,NA,NA,NA,NA,NA,2740359182.392741,-3356210918.834104,-405105191.702083,7063714715.305232,5141501556.274758,-4208340488.66111,-4810818971.659954,-12082174630.80818,-5165512057.445592,-875999017.508247,-34597949.283482,2429990544.03721,-4445832867.0758,-4618908099.78865,-4671010644.3262,-9944228234.2321,-6518255441.78682,3893429894.58254,8989785410.58089,7415274026.52039,10840336630.72967,20560612391.71048,37801148626.7182,37698545877.12447,50692422641.23826,16125180558.21827,20965385279.59538,17651008712.00803,15984849589.33335,9166422108.8386,-142686034.42893,514320538.98922,-8718508961.47186,-28163013357.78057,-22099585073.57817,-22031068187.7635,-29508603051.67609,-32876398239.8294,-16839742936.3417,-27545826738.02753,-8170583302.66192,-13306524863.25129,-12286934236.14903,-20463233712.36324,15992565760.92,-53041786485.91276,7245055722.1512,-40031225364.8607,-31877106116.01065,2689987469.908,NA
Ghana,652,"Supplementary Items, Current Account, Net (Excluding Exceptional Financing), US Dollars",BCAXF_BP6_USD,Value,NA,NA,NA,NA,NA,NA,NA,NA,NA,NA,NA,NA,NA,NA,NA,NA,NA,NA,NA,NA,NA,NA,NA,NA,NA,NA,NA,NA,NA,NA,NA,NA,NA,NA,NA,17574111.99972096,-74043770.0003275,-79748084.3445018,-45940350.8967298,123499524.0000615,30200000,-419181804.0000038,-107279822.609969,-172164695.080123,-38800000,-133900000,-85320000,-97900000,-67100000,-93900000,-223200000,-252052000,-377000000,-558800000,-254600000,-143700000,-306850000,-403464000,-521730000,-964300000,-386417603.193611,-427467882.44416,-105237554.6132,101686603.455866,-590188288.77,-1104609520.85246,-1056074432.76184,-2378784231.830936,-3327428935.89153,-1897165484.241908,-2747340000,-3541315695.252306,-4911713679.074555,-5704034549.66673,-3694575338.277598,-2823640338.080223,-2832047270.619796,-2002640000,-2044594252.862371,-1863971933.067006,-2133965479.921892,-2242743796.949535,-1723247736.6388,-734496650.09451,1680567078.007793,NA
India,534,"Supplementary Items, Current Account, Net (Excluding Exceptional Financing), US Dollars",BCAXF_BP6_USD,Value,NA,NA,NA,NA,NA,NA,NA,NA,NA,NA,NA,NA,NA,NA,NA,NA,NA,NA,NA,NA,NA,NA,NA,NA,NA,NA,NA,NA,NA,NA,NA,NA,NA,NA,NA,-147516804.4014372,1570588095.382003,2107542004.623672,683160967.4155177,47544988.5173069,-1785125731.427255,-2698332267.0657,-2523543845.5558,-1953110984.257595,-2342552473.11137,-4177206011.29006,-4597716886.325506,-5191894852.65885,-7172494242.499487,-6825607131.34887,-7036643835.166616,-4291734332.075205,-4485223626.332501,-1875802280.345373,-1676281517.8866749,-5563227578.462808,-5956139581.806497,-2965195307.242064,-6903105373.496586,-3228022816.398291,-4601248652.105147,1410181566.426215,7059496037.433885,8772510263.575706,780195721.5184182,-10283543307.98078,-9299060317.46285,-8075694483.595024,-30971987180.93511,-26186435956.91063,-54515877624.36594,-62517637221.52123,-91471245845.72292,-49122670387.7031,-27314281992.58927,-22456838009.62108,-12113787707.36909,-38167659223.51079,-65599439052.66768,-29762864650.32777,32730048588.20835,-33422359357.93883,-79050941951.32408,-31955497930.20602,-32015418428.31743,NA
Kenya,664,"Supplementary Items, Current Account, Net (Excluding Exceptional Financing), US Dollars",BCAXF_BP6_USD,Value,NA,NA,NA,NA,NA,NA,NA,NA,NA,NA,NA,NA,NA,NA,NA,NA,NA,NA,NA,NA,NA,NA,NA,NA,NA,NA,NA,NA,NA,NA,NA,NA,NA,NA,NA,-220203925.8424634,-120232170.0047989,35107661.68975545,-660984166.5653915,-494561484.7568773,-877690431.4638528,-563436954.0692428,-307876090.7544065,-50408075.10082526,-129825857.887593,-117605685.5361334,-46783224.3645251,-502954144.7307777,-472106402.7224001,-590577735.1231358,-527083700.0304017,-213320795.5057695,-180154267.1791664,-261869235.6221632,-448915490.2929111,-1578240551.837652,-961189672.7413639,-1790669371.426997,-2632734196.171068,-2365219129.992536,-199391622.202439,-320276833.9210829,-117669073.5264354,132419234.8008478,-131773010.4755564,-252316724.2445597,-510433478.2098218,-1032048240.785441,-1982595676.671242,-1688505911.100749,-2368671949.983628,-3819304123.9321,-4216145380.916802,-4842146887.502612,-6377926403.385144,-4420811285.352841,-4037779793.184902,-5739957846.286047,-4989164830.68113,-5258353850.906687,-3290604657.35906,-5045280175.923278,-4806802814.134478,-2736462263.903999,-1549810652.898733,NA
Kuwait,443,"Supplementary Items, Current Account, Net (Excluding Exceptional Financing), US Dollars",BCAXF_BP6_USD,Value,NA,NA,NA,NA,NA,NA,NA,NA,NA,NA,NA,NA,NA,NA,NA,NA,NA,NA,NA,NA,NA,NA,NA,NA,NA,NA,NA,NA,NA,NA,NA,NA,NA,NA,NA,5930373300.667771,6929162786.915968,4560903961.254663,6129733318.898764,14032112650.21528,15301663132.06837,13698712080.8557,4963339382.529108,5310888253.985633,6427709529.950862,4797953140.655428,5616070037.307434,4561060706.784982,4601668104.687948,9136106370.057121,3886221421.018876,-26478480599.99998,-450169836.802066,2498686384.047635,3243108695.458486,5016959070.14871,7107345148.411429,7934759334.084801,2214889279.817759,5009614079.041304,14672132906.67613,8323614605.807307,4264689769.868255,9424132294.585539,15507974211.0621,30070547945.20548,45311775628.758,41330130542.79095,60239349741.24127,28972202231.99666,36989237365.99795,66145829373.56582,79122068567.83952,69492792828.53006,53965916437.56113,8584241437.15997,641706076.70467,7757168971.50942,24049115228.23405,30254864181.81153,22029709989.79567,34943331016.17127,63077599230.67114,51396157169.68833,46702599438.6504,NA
Sri Lanka,524,"Supplementary Items, Current Account, Net (Excluding Exceptional Financing), US Dollars",BCAXF_BP6_USD,Value,NA,NA,NA,NA,NA,NA,NA,NA,NA,NA,NA,NA,NA,NA,NA,NA,NA,NA,NA,NA,NA,NA,NA,NA,NA,NA,NA,NA,NA,NA,NA,NA,NA,NA,NA,-110030207.1844,-6538278.6503,140271315.8031,-67658304.0786,-228491634.9292,-657167493.7276,-445612873.1449,-548946463.7528,-466174666.6906,878908.563,-418450274.1444,-417074091.5057,-326054896.7764,-394468796.4479,-413707865.303,-298300713.0604,-594774953.4545,-450662935.888,-382223696.1504,-757411776.4429,-769939154.8305,-682656885.028,-394678986.3033,-227660153.7911,-561348399.2749,-1043587519.4065,-237050000,-267530000,-106400000,-677200000,-742666930,-1598611000,-1497700000,-3986200000,-292000000,-1127460000,-4675050000,-4009149851.061006,-2540575153.517407,-1987684224.224992,-1882774083.925445,-1742399715.228932,-2308995623.006972,-2799053065.550572,-1843400223.1608,-1187120153.206352,-3284272217.688308,-1448453678.134227,1439114685.908767,1205836416.873323,NA
Lesotho,666,"Supplementary Items, Current Account, Net (Excluding Exceptional Financing), US Dollars",BCAXF_BP6_USD,Value,NA,NA,NA,NA,NA,NA,NA,NA,NA,NA,NA,NA,NA,NA,NA,NA,NA,NA,NA,NA,NA,NA,NA,NA,NA,NA,NA,NA,NA,NA,NA,NA,NA,NA,NA,-1081800.69008123,-34154999.9703,-9199999.992,8509999.9926,-5.69e-8,56327811.57302513,4273119.84972439,132541466.8627014,169448943.4042449,159415659.9962631,142133700.0572542,137635620.9226372,250924749.0785829,109724502.1018598,70910643.53003389,101628498.2811759,-119192184.1832849,-163586837.4989496,-103900660.4466867,-25291038.06986905,-153352408.5492133,-216149583.9187792,-228778882.4756775,-203281332.9987753,-166622513.1768009,-76931168.50649194,28565235.46275008,63517511.49287494,-17196102.26298619,26583382.92015591,95690766.99398829,215991968.342666,305170975.0839262,277605045.5059322,-51274691.85161898,-245868594.8618655,-305832045.1785068,-464947065.454407,-254653695.9046251,-205541577.0580021,-135263943.8492899,-222051923.1189943,-207854661.8968492,-143756388.8699003,-178287446.0033579,-120966703.2035018,-196056666.9761938,-268875587.947404,-151576748.2088922,89239597.29255098,NA
Morocco,686,"Supplementary Items, Current Account, Net (Excluding Exceptional Financing), US Dollars",BCAXF_BP6_USD,Value,NA,NA,NA,NA,NA,NA,NA,NA,NA,NA,NA,NA,NA,NA,NA,NA,NA,NA,NA,NA,NA,NA,NA,NA,NA,NA,NA,NA,NA,NA,NA,NA,NA,NA,NA,-503888044.1960368,-1368086099.674572,-1824865401.407997,-1311358688.956038,-1502384824.708488,-1406658306.27024,-1827685478.236356,-1867120081.71871,-885744515.0988526,-984196954.3706628,-890567062.3978381,-208627743.0981859,181711298.3060158,472778010.6146684,-787331073.7178909,-195575488.7617893,-413252091.815933,-432660351.6683019,-521362687.3479119,-722938828.3783638,-1296334224.962365,-58399179.81086584,-168676604.1596391,-145766283.3736486,-170739334.1250948,-500977063.0674541,1606081584.715529,1472299560.670568,1552163225.37591,921641811.2928238,948669985.7931677,1315279876.590383,-224272368.3010792,-5658784693.445966,-5361511669.593577,-4209309634.240539,-8336928478.498071,-9842877389.237654,-8692380236.902275,-6597266905.289484,-2160696677.402364,-4179669586.728284,-3677255013.683678,-6205208861.720418,-4406759940.686309,-1368382876.417214,-3348692437.55921,-4800285754.429355,-1529987450.016098,-1868774289.776946,NA
Mali,678,"Supplementary Items, Current Account, Net (Excluding Exceptional Financing), US Dollars",BCAXF_BP6_USD,Value,NA,NA,NA,NA,NA,NA,NA,NA,NA,NA,NA,NA,NA,NA,NA,NA,NA,NA,NA,NA,NA,NA,NA,NA,NA,NA,NA,NA,NA,NA,NA,NA,NA,NA,NA,-61148908.81106478,-42247244.68959465,5169332.547385204,-146284700.8084596,-113599159.5203833,-129947918.3724287,-143015937.738444,-115272733.3075699,-113235125.2956106,-121499462.4335516,-209676754.6370594,-254110597.2978389,-219198871.0314287,-242808233.9611253,-155137029.5990582,-221145012.7369601,-172523247.3231736,-240543907.3649156,-188584240.5246085,-162624705.2780551,-283823393.3006742,-260798291.8367299,-178409224.3527058,-208188203.3325119,-253065384.8331468,-255156244.1715527,-310312282.6456638,-149514231.5850629,-271582512.5134479,-409703049.6001478,-437887791.5558534,-218748841.087055,-581906349.7795635,-1067735326.817822,-657483147.0172108,-1191121330.61568,-657287858.4578398,-272651301.1697211,-374791295.762113,-676735614.4047139,-697704951.3863524,-1015838147.156233,-1212918700.247426,-870452665.0404229,-1321174261.255439,-412684217.7162147,-1502775116.904494,-1505879730.011204,-1618886846.453189,-1167443703.762995,NA
Mauritania,682,"Supplementary Items, Current Account, Net (Excluding Exceptional Financing), US Dollars",BCAXF_BP6_USD,Value,NA,NA,NA,NA,NA,NA,NA,NA,NA,NA,NA,NA,NA,NA,NA,NA,NA,NA,NA,NA,NA,NA,NA,NA,NA,NA,NA,NA,NA,NA,NA,NA,NA,NA,NA,-63195624.5628493,-86001921.27416997,-122534709.2106178,-78541515.10644116,-114693848.536822,-133555774.2237296,-147466137.52049,-277018173.6232954,-213567671.1201427,-111201086.6734589,-116481805.7994227,-194568067.2273266,-147377444.8981434,-96026042.76239292,-18615067.84987584,-9626716.61973233,-29873391.97640726,-118273978.9777282,-174014775.7765565,-69852316.40704024,22108629.48074145,91282960.65975954,47829045.57028723,77245977.60101885,NA,NA,NA,NA,NA,NA,NA,NA,NA,NA,NA,NA,NA,-1497952743.559047,-1348661888.40126,-1537105803.184794,-1065677705.132266,-882919145.275351,-709000689.794686,-972886440.0250039,-831106401.8511502,-576175086.7264488,-807863418.8025649,-1424095460.912356,-966505853.1810263,-1039382012.627558,NA
Norway,142,"Supplementary Items, Current Account, Net (Excluding Exceptional Financing), US Dollars",BCAXF_BP6_USD,Value,NA,NA,NA,NA,NA,NA,NA,NA,NA,NA,NA,NA,NA,NA,NA,NA,NA,NA,NA,NA,NA,NA,NA,NA,NA,NA,NA,NA,NA,NA,NA,NA,NA,NA,NA,-2478228756.895399,-3746279711.726729,-5053108649.835675,-2118113644.711538,-1047426942.725918,1078687822.633886,2136764594.558162,638766859.65394,1956387161.639333,2881822825.432927,3030387092.639068,-4521051470.833785,-4099259584.36156,-3888621344.615642,223955723.212921,3985258849.933058,5026770748.876452,4470994653.499247,3522208210.897382,3760210473.911441,5232528309.173706,10968918557.5801,10035949220.50329,6108453.835334,8858629384.127415,25078840854.44506,27545727413.33091,24269038602.569172,27697714177.53588,32999994939.35269,49967488000.04081,55913071665.18424,49732367558.42857,72915061387.04172,45169002358.62565,50258127255.87115,66453557988.16174,63501114533.60488,53449793397.39808,54964662112.87595,31105578188.47656,14765907707.47306,21649914925.11167,34961411607.29241,11918976388.26392,4211508924.39582,74499160596.84077,172016573536.8697,86230225295.23357,76323334235.72261,NA
Portugal,182,"Supplementary Items, Current Account, Net (Excluding Exceptional Financing), US Dollars",BCAXF_BP6_USD,Value,NA,NA,NA,NA,NA,NA,NA,NA,NA,NA,NA,NA,NA,NA,NA,NA,NA,NA,NA,NA,NA,NA,NA,NA,NA,NA,NA,NA,NA,NA,NA,NA,NA,NA,NA,-754701919.9421144,-1281661619.923103,-956582941.0587499,-462752447.1025076,-54044740.4396172,-1064048802.11327,-4685750197.354671,-3258258124.351741,-1632320058.561783,-623192195.5675062,379982443.0317762,1165538045.72258,435179063.8513705,-1065786164.602071,152947802.6730874,-181400582.0473373,-716355678.478584,-184237319.126524,232902407.917325,-2195757409.182394,-131802964.08264901,-4905833674.455786,-6631659444.045276,-8379258570.706136,-11283580182.12467,-12837031422.13304,-12686904689.37942,-11210888953.16759,-11012102959.95506,-15114288032.14284,-18936910347.42446,-21356273154.50704,-23232479881.25135,-31243473713.41194,-25257142893.11501,-24467022752.52517,-15013722110.25427,-3309559804.652652,3480957817.691227,726772083.169402,1010574505.689508,2938766738.83705,3452781257.153471,1762880680.311243,1836479286.174213,-1446214172.564048,-1721235129.004254,-5353650494.913525,1620228438.286301,6507964101.31689,NA
Paraguay,288,"Supplementary Items, Current Account, Net (Excluding Exceptional Financing), US Dollars",BCAXF_BP6_USD,Value,NA,NA,NA,NA,NA,NA,NA,NA,NA,NA,NA,NA,NA,NA,NA,NA,NA,NA,NA,NA,NA,NA,NA,NA,NA,NA,NA,NA,NA,NA,NA,NA,NA,NA,NA,-72200000,-68500000,-58600000,-112900000,-205900000,-277000000,-373500000,-374800000,-247900000,-317400000,-251700000,-364900000,-489800000,-210200000,255600000,390100000,85100000,-57300000,59100000,-274100000,-217392729.56642,-69209118.89179,-548682952.50199,131932621.87912,138717161.21112,-247118010.791119,-31921267.613326,619819391.38508606,17010535.206886,-9809999.123025,-67505837.882954,167126142.173995,778964609.712478,92268273.59937,396891698.200698,-309033102.5009319,-247397781.1547752,-627326584.828478,321077948.0697051,-317739998.4042789,-78894054.6275066,1656041790.639775,1433919970.038616,92802949.3332478,-61722278.9706754,845762384.8586117,-243174988.8767747,-2699516139.86316,61038999.03538662,-1521678987.052916,NA
Solomon Islands,813,"Supplementary Items, Current Account, Net (Excluding Exceptional Financing), US Dollars",BCAXF_BP6_USD,Value,NA,NA,NA,NA,NA,NA,NA,NA,NA,NA,NA,NA,NA,NA,NA,NA,NA,NA,NA,NA,NA,NA,NA,NA,NA,NA,NA,NA,NA,NA,NA,NA,NA,NA,NA,-12567638.33129691,1710898.83292259,5766138.719991133,3319375.42326806,10277559.6817053,-12171208.11301497,-26546650.12244382,-25023056.69906921,-14627032.7123763,157020.980551555,-27823424.80559883,-11943726.67355191,-16812329.70735661,-37646757.52895128,-33228072.34300786,-27760385.42909307,-35841237.6830279,-1434377.241214423,-7654341.642964691,-3433232.98638106,8338471.4759682,14580699.73338815,-37907509.08565062,8119362.23897819,21475187.61507954,-40971278.02057966,-64838646.10004952,-67575809.3985877,-39920222.69763898,-18921689.01006377,-90202048.68790558,-42178037.16342855,-80170915.75201671,-79595554.78183249,-59587899.77539216,-144155577.3901537,-18772240.16029499,26390506.67571843,-38546482.69438032,-49565109.16068402,-36072912.8571645,-48803486.05495603,-62833337.71731789,-47815114.65003114,-153997549.5007299,-25059550.84934004,-78191576.99180096,-218533833.4320507,-178197036.8700104,-66230866.34132909,NA
Thailand,578,"Supplementary Items, Current Account, Net (Excluding Exceptional Financing), US Dollars",BCAXF_BP6_USD,Value,NA,NA,NA,NA,NA,NA,NA,NA,NA,NA,NA,NA,NA,NA,NA,NA,NA,NA,NA,NA,NA,NA,NA,NA,NA,NA,NA,NA,NA,NA,NA,NA,NA,NA,NA,-606302400.0296415,-439752683.2951135,-1097445443.496942,-1152723463.567898,-2086720157.63076,-2076322210.577119,-2571149248.40976,-1003125373.707291,-2873463763.363148,-2108581330.757261,-1537321795.153535,247028906.8691169,-366478856.2580804,-1654360231.814694,-2497933326.984015,-7281096403.131981,-7571451944.143936,-6303407263.872809,-6354894271.91766,-8058935439.65487,-13581744650.13346,-14691474457.2347,-3021103816.891168,14242468917.36368,12427871816.97674,9313150884.736628,5100898193.971792,4654204782.890696,4771810540.677336,2759369127.41898,-7641769999.99999,2314730000.000021,15583699999.99981,930870000.00003,22189105411.70604,11486104954.62688,9426846325.12524,-4899255872.443118,-8833457142.245249,11642907013.7682,27752906126.78395,43438000973.73819,43951862494.15976,28478892998.87572,38342459972.45476,20732258957.27871,-10838749153.56814,-16995600151.11772,8479217386.36121,11619102585.25324,NA
Trinidad and Tobago,369,"Supplementary Items, Current Account, Net (Excluding Exceptional Financing), US Dollars",BCAXF_BP6_USD,Value,NA,NA,NA,NA,NA,NA,NA,NA,NA,NA,NA,NA,NA,NA,NA,NA,NA,NA,NA,NA,NA,NA,NA,NA,NA,NA,NA,NA,NA,NA,NA,NA,NA,NA,NA,340308239.6411002,260901362.9969492,182833333.4095123,54416666.68934546,-19166666.67465064,356958333.4820651,414625000.1727642,-599458333.5831012,-946583333.7277452,-466666666.6666647,-47877551.0204041,-411944444.4444489,-224972222.2222169,-88559349.59349208,-38541176.47059009,458988235.2941097,-4658823.52941,138894117.6470599,113098311.9348108,217808511.0722095,293823131.9585469,105144559.1978727,-613611224.9323936,-643522089.0691724,30600000,544300028.8474883,416000022.2303528,76400000,984700000,1792858664.5938,3881346809.66517,7124822193.7939,5166460780.6821,8499028922.6859,1632776047.27209,4172327322.1487,4708371321.501462,3866509698.431249,5571337436.430608,4154502754.984891,2057150517.161386,-776382745.56016,1409192175.561569,1625843495.727602,1020143949.476967,-1356410678.486289,2629308365.036107,2882551904.543661,2891453462.307778,645480397.9174913,NA
Netherlands Antilles,353,"Supplementary Items, Current Account, Net (Excluding Exceptional Financing), US Dollars",BCAXF_BP6_USD,Value,NA,NA,NA,NA,NA,NA,NA,NA,NA,NA,NA,NA,NA,NA,NA,NA,NA,NA,NA,NA,NA,NA,NA,NA,NA,NA,NA,NA,NA,NA,NA,NA,NA,NA,NA,NA,-83000000.0461111,56555555.5869751,-24833333.3471296,23777777.7909872,611111.111449845,52944444.4738574,178000000.098889,87555555.6041975,175388888.929489,403055555.555556,50722222.2222222,-49444444.4444445,75166666.6666666,38085501.8587362,-44022346.3687151,-6201117.31843556,9944134.07821248,1229050.27932957,-97877094.9720668,127597765.363128,-253798882.681564,-65139664.8044691,-136927374.301676,-277053072.625698,-48238435.7541897,-198342458.100559,-38062569.8324023,2468715.08379912,-88109497.2067034,-105797765.363129,-201989944.134078,-563061452.513967,-845829608.938547,-793529608.938547,NA,NA,NA,NA,NA,NA,NA,NA,NA,NA,NA,NA,NA,NA,NA,NA
Argentina,213,"Supplementary Items, Current Account, Net (Excluding Exceptional Financing), US Dollars",BCAXF_BP6_USD,Value,NA,NA,NA,NA,NA,NA,NA,NA,NA,NA,NA,NA,NA,NA,NA,NA,NA,NA,NA,NA,NA,NA,NA,NA,NA,NA,NA,NA,NA,NA,NA,NA,NA,NA,NA,NA,651000000,1126000000,1856000000,-513000000,-4774000000,-4712000000,-2353000000,-2436000000,-2495000000,-952000000,-2859000000,-4235000000,-1572000000,-1305000000,4552000000,-647000000,-5547754558.62268,-8205889940.16499,-10979452970.09463,-5117957254.29083,-6769978160.485261,-12138068595.33939,-14481998042.25106,-11942825328.0158,-8980617892.627617,-3780423241.193606,8766610000,8139930000,3211790000,5273750000,6498802520.204538,6048537892.886681,5421206328.610096,7254115683.937009,-1622995871.250708,-5340181192.39521,-2138040360.432958,-13124373785.86333,-9179026266.87551,-17621985168.20996,-15104786524.5601,-31151351750.76237,-27083606451.05704,-3492479581.084215,2688362005.523104,6624785192.347991,-3964074915.280943,-20751251605.55035,5701359456.361985,NA
Bangladesh,513,"Supplementary Items, Current Account, Net (Excluding Exceptional Financing), US Dollars",BCAXF_BP6_USD,Value,NA,NA,NA,NA,NA,NA,NA,NA,NA,NA,NA,NA,NA,NA,NA,NA,NA,NA,NA,NA,NA,NA,NA,NA,NA,NA,NA,NA,NA,NA,NA,NA,NA,NA,NA,NA,-276976100.8760466,-283276059.8284868,-386380052.7009623,-418525457.8936896,-704308815.023774,-1019496273.867514,-504979528.8190294,-49468249.54143693,-481012411.8493266,-457927073.8709263,-626983190.9939823,-237890412.345756,-273244242.2616169,-1099566160.520606,-397909576.5989479,64593233.32942744,180790960.3903754,359263637.7140977,199568821.474148,-823880196.6361244,-991418974.9984692,-286312953.2218474,-35165989.34528223,-364355314.1944047,-305831650.6480007,-535424727.7214466,739250272.0001262,131637632.0093574,-278679383.7455143,-173741535.9529638,1196063083.005721,856792635.0051748,926185438.5627102,3556126394.046634,2108502536.741667,-161842538.6788441,2575500680.610484,2058473420.43087,755790761.6601301,2579621008.776199,931393867.98713,-5984992475.631516,-7095172568.149784,-2948537074.514941,1192771686.325693,-15775415833.07421,-17531514896.3583,-7199970746.444726,-2851633288.781207,NA
"Bahamas, The",313,"Supplementary Items, Current Account, Net (Excluding Exceptional Financing), US Dollars",BCAXF_BP6_USD,Value,NA,NA,NA,NA,NA,NA,NA,NA,NA,NA,NA,NA,NA,NA,NA,NA,NA,NA,NA,NA,NA,NA,NA,NA,NA,NA,NA,NA,NA,NA,NA,NA,NA,NA,NA,NA,68100000,28900000,2400000,-42900000,-75300000,-139900000,-115400000,-100600000,-100300000,-2700000,23000000,-54800000,-66500000,-84200000,-36600000,-179800000,35800000,48660000,-42200000,-145900000,-263300000,-472100000,-995400000,-324397720,-632943000,-644960000,-423317708.657,-473510000,-307120000,-700637472.0743333,-1403710000,-1315098058.99422,-1222077999.131,-808980000,-814043000,-1203144000,-1504802400,-1493926000,-1885283210.821944,-1203165342.848606,-710785521.587225,-1574646043.890264,-1115273820.737262,-345480921.3420009,-2284500180.125887,-2433986886.649303,-1232592723.386749,-1069096758.914358,-1052660800.088138,NA
Bolivia,218,"Supplementary Items, Current Account, Net (Excluding Exceptional Financing), US Dollars",BCAXF_BP6_USD,Value,NA,NA,NA,NA,NA,NA,NA,NA,NA,NA,NA,NA,NA,NA,NA,NA,NA,NA,NA,NA,NA,NA,NA,NA,NA,NA,NA,NA,NA,NA,NA,NA,NA,NA,NA,NA,-53500000,-117900000,-331500000,-397000000,-6400000,-468500936.7999878,-174400000,-141600000,-178500000,-285801000,-388900000,-432300000,-304400000,-270100000,-198900000,-262600000,-533900000,-505500000,-90200000,-302500000,-404290000,-553500000,-666100000,-488000000,-446349903.97,-274011530.02828,-351932880.9381095,75594887.4166634,337499451.3311071,622439173.9076529,1317472316.562303,1591246147.313759,1992699060.968359,813540000,873745670.094565,537204935.3406857,1970039110.216548,1053982417.121082,566230700.5574116,-1936209393.398348,-1907244254.764865,-1898241784.31147,-1724978180.949759,-1366094867.233482,-15915747.1054386,1591562617.751107,1154275493.209585,-1144743558.671487,-1323573205.783891,NA
Cyprus,423,"Supplementary Items, Current Account, Net (Excluding Exceptional Financing), US Dollars",BCAXF_BP6_USD,Value,NA,NA,NA,NA,NA,NA,NA,NA,NA,NA,NA,NA,NA,NA,NA,NA,NA,NA,NA,NA,NA,NA,NA,NA,NA,NA,NA,NA,NA,NA,NA,NA,NA,NA,NA,NA,-26553262.83130775,-104625686.0176177,-185000460.7502964,-239812304.9816092,-258319117.1070457,-171795718.3916409,-178171041.1692461,-205073374.3268902,-221623272.8288738,-180229503.8102316,-18913694.52807205,-7690763.4104653085,-107580150.2478946,-248673279.1969134,-154339881.378049,-420301510.3508928,-638195760.450808,109769667.9869632,74361375.96989755,-205119061.5213516,-467713356.6904085,-418075864.699305,291417461.5101254,-170232739.7065369,-488055775.3184139,-322248391.3562195,-379165886.4049406,-292062579.5117033,-826757519.1860247,-970855828.8013226,-1278222530.566199,-1830417730.932041,-4021965029.702475,-1737607777.19968,-2776660684.226693,-578658322.7137707,-968985304.191498,-360155144.3305149,-946724214.9861335,-48615723.4393641,-814517573.8467672,-1127198931.415394,-963499394.9545223,-1446995906.170927,-2480177483.4221,-1690723274.358779,-2177667472.099065,-3402941734.180891,-3070627759.335406,NA
Dominica,321,"Supplementary Items, Current Account, Net (Excluding Exceptional Financing), US Dollars",BCAXF_BP6_USD,Value,NA,NA,NA,NA,NA,NA,NA,NA,NA,NA,NA,NA,NA,NA,NA,NA,NA,NA,NA,NA,NA,NA,NA,NA,NA,NA,NA,NA,NA,NA,NA,NA,NA,NA,NA,NA,-1097652.509050243,-1500000.000000003,-1300000,6300000,-14300000,-12807407.40740741,-8244444.44444445,-1833333.33333333,-7225925.92592592,-6433333.33333333,-7111111.111111106,-7062962.962962961,-12296296.29629628,-45537037.03703704,-43529629.62962958,-34185185.18518519,-27122222.22222221,-18196296.2962963,-26155555.55555556,-40240740.74074074,-51162962.96296297,-42251851.85185184,-23062962.962963,-35774074.07407411,-66489524.24714176,-43852852.38813987,-33211083.36133468,-22575100.16202944,-33354494.03012278,-62989897.25820874,-29111991.82723983,-76516241.44091153,-117688640.0057149,-101424974.5818042,-88027438.50591701,-71015543.44521028,-85956586.58995081,-93161520.48403616,-35553050.53480834,-38297880.68343901,-51790962.13576433,-57518337.05485837,-258814062.5185522,-233190597.4074075,-186374562.9629629,-186100949.9999999,-165495247.0370371,-266184368.5185185,-260426290.3703703,-288378637.037037
Ecuador,248,"Supplementary Items, Current Account, Net (Excluding Exceptional Financing), US Dollars",BCAXF_BP6_USD,Value,NA,NA,NA,NA,NA,NA,NA,NA,NA,NA,NA,NA,NA,NA,NA,NA,NA,NA,NA,NA,NA,NA,NA,NA,NA,NA,NA,NA,NA,NA,NA,NA,NA,NA,NA,NA,-9600000,-343400000,-703300000,-630300000,-641590000,-998000000,-1182000000,-115000000,-273000000,76000000,-582000000,-1187000000,-680000000,-715000000,-360000000,-708000000,-122000000,-848890000,-898320000,-1000010000,-54840000,-456780000,-2098500000,918120000,1112624807.898557,-551175742.395336,-1219024875.342759,-386818498.3015272,-479422715.6974336,473925450.4502044,1739926904.301728,1886488798.715671,1769407670.267816,313049365.5660274,-1582287237.900602,-400136159.763157,-146438179.506799,-932905961.33437,-668742113.60431,-2221086836.904111,891304955.056577,-404542978.417114,-1647830214.406582,-544931312.826033,2006790203.44651,3042752568.623473,2268742696.031594,2404555160.313245,7044733213.228514,NA
Greece,174,"Supplementary Items, Current Account, Net (Excluding Exceptional Financing), US Dollars",BCAXF_BP6_USD,Value,NA,NA,NA,NA,NA,NA,NA,NA,NA,NA,NA,NA,NA,NA,NA,NA,NA,NA,NA,NA,NA,NA,NA,NA,NA,NA,NA,NA,NA,NA,NA,NA,NA,NA,NA,NA,-929000000,-1075000000,-955000000,-1886000000,-2209000000,-2408000000,-1892000000,-1878000000,-2132000000,-3276000000,-1676000000,-1223000000,-958000000,-2561000000,-3537000000,-1573700000,-2140000000,-747000000,-146000000,-2864000000,-4554000000,-4860000000,NA,-7294252083.212981,-9817441650.675362,-9403099987.555513,-9595594260.97011,-12812812179.92527,-13492562448.29784,-18218753983.73182,-29576385911.10829,-44579249236.09734,-51297053502.01932,-35945594305.57681,-30262611051.72188,-28599315728.55077,-6172097058.751289,-5040164760.912877,-3363748132.640495,-2924572592.345987,-4448007553.267939,-4775966242.475062,-7586595753.15313,-4390899943.22073,-13628509674.49339,-15613793878.70194,-23712945653.75249,-16467897803.92425,-18217275857.9737,NA
Iran,429,"Supplementary Items, Current Account, Net (Excluding Exceptional Financing), US Dollars",BCAXF_BP6_USD,Value,NA,NA,NA,NA,NA,NA,NA,NA,NA,NA,NA,NA,NA,NA,NA,NA,NA,NA,NA,NA,NA,NA,NA,NA,NA,NA,NA,NA,NA,NA,NA,NA,NA,NA,NA,NA,7660000000,2816000000,104000000,11968000000,-2438000000,-3446000000,5733000000,358000000,-414000000,-476000000,-5155000000,-2090000000,-1869000000,-191000000,327000000,-9448000000,-6504000000,-4215000000,4956000000,3358000000,5232000000,2213000000,-2139000000,6555000000,12481000000,NA,NA,NA,NA,NA,NA,NA,NA,NA,NA,NA,NA,NA,NA,NA,NA,NA,NA,NA,NA,NA,NA,NA,NA,NA
Iceland,176,"Supplementary Items, Current Account, Net (Excluding Exceptional Financing), US Dollars",BCAXF_BP6_USD,Value,NA,NA,NA,NA,NA,NA,NA,NA,NA,NA,NA,NA,NA,NA,NA,NA,NA,NA,NA,NA,NA,NA,NA,NA,NA,NA,NA,NA,NA,NA,NA,NA,NA,NA,NA,NA,-23900000,-48400000,20000000,-18800000,-76300000,-147500000,-260800000,-56200000,-132600000,-114900000,16100000,-188300000,-231200000,-102000000,-133579137.3907521,-269144886.0276636,-160317456.5687538,36855575.54955475,115625098.2961336,18132812.77236145,-176181973.5549646,-172465555.8136896,-605274790.156588,-628700329.2007078,-904949450.1139545,-371574344.3849984,127394629.5708566,-556747365.2177715,-1391873621.850396,-2666162438.648016,-4005090313.31363,-2993820335.616722,-4188574134.230257,-1171624787.213525,-821209683.7184839,-689699760.4068409,-426311494.6072785,1107820157.52129,892763463.381079,1115562157.892909,1917777393.010358,1235554824.020675,1184944174.004402,1839969341.915549,418458096.8594648,-674910205.4974278,-545124135.2502373,-317919970.8311025,-866974893.2328706,NA
Jamaica,343,"Supplementary Items, Current Account, Net (Excluding Exceptional Financing), US Dollars",BCAXF_BP6_USD,Value,NA,NA,NA,NA,NA,NA,NA,NA,NA,NA,NA,NA,NA,NA,NA,NA,NA,NA,NA,NA,NA,NA,NA,NA,NA,NA,NA,NA,NA,NA,NA,NA,NA,NA,NA,NA,-263800000,-12700000,-21700000,-106500000,-136100000,-306800000,-383300000,-338585883.803934,-315237211.8,-273370581.383815,-17876002.831665,-125659484.28944,46600000,-282599894.3207,-312100638.32894,-240100000,28500000,-184010000,81600000,-98900000,-142600000,-332200000,-333800000,-216300000,-367400000,-758800000,-1074035000,-773356367.27278,-501560989.494691,-1071321664.288551,-1182858296.42866,-2038139959.148252,-2793264220.313916,-1127502303.116277,-934005337.22266,-2063190118.187228,-1440188623.088564,-1356845226.210274,-1114354109.204787,-430100945.9934981,-43463029.5942483,-397483327.8766251,-234826389.8384426,-302634573.9422499,-156909555.1174064,149262141.440838,-136400572.466108,568932066.2241919,678808379.2517643,NA
Korea,542,"Supplementary Items, Current Account, Net (Excluding Exceptional Financing), US Dollars",BCAXF_BP6_USD,Value,NA,NA,NA,NA,NA,NA,NA,NA,NA,NA,NA,NA,NA,NA,NA,NA,NA,NA,NA,NA,NA,NA,NA,NA,NA,NA,NA,NA,NA,NA,NA,NA,NA,NA,NA,NA,-310000000,12000000,-1085000000,-4151000000,-6845000000,-6421900000,-5542100000,-3505600000,-1755800000,-2079300000,2762200000,8827700000,12757700000,3766400000,-2804200000,-8033500000,-2901200000,1688100000,-4793500000,-10229700000,-24461100000,-10811500000,40112800000,21784600000,10180800000,2165200000,4066100000,11308300000,29289900000,12208600000,2094800000,10472500000,1753000000,33087600000,27950500000,16638200000,48790600000,77258900000,83029600000,105118600000,97923700000,75230900000,77466500000,59676100000,75902200000,85228200000,25828600000,32821700000,99042900000,NA
St. Lucia,362,"Supplementary Items, Current Account, Net (Excluding Exceptional Financing), US Dollars",BCAXF_BP6_USD,Value,NA,NA,NA,NA,NA,NA,NA,NA,NA,NA,NA,NA,NA,NA,NA,NA,NA,NA,NA,NA,NA,NA,NA,NA,NA,NA,NA,NA,NA,NA,NA,NA,NA,NA,NA,NA,-5396472.78839684,-10900000,-23000000,-28100000,-33299999.99999995,-39800000.00000003,-30800000.00000005,-4911111.11111111,-13399999.99999999,-12499999.99999997,-6681481.481481466,-14314814.81481482,-17914814.81481477,-63259259.25925934,-57044444.44444443,-71848148.14814813,-56037037.03703705,-50170370.37037032,-48377777.7777778,-36218518.51851867,-57844444.44444442,-78692592.59259266,-60159259.2592593,-110988888.8888888,-166322072.2041627,-168044058.0952503,-158570622.442208,-206679659.1195858,-158659641.3556261,-176084971.9618936,-371992622.3164117,-245606265.578832,-348496655.700403,-118700626.9763841,-187824547.8560776,-224388649.2085213,-160215505.2745081,-108432504.3153163,-42487306.46483886,-8626677.2337078,-118432131.5159284,-38140005.07282943,30345435.84937587,69684110.00000057,-283956790.7407408,-194333907.7777778,-77163664.07407442,-51760980.37036987,-40033314.81481504,-222511179.9999997
Myanmar,518,"Supplementary Items, Current Account, Net (Excluding Exceptional Financing), US Dollars",BCAXF_BP6_USD,Value,NA,NA,NA,NA,NA,NA,NA,NA,NA,NA,NA,NA,NA,NA,NA,NA,NA,NA,NA,NA,NA,NA,NA,NA,NA,NA,NA,NA,NA,NA,NA,NA,NA,NA,NA,NA,-34136683.2604166,-101648230.884481,-217956645.692449,-362276009.53861,-350464773.202239,-316803089.693401,-503943870.644235,-353341309.170852,-219973645.742094,-205473782.180159,-294031902.57006,-179963485.618836,-175909957.273204,-67996088.0943077,-431312097.320555,-267423060.187716,-114405185.218182,-227817661.549679,-129890407.440516,-258458643.356422,-279839473.448314,-412031207.595677,-494217241.247909,-281887685.705825,-210121258.637527,-151992286.186461,95581258.8761711,-19091581.1234572,110259950.055115,581822509.164658,793885290.131149,1380740924.81006,1247028551.03206,986009643.900037,1574156747.26505,-1561122334.3245,-1259646752.3723,-388582899.831015,-2481498402.81777,-3109126533.41225,-1919047827.97293,-4916790033.35814,-2561158568.90544,67720479.4120728,NA,NA,NA,NA,NA,NA
Mauritius,684,"Supplementary Items, Current Account, Net (Excluding Exceptional Financing), US Dollars",BCAXF_BP6_USD,Value,NA,NA,NA,NA,NA,NA,NA,NA,NA,NA,NA,NA,NA,NA,NA,NA,NA,NA,NA,NA,NA,NA,NA,NA,NA,NA,NA,NA,NA,NA,NA,NA,NA,NA,NA,NA,-35171611.27664297,-77943993.84690602,-117145511.1311999,-145685513.2448348,-117122050.9524893,-147708145.8714357,-42032457.8886751,-20160256.95885587,-52100190.8185347,-30370762.90655285,93566498.7379046,64838169.88118159,-56408357.8135429,-103542567.8644263,-119285765.5459473,-16610968.45672941,-128508.20712328,-92021628.48250718,-232066531.6780836,-21856268.19558308,33986947.52638214,-88947951.83450244,3292675.04839952,-124196927.0392688,-36940503.4858652,276080863.5623523,249387193.7405345,93176694.5230182,-111788457.2704915,-323951478.2149256,-604410278.3144044,-433934955.3769219,-975764097.7519729,-654971647.3433837,-1005773529.234471,-1560299125.277752,-827512079.0600084,-750275471.4264137,-690030757.3275347,-416984417.3915201,-491351517.3612862,-612227401.3140713,-555392977.6151628,-718495486.1123784,-1002712258.07677,-1496640055.045424,-1436824184.189186,-696813950.7580558,-1050013442.299928,NA
Nepal,558,"Supplementary Items, Current Account, Net (Excluding Exceptional Financing), US Dollars",BCAXF_BP6_USD,Value,NA,NA,NA,NA,NA,NA,NA,NA,NA,NA,NA,NA,NA,NA,NA,NA,NA,NA,NA,NA,NA,NA,NA,NA,NA,NA,NA,NA,NA,NA,NA,NA,NA,NA,NA,NA,18536000,-1576000,-25740866.9560093,-11374999.99999997,-38850000.0000001,-19105770.51777085,-85414692.58789337,-145571090.9809953,-95169431.1174841,-121612074.8729014,-119209072.0719339,-123333258.1329631,-271450571.0872547,-243287629.3965557,-289196443.8328499,-304407743.6584,-181318183.0377506,-222500901.1317018,-351883587.8642883,-356390023.1374212,-326600522.8106461,-388085536.365795,-67194167.98437189,-256491702.6701673,-298732316.2064342,-339284053.9884289,55636800.32851047,119931709.5936786,-45034810.74809852,153094707.2302098,150080619.4374907,5659482.66245353,733341812.3134794,21414155.6293306,-127615743.030217,288604650.2460189,577455898.3553283,1159387765.738092,496227113.1701583,2446630400.042842,-167829918.8853169,-1032642815.945513,-2748523176.472383,-1753624816.931348,-84136987.87191764,-5362970002.436436,-2374991141.989608,1005873573.595856,1679145881.897767,NA
Pakistan,564,"Supplementary Items, Current Account, Net (Excluding Exceptional Financing), US Dollars",BCAXF_BP6_USD,Value,NA,NA,NA,NA,NA,NA,NA,NA,NA,NA,NA,NA,NA,NA,NA,NA,NA,NA,NA,NA,NA,NA,NA,NA,NA,NA,NA,NA,NA,NA,NA,NA,NA,NA,NA,NA,-783081614.5119182,-736904562.3340682,-721681358.3190613,-1117992102.834914,-924657411.8444155,-917451761.9471337,-804834478.2592024,26894908.013515,-1200425788.469986,-1083054105.660636,-647635771.2477539,-563028649.405639,-1429811690.678197,-1340321096.944784,-1661502060.096094,-1402875985.267477,-1876767065.074992,-2900570428.994267,-1812130082.186371,-3348753667.416589,-4436052632.560671,-1711627499.409404,-2248000000,-920000000,-85000000,1878000000,3854000000,3573000000,-817000000,-3606200000,-6747000000,-8301000000,-15654500000,-3993430000,-1354000000,-2207000000,-2342000000,-4416000000,-3658000000,-2803000000,-7190898000,-16179621000,-18858987000,-8557928000,-650874000,-12283106000,-12216107000,-1039115536.91012,496258550.70995,-199267262.16515
Papua New Guinea,853,"Supplementary Items, Current Account, Net (Excluding Exceptional Financing), US Dollars",BCAXF_BP6_USD,Value,NA,NA,NA,NA,NA,NA,NA,NA,NA,NA,NA,NA,NA,NA,NA,NA,NA,NA,NA,NA,NA,NA,NA,NA,NA,NA,NA,NA,NA,NA,NA,NA,NA,NA,NA,NA,50783607.85210547,114291648.9625402,-32177835.93893724,106973113.0223541,-288721780.2610153,-484330220.1324324,-444766585.1853451,-337372054.4658806,-289547843.2311909,-121752923.8881992,-98097960.20021963,-197883735.4462393,-296365062.7464551,-312694224.3880029,-75672233.9980972,-475257034.0425004,-159919091.5448463,474055132.6756843,402071691.7754184,491878144.382238,188918967.4847875,-192241973.3798947,-28860091.53553603,94718424.96137638,345425388.5505315,282057103.6006851,-262854198.4815564,-160072629.5397921,-118804334.7135565,337882825.8301694,130381766.5666819,-204245016.4067854,477040464.8605748,-949310903.1560433,-1051831273.206852,-726403141.1174546,-2832182467.134123,-3976450130.726487,2361864628.63667,2434415760.362827,2829177777.164721,3616648927.852281,3286228138.361785,3559120992.278021,3419208075.36567,3283847608.342508,4567400898.798272,2794167406.760816,4767338039.460241,NA
Poland,964,"Supplementary Items, Current Account, Net (Excluding Exceptional Financing), US Dollars",BCAXF_BP6_USD,Value,NA,NA,NA,NA,NA,NA,NA,NA,NA,NA,NA,NA,NA,NA,NA,NA,NA,NA,NA,NA,NA,NA,NA,NA,NA,NA,NA,NA,NA,NA,NA,NA,NA,NA,NA,NA,-2793000000,-2392000000,-2545000000,-3365000000,-3417000000,-3986000000,-1941000000,-1581000000,-1083000000,-982000000,-1106000000,-379000000,-107000000,-1409000000,3067000000,-2146000000,-3104000000,-5788000000,634000000,854000000,-3264000000,-5744000000,-6901000000,-12487000000,-10343000000,-5946000000,-5544000000,-5473000000,-15297000000,-10146000000,-16081000000,-28722000000,-36135000000,-17394000000,-24702000000,-26976000000,-20483000000,-10268000000,-16117000000,-6363000000,-5058000000,-6268000000,-11690000000,-1645000000,14532000000,-8970000000,-15822000000,12486000000,2795000000,NA
El Salvador,253,"Supplementary Items, Current Account, Net (Excluding Exceptional Financing), US Dollars",BCAXF_BP6_USD,Value,NA,NA,NA,NA,NA,NA,NA,NA,NA,NA,NA,NA,NA,NA,NA,NA,NA,NA,NA,NA,NA,NA,NA,NA,NA,NA,NA,NA,NA,NA,NA,NA,NA,NA,NA,NA,23640000,37360000,-278720000,32240000,33920000,-250520000,-120040000,-147800000,-188720000,-188680000,-17105819.06989699,-68200000,-129200000,-369720000,-260822584.5704515,-212370062.3700561,-195076248.3803484,-122838147.2391539,-17986538.73692355,-261577269.049547,-169046259.280403,-97758743.75446472,-90691033.6950142,-239300000,-430500000,-150300000,-405150000,-702197959.630691,-641875012.728613,-621590000,-765560000,-1216560000,-1532170000,-312196471.686338,-532815819.146865,-1111764528.132814,-1239801102.682999,-1518420127.225442,-1213582707.559792,-753757240.4412342,-550121068.9889838,-464589787.3173628,-859154620.8118722,-113356041.2143298,276701043.3206707,-1250461217.924783,-2143721476.517074,-367830781.3340716,-632548681.0873499,NA
Seychelles,718,"Supplementary Items, Current Account, Net (Excluding Exceptional Financing), US Dollars",BCAXF_BP6_USD,Value,NA,NA,NA,NA,NA,NA,NA,NA,NA,NA,NA,NA,NA,NA,NA,NA,NA,NA,NA,NA,NA,NA,NA,NA,NA,NA,NA,NA,NA,NA,NA,NA,NA,NA,NA,NA,-3895464.951406104,-1870899.231170012,-3984197.455672939,-12263832.16730807,-15622848.71321283,-18794075.3965193,-40641583.18779745,-26049494.50610117,-13288748.98561829,-19201240.99806248,-33294302.89678821,-21113186.352544,-28411043.07075272,-39653842.67915365,-12977177.72238212,-8169437.21009328,-6903259.60639714,-7333736.47440294,23829781.62296834,-2952556.4497927,-59246073.93049637,-72779970.85355178,-118032758.8473108,-127332782.205861,-53743683.62634101,-158390112.6145789,-108346180.1350307,-12393910.10975882,-63731519.38164022,-188156910.6676383,-145191347.2056417,-194008401.0851537,-262947119.4491562,-189461793.6042081,-214390209.2155645,-301284994.8543278,-161313196.0080697,-158609330.7340201,-310403746.1509883,-256181312.9105576,-40998551.2795079,-36919818.68880105,-41776743.22239426,-53115413.53357382,-173236338.2420317,-160167987.805781,-141647950.6912115,-154681005.9188998,-175674036.0189076,NA
Tunisia,744,"Supplementary Items, Current Account, Net (Excluding Exceptional Financing), US Dollars",BCAXF_BP6_USD,Value,NA,NA,NA,NA,NA,NA,NA,NA,NA,NA,NA,NA,NA,NA,NA,NA,NA,NA,NA,NA,NA,NA,NA,NA,NA,NA,NA,NA,NA,NA,NA,NA,NA,NA,NA,NA,-396478340.3801021,-566499593.3477083,-458946147.0164207,-300150691.1465409,-353126383.487333,-453621122.6521058,-661940536.5137074,-570151746.5834692,-764642780.9293298,-581189241.0668314,-604511798.9998269,-54304376.02763442,209838104.0738708,-218050623.910954,-463377609.1081593,-469381593.3558352,-1103531451.400143,-1323049589.452793,-536797749.3378567,-773988897.700238,-477702916.7273071,-594986022.0482428,-675316691.9142017,-441737444.4140029,-821488065.563406,-840473687.4114879,-746061146.018945,-730485399.217411,-441762123.9696018,-299283200.1644198,-619372288.2740748,-916917593.9595281,-1711248030.19132,-1233748680.824279,-2104443202.45914,-3385748280.393534,-3721384859.171824,-3878661667.324937,-4463103950.991793,-3923736697.890782,-3783414285.935978,-4222408216.828377,-4607847184.776943,-3373037344.724162,-2554750409.230132,-2770055367.899549,-3969241926.024941,-1110513299.875199,-775300122.767152,NA
Tanzania,738,"Supplementary Items, Current Account, Net (Excluding Exceptional Financing), US Dollars",BCAXF_BP6_USD,Value,NA,NA,NA,NA,NA,NA,NA,NA,NA,NA,NA,NA,NA,NA,NA,NA,NA,NA,NA,NA,NA,NA,NA,NA,NA,NA,NA,NA,NA,NA,NA,NA,NA,NA,NA,NA,-27815000.4051,-66110052.7357,-467320621.6853,-346492629.3152,-522168259.0142,-407556782.0365,-524108642.2646,-305210573.7658,-359507843.2222,-375096159.0881,-321951521.6362,-407449096.0343,-356560283.6839,-335080581.7504,-558926906.0025,-737469908.4259,-714233209.9928,-1048043996.2412,-710940050.4829,-646271268.7222,-510892966.9584,-592631080.7883,-873022085.3615,-777101669.0163,-428301944.3986,-786886382.747539,-352742682.634363,-671835033.398726,-1065092776.293847,-1570426909.601721,-1661770610.215889,-2341606821.555823,-3165631361.150179,-2468338438.288173,-2210780020.379762,-4380951347.664071,-3764335914.811121,-4987954731.625219,-4986510868.783868,-2618376070.195518,-1217482544.248711,-1477434192.653904,-2308743705.937952,-1340224557.736934,-1458539386.455902,-2374282691.249725,-5482216435.413287,-2960580250.415943,-2379788231.367491,NA
Antigua and Barbuda,311,"Supplementary Items, Current Account, Net (Excluding Exceptional Financing), US Dollars",BCAXF_BP6_USD,Value,NA,NA,NA,NA,NA,NA,NA,NA,NA,NA,NA,NA,NA,NA,NA,NA,NA,NA,NA,NA,NA,NA,NA,NA,NA,NA,NA,NA,NA,NA,NA,NA,NA,NA,NA,NA,NA,-9600000,-2200000.000000001,-19500000,-18799999.99999999,-32700000.00000004,-41599999.99999999,-9100000,599999.99999997,-23100000,-118285185.1851853,-111285185.1851851,-45037037.03703706,-81648148.14814816,-30985185.18518512,-30922222.2222222,-9870370.37037039,15055555.55555558,-6344444.444444467,-518518.5185185,-59440740.74074069,-47374074.07407407,-46770370.37037034,-60425901.1111111,-71441645.96204242,-91170613.78449693,-84607717.94503316,-86828233.44948724,-64761939.05032647,-114398256.2360378,-258690923.1781262,-427654577.5470603,-337074421.728111,-180970641.5825692,-141181263.0571254,-65308239.40866162,-110683227.9067272,-116386897.2766128,-522482.28135456,29237532.04569378,-35565937.37861922,-118135621.6815826,-232510569.1899985,-112310360.7407408,-219740880.7407408,-281613391.1111111,-280102995.555556,-265087665.1851851,-161251104.0740746,-291699806.6666667
Central African Republic,626,"Supplementary Items, Current Account, Net (Excluding Exceptional Financing), US Dollars",BCAXF_BP6_USD,Value,NA,NA,NA,NA,NA,NA,NA,NA,NA,NA,NA,NA,NA,NA,NA,NA,NA,NA,NA,NA,NA,NA,NA,NA,NA,NA,NA,NA,NA,NA,NA,NA,NA,NA,NA,NA,NA,-19012560.8888475,-23110412.4421726,-16086750.4191497,-43051964.8820074,-4268692.48820562,-42642700.1586958,-29309880.5564455,-33446332.8679035,-48615805.9452269,-86517658.2475317,-73427464.2049551,-34608362.7963956,-33425568.4140533,-89131983.8728681,-61770908.3183403,-83055084.9616822,-12950157.4907068,-24675583.8111569,NA,NA,NA,NA,NA,NA,NA,NA,NA,NA,NA,NA,NA,NA,NA,NA,NA,NA,NA,NA,NA,NA,NA,NA,NA,NA,NA,NA,NA,NA,NA
Switzerland,146,"Supplementary Items, Current Account, Net (Excluding Exceptional Financing), US Dollars",BCAXF_BP6_USD,Value,NA,NA,NA,NA,NA,NA,NA,NA,NA,NA,NA,NA,NA,NA,NA,NA,NA,NA,NA,NA,NA,NA,NA,NA,NA,NA,NA,NA,NA,NA,NA,NA,NA,NA,NA,NA,NA,1923841028.991499,2075474341.581981,-245380318.980443,-201108977.036039,3426767759.238367,2534139470.714175,1211923921.814525,6141678667.226434,6038764816.604774,4654467967.263123,6287588785.255636,8845759584.500793,7280896129.101279,6123636014.613166,9534434765.427494,13370612197.48948,16875486425.21178,16729198997.58171,20702527127.20486,19915939191.43048,25316670255.37229,25194278318.48947,28283270188.04009,31572599695.79345,20626320753.06904,23025097886.5371,40856010053.12724,50597263082.42413,47701949951.37865,56416002689.60497,43043154869.29114,9867125838.61204,35003269798.59181,82424871426.03165,49369614445.63828,64661985503.244034,72584745015.61826,54182918005.57345,63806983418.42225,49728650009.36708,36966569667.33535,44398303272.73851,29633016077.57136,3319443311.75382,62546710782.766144,76884698445.15549,54438566778.69969,86202865399.02515,NA
Cameroon,622,"Supplementary Items, Current Account, Net (Excluding Exceptional Financing), US Dollars",BCAXF_BP6_USD,Value,NA,NA,NA,NA,NA,NA,NA,NA,NA,NA,NA,NA,NA,NA,NA,NA,NA,NA,NA,NA,NA,NA,NA,NA,NA,NA,NA,NA,NA,NA,NA,NA,NA,NA,NA,NA,NA,-93088689.25881873,-187099062.9546551,-126456337.3100895,-446044104.0545704,-482093621.3695667,-385963440.9214327,-411923354.9060116,-168918352.2738828,-561519691.0009661,-451825967.7181005,-892736636.9539618,-428271824.1714758,-297954630.4988981,-560667433.886348,-338843172.6242474,-396649989.5436231,-565364252.1645051,-56069410.51396407,89853033.0312361,-286663480.2651202,-582196044.7056898,-150780799.1004651,-509552038.8444465,-218400391.1760483,-347657566.8426224,-439310637.8253451,-597885392.057051,-416181816.1422711,-495561604.1572999,193518455.4170468,286074705.3840533,-451560496.1672415,-1123176667.551546,-857140093.1260254,-749196879.8028312,-955933681.0461183,-1128087432.116186,-1401974731.544358,-1173691255.379068,-1037444249.384141,-949763043.4335576,-1409334283.703556,-1695070703.448452,-1512407003.608359,-1794494946.514506,-1505133035.820175,-2018870649.831413,-1750019594.424894,NA
Cabo Verde,624,"Supplementary Items, Current Account, Net (Excluding Exceptional Financing), US Dollars",BCAXF_BP6_USD,Value,NA,NA,NA,NA,NA,NA,NA,NA,NA,NA,NA,NA,NA,NA,NA,NA,NA,NA,NA,NA,NA,NA,NA,NA,NA,NA,NA,NA,NA,NA,NA,NA,NA,NA,NA,NA,NA,5836137.301612227,-8574466.736859774,-1015147.062779237,4321104.171657387,-21614276.71794886,-14838746.56930927,-13348523.06956689,-6415096.192117587,-8936866.803721203,1728119.583379692,-2571970.698835066,-489957.331668271,-12834375.47088556,-3834569.288032957,-6963192.904656345,-12146859.084232,-23929894.62584638,-45729294.08053391,-61624522.90076328,-35041392.49252543,-29721711.44420989,-58512075.70104572,-74762927.32721189,-60148009.92831925,-55742978.43072931,-71449519.79669526,-90479472.09055392,-130079767.704947,-40659725.65929368,-82729932.59072721,-198162898.9307094,-205256847.3927946,-244926653.8316272,-222769238.2258206,-304537748.8992915,-243559056.3598045,-107358950.8469035,-168960587.6902818,-50593257.49874991,-64135178.5263149,-139634461.8592556,-97061961.15711506,-21816807.52178859,-285683977.0332108,-250632117.8779544,-78271368.09182195,-69363009.7189061,106592732.9986136,NA
Costa Rica,238,"Supplementary Items, Current Account, Net (Excluding Exceptional Financing), US Dollars",BCAXF_BP6_USD,Value,NA,NA,NA,NA,NA,NA,NA,NA,NA,NA,NA,NA,NA,NA,NA,NA,NA,NA,NA,NA,NA,NA,NA,NA,NA,NA,NA,NA,NA,NA,NA,NA,NA,NA,NA,NA,NA,-225600000,-363200000,-558200000,-663900000,-409102533.44,-271700000,-312600000,-251103890.25,-291110000,-160600000,-376430000,-303500000,-479900000,-494000000,-99200000,-380400000,-620200000,-244000000,-358142000,-263670000,-480876000,-520750000,-666448850.927045,-684555193.4082874,-514265066.1868657,-860075342.2378112,-899691788.356223,-675040285.839878,-860047056.6099389,-938716203.5730659,-1498808912.55761,-2580547377.893358,-560580957.6321512,-1213874254.443036,-2265057621.472895,-2411089980.96441,-2431168562.877045,-2453096344.757926,-1921262983.442775,-1257276124.255891,-2188723947.648445,-1867318664.491154,-766617334.138417,-652121448.788372,-2063109436.413256,-1850873043.328929,-1107901813.038928,-902449613.018888,NA
Algeria,612,"Supplementary Items, Current Account, Net (Excluding Exceptional Financing), US Dollars",BCAXF_BP6_USD,Value,NA,NA,NA,NA,NA,NA,NA,NA,NA,NA,NA,NA,NA,NA,NA,NA,NA,NA,NA,NA,NA,NA,NA,NA,NA,NA,NA,NA,NA,NA,NA,NA,NA,NA,NA,NA,NA,-2325189757.218035,-3539675736.538914,-1631862143.367149,249123767.1498283,89902046.1805905,-183136955.3426363,-85198797.2112418,74447538.0702902,1014757945.821234,-2229964662.808052,141244636.7418197,-2039640898.76749,-1081019509.828297,1420261028.690087,2366713356.746034,NA,NA,NA,NA,NA,NA,NA,NA,NA,NA,NA,NA,NA,21179999999.999,28923000000.00132,30353590751.38854,33954307486.73524,431665235.5079728,12220267767.30855,17673868500.02702,12092476753.34795,1187894322.863648,-9264322928.81096,-27037635153.43041,-26204046336.6022,-22067518023.96269,-16905642520.79035,-16954294028.78794,-18187050334.77119,-4512873533.101522,19451837762.93527,6496442151.797182,-2753818844.797456,NA
Egypt,469,"Supplementary Items, Current Account, Net (Excluding Exceptional Financing), US Dollars",BCAXF_BP6_USD,Value,NA,NA,NA,NA,NA,NA,NA,NA,NA,NA,NA,NA,NA,NA,NA,NA,NA,NA,NA,NA,NA,NA,NA,NA,NA,NA,NA,NA,NA,NA,NA,NA,NA,NA,NA,NA,NA,-1199831336.680662,-1220020191.973066,-1542285716.488969,-438285714.433257,-2136000002.177153,-1851428573.192049,-329857142.226936,-1988142857.928625,-2166285714.285706,-1811428571.428556,-245571428.571423,-1047999999.999945,-1308545454.545429,185000000,1903000000,2812000000,2299000000,31000000,-254000000,-192000000,-710500000,-2566000000,-1634800000,-971000000,-388400000,622400000,3743300000,3921700000,2102800000,2635400000,411600000,-1414600000,-3349300000,-4503800000,-5483900000,-6972000000,-3533700000,-5954500000,-17243300000,-20493900000,-7939700000,-7698166088.33333,-10221895259.08332,-14235956908.69167,-18610828181.5,-10536555731.2,-12564268977.38332,-22121800000,NA
Ethiopia,644,"Supplementary Items, Current Account, Net (Excluding Exceptional Financing), US Dollars",BCAXF_BP6_USD,Value,NA,NA,NA,NA,NA,NA,NA,NA,NA,NA,NA,NA,NA,NA,NA,NA,NA,NA,NA,NA,NA,NA,NA,NA,NA,NA,NA,NA,NA,NA,NA,NA,NA,NA,NA,NA,NA,-82560386.51331434,-111739130.4887629,-91352657.0489627,-226135265.8097274,-249516908.3331001,-194927536.326052,-169903770.424591,-130096618.3986637,106280193.2367149,-327149758.4541064,-216859903.3816426,-227536231.884058,-144396135.2657007,-293768115.942029,103101449.2753623,-119956425.1207731,-50000000,125418697.8193898,39377829.19158872,79569127.22681497,-40251869.01559941,-332610081.5565509,-465224277.3595882,13457193.37254069,-373389901.7893498,-136640610.7811998,-136384298.668089,-667837097.1062076,-1567750097.678222,-1785898857.018039,-828004872.805444,-1805740812.44915,-2190653761.043379,-635273119.692725,-1055616929.041659,-3077984122.741215,-3033415076.16886,-5771532764.960135,-7566576583.355255,-7905485192.509088,-5928627607.108029,-4611293722.988122,-5025133763.022662,-2718803790.047717,-4507268339.978681,-5160399280.867975,-4787655499.416462,-3791072162.398973,NA
Grenada,328,"Supplementary Items, Current Account, Net (Excluding Exceptional Financing), US Dollars",BCAXF_BP6_USD,Value,NA,NA,NA,NA,NA,NA,NA,NA,NA,NA,NA,NA,NA,NA,NA,NA,NA,NA,NA,NA,NA,NA,NA,NA,NA,NA,NA,NA,NA,NA,NA,NA,NA,NA,NA,NA,NA,1307407.407407409,1048148.14814815,-1111111.11111111,240740.74074074,-13951851.85185185,-17711111.11111111,-15085185.18518519,1800000,2218518.51851851,-19085185.18518518,-29192592.59259259,-27770370.37037036,-36322222.22222222,-46237037.03703706,-48070370.37037039,-32392592.5925926,-43677777.77777775,-28133333.33333332,-41807407.4074074,-56507407.40740741,-69092592.59259264,-81511111.1111111,-55748148.14814819,-114392224.1163891,-131112444.1924589,-132719246.6998366,-155763739.0739066,-131263475.5736678,-251770912.4325047,-247046419.378769,-222223400.21247,-217318286.8064496,-130521325.245298,-149949270.0162544,-145341117.2828803,-119846808.2650624,-143785249.6610493,-82785457.11066078,-105847392.109963,-93950690.13493007,-129043266.4237652,-148822719.2770215,-125331337.037037,-168051829.6296297,-161369390.7407408,-148444753.3333335,-271226661.1111111,-295760160.3703703,-315040130.3703703
Guatemala,258,"Supplementary Items, Current Account, Net (Excluding Exceptional Financing), US Dollars",BCAXF_BP6_USD,Value,NA,NA,NA,NA,NA,NA,NA,NA,NA,NA,NA,NA,NA,NA,NA,NA,NA,NA,NA,NA,NA,NA,NA,NA,NA,NA,NA,NA,NA,NA,NA,NA,NA,NA,NA,NA,NA,-35300000,-270500000,-205600000,-163300000,-572700000,-399100000,-223900000,-377400000,-246300000,-17600000,-442500000,-414000000,-367100000,-232900000,-183700000,-705900000,-701700000,-625300000,-572100000,-451000000,-633500000,-1039100000,-1025900000,-1049600000,-1252904184.601127,-1234874116.056222,-1039185910.773075,-1235700000,-1300600000,-1585300000,-1842800000,-1553562660,72262890,-766950990,-1579834920,-1847275530,-2238781150,-1909306330,-773787460,637267670,857080020,649564060,1821490950,3918080170,1873410490,1116080250,3212064530,3268247760,NA
Guyana,336,"Supplementary Items, Current Account, Net (Excluding Exceptional Financing), US Dollars",BCAXF_BP6_USD,Value,NA,NA,NA,NA,NA,NA,NA,NA,NA,NA,NA,NA,NA,NA,NA,NA,NA,NA,NA,NA,NA,NA,NA,NA,NA,NA,NA,NA,NA,NA,NA,NA,NA,NA,NA,NA,NA,-97529411.80295244,-29568627.46257502,-82901960.81682411,-128509803.971965,-184533333.3989447,-142310684.37455,-157487665.7284174,-98946780.66551244,-96623292.21816587,NA,NA,NA,NA,NA,NA,-138548000,-140225000,-124945000,-134765000,-32700000,-63100000,-55600000,-49500000,-82200000,-90900000,-62300000,-44600000,-19915600,-96268000,-180641000,-165677000,-321363632.571359,-230589983.3815823,-246354258.1144842,-372288521.10006,-366670137.847916,-456029798.396349,-385182803.3134379,-38822257.5949426,151168009.1602767,-121573467.6071582,-1277212815.389831,-2954579481.701982,-635190868.6644787,-1359602484.512642,4241953928.090912,2352049079.193503,NA,NA
Libya,672,"Supplementary Items, Current Account, Net (Excluding Exceptional Financing), US Dollars",BCAXF_BP6_USD,Value,NA,NA,NA,NA,NA,NA,NA,NA,NA,NA,NA,NA,NA,NA,NA,NA,NA,NA,NA,NA,NA,NA,NA,NA,NA,NA,NA,NA,NA,NA,NA,NA,NA,NA,NA,NA,NA,2159087461.819373,738048514.404776,3770971906.093838,8213794453.193563,-3963496260.243397,-1559518064.534182,-1643286848.905285,-1456495967.217382,1906415405.349725,-155360342.8187764,-1035927025.225316,-1826318165.659845,-1026362817.892324,2201095365.980273,-219073018.9968516,1407193323.149944,-1365770940.530659,26408839.0767923,1672147484.389611,1237638016.5907831,1566615500.751269,-209164556.8198896,2136000427.48123,6270000000,3332000000,694000000,3402000000,4616000000,14945000000,22170000000,28510300000,35701700000,9380600000,16800700000,3192400000,23836300000,9600000,-19033300000,-9346000000,-4705200000,4426400000,11276000000,4817000000,-4780200000,5675300000,9607400000,1864600000,NA,NA
Maldives,556,"Supplementary Items, Current Account, Net (Excluding Exceptional Financing), US Dollars",BCAXF_BP6_USD,Value,NA,NA,NA,NA,NA,NA,NA,NA,NA,NA,NA,NA,NA,NA,NA,NA,NA,NA,NA,NA,NA,NA,NA,NA,NA,NA,NA,NA,NA,NA,NA,NA,NA,NA,NA,NA,NA,0,1600000,-4800000,-22200000,-20200000,-19100000,-24200000,-16300000,-5500000,-295173.4679346,8055941.5966171,9042357.7256335,10619618.7951686,9853912,-8984014.926569,-19638629.245299,-53805798.06,-11109494.95160656,-18162206.01344795,-7445961.432904,-34706490.05394784,-21862662.25093254,-78930519.090665,-51479290.234466404,-58723617.87892055,-35585588.62861748,-31296378.24397035,-122325301.428154,-273009395.2131808,-301975113.029946,-268951457.1396515,-611703269.1673721,-220831374.8409991,-196081418.9391379,-383438933.1995926,-184492004.2591759,-127393868.8288215,-117822005.7413164,-301696716.3869184,-1032409715.288972,-1024346045.880125,-1502515639.613021,-1478299152.00486,-1327193094.72026,-453448938.3657801,-1041969314.886775,-1399602366.160879,-1319027947.651028,NA
Malawi,676,"Supplementary Items, Current Account, Net (Excluding Exceptional Financing), US Dollars",BCAXF_BP6_USD,Value,NA,NA,NA,NA,NA,NA,NA,NA,NA,NA,NA,NA,NA,NA,NA,NA,NA,NA,NA,NA,NA,NA,NA,NA,NA,NA,NA,NA,NA,NA,NA,NA,NA,NA,NA,NA,NA,-61798941.78925358,-175052872.1205027,-265645570.5781973,-259944744.1043825,-146766597.4341719,-112713383.5055298,-131771222.1078201,-42592933.2672717,-127101636.7431106,-85327105.15867127,-60803828.42273354,-86987048.573299855,-51240718.13105425,-86189153.1879053,-227694914.4984728,-284907447.0554046,-165554553.2423277,-180682328.715301,-78039051.30124652,-147425934.2324724,-276209986.3933582,-4375905.84843344,-157545476.6167949,-73496265.41236754,-59950909.97771157,-200692464.2776563,-248981345.8809989,-378990003.5305735,-506710118.8948186,-306571775.5253317,-418027622.702152,-693385937.5898998,-543633396.6511893,-969288544.2549114,-1136709793.702773,-744667770.07091,-1236186788.45118,-1128536960.598649,-1064422990.4184,-1005613300.829505,-1558043206.280543,-1705025812.219253,-1321052063.279553,-1638679575.05723,-1917650487.981387,-2279816889.209396,-2103564011.43835,-2125281057.862403,NA
Nigeria,694,"Supplementary Items, Current Account, Net (Excluding Exceptional Financing), US Dollars",BCAXF_BP6_USD,Value,NA,NA,NA,NA,NA,NA,NA,NA,NA,NA,NA,NA,NA,NA,NA,NA,NA,NA,NA,NA,NA,NA,NA,NA,NA,NA,NA,NA,NA,NA,NA,NA,NA,NA,NA,NA,NA,-1015974749.327395,-3754297405.7221,1670509406.680464,5177576689.045106,-6473930832.813607,-7281784833.279975,-4331801941.969195,122630963.9776722,2603566206.933908,210883527.3978679,-73206490.57574575,-296453577.6473269,1089516459.180133,4988245133.768121,1202560682.168352,2267772911.320474,-780390880.7040532,-2127932351.336606,-802326715.4009751,1098803754.718533,168239307.7954314,-1209158482.160089,505750064.166361,7427061115.991239,2477762769.006011,1083110754.096635,3390606191.575992,16840536007.66511,36529017115.04913,36517576505.03294,27648256269.65087,29145209272.66053,13869493314.63791,13111276854.76426,10668377396.23247,17374274674.82982,19048981238.37785,906535877.208529,-15438642533.96527,5077217476.107766,13563765219.29425,7283154462.972468,-13685219004.19867,-15985927540.76671,-3254163170.282593,1018598846.080731,6423222719.52047,17215269315.54329,NA
Nicaragua,278,"Supplementary Items, Current Account, Net (Excluding Exceptional Financing), US Dollars",BCAXF_BP6_USD,Value,NA,NA,NA,NA,NA,NA,NA,NA,NA,NA,NA,NA,NA,NA,NA,NA,NA,NA,NA,NA,NA,NA,NA,NA,NA,NA,NA,NA,NA,NA,NA,NA,NA,NA,NA,NA,NA,-181900000,-24900000,180200000,-411420000,-591600000,-513900000,-507400000,-597100000,-770900000,-690500000,-690400000,-715400000,-361700000,-385200000,-534200000,-834000000,-644300000,-910908000,-722479494,-824772000,-840766000,-686636000,-928378000,-935700000,-820300000,-784100000,-705500000,-687400000,-783570000,-884700000,-1207000000,-1450300000,-701500000,-777300000,-1163900000,-1234800000,-1380400000,-953800000,-1259500000,-1127100000,-987100000,-234100000,754100000,480200000,-391178858.14,-459600000,1465400000,817618290.04,NA
Panama,283,"Supplementary Items, Current Account, Net (Excluding Exceptional Financing), US Dollars",BCAXF_BP6_USD,Value,NA,NA,NA,NA,NA,NA,NA,NA,NA,NA,NA,NA,NA,NA,NA,NA,NA,NA,NA,NA,NA,NA,NA,NA,NA,NA,NA,NA,NA,NA,NA,NA,NA,NA,NA,NA,NA,-155400000,-207700000,-311000000,-328700000,-535000000,-194100000,198700000,-202300000,75100000,-98900000,544900000,721400000,111500000,209100000,-241100000,-267200000,-95700000,15900000,-470600000,-200600000,-506700000,-1003200000,-1163200000,-698900000,-191000000,-113100000,-575200000,-1045400000,-1064100000,-462800000,-1179600000,-2287200000,-212300000,-3121400000,-4517400000,-3735100000,-4083700000,-6677200000,-4848400000,-4507669627.51,-3745435583.225,-5307360500.78,-3589766445.51,122856978.31,-818191315.31,28768836.08,-2581001339.45,1672221431.18,NA
Peru,293,"Supplementary Items, Current Account, Net (Excluding Exceptional Financing), US Dollars",BCAXF_BP6_USD,Value,NA,NA,NA,NA,NA,NA,NA,NA,NA,NA,NA,NA,NA,NA,NA,NA,NA,NA,NA,NA,NA,NA,NA,NA,NA,NA,NA,NA,NA,NA,NA,NA,NA,NA,NA,NA,NA,-922700000,-192900000,729500000,-101100000,-1733000000,-1612000000,-875000000,-234900000,102000000,-1393460000,-2065420000,-1818730000,-570450000,-1419000000,-1504000000,-1886000000,-2464292608.413765,-2701265217.900809,-4624539942.24632,-3643879114.311761,-3368043742.609196,-3335969500.144658,-1379913047.793694,-1545828520.420683,-1202811329.860113,-1110307794.824686,-948531329.398345,19286880.163101,1147610228.968931,2872489024.186967,1460344785.979843,-5317632556.548073,-722870310.6539358,-3564433461.291462,-3373782035.118192,-5534108830.849344,-9760437039.98893,-8766228541.0482,-8937405946.571684,-4402706757.82693,-2011075025.415792,-2845918677.627679,-1658017990.16606,1573601097.844379,-5090427868.109071,-9972176721.30967,880392227.1106505,6389974158.680449,NA
Philippines,566,"Supplementary Items, Current Account, Net (Excluding Exceptional Financing), US Dollars",BCAXF_BP6_USD,Value,NA,NA,NA,NA,NA,NA,NA,NA,NA,NA,NA,NA,NA,NA,NA,NA,NA,NA,NA,NA,NA,NA,NA,NA,NA,NA,NA,NA,NA,NA,NA,NA,NA,NA,NA,NA,NA,-754000000,-1094000000,-1496000000,-1917000000,-2096000000,-3212000000,-2771000000,-1294000000,-36000000,952000000,-444000000,-390000000,-1456000000,-2695000000,-1034000000,-1000000000,-3016000000,-2950000000,-1980000000,-3953000000,-4351000000,1546000000,-2875000000,-2228000000,-1750000000,-282000000,285000000,1625000000,1990392913.487012,6962857691.365552,8071944587.372137,144020966.5899805,8448167039.246837,7179160967.116193,5642727681.998137,6949480669.313896,11383508584.59267,10755931842.77718,7265677953.834855,-1198874442.016632,-2142968677.380026,-8877047441.265759,-3046835246.656733,11578388370.88573,-5942749346.459072,-18260831213.01556,-12386685918.67943,-18262196995.72302,NA
Sudan,732,"Supplementary Items, Current Account, Net (Excluding Exceptional Financing), US Dollars",BCAXF_BP6_USD,Value,NA,NA,NA,NA,NA,NA,NA,NA,NA,NA,NA,NA,NA,NA,NA,NA,NA,NA,NA,NA,NA,NA,NA,NA,NA,NA,NA,NA,NA,NA,NA,NA,NA,NA,NA,NA,NA,-89597776.738179,-109990092.703358,-257580000.593602,-317000000.634,-648280927.450316,-249066029.634196,-219190948.824793,36484265.654311,148940591.704543,-26308195.5203102,-232367925.796919,-357976258.753867,-150286371.457777,-372245664.29049,-954744588.19591,-506160325.54304,-202210000,-601700000,-499900000,-826750000,-828100000,-956500000,-464800000,-556800000,-618300000,-1008080000,-955410000,-870890000,-2472730296.12948,-6495850087.15886,-3597152020.43864,-3593872576.14404,-4926572125.0267,-1725368701.61587,-2652932020.43811,-6259061244.72703,-5822074152.50928,-3545466635.30171,-5460760074.46054,-4213356633.44094,-4611258528.43711,-4678501890.25183,-4779839384.32886,-5841223939.45716,-2620163039.62364,-4442782663.37911,NA,NA,NA
Sierra Leone,724,"Supplementary Items, Current Account, Net (Excluding Exceptional Financing), US Dollars",BCAXF_BP6_USD,Value,NA,NA,NA,NA,NA,NA,NA,NA,NA,NA,NA,NA,NA,NA,NA,NA,NA,NA,NA,NA,NA,NA,NA,NA,NA,NA,NA,NA,NA,NA,NA,NA,NA,NA,NA,NA,NA,-49629450.9175724,-112029747.3457241,-179096421.1805385,-165158627.8327546,-132085970.3813779,-169874042.1651806,-17609647.71193249,-23025926.66844571,2804595.761486854,140743109.6766556,-30345791.05017793,-2840354.608450516,-59742055.86806568,-69406862.53929009,15336006.29773743,-5479717.190957546,-57768973.74154918,-89117881.84326205,-118067969.5318889,-150502996.2556985,-54872297.77403061,-33235803.1181529,-99311382.63879456,-112284399.8327059,-97874879.6354764,-124613573.1916035,-99099852.20961323,-140684084.9407452,-170615803.7799778,-139027522.7269272,-216901385.478795,-300010243.1691053,-424233486.8382985,-745867227.4228699,-1997811993.163492,-1286333758.287252,-775329296.1956906,-1331466024.48135,-1434149881.148422,-293877039.0830072,-679617184.7542143,-591445046.2160769,-508056738.2243369,-390415351.3030488,-522814974.0968321,-452094153.662778,-504497977.2509538,-984255892.6877218,NA
Syria,463,"Supplementary Items, Current Account, Net (Excluding Exceptional Financing), US Dollars",BCAXF_BP6_USD,Value,NA,NA,NA,NA,NA,NA,NA,NA,NA,NA,NA,NA,NA,NA,NA,NA,NA,NA,NA,NA,NA,NA,NA,NA,NA,NA,NA,NA,NA,NA,NA,NA,NA,NA,NA,NA,NA,-166750000,-63800000,895800000,250900000,-308000000,-249900000,-844000000,-794000000,-957500000,-504000000,-297900000,-150600000,1222400000,1762300000,698800000,55000000,-203000000,-791000000,263000000,40000000,461000000,58000000,201000000,1061000000,1221000000,1440000000,728000000,586500000,295000000,889800000,459575955.36722,471951981.028691,-1029525248.0283,-367388473.022632,NA,NA,NA,NA,NA,NA,NA,NA,NA,NA,NA,NA,NA,NA,NA
Chad,628,"Supplementary Items, Current Account, Net (Excluding Exceptional Financing), US Dollars",BCAXF_BP6_USD,Value,NA,NA,NA,NA,NA,NA,NA,NA,NA,NA,NA,NA,NA,NA,NA,NA,NA,NA,NA,NA,NA,NA,NA,NA,NA,NA,NA,NA,NA,NA,NA,NA,NA,NA,NA,NA,NA,-28520876.5035655,-46437969.6992381,-8287826.12184712,8609446.36327741,20405048.1827206,18525147.6837221,37975045.3516271,9045880.66996672,-87240665.8306253,-59372291.4662546,-25531211.528918,25506886.3588492,-55919883.3509009,-45617356.8874447,-65574430.9067472,-85688336.1542902,-116639705.918479,-37744637.5435477,NA,NA,NA,NA,NA,NA,NA,NA,NA,NA,NA,NA,NA,NA,NA,NA,NA,NA,NA,NA,NA,NA,NA,NA,NA,NA,NA,NA,NA,NA,NA
Samoa,862,"Supplementary Items, Current Account, Net (Excluding Exceptional Financing), US Dollars",BCAXF_BP6_USD,Value,NA,NA,NA,NA,NA,NA,NA,NA,NA,NA,NA,NA,NA,NA,NA,NA,NA,NA,NA,NA,NA,NA,NA,NA,NA,NA,NA,NA,NA,NA,NA,NA,NA,NA,NA,NA,NA,-11194824.95198605,-18103226.4414438,-22041779.75009849,-12911904.63781972,-15124482.04341434,-6617895.241009757,3511646.585183785,655101.8519572925,1777066.489504298,7223494.471947764,7286443.80538377,7945447.349995415,12809491.12226208,7277523.592784817,-28642007.13806769,-52495463.8680619,-38694178.85030323,5763229.112419979,9331269.15165839,12277772.93599911,9127240.214557854,20090329.58668553,-18790953.79190957,NA,NA,NA,NA,-26156787.8157222,-47534045.75485806,-76679877.7969448,-45756167.31932591,-54246320.57847096,-11204735.2832688,-61554760.82857782,-81245612.82108764,-7705067.64072585,-44729930.08442271,-46461253.30352218,-12709700.51847165,-38432534.18527452,-9470273.05391681,23622226.27302684,34073470.57049237,-75731634.11130811,-114446079.9175112,-74039270.06078295,40176679.42413184,65571132.16269952,NA
Zimbabwe,698,"Supplementary Items, Current Account, Net (Excluding Exceptional Financing), US Dollars",BCAXF_BP6_USD,Value,NA,NA,NA,NA,NA,NA,NA,NA,NA,NA,NA,NA,NA,NA,NA,NA,NA,NA,NA,NA,NA,NA,NA,NA,NA,NA,NA,NA,NA,NA,NA,NA,NA,NA,NA,NA,NA,1112764.77565426,53939988.61932391,-56429334.70618698,-149235109.4879282,-545446146.1796112,-631423993.767665,-397421913.0098287,-42838069.60925988,-64089005.19348658,16756953.9660014,57918278.2504784,125128995.8850587,16912627.7746418,-139680033.3560822,-456421246.5125036,-602990568.4232192,-115627222.8615106,-424427788.967297,NA,NA,NA,NA,NA,NA,NA,NA,NA,NA,NA,NA,NA,NA,-730488425.4253211,-1655405510.812703,-2749538735.844162,-2277601283.369411,-2648783868.167105,-2333862288.247172,-1596693262.229446,-697474326.7603999,-271191369.042553,-1379638186.926485,920459787.8218971,678378293.046464,348215436.1385212,304965733.1813758,133877468.4807754,501200767.4661283,NA
"Congo, Republic of",634,"Supplementary Items, Current Account, Net (Excluding Exceptional Financing), US Dollars",BCAXF_BP6_USD,Value,NA,NA,NA,NA,NA,NA,NA,NA,NA,NA,NA,NA,NA,NA,NA,NA,NA,NA,NA,NA,NA,NA,NA,NA,NA,NA,NA,NA,NA,NA,NA,NA,NA,NA,NA,NA,NA,NA,-180602444.615207,-99355192.9014402,-166655973.555449,-460704628.909769,-331544689.15086,-400906891.607959,210194756.576982,-161266354.036195,-600702191.353665,-222683097.605522,-445451715.393532,-84950767.8750145,-251226023.438101,-461527158.444158,-316594619.713836,-552686023.260323,-793401070.716394,-625202813.044033,-650850196.963453,-155846793.250828,-240607802.398939,-230732980.001638,649747700.566336,-28449024.6101808,-34613726.6565806,521643977.619645,675657696.168203,695863785.177765,124228209.542788,-2107868629.08787,869277946.151101,-1371282199.56384,901208914.583327,2073140263.29423,2421258746.37588,1936952274.91449,679779275.549712,-4630571433.78872,-3596012163.62652,NA,NA,1632374163.45606,1440630928.30853,1584152220.15907,NA,NA,NA,NA
Gabon,646,"Supplementary Items, Current Account, Net (Excluding Exceptional Financing), US Dollars",BCAXF_BP6_USD,Value,NA,NA,NA,NA,NA,NA,NA,NA,NA,NA,NA,NA,NA,NA,NA,NA,NA,NA,NA,NA,NA,NA,NA,NA,NA,NA,NA,NA,NA,NA,NA,NA,NA,NA,NA,NA,NA,NA,73873552.3319302,247647578.04816,383851621.804177,403302595.159473,309367211.25974,97935781.391937,112688520.064571,-162488355.504303,-1057446599.20987,-449096771.858652,-615514844.193766,-192189357.137164,167704389.330171,74794339.8093066,-168120054.621309,-49088407.1777534,317360428.286558,514659207.568301,888616636.534867,531357331.205346,-595536813.594077,390390350.60752,1000995434.25058,517388917.96551,338032980.729283,765896007.592373,924480491.200408,1982970941.84373,NA,2748153648.13967,3829611012.16299,804085379.931301,2453186895.57335,2604448146.00985,1977634348.88967,1462632469.494,1112065880.72226,140995975.04494,NA,NA,NA,NA,NA,NA,NA,NA,NA,NA
"Gambia, The",648,"Supplementary Items, Current Account, Net (Excluding Exceptional Financing), US Dollars",BCAXF_BP6_USD,Value,NA,NA,NA,NA,NA,NA,NA,NA,NA,NA,NA,NA,NA,NA,NA,NA,NA,NA,NA,NA,NA,NA,NA,NA,NA,NA,NA,NA,NA,NA,NA,NA,NA,NA,NA,NA,NA,NA,-46995191.67388609,-37046925.79574556,-90576150.08381625,-43629434.10254983,-21451164.6751003,-31536047.00567177,6608376.265383486,7687684.309371,3091361.829868679,6327038.241149175,26659021.60015707,13928772.30131827,22321382.73059682,11957897.15461506,38165566.60350979,-5165441.435613439,8099755.287730369,-8138919.180326909,-47078884.68398242,-22953546.51067785,NA,NA,NA,NA,NA,-1990789.62549149,-43498595.24199351,-50495568.10453745,-72344184.94444732,-79274784.32424182,-6288458.78659568,28003761.83407978,17499603.5545498,-108142561.8795632,-92782872.79825364,-97109176.62592001,-84557301.94633608,-65874675.5724321,-76141267.00269185,-159233701.2726739,-153956574.4924516,-37078383.5434186,-141441663.8269222,-104479969.9817236,-117035360.2851149,-181161086.0193712,-146042308.853859,NA
Uruguay,298,"Supplementary Items, Current Account, Net (Excluding Exceptional Financing), US Dollars",BCAXF_BP6_USD,Value,NA,NA,NA,NA,NA,NA,NA,NA,NA,NA,NA,NA,NA,NA,NA,NA,NA,NA,NA,NA,NA,NA,NA,NA,NA,NA,NA,NA,NA,NA,NA,NA,NA,NA,NA,NA,NA,NA,-127000000,-357100000,-709100000,-461400000,-234600000,-62600000,-129100000,-98000000,41860000,-140730000,22140000,133470000,185890000,42430000,-8780000,-243790000,-438300000,-212500000,-233400000,-287400000,-475500000,-507600000,-566322609.194665,-497628346.284269,381948864.7244669,-87260665.3550654,3124735.7334928,24278058.644975,-391880827.915145,-220452116.744461,-1728989727.073136,-407499108.770043,-756423438.489211,-1341304685.109964,-2036452488.375796,-2016296046.759362,-1838382524.262547,-147093522.5008326,474252220.7043954,7362693.3973665,-300445675.1483271,803146046.9473077,-343473189.2728578,-1478092518.759719,-2512810483.332693,-2374394220.298293,-635869450.7020283,NA
St. Vincent and the Grenadines,364,"Supplementary Items, Current Account, Net (Excluding Exceptional Financing), US Dollars",BCAXF_BP6_USD,Value,NA,NA,NA,NA,NA,NA,NA,NA,NA,NA,NA,NA,NA,NA,NA,NA,NA,NA,NA,NA,NA,NA,NA,NA,NA,NA,NA,NA,NA,NA,NA,NA,NA,NA,NA,NA,NA,NA,2700000.000000001,-3600000,-9300000,-800000,-10809629.62962963,-2600000,-1000000,3700000,-10196296.29629629,-20237037.03703703,-16788888.88888889,-29662962.962963,-23555555.55555555,-45688888.88888894,-24166666.6666667,-43874074.07407406,-56537037.037037,-40200000.00000003,-32944444.44444448,-80585185.1851851,-92288888.88888897,-67837037.03703707,-29443404.03787128,-25563565.46602939,-17792079.01712661,-42811297.70461543,-73198902.6184484,-81384170.41284846,-105907543.4903946,-152508595.6875979,-229973821.2831568,-183401949.8725006,-189661319.4083372,-159406847.2514997,-184718343.75956,-189104798.8309485,-194326004.715366,-122555442.9792881,-106538451.1489061,-100395869.3052101,-91119523.19129935,-21743694.44444433,-137416102.5925925,-206271908.1481481,-198820801.4814814,-190635003.3333332,-193079431.111111,-237245221.4814814
Zambia,754,"Supplementary Items, Current Account, Net (Excluding Exceptional Financing), US Dollars",BCAXF_BP6_USD,Value,NA,NA,NA,NA,NA,NA,NA,NA,NA,NA,NA,NA,NA,NA,NA,NA,NA,NA,NA,NA,NA,NA,NA,NA,NA,NA,NA,NA,NA,NA,NA,NA,NA,NA,NA,NA,NA,NA,-280600000,78000000,-516300000,-728600000,-561700000,-263000000,-146600000,-395300000,-347600000,-245200000,-293200000,-218600000,-594400000,-305700000,NA,NA,NA,NA,NA,-383200000,-573400000,-446900000,-694046600,-768031600,-759324351.955307,-728221346.972177,-488834000,-363177263.493658,476233573.8284709,-320616007.262047,-767535306.0067158,714141850.9857467,1376799951.626758,958460716.8181638,1247936932.227776,-218471559.8536177,-401368907.8924575,-767651770.9710228,-953961606.2206669,-435005244.9961702,-342356590.7891283,140712285.0495976,2138616083.718695,2629551251.444388,1093013821.993412,-837683232.292499,-1116132887.976061,NA
Afghanistan,512,"Supplementary Items, Current Account, Net (Excluding Exceptional Financing), US Dollars",BCAXF_BP6_USD,Value,NA,NA,NA,NA,NA,NA,NA,NA,NA,NA,NA,NA,NA,NA,NA,NA,NA,NA,NA,NA,NA,NA,NA,NA,NA,NA,NA,NA,NA,NA,NA,NA,NA,NA,NA,NA,NA,NA,NA,-99600000,53600000,-205800000,-67300000,-138800000,-450600000,-243200000,-537200000,-166900000,26200000,-143300000,NA,NA,NA,NA,NA,NA,NA,NA,NA,NA,NA,NA,NA,NA,NA,NA,NA,NA,-238376258.640065,277627586.221438,-577708206.772329,-2246921171.24519,-5150161881.41159,-5095040596.60647,-3232893168.37269,-4192816422.8282,-2708462935.14897,-3554897942.49064,-3896837603.93394,-3791935256.04003,-3136733353.20761,NA,NA,NA,NA,NA
Fiji,819,"Supplementary Items, Current Account, Net (Excluding Exceptional Financing), US Dollars",BCAXF_BP6_USD,Value,NA,NA,NA,NA,NA,NA,NA,NA,NA,NA,NA,NA,NA,NA,NA,NA,NA,NA,NA,NA,NA,NA,NA,NA,NA,NA,NA,NA,NA,NA,NA,NA,NA,NA,NA,NA,NA,NA,NA,-58762066.05169953,-17494643.22928539,-161251712.5593567,-84251286.84572941,-55377457.27343144,-18390967.40620062,18724738.4058417,16771624.17855969,27334302.53981232,70546696.10967733,7483146.06741568,-93996364.84364918,-68245391.99590658,-61277818.83788393,-138087593.8447568,-112763596.0044394,-112704432.3299363,13539514.00270785,-34148960.11914048,-59894806.60017267,12692771.46664975,-26015431.99317026,-67823230.05181497,15609047.36605449,-53562416.51675896,-253188232.555217,-205524042.2110057,-506018222.7976211,-386971587.4448879,-526301838.8769142,-123989445.1851176,-149446716.0805414,-195062701.8365695,-56960642.26157576,-406920504.8902302,-280634401.8875704,-162622175.0576993,-177831295.5597207,-355420613.1490624,-471479655.3571075,-629484198.7733872,-512871413.2784802,-299605883.6125578,-771985297.852049,-362131772.1661034,-464368528.341456,NA
Kiribati,826,"Supplementary Items, Current Account, Net (Excluding Exceptional Financing), US Dollars",BCAXF_BP6_USD,Value,NA,NA,NA,NA,NA,NA,NA,NA,NA,NA,NA,NA,NA,NA,NA,NA,NA,NA,NA,NA,NA,NA,NA,NA,NA,NA,NA,NA,NA,NA,NA,NA,NA,NA,NA,NA,NA,NA,NA,19263594.69839091,143468.04796934,-6453580.661612962,-6204717.126339295,800890.078663277,10430715.30125469,-2764169.161413425,-2627050.712656083,-3295803.050035721,-1836068.98931565,-1537249.030652709,-9186947.233663853,4286640.696861497,-9094124.890298435,-4105238.820585358,1382561.76045711,NA,NA,NA,NA,NA,NA,NA,NA,NA,NA,NA,-9676457.389904745,-2509439.825671744,-5247202.179266213,-16565244.54292018,194588.006141644,-17302046.91493103,3619986.076867932,-10131369.33691339,56046361.6292339,56247992.70394627,19219652.9683895,70501111.16924465,76320588.25902542,86818266.8180728,71278573.01881498,20250958.68711151,-32523117.23525245,-5116792.574343915,-59540597.9620735,NA
Liberia,668,"Supplementary Items, Current Account, Net (Excluding Exceptional Financing), US Dollars",BCAXF_BP6_USD,Value,NA,NA,NA,NA,NA,NA,NA,NA,NA,NA,NA,NA,NA,NA,NA,NA,NA,NA,NA,NA,NA,NA,NA,NA,NA,NA,NA,NA,NA,NA,NA,NA,NA,NA,NA,NA,NA,NA,NA,348846.7639357606,990795.6943801458,1616811.104871539,53834.37715058,-2238567.055883256,-45863.699908861,1191219.807191825,-381147.38984496,-3124547.246695112,NA,NA,NA,NA,NA,NA,NA,NA,NA,NA,NA,NA,NA,NA,NA,NA,-172512829.947722,-207549181.8157197,-368868837.221771,-395099635.6684581,-618214596.2228148,-541101039.8204165,-853418361.3620822,-1258598621.507958,-1674844200.894934,-1042787198.290843,-642544587.9492061,171113280.6716949,-276040465.3915847,-565563643.5653617,-674092298.882529,-653403371.7809428,-327277669.3247946,-99517861.0085875,-348528995.1634937,-505149795.9472402,119784706.8010704,NA
Mexico,273,"Supplementary Items, Current Account, Net (Excluding Exceptional Financing), US Dollars",BCAXF_BP6_USD,Value,NA,NA,NA,NA,NA,NA,NA,NA,NA,NA,NA,NA,NA,NA,NA,NA,NA,NA,NA,NA,NA,NA,NA,NA,NA,NA,NA,NA,NA,NA,NA,NA,NA,NA,NA,NA,NA,NA,NA,-5409000000,-10422000000,-16240000000,-5889000000,5866000000,4183000000,800000000,-1377000000,4247000000,-2374000000,-5825000000,-7451000000,-14888000000,-24442000000,-23400000000,-29662110000,-1576440000,-2536647000,-7694837000,-16017063000.00001,-14026620930.00001,-18776466871,-17776243065,-12398045538,-4032619658,-3808647028,-5721376166,-3229705575,-9310944947,-16340834077,-7084541099,-3753937793,-10543617766,-17695157349,-31778421275,-24852042092,-31535662037,-25282312907,-21402776864,-25931803949,-3871166263,26873079471,-4485665790,-18692667771,-12544311498,-16695744088,NA
Albania,914,"Supplementary Items, Current Account, Net (Excluding Exceptional Financing), US Dollars",BCAXF_BP6_USD,Value,NA,NA,NA,NA,NA,NA,NA,NA,NA,NA,NA,NA,NA,NA,NA,NA,NA,NA,NA,NA,NA,NA,NA,NA,NA,NA,NA,NA,NA,NA,NA,NA,NA,NA,NA,NA,NA,NA,NA,NA,16000000,45000000,-66800000,-38300000,-28100000,-36400000,-3200000,5200000,-27100000,-39300000,-118300000,-168000000,-50700000,14900000,-157300000,-11500000,-107300000,-272232500,-65070000,-155400000,-156300000,-217400000,-407520000,-406814698.259079,-357925427.326321,-571475353.6504208,-670904254.7194633,-1150813004.28052,-2013181037.395808,-1852445204.458103,-1355584693.815292,-1667230406.628575,-1256631985.339386,-1184917724.349526,-1425373182.38609,-979814046.6907959,-900351874.2140677,-982238680.8520328,-1016262196.080952,-1218844789.941547,-1314571089.181067,-1386761723.924972,-1175315712.944268,-390605219.2487199,-647877540.7371845,NA
Bulgaria,918,"Supplementary Items, Current Account, Net (Excluding Exceptional Financing), US Dollars",BCAXF_BP6_USD,Value,NA,NA,NA,NA,NA,NA,NA,NA,NA,NA,NA,NA,NA,NA,NA,NA,NA,NA,NA,NA,NA,NA,NA,NA,NA,NA,NA,NA,NA,NA,NA,NA,NA,NA,NA,NA,NA,NA,NA,NA,954000000,122000000,177000000,36000000,535000000,-136000000,-951000000,-720000000,-402000000,-769000000,-1710000000,-76900000,-359900000,-1098800000,-31800000,-25800000,15700000,426900000,-61912460.84851415,-652131909.298517,-703685705.882993,-804648255.3858055,-319039031.0903023,-1022155146.772359,-1671124319.584496,-3346998839.521493,-5863231595.240026,-11437006353.76202,-11875334885.46191,-4256328502.858472,-964610000,272500000,-528630000,678650000,1251500000,9330000,1673030000,1920850000,379750000,1135830000,1034310000,208830000,-1232620000,-1179370000,-1498640000,NA
Comoros,632,"Supplementary Items, Current Account, Net (Excluding Exceptional Financing), US Dollars",BCAXF_BP6_USD,Value,NA,NA,NA,NA,NA,NA,NA,NA,NA,NA,NA,NA,NA,NA,NA,NA,NA,NA,NA,NA,NA,NA,NA,NA,NA,NA,NA,NA,NA,NA,NA,NA,NA,NA,NA,NA,NA,NA,NA,NA,-8907704.980728671,-8155179.52602065,-10958496.63646483,-11053296.00214832,-32719768.96654014,-14256804.60592307,-15685687.06189396,-21365301.97967736,-6516797.232343328,5407428.648228564,-10475185.53285964,-10249392.73544191,-14190208.45279087,9574086.299954956,-7216639.070041154,-18963177.47939746,NA,NA,NA,NA,NA,NA,NA,-18440042.75706758,-21122441.36510089,-28542616.67412081,-27334085.43949546,-37531305.67503339,-77534134.81359845,-61337618.53023954,-90591981.34951057,-58269616.8182715,-43682287.86572344,NA,-53981689.53473262,-55395265.21843779,-44347476.32466032,-42276047.60184007,-36217328.29217507,-44883827.08631461,-47068376.30220132,-13559058.46664172,-9061699.90989363,-58008067.76042301,NA,NA
St. Kitts and Nevis,361,"Supplementary Items, Current Account, Net (Excluding Exceptional Financing), US Dollars",BCAXF_BP6_USD,Value,NA,NA,NA,NA,NA,NA,NA,NA,NA,NA,NA,NA,NA,NA,NA,NA,NA,NA,NA,NA,NA,NA,NA,NA,NA,NA,NA,NA,NA,NA,NA,NA,NA,NA,NA,NA,NA,NA,NA,NA,-2662962.96296296,-4696296.29629629,-8722222.22222222,-14740740.74074073,-4337037.03703703,-6677777.777777782,-8896296.2962963,-16114814.81481483,-27525925.92592592,-38374074.07407409,-46970370.37037038,-35588888.88888889,-14996296.2962963,-29288888.88888888,-24299999.99999999,-45462962.96296294,-65077777.77777775,-60414814.81481485,-46307407.4074074,-67196296.29629627,-107402815.380281,-103289135.9091045,-96074161.61254205,-83350520.41856496,-39044633.69248998,-39572731.09021894,-71271429.31575517,-95789147.8724268,-133712762.6884202,-163567958.9803526,-119367646.4167651,-65337509.01072953,-25800573.03797625,-25052228.49263196,6648238.88888887,-77603787.03703707,-121635362.2222223,-108374908.5185185,-62932868.51851845,-53012177.40740742,-95799856.29629631,-28781992.96296302,-104221517.7777777,-141911022.2222223,-136808300.7407407,-172397861.8518518
Uganda,746,"Supplementary Items, Current Account, Net (Excluding Exceptional Financing), US Dollars",BCAXF_BP6_USD,Value,NA,NA,NA,NA,NA,NA,NA,NA,NA,NA,NA,NA,NA,NA,NA,NA,NA,NA,NA,NA,NA,NA,NA,NA,NA,NA,NA,NA,NA,NA,NA,NA,NA,NA,NA,NA,NA,NA,NA,NA,-82669699.299945,1201432.590057,-69896624.459943,-72237297.720057,103543713.07,4597852.9,-43267054.180053,-112010296.98,-195210146.65,-259520589.14,-263300000,-169770000,-99600000,-224330000,-207500000,-338890000,-252320000,-366830000,-502610000,-710700000,-825400000,-305583689.2199795,-151999890.3060088,-38435956.3553843,-1675020.2514846,53544745.4719931,-318190780.739841,-562842782.4137186,-1223839164.114295,-1048042885.557598,-1609773703.8724191,-2087253428.488599,-1655592192.890124,-1751485256.930537,-2165987726.532216,-1671271708.73939,-833463693.8136073,-1501187049.503936,-2084226738.710979,-2631749292.158512,-3598200193.729921,-3604917027.811921,-4063962149.513965,-3624894804.572272,-4191766761.350264,NA
Indonesia,536,"Supplementary Items, Current Account, Net (Excluding Exceptional Financing), US Dollars",BCAXF_BP6_USD,Value,NA,NA,NA,NA,NA,NA,NA,NA,NA,NA,NA,NA,NA,NA,NA,NA,NA,NA,NA,NA,NA,NA,NA,NA,NA,NA,NA,NA,NA,NA,NA,NA,NA,NA,NA,NA,NA,NA,NA,NA,NA,-566000000,-5324000000,-6338000000,-1856000000,-1923000000,-3911000000,-2098000000,-1397000000,-1108000000,-2988000000,-4260000000,-2780000000,-2106000000,-2792000000,-6431000000,-7663000000,-4889000000,4096965770.22987,5782898397.49642,7992074100.4978,6900901091.30433,7823542185.485752,8106793838.470899,1563009904.016237,277544828.925311,10859493593.95159,10491041826.76009,125992416.495605,10628489686.07669,5144284990.196961,1685068008.421581,-24417850938.21408,-29109199017.05814,-27509865798.23263,-17518744569.47589,-16952255385.02643,-16195634380.35639,-30633120324.42865,-30279059752.96848,-4433269738.48797,3510715050.41259,13215134910.41183,-2041662020.0124,-8723307515.19527,NA
Mongolia,948,"Supplementary Items, Current Account, Net (Excluding Exceptional Financing), US Dollars",BCAXF_BP6_USD,Value,NA,NA,NA,NA,NA,NA,NA,NA,NA,NA,NA,NA,NA,NA,NA,NA,NA,NA,NA,NA,NA,NA,NA,NA,NA,NA,NA,NA,NA,NA,NA,NA,NA,NA,NA,NA,NA,NA,NA,NA,NA,-807500000,-845500000,-824100000,-740000000,-813500000,-1060600000,-990600000,-1033300000,-1190420000,-619040000,-94450000,-48240000,38450000,46240000,38900000,-36900000,67980000,-75599999.9999999,-57789608.89150612,-69867709.78233589,-61699999.99999992,-105158905.6818149,-98669088.3172052,63004360.64331486,87510299.5117417,372155596.4841498,171787335.6022053,-690742251.488586,-341783224.2428437,-885472136.5466146,-4512180734.477749,-5380697481.730132,-4731842597.964487,-1934341990.192369,-948455402.9545996,-699671011.220027,-1155443731.574381,-1902507511.636598,-2161686815.389609,-674611942.8409063,-2108439815.125172,-2303498985.609667,121266171.8304157,-2485434521.306659,NA
China,924,"Supplementary Items, Current Account, Net (Excluding Exceptional Financing), US Dollars",BCAXF_BP6_USD,Value,NA,NA,NA,NA,NA,NA,NA,NA,NA,NA,NA,NA,NA,NA,NA,NA,NA,NA,NA,NA,NA,NA,NA,NA,NA,NA,NA,NA,NA,NA,NA,NA,NA,NA,NA,NA,NA,NA,NA,NA,NA,NA,5674000000,4240000000,2030000000,-11417000000,-7034000000,300000000,-3802000000,-4317000000,11997000000,13272000000,6401000000,-11609000000,6908000000,1618390000,7243000000,36963000000,31472000000,21115000000,20518382000,17401000000,35421997979.64708,43051582861.3335,68940960688.5612,132378493766.4,231843041064.4151,353182677237.316,420568516143.5463,243256567919.6186,237810389607.9545,136096761577.5508,215391747469.4404,148203949879.8776,236046577873.6314,293022317035.5467,191337035941.994,188676126121.1628,24130909184.49887,102909876008.3869,248835643936.04,352885754634.63,443374257116.43,263382353368.19,423919214716.3,NA
Guinea-Bissau,654,"Supplementary Items, Current Account, Net (Excluding Exceptional Financing), US Dollars",BCAXF_BP6_USD,Value,NA,NA,NA,NA,NA,NA,NA,NA,NA,NA,NA,NA,NA,NA,NA,NA,NA,NA,NA,NA,NA,NA,NA,NA,NA,NA,NA,NA,NA,NA,NA,NA,NA,NA,NA,NA,NA,NA,NA,NA,NA,NA,-79500000,-72000000,-65500000,-75800000,-62500000,-56500000,-68400000,-92801000,-60492000,-79037000,-104183000,-65479000,-47630000,-50650000,-60430000,-30280000,NA,NA,NA,-26893539.43873717,-8694551.74219332,-6472811.37029676,-13217680.83618822,-45547584.86577964,-74151335.60062361,-66120413.88203272,-92871036.946885,-113590962.2479272,-99480602.571894,-14050574.5210426,-83241961.1249806,-52508821.2163036,6310286.4950218,20941855.294337198,16969582.71131223,3879055.91659559,-54134326.62206709,-127409979.1959692,-38683254.67523891,-14127802.75776877,-146639723.3844773,-160168523.0017115,-161732147.3472242,NA
Hungary,944,"Supplementary Items, Current Account, Net (Excluding Exceptional Financing), US Dollars",BCAXF_BP6_USD,Value,NA,NA,NA,NA,NA,NA,NA,NA,NA,NA,NA,NA,NA,NA,NA,NA,NA,NA,NA,NA,NA,NA,NA,NA,NA,NA,NA,NA,NA,NA,NA,NA,NA,NA,NA,NA,NA,NA,NA,NA,NA,NA,-530950258.7466191,-180988794.5410652,38965735.85934458,-454953570.8727555,-1365024333.355516,-675976875.577156,-572012790.9600419,-588084499.900608,378583738.2529154,403164330.909477,351916420.313152,-4262485321.167402,-4053569972.812711,-1711883518.41086,-1854085269.5794,-2139729352.161014,-3721634281.072877,-4108992898.719959,-4173563161.650054,-3289609794.387377,-4361443385.914719,-7039900025.206668,-9445878133.342325,-11181808084.81787,-8422271299.475179,-10209896208.31644,-11500537270.39063,-1595523126.454142,-248257440.125078,607725044.206688,1386252179.275996,4057296394.064543,1054905361.876157,2653372714.159543,5678295503.876634,2464713751.659493,549489415.052206,-1000732814.921216,-1639009283.53509,-7853767184.627772,-15696933736.47458,-7709316.845694,3523028942.817819,NA
Vanuatu,846,"Supplementary Items, Current Account, Net (Excluding Exceptional Financing), US Dollars",BCAXF_BP6_USD,Value,NA,NA,NA,NA,NA,NA,NA,NA,NA,NA,NA,NA,NA,NA,NA,NA,NA,NA,NA,NA,NA,NA,NA,NA,NA,NA,NA,NA,NA,NA,NA,NA,NA,NA,NA,NA,NA,NA,NA,NA,NA,NA,-7660525.42685829,-8292436.22587955,3116277.24334235,-10365393.0452167,-11699177.4752798,-24367459.1153929,-15188936.7162375,-12246234.6534337,-6181873.91339719,-13709051.490025,-13070811.2145371,-14934918.006738,-19778618.6726147,-18247846.5039953,-26939573.8205376,-19341660.9273521,-9409764.43038714,-33215298.3189097,-13646855.6034007,-14534881.9164002,-30574721.9008196,-34426847.6144488,-41610286.2798887,-52709482.7792835,-50345340.0289551,-53778453.3591915,-176011252.206304,-12037288.519557,-42177782.3496622,-60956769.366007,-68614470.7168547,-5153066.31873101,4234945.94969285,-114632995.388247,-70467667.0002732,-70822393.3147076,29604909.5722799,73290724.280143,-57857569.4427387,-75450988.2347246,-127431932.031587,NA,NA,NA
Belize,339,"Supplementary Items, Current Account, Net (Excluding Exceptional Financing), US Dollars",BCAXF_BP6_USD,Value,NA,NA,NA,NA,NA,NA,NA,NA,NA,NA,NA,NA,NA,NA,NA,NA,NA,NA,NA,NA,NA,NA,NA,NA,NA,NA,NA,NA,NA,NA,NA,NA,NA,NA,NA,NA,NA,NA,NA,NA,NA,NA,NA,NA,-5300000,9050000,11950000,9400000,-2600000,-19050000,15350000,-25800000,-28600000,-48500000,-40057000,-17246500,-6645000,-31930000,-59847500,-72792094.885,-161571589.09375,-190365259.7637347,-165323926.7153849,-184286483.0637246,-154923750.9912291,-151221160.5489987,-25383981.59727335,-52089996.95623795,-144877244.4145465,-82838728.4884131,-45736663.0380738,-19948868.13955535,-33113119.85339465,-72586237.4931014,-135861423.1976336,-174735548.3532424,-163456303.4257361,-158035030.3437056,-150794400.0201293,-184645704.6836136,-127919787.2392182,-157868365.156558,-235565536.3146731,-19761053.4643895,-51664979.29127115,NA
Lao P.D.R.,544,"Supplementary Items, Current Account, Net (Excluding Exceptional Financing), US Dollars",BCAXF_BP6_USD,Value,NA,NA,NA,NA,NA,NA,NA,NA,NA,NA,NA,NA,NA,NA,NA,NA,NA,NA,NA,NA,NA,NA,NA,NA,NA,NA,NA,NA,NA,NA,NA,NA,NA,NA,NA,NA,NA,NA,NA,NA,NA,NA,NA,NA,-163600000,-163600000,-141600000,-165100000,-103200000,-136500000,-110800000,-115100000,-111300000,-139200000,-284000000,-346200000,-346800000,-305500000,-150100000,-121100000,-8470000,-67328448.5914336,8271369.05167682,-29706046.2269943,-178236964.9331276,-173786566.819365,75308544.5116279,139406173.6164719,77543822.6210465,-60905624.6991881,29309198.0082794,-206325894.9152823,-747901591.6222426,-937932554.1773283,-1924464371.729085,-2267608962.937367,-1384954199.534428,-1259801184.326076,-1648936579.076125,-1319568557.305924,-304427571.5101853,431636442.9379285,-458754368.3019507,404522650.1015,531372659.1188864,NA
Angola,614,"Supplementary Items, Current Account, Net (Excluding Exceptional Financing), US Dollars",BCAXF_BP6_USD,Value,NA,NA,NA,NA,NA,NA,NA,NA,NA,NA,NA,NA,NA,NA,NA,NA,NA,NA,NA,NA,NA,NA,NA,NA,NA,NA,NA,NA,NA,NA,NA,NA,NA,NA,NA,NA,NA,NA,NA,NA,NA,NA,NA,NA,NA,195000000,-303000000,447000000,-469000000,-132000000,-235500000,-579600000,-734776000,-668500000,-339800000,-295047000,3266378000,-883540000,-1867130000,-1710410000,795650000,-1430930000,-150093385.26,-719558880.5,681237662.03,5137882651.48224,10689818935.61,10581250704.88,7194246953.019,-7571651745.69,7505954235.08,13084636207.41083,13841185161.00976,8145070111.690303,-3747517596.210955,-10272841902.6133,-3085195463.210777,-632867147.903362,7402606519.27952,5137394880.223516,871917831.2999331,8399451648.832608,11762879500.68892,4184993795.520756,6309847179.397564,NA
Burundi,618,"Supplementary Items, Current Account, Net (Excluding Exceptional Financing), US Dollars",BCAXF_BP6_USD,Value,NA,NA,NA,NA,NA,NA,NA,NA,NA,NA,NA,NA,NA,NA,NA,NA,NA,NA,NA,NA,NA,NA,NA,NA,NA,NA,NA,NA,NA,NA,NA,NA,NA,NA,NA,NA,NA,NA,NA,NA,NA,NA,NA,NA,NA,-41287339.75076023,-36165024.27283639,-95230130.7151637,-70059475.05253042,-11489495.79831931,-69444226.82494214,-33275378.97969437,-59608454.36448235,-28115989.78499056,-16884183.44629689,10446132.74876624,-40010349.6873073,-39695946.98465785,-97655954.84246802,-66229743.81723411,-103051821.9072904,-108464790.0893596,-111077832.4629173,-130944929.8922984,-165489145.2447997,-221964745.002783,-324008971.4936853,-111307028.8851542,-259356226.2225475,-161180586.8386375,-300982004.1736134,-283583270.3358523,-261157248.5202613,-258429277.1751281,-428806399.3736394,-358952558.5503469,-327744137.546133,-373492662.8723462,-389434775.0953332,-393092416.5900085,-346304146.9194798,-389311820.4420626,-615203005.214731,-627856029.322385,-474985726.1380918,NA
Aruba,314,"Supplementary Items, Current Account, Net (Excluding Exceptional Financing), US Dollars",BCAXF_BP6_USD,Value,NA,NA,NA,NA,NA,NA,NA,NA,NA,NA,NA,NA,NA,NA,NA,NA,NA,NA,NA,NA,NA,NA,NA,NA,NA,NA,NA,NA,NA,NA,NA,NA,NA,NA,NA,NA,NA,NA,NA,NA,NA,NA,NA,NA,NA,NA,-18659217.877095,-22569832.40223445,-44301675.97765356,-46703910.61452505,-158156424.5810056,-209497206.7039105,43798882.6815643,41731843.5754188,81061452.51396652,-279329.6089386,-69106145.25139654,-195810055.8659211,-18770949.72067004,-435513966.4804468,207145251.3966483,308759776.536312,-340251396.6480445,-165553072.6256983,270888268.1564237,104963491.3414258,310555693.7225581,258268156.4245832,111731.843575,171675977.6536312,-460111731.8435763,-260558659.2178774,90837988.8268162,-322246518.293629,-130013879.725997,118342714.0961427,141178986.0611654,34628879.7929223,-19374275.5327755,84796821.7557424,-316455499.9521781,79257066.7080476,230555794.4513525,194498402.1189305,NA,NA
Guinea,656,"Supplementary Items, Current Account, Net (Excluding Exceptional Financing), US Dollars",BCAXF_BP6_USD,Value,NA,NA,NA,NA,NA,NA,NA,NA,NA,NA,NA,NA,NA,NA,NA,NA,NA,NA,NA,NA,NA,NA,NA,NA,NA,NA,NA,NA,NA,NA,NA,NA,NA,NA,NA,NA,NA,NA,NA,NA,NA,NA,NA,NA,NA,NA,-123880000,-38250000,-221520000,-179710000,-202980000,-288820000,-262700000,-56790000,-247980000,-216482000,-177268000,-91077000,-183606350,-214446593,-155241947.6581841,-102230979.6632401,-199788530.3643724,-187528401.0269682,-174780000,-160340000,-221350000,-462410000,-440110000,-426720000,-329170000,-1215170000,-1101540000,-1269070000,-981676723.856147,-1020197641.144154,-2744932547.962538,519350000,-190470000,-314620000,2684750000,4638730000,3350240000,1901120000,-391820000,NA
Montserrat,351,"Supplementary Items, Current Account, Net (Excluding Exceptional Financing), US Dollars",BCAXF_BP6_USD,Value,NA,NA,NA,NA,NA,NA,NA,NA,NA,NA,NA,NA,NA,NA,NA,NA,NA,NA,NA,NA,NA,NA,NA,NA,NA,NA,NA,NA,NA,NA,NA,NA,NA,NA,NA,NA,NA,NA,NA,NA,NA,NA,NA,NA,NA,NA,-5485185.185185191,-6974074.074074076,-16000000,5388888.888888895,-22914814.81481481,-19933333.33333333,-13096296.29629629,-7885185.185185188,-12237037.03703704,-1959259.259259266,15714814.8148148,-1970370.370370361,3407407.407407407,-2255555.555555559,-12156426.28941977,-9462832.365058403,-11044590.55499772,-11139663.14866841,-12038854.77304487,-16482351.2507446,-11194239.37476025,-13278739.61643228,-22768631.24422426,-14864901.85664828,-20957165.8446312,-8992423.465269944,-12966287.280387,-28981754.44997264,-12189048.88888888,-1818114.074074082,-8959030,-7387009.259259259,-632587.037037031,2121437.777777761,9381748.148148147,-12895758.51851853,-7586594.814814807,-6935562.222222218,-979036.296296286,-842362.592592611
Equatorial Guinea,642,"Supplementary Items, Current Account, Net (Excluding Exceptional Financing), US Dollars",BCAXF_BP6_USD,Value,NA,NA,NA,NA,NA,NA,NA,NA,NA,NA,NA,NA,NA,NA,NA,NA,NA,NA,NA,NA,NA,NA,NA,NA,NA,NA,NA,NA,NA,NA,NA,NA,NA,NA,NA,NA,NA,NA,NA,NA,NA,NA,NA,NA,NA,NA,NA,-25444491.4751657,-20574237.5236971,-20996318.9382601,-18992540.4561173,-40718605.7530572,-10574562.5367426,2842889.76820804,-381841.150946363,-123404175.599221,-344039026.275848,NA,NA,NA,NA,NA,NA,NA,NA,NA,NA,NA,NA,NA,NA,NA,NA,NA,NA,NA,NA,NA,NA,NA,NA,NA,NA,NA,NA,NA
Australia,193,"Supplementary Items, Current Account, Net (Excluding Exceptional Financing), US Dollars",BCAXF_BP6_USD,Value,NA,NA,NA,NA,NA,NA,NA,NA,NA,NA,NA,NA,NA,NA,NA,NA,NA,NA,NA,NA,NA,NA,NA,NA,NA,NA,NA,NA,NA,NA,NA,NA,NA,NA,NA,NA,NA,NA,NA,NA,NA,NA,NA,NA,NA,NA,NA,NA,NA,-18340091394.32667,-15533157699.45211,-10587728698.25693,-10313304564.5566,-9289520941.731228,-15863756463.5733,-18670714923.31181,-14404742352.56682,-11909723456.70638,-17779262796.07225,-21794432159.19976,-15488495252.61049,-7986938465.214413,-16001686981.08128,-29307797045.31269,-41286950910.19405,-43342193198.92236,-46287916205.4895,-64682457773.53152,-51559155790.32283,-48587678354.76399,-46011843392.54715,-45650780614.16732,-68774065199.454,-51383650247.23643,-45406727484.37604,-58275684539.13437,-43643704651.24708,-39995945842.93352,-37110999152.78762,-1059194007.326806,21903017072.7105,38192956016.88059,4310327613.06486,-7511409933.831647,-39336167476.59314,NA
Anguilla,312,"Supplementary Items, Current Account, Net (Excluding Exceptional Financing), US Dollars",BCAXF_BP6_USD,Value,NA,NA,NA,NA,NA,NA,NA,NA,NA,NA,NA,NA,NA,NA,NA,NA,NA,NA,NA,NA,NA,NA,NA,NA,NA,NA,NA,NA,NA,NA,NA,NA,NA,NA,NA,NA,NA,NA,NA,NA,NA,NA,NA,NA,NA,NA,NA,NA,NA,NA,-8507407.407407407,-7492592.592592587,-16237037.03703704,-12611111.11111113,-11462962.96296297,-9555555.55555556,-20511111.11111111,-19007407.40740741,-19070370.37037036,-53018518.51851852,-71470549.47890598,-45315515.29377585,-37262652.21426364,-42362580.86018174,-71823779.13790669,-62097148.03803976,-126608754.2607357,-206303114.9329943,-221946022.6122888,-109112138.1962873,-68671020.82128043,-56211662.03994786,-86314408.38304459,-68480931.01208647,-78485302.59259254,-99195135.55555552,-81395539.25925927,-10295136.66666666,-215104932.5925927,-163365965.1851852,-93381718.88888891,-143031228.148148,-18200429.6296297,65566017.77777787,104333171.8518518,152774195.1851852
Namibia,728,"Supplementary Items, Current Account, Net (Excluding Exceptional Financing), US Dollars",BCAXF_BP6_USD,Value,NA,NA,NA,NA,NA,NA,NA,NA,NA,NA,NA,NA,NA,NA,NA,NA,NA,NA,NA,NA,NA,NA,NA,NA,NA,NA,NA,NA,NA,NA,NA,NA,NA,NA,NA,NA,NA,NA,NA,NA,NA,NA,NA,NA,NA,NA,NA,NA,NA,NA,27557463.72131972,105094855.1686422,49754311.06145173,110198432.4086826,85332922.78403087,175926398.195797,115761707.343689,90365335.07042322,161840450.4954143,-104890622.4451491,137720068.7946603,-30724203.56074536,51783436.26531621,204417662.0782729,384481852.8265965,263364587.0390898,1016985965.070271,693508360.3067573,-189117235.9815429,-316871031.9626602,-448391105.8320394,-857574271.8155617,-1119444471.864473,-992085210.3204268,-1172520468.155875,-1559479499.535841,-1768820879.844938,-570041927.1288167,-485919844.2461398,-221361686.6292318,414110634.8463802,-1337324888.617524,-1581879877.595692,-1879873208.810694,-1893734518.791402,NA
Djibouti,611,"Supplementary Items, Current Account, Net (Excluding Exceptional Financing), US Dollars",BCAXF_BP6_USD,Value,NA,NA,NA,NA,NA,NA,NA,NA,NA,NA,NA,NA,NA,NA,NA,NA,NA,NA,NA,NA,NA,NA,NA,NA,NA,NA,NA,NA,NA,NA,NA,NA,NA,NA,NA,NA,NA,NA,NA,NA,NA,NA,NA,NA,NA,NA,NA,NA,NA,NA,NA,102070098.6377524,70042369.78184915,111039213.1486994,80221245.66033277,77638545.81056827,68478120.19963878,53297021.73631709,43877763.46070515,69502197.26425122,33305011.78813989,68849488.80548729,69901699.8553913,79033991.48102924,3151006.352653911,20132679.87463498,-16565290.53966618,-171352850.8167295,-225386026.4121853,-71100207.62881134,50489250.00422002,-171842382.1608026,-147967882.2423912,-628690167.64078,530581858.7981756,714224636.3812888,-26058614.65941382,-132468779.0098067,428622508.1207231,563976063.6053144,366358434.1021141,-225105811.9186804,656206986.6213764,721348509.7074465,610123618.2816312,NA
Eritrea,643,"Supplementary Items, Current Account, Net (Excluding Exceptional Financing), US Dollars",BCAXF_BP6_USD,Value,NA,NA,NA,NA,NA,NA,NA,NA,NA,NA,NA,NA,NA,NA,NA,NA,NA,NA,NA,NA,NA,NA,NA,NA,NA,NA,NA,NA,NA,NA,NA,NA,NA,NA,NA,NA,NA,NA,NA,NA,NA,NA,NA,NA,NA,NA,NA,NA,NA,NA,NA,NA,187934302.99806,107205479.594321,123591032.859437,-31470548.1934116,-59750379.3989883,4963143.14421325,-292743488.895409,-208772373.340657,-104657012.457045,NA,NA,NA,NA,NA,NA,NA,NA,NA,NA,NA,NA,NA,NA,NA,NA,NA,NA,NA,NA,NA,NA,NA,NA,NA
Estonia,939,"Supplementary Items, Current Account, Net (Excluding Exceptional Financing), US Dollars",BCAXF_BP6_USD,Value,NA,NA,NA,NA,NA,NA,NA,NA,NA,NA,NA,NA,NA,NA,NA,NA,NA,NA,NA,NA,NA,NA,NA,NA,NA,NA,NA,NA,NA,NA,NA,NA,NA,NA,NA,NA,NA,NA,NA,NA,NA,NA,NA,NA,NA,NA,NA,NA,NA,NA,NA,NA,36229906.38398396,21631079.73708758,-166292388.9500338,-157805570.4723642,-398235485.9495803,-561729553.875176,-478433380.6399354,-294644154.2456814,-299009347.5201418,-324621263.9614756,-779341245.5797395,-1276110445.287889,-1455766532.574269,-1218079326.025795,-2549061127.144988,-3323095156.705273,-2156420060.559048,525705281.6250683,340437114.033768,304229670.3317196,-431766592.5497399,-33887588.6139978,140259108.4588029,341113899.0787458,244690814.7172517,466902083.4424323,176021223.6905164,640361435.029836,-868904605.4139255,-1406599921.63752,-1190199739.722816,-522118752.6466745,-542486563.5472652,NA
Cambodia,522,"Supplementary Items, Current Account, Net (Excluding Exceptional Financing), US Dollars",BCAXF_BP6_USD,Value,NA,NA,NA,NA,NA,NA,NA,NA,NA,NA,NA,NA,NA,NA,NA,NA,NA,NA,NA,NA,NA,NA,NA,NA,NA,NA,NA,NA,NA,NA,NA,NA,NA,NA,NA,NA,NA,NA,NA,NA,NA,NA,NA,NA,NA,NA,NA,NA,NA,NA,NA,NA,-93000000,-103922000,-156600000,-185700000,-184900000,-209900000,-173578728.9512159,-187558123.6950647,-136092729.0330254,-87877926.78630047,-107306836.8442837,-233437993.6733351,-182913053.5512484,-306993470.0262438,-233868557.2594961,-423329899.805646,-819975437.40799,-741414916.5600199,-980977704.3388468,-1025873249.21649,-1212670581.622977,-1295705055.03437,-1444104699.160998,-1598447753.500583,-1733542017.095415,-1807323271.668777,-2895566486.60118,-2934798883.177406,-348202154.7437974,-10892923222.48904,-7582000401.478539,552346250.5994053,228100876.7658746,NA
Latvia,941,"Supplementary Items, Current Account, Net (Excluding Exceptional Financing), US Dollars",BCAXF_BP6_USD,Value,NA,NA,NA,NA,NA,NA,NA,NA,NA,NA,NA,NA,NA,NA,NA,NA,NA,NA,NA,NA,NA,NA,NA,NA,NA,NA,NA,NA,NA,NA,NA,NA,NA,NA,NA,NA,NA,NA,NA,NA,NA,NA,NA,NA,NA,NA,NA,NA,NA,NA,NA,NA,191424010,416796000,201218000,-16164000,-279783000,-345041000,-649503000,-654300000,-291795230.7215787,-499039626.5092327,-521872509.8438315,-848073856.5469536,-1682291556.926401,-1986959673.007712,-4518026196.20389,-6425342746.496524,-4484939266.582683,2057415158.777654,414161305.0504927,-943496960.6195765,-1050621501.088708,-841196658.7847105,-462783729.8508606,-35474597.5753227,473034353.3305073,450586293.3746796,-128967844.3589571,-55222098.1601706,1034636330.043243,-1576991962.986961,-2083302893.384756,-1662890537.491101,-688972656.764096,NA
Slovenia,961,"Supplementary Items, Current Account, Net (Excluding Exceptional Financing), US Dollars",BCAXF_BP6_USD,Value,NA,NA,NA,NA,NA,NA,NA,NA,NA,NA,NA,NA,NA,NA,NA,NA,NA,NA,NA,NA,NA,NA,NA,NA,NA,NA,NA,NA,NA,NA,NA,NA,NA,NA,NA,NA,NA,NA,NA,NA,NA,NA,NA,NA,NA,NA,NA,NA,NA,NA,NA,NA,978300000,191000000,574000000,-74900000,55300000,50500000,-118200000,-697100000,-547500000,31300000,243800000,-215700000,-892500000,-680500000,-695267588.9896204,-2014619534.784113,-2946461717.472359,-514402244.246032,-327967857.943575,-395362875.739255,647882549.054035,1683245954.237216,2638061265.581137,1758963087.228131,2343967976.897684,3284334954.981807,3500881096.652728,3478757683.9594,4096722903.725882,2072567464.916333,-617373753.491702,3092653383.627897,3320860282.207633,NA
Armenia,911,"Supplementary Items, Current Account, Net (Excluding Exceptional Financing), US Dollars",BCAXF_BP6_USD,Value,NA,NA,NA,NA,NA,NA,NA,NA,NA,NA,NA,NA,NA,NA,NA,NA,NA,NA,NA,NA,NA,NA,NA,NA,NA,NA,NA,NA,NA,NA,NA,NA,NA,NA,NA,NA,NA,NA,NA,NA,NA,NA,NA,NA,NA,NA,NA,NA,NA,NA,NA,NA,NA,-67730000,-103779999.9999999,-220677007,-322209052.9829926,-335738764.9864475,-416148343.9027938,-312542932.8529664,-301667882.5355202,-221164164.287385,-147810525.5881023,-173510013.1141812,-78841446.2541792,-123899753.8980098,-152931434.4523694,-677270882.3780129,-1658884233.708081,-1425501011.330324,-1261431337.931286,-1058869760.232953,-1057931944.578626,-813673760.481535,-901811470.8535151,-280909482.6925503,-100882015.7738945,-145329440.8570934,-900475279.6472557,-961095046.7308195,-505386527.3215398,-471368566.9362659,143983780.13562,-670016027.867707,-1194505095.198672,NA
Belarus,913,"Supplementary Items, Current Account, Net (Excluding Exceptional Financing), US Dollars",BCAXF_BP6_USD,Value,NA,NA,NA,NA,NA,NA,NA,NA,NA,NA,NA,NA,NA,NA,NA,NA,NA,NA,NA,NA,NA,NA,NA,NA,NA,NA,NA,NA,NA,NA,NA,NA,NA,NA,NA,NA,NA,NA,NA,NA,NA,NA,NA,NA,NA,NA,NA,NA,NA,NA,NA,NA,NA,-435000000,-443800000,-458300000,-515900000,-859200000,-1016500000,-193700000,-459100000,-528800000,-325700000,-456100000,-1191900000,458600000,-1387900000,-3012500000,-4958600000,-6132600000,-8280200000,-5052500000,-1862200000.00001,-7567300000,-5227700000,-1831100000,-1611800000,-952400000,22900000,-1245800000,-178400000,2137066958.49,2627707123.91,-1019796253.57,-1944575192.54,NA
Czech Republic,935,"Supplementary Items, Current Account, Net (Excluding Exceptional Financing), US Dollars",BCAXF_BP6_USD,Value,NA,NA,NA,NA,NA,NA,NA,NA,NA,NA,NA,NA,NA,NA,NA,NA,NA,NA,NA,NA,NA,NA,NA,NA,NA,NA,NA,NA,NA,NA,NA,NA,NA,NA,NA,NA,NA,NA,NA,NA,NA,NA,NA,NA,NA,NA,NA,NA,NA,NA,NA,NA,NA,466333364.6318267,-819875392.2699289,-1373523087.20907,-4127553020.167643,-3621726040.443447,-1308286938.648214,-1465751162.910633,-2689755313.839035,-3272573493.814918,-4264835726.290317,-5785485093.446668,-4457253401.345861,-2809790841.914981,-3996129300.42145,-8945626296.472782,-4407893993.019752,-4869762305.077112,-7351206784.985784,-5019999945.934869,-3158497435.683464,-1105839797.873039,457715173.062053,845257273.788184,3462478908.137701,2997652486.38052,1138745742.863695,914732478.377823,4482852862.456082,-5953912423.633085,-13644233573.79243,-432729301.920981,6047045061.668823,NA
Croatia,960,"Supplementary Items, Current Account, Net (Excluding Exceptional Financing), US Dollars",BCAXF_BP6_USD,Value,NA,NA,NA,NA,NA,NA,NA,NA,NA,NA,NA,NA,NA,NA,NA,NA,NA,NA,NA,NA,NA,NA,NA,NA,NA,NA,NA,NA,NA,NA,NA,NA,NA,NA,NA,NA,NA,NA,NA,NA,NA,NA,NA,NA,NA,NA,NA,NA,NA,NA,NA,NA,NA,694283341.4263484,770534186.1776041,-1441887231.032727,-1091425766.609637,-2499582650.256206,-1369291314.808881,-1502446735.413746,-337913270.705213,-516556690.1202837,-1661864298.839844,-3209656734.802653,-2572358887.117725,-3392119201.496894,-3909914834.831567,-4752399585.761314,-7482784079.443731,-4085767863.615234,-1485625380.990485,-1045972767.322918,-207948375.1976512,-514114200.968055,236010254.30863,1438380425.788669,1294476990.372944,2276796520.641685,749236610.640859,1621270808.333278,-459451528.693761,553835085.20931,-2620680551.001122,633806224.129759,-1929631527.056126,NA
Kyrgyz Republic,917,"Supplementary Items, Current Account, Net (Excluding Exceptional Financing), US Dollars",BCAXF_BP6_USD,Value,NA,NA,NA,NA,NA,NA,NA,NA,NA,NA,NA,NA,NA,NA,NA,NA,NA,NA,NA,NA,NA,NA,NA,NA,NA,NA,NA,NA,NA,NA,NA,NA,NA,NA,NA,NA,NA,NA,NA,NA,NA,NA,NA,NA,NA,NA,NA,NA,NA,NA,NA,NA,NA,-87594000,-83974000,-234717000,-424755000,-138515000,-412469042.405079,-251747439.24666,-122888829.904309,-51644652.9284121,-59892246.9333375,-60483458.3950648,3701582.48506545,-62071759.1496047,-303212221.192981,-261956452.631771,-713239578.2414,-202340394.284976,-474562170.60121,-477060803.448516,-1025463795.85853,-1010431639.03444,-1301273206.34081,-1052430545.33284,-792242626.367783,-535561906.018099,-961727512.982349,-1066833462.89017,374257005.632524,-737695886.572614,-5179629537.21371,NA,NA,NA
Lithuania,946,"Supplementary Items, Current Account, Net (Excluding Exceptional Financing), US Dollars",BCAXF_BP6_USD,Value,NA,NA,NA,NA,NA,NA,NA,NA,NA,NA,NA,NA,NA,NA,NA,NA,NA,NA,NA,NA,NA,NA,NA,NA,NA,NA,NA,NA,NA,NA,NA,NA,NA,NA,NA,NA,NA,NA,NA,NA,NA,NA,NA,NA,NA,NA,NA,NA,NA,NA,NA,NA,NA,-85706585.7947166,-93994052.6719511,-614365000,-722610000,-981337500,-1298212500,-1194080000,-674897500,-573575000,-720695986.2466313,-1278352880.788044,-1769568094.06096,-1915412734.568727,-3217542329.461203,-6096360249.847442,-6498634897.238966,841609176.066511,72541713.08803,-1592231924.666865,-686270648.332063,790596044.368217,1713455514.192351,-1045775084.772985,-435985080.4994902,519102953.2660565,168209896.36692,2060203713.080602,4147848145.508554,985050876.493495,-4322393326.429394,878388495.216553,2771559347.891672,NA
Slovak Republic,936,"Supplementary Items, Current Account, Net (Excluding Exceptional Financing), US Dollars",BCAXF_BP6_USD,Value,NA,NA,NA,NA,NA,NA,NA,NA,NA,NA,NA,NA,NA,NA,NA,NA,NA,NA,NA,NA,NA,NA,NA,NA,NA,NA,NA,NA,NA,NA,NA,NA,NA,NA,NA,NA,NA,NA,NA,NA,NA,NA,NA,NA,NA,NA,NA,NA,NA,NA,NA,NA,NA,-579688780.962889,670588295.6724153,390042186.4699002,-2090418276.283679,-1961267455.660619,-2126446990.331853,-1155087877.953921,-694258356.3351529,-1742435398.7939081,-1954963121.238896,-281938471.1483606,-4359155931.437582,-5125149925.660215,-5452493353.669337,-4632972314.592077,-6270398055.901012,-3020735524.261164,-4209659224.842568,-4909247747.21443,889408167.3697,2885314554.540791,1806635878.311503,-1829083836.458521,-1280601956.890058,-1648979293.623277,-1697924041.118421,-3717851123.769931,-470867052.916945,-5775908047.885391,-11126467460.71434,-4032065480.771991,-6503079358.068134,NA
Moldova,921,"Supplementary Items, Current Account, Net (Excluding Exceptional Financing), US Dollars",BCAXF_BP6_USD,Value,NA,NA,NA,NA,NA,NA,NA,NA,NA,NA,NA,NA,NA,NA,NA,NA,NA,NA,NA,NA,NA,NA,NA,NA,NA,NA,NA,NA,NA,NA,NA,NA,NA,NA,NA,NA,NA,NA,NA,NA,NA,NA,NA,NA,NA,NA,NA,NA,NA,NA,NA,NA,NA,NA,-82026000,-87750000,-194760000,-274890000,-334710000,-78580000,-108390000,-37030000,-25290000,-130300000,-47080000,-247740000,-391110000,-723320000,-1037490000,-485190000,-533938750.356667,-879283937.836667,-682830000,-490310000,-568300000,-462840000,-288420000,-598610000,-1211870000,-1116860000,-900440000,-1699100000,-2497660000,-1848541849.96,-3012700135.55,NA
Russia,922,"Supplementary Items, Current Account, Net (Excluding Exceptional Financing), US Dollars",BCAXF_BP6_USD,Value,NA,NA,NA,NA,NA,NA,NA,NA,NA,NA,NA,NA,NA,NA,NA,NA,NA,NA,NA,NA,NA,NA,NA,NA,NA,NA,NA,NA,NA,NA,NA,NA,NA,NA,NA,NA,NA,NA,NA,NA,NA,NA,NA,NA,NA,NA,NA,NA,NA,NA,NA,NA,NA,NA,8941890000,7437910000,10102530000,-835270000,71060000,22855420000,45382390000,32053820000,27472960000,33128090000,58559850000,84388730000,92315550000,72193000000,103935410000,50383660000,67452200000,97273920000,71282210000,33428200000,57512760000,67777180000,24468810000,32178630000,115679870000,65627250000,35372690000,124953030000,237734771339.1413,49396450000,62574820000,NA
Ukraine,926,"Supplementary Items, Current Account, Net (Excluding Exceptional Financing), US Dollars",BCAXF_BP6_USD,Value,NA,NA,NA,NA,NA,NA,NA,NA,NA,NA,NA,NA,NA,NA,NA,NA,NA,NA,NA,NA,NA,NA,NA,NA,NA,NA,NA,NA,NA,NA,NA,NA,NA,NA,NA,NA,NA,NA,NA,NA,NA,NA,NA,NA,NA,NA,NA,NA,NA,NA,NA,NA,NA,NA,-1163000000,-1152000000,-1184000000,-1335000000,-1296000000,1658000000,1342000000,1324000000,3180000000,2901000000,6911000000,2534000000,-1619000000,-5251000000,-12781000000,-1736000000,-3016000000,-10233000000,-14335000000,-16518000000,-4596000000,5035000000,-1866000000,-3473000000,-6432000000,-4124000000,4248000000,-5457000000,7326000000,-9341000000,-15191000000,NA
Azerbaijan,912,"Supplementary Items, Current Account, Net (Excluding Exceptional Financing), US Dollars",BCAXF_BP6_USD,Value,NA,NA,NA,NA,NA,NA,NA,NA,NA,NA,NA,NA,NA,NA,NA,NA,NA,NA,NA,NA,NA,NA,NA,NA,NA,NA,NA,NA,NA,NA,NA,NA,NA,NA,NA,NA,NA,NA,NA,NA,NA,NA,NA,NA,NA,NA,NA,NA,NA,NA,NA,NA,NA,NA,NA,-400650000,-931182000,-915755000,-1364521000,-599703000,-167773000,-51755000,-768373000,-2020854000,-2589213000,167315000,3707605000,9018885000,16452805000,10174876000,15040436000,17144935000,14975987000,12231737000,10208803000,-222495000,-1363404000,1684559000,5974981030.41765,4193353386.000292,-316301456.700004,8202978327.4647,23478081000,8329368000,4671108000,NA
Kazakhstan,916,"Supplementary Items, Current Account, Net (Excluding Exceptional Financing), US Dollars",BCAXF_BP6_USD,Value,NA,NA,NA,NA,NA,NA,NA,NA,NA,NA,NA,NA,NA,NA,NA,NA,NA,NA,NA,NA,NA,NA,NA,NA,NA,NA,NA,NA,NA,NA,NA,NA,NA,NA,NA,NA,NA,NA,NA,NA,NA,NA,NA,NA,NA,NA,NA,NA,NA,NA,NA,NA,NA,NA,NA,-213100000,-751000000,-799300000,-1224900000,-171000000,366309483.565948,-1389516439.988901,-1024341043.790789,-272631279.57308197,335427745.436052,358429714.586328,-822743806.832476,-4766679805.240921,1287474132.357535,-134293669.362957,2678134192.527707,14067537748.79253,2628600683.718455,4527218285.453074,-2852660444.785324,-9979526910.938856,-6964562246.292541,-3426686675.194675,-1765748482.729973,-7027653497.393167,-11055035521.72322,-2679458682.644711,6436402618.022367,-9315469691.038588,-7935495077.671703,NA
Japan,158,"Supplementary Items, Current Account, Net (Excluding Exceptional Financing), US Dollars",BCAXF_BP6_USD,Value,NA,NA,NA,NA,NA,NA,NA,NA,NA,NA,NA,NA,NA,NA,NA,NA,NA,NA,NA,NA,NA,NA,NA,NA,NA,NA,NA,NA,NA,NA,NA,NA,NA,NA,NA,NA,NA,NA,NA,NA,NA,NA,NA,NA,NA,NA,NA,NA,NA,NA,NA,NA,NA,NA,NA,NA,68994126647.29523,95455879688.36176,114685034700.8458,114126431432.2971,130690474028.4879,86219920754.32854,108861295892.0174,139380520054.0835,181993749574.6393,170122750083.9484,174672769353.0911,211735646402.3003,142115935666.0666,145677709652.3372,220887986144.0542,129596684408.6327,60116999697.11143,46378535980.11065,36351469239.96878,136471801667.0154,197049392532.1819,203168727082.3952,177268535276.425,176609997619.6963,150028926280.7312,196525067468.8421,90209904940.91487,156962544064.0814,189754826535.8792,NA
"Macedonia, FYR",962,"Supplementary Items, Current Account, Net (Excluding Exceptional Financing), US Dollars",BCAXF_BP6_USD,Value,NA,NA,NA,NA,NA,NA,NA,NA,NA,NA,NA,NA,NA,NA,NA,NA,NA,NA,NA,NA,NA,NA,NA,NA,NA,NA,NA,NA,NA,NA,NA,NA,NA,NA,NA,NA,NA,NA,NA,NA,NA,NA,NA,NA,NA,NA,NA,NA,NA,NA,NA,NA,NA,NA,NA,NA,-288140000,-275490000,-280099750.138053,-65564114.0691276,-103114776.9141238,-235352063.8056512,-378756588.6577549,-185503858.6329817,-451606092.6915805,-159302403.7807038,-28548236.1418428,-605747645.9666812,-1235795872.95254,-609565439.9910454,-198294923.284857,-261701938.5633263,-319136280.944195,-177155057.3528603,-54733524.4013355,-172327422.7144998,-284303767.0563731,-66292734.5249231,18171462.756848,-376486924.3025443,-360443556.5995736,-374849512.258475,-868964912.6810001,50353525.7539173,-356019873.0526279,NA
Vietnam,582,"Supplementary Items, Current Account, Net (Excluding Exceptional Financing), US Dollars",BCAXF_BP6_USD,Value,NA,NA,NA,NA,NA,NA,NA,NA,NA,NA,NA,NA,NA,NA,NA,NA,NA,NA,NA,NA,NA,NA,NA,NA,NA,NA,NA,NA,NA,NA,NA,NA,NA,NA,NA,NA,NA,NA,NA,NA,NA,NA,NA,NA,NA,NA,NA,NA,NA,NA,NA,NA,NA,NA,NA,NA,-2020000000,-1528000000,-1074000000,1177000000,1106000000,682000000,-604000000,-1931000000,-957000000,-560189000.00001,-163741800,-6953100000,-10823000000,-6608000000,-4276000000,236000000,9429000000,7745000000,9359000000,-2041000000,625000000,-1649000000,5899353000,13101247000,15060000000,-4628000000,1402000000,25793000000,30175000000,NA
Georgia,915,"Supplementary Items, Current Account, Net (Excluding Exceptional Financing), US Dollars",BCAXF_BP6_USD,Value,NA,NA,NA,NA,NA,NA,NA,NA,NA,NA,NA,NA,NA,NA,NA,NA,NA,NA,NA,NA,NA,NA,NA,NA,NA,NA,NA,NA,NA,NA,NA,NA,NA,NA,NA,NA,NA,NA,NA,NA,NA,NA,NA,NA,NA,NA,NA,NA,NA,NA,NA,NA,NA,NA,NA,NA,NA,-514200000,-275700000,-198400000,-247679440.855,-241049908.156,-240663219.168,-390261835.729,-432520112.518,-757608763.385,-1272670148.377,-2104957717.029,-3133381740.336,-1249683858.219,-1330566108.909,-1962602540.67,-1944465929.77,-1027343292.365,-1860458955.83,-1869508414.1,-1973813641.98,-1423116544.56,-1264826038.89,-1111150274.72,-2168999707.73,-2037274629.84,-715659236.21,-1767580362.2,-1850628596.08,NA
Bosnia and Herzegovina,963,"Supplementary Items, Current Account, Net (Excluding Exceptional Financing), US Dollars",BCAXF_BP6_USD,Value,NA,NA,NA,NA,NA,NA,NA,NA,NA,NA,NA,NA,NA,NA,NA,NA,NA,NA,NA,NA,NA,NA,NA,NA,NA,NA,NA,NA,NA,NA,NA,NA,NA,NA,NA,NA,NA,NA,NA,NA,NA,NA,NA,NA,NA,NA,NA,NA,NA,NA,NA,NA,NA,NA,NA,NA,NA,NA,-345110797.3251982,-501327188.2693536,-395690107.5907465,-742835136.5869399,-1190656336.089459,-1631046469.804191,-1639327352.22513,-1844398185.904097,-998104071.9652281,-1450133147.390965,-2643834901.200708,-1135255484.930217,-1030658645.30525,-1767324081.462045,-1485969668.541163,-968193561.1386111,-1364226227.261169,-826025436.5363966,-804268044.2770562,-875777450.9981741,-661764108.2647249,-531916721.8172778,-574322073.7319552,-348596470.4301967,-1077252126.213773,-589144739.7103008,-1027731963.597608,NA
Faroe Islands,816,"Supplementary Items, Current Account, Net (Excluding Exceptional Financing), US Dollars",BCAXF_BP6_USD,Value,NA,NA,NA,NA,NA,NA,NA,NA,NA,NA,NA,NA,NA,NA,NA,NA,NA,NA,NA,NA,NA,NA,NA,NA,NA,NA,NA,NA,NA,NA,NA,NA,NA,NA,NA,NA,NA,NA,NA,NA,NA,NA,NA,NA,NA,NA,NA,NA,NA,NA,NA,NA,NA,NA,NA,NA,NA,NA,223970000,176080000,99190000,146200000,125740000,-6560000,129705661.1704387,31181073.21276,21240459.5954716,-80569602.5374903,-30578904.3102566,-24635504.8574939,144276278.6458503,194304400.8863166,NA,NA,NA,NA,NA,NA,NA,NA,NA,NA,NA,NA,NA,NA
Hong Kong SAR,532,"Supplementary Items, Current Account, Net (Excluding Exceptional Financing), US Dollars",BCAXF_BP6_USD,Value,NA,NA,NA,NA,NA,NA,NA,NA,NA,NA,NA,NA,NA,NA,NA,NA,NA,NA,NA,NA,NA,NA,NA,NA,NA,NA,NA,NA,NA,NA,NA,NA,NA,NA,NA,NA,NA,NA,NA,NA,NA,NA,NA,NA,NA,NA,NA,NA,NA,NA,NA,NA,NA,NA,NA,NA,NA,NA,2869469788.259574,10665112653.61681,7544767598.462013,10391911095.2419,13128959284.79684,17408502342.9697,16821989270.48747,21574645462.33109,24555363102.01831,27554758333.30589,32872182565.71033,21155865359.2811,16012318978.01135,13808454825.5544,4147207783.165675,4190809936.139752,4057284116.81577,10263933271.97547,12688001587.39184,15621074373.1758,13514401832.6266,21252998228.34244,24125486695.40944,43658685113.17083,36524713853.03038,32337856425.3407,54469852931.43135,NA
Luxembourg,137,"Supplementary Items, Current Account, Net (Excluding Exceptional Financing), US Dollars",BCAXF_BP6_USD,Value,NA,NA,NA,NA,NA,NA,NA,NA,NA,NA,NA,NA,NA,NA,NA,NA,NA,NA,NA,NA,NA,NA,NA,NA,NA,NA,NA,NA,NA,NA,NA,NA,NA,NA,NA,NA,NA,NA,NA,NA,NA,NA,NA,NA,NA,NA,NA,NA,NA,NA,NA,NA,NA,NA,NA,NA,NA,NA,NA,1649602576.710655,2562078600.467491,1674431276.424415,1689256199.558109,2147825362.733459,2526364153.932879,2609122300.377372,2852083098.100634,3377506569.872252,3659318722.846419,3004526403.626662,3268451960.548486,3473214202.624273,3141502982.564313,3392884122.865045,3391095714.44139,3376861230.391434,4613488256.895873,4061232401.84242,5914262206.51647,6023528568.396,3591535720.07416,4312311036.13512,4413435703.50173,6083758087.79967,4100017521.53031,NA
New Zealand,196,"Supplementary Items, Current Account, Net (Excluding Exceptional Financing), US Dollars",BCAXF_BP6_USD,Value,NA,NA,NA,NA,NA,NA,NA,NA,NA,NA,NA,NA,NA,NA,NA,NA,NA,NA,NA,NA,NA,NA,NA,NA,NA,NA,NA,NA,NA,NA,NA,NA,NA,NA,NA,NA,NA,NA,NA,NA,NA,NA,NA,NA,NA,NA,NA,NA,NA,NA,NA,NA,NA,NA,NA,NA,NA,NA,NA,NA,-1738137379.046316,-417853423.5319694,-1394636775.168478,-2123900213.678418,-4685887018.607636,-8025119942.015269,-7879726088.239732,-9323365195.529251,-10263674637.89129,-3009467942.237263,-3430052103.706067,-4822842307.095155,-6886506348.80005,-5835220508.739167,-6219727178.576492,-4664121505.878158,-4071608559.401883,-6033678481.047046,-8816508633.915924,-6010990931.148335,-2309463943.706302,-14333507065.07577,-21856072268.25012,-15767141094.17504,-12106691427.63535,NA
Brunei Darussalam,516,"Supplementary Items, Current Account, Net (Excluding Exceptional Financing), US Dollars",BCAXF_BP6_USD,Value,NA,NA,NA,NA,NA,NA,NA,NA,NA,NA,NA,NA,NA,NA,NA,NA,NA,NA,NA,NA,NA,NA,NA,NA,NA,NA,NA,NA,NA,NA,NA,NA,NA,NA,NA,NA,NA,NA,NA,NA,NA,NA,NA,NA,NA,NA,NA,NA,NA,NA,NA,NA,NA,NA,NA,NA,NA,NA,NA,NA,NA,1951316867.872078,1755703211.928751,2484083056.199478,2882181878.800462,4032630648.983261,5229408432.087857,4828377151.616449,6938901523.910544,3977383595.392464,5016203728.47402,6430078160.74036,5683735282.521606,3778236925.051654,5250593999.715047,2156649811.858686,1469939557.954855,1984437361.824701,939946758.0090042,893758524.3779786,513713114.5822425,1560112996.141157,3255600191.940251,1943641616.703903,2229654630.442826,NA
Tuvalu,869,"Supplementary Items, Current Account, Net (Excluding Exceptional Financing), US Dollars",BCAXF_BP6_USD,Value,NA,NA,NA,NA,NA,NA,NA,NA,NA,NA,NA,NA,NA,NA,NA,NA,NA,NA,NA,NA,NA,NA,NA,NA,NA,NA,NA,NA,NA,NA,NA,NA,NA,NA,NA,NA,NA,NA,NA,NA,NA,NA,NA,NA,NA,NA,NA,NA,NA,NA,NA,NA,NA,NA,NA,NA,NA,NA,NA,NA,NA,-7807706.526916146,24993.0386198932,-6289347.94635256,-7060867.30620301,-4277782.774531232,6549253.461495697,-4364217.462979287,-3708563.571431367,-16906760.37509245,-14013751.29918697,-23862227.54028144,6428378.358593302,1099093.305620768,-186012.033216091,-12368469.91300238,12340769.74352495,938530.016268868,29252058.75676302,-12001475.31152908,8460423.9251784,17410178.49865424,-146890.597098815,20210562.36261673,NA,NA
Belgium,124,"Supplementary Items, Current Account, Net (Excluding Exceptional Financing), US Dollars",BCAXF_BP6_USD,Value,NA,NA,NA,NA,NA,NA,NA,NA,NA,NA,NA,NA,NA,NA,NA,NA,NA,NA,NA,NA,NA,NA,NA,NA,NA,NA,NA,NA,NA,NA,NA,NA,NA,NA,NA,NA,NA,NA,NA,NA,NA,NA,NA,NA,NA,NA,NA,NA,NA,NA,NA,NA,NA,NA,NA,NA,NA,NA,NA,NA,NA,NA,11622181453.11754,10806024030.87286,11434413829.76162,7700999844.66517,7553988245.75279,7043546782.48602,-4296980293.60307,8774620386.25678,7339285871.14017,-10167544878.01003,-414898032.56215,5078958677.15809,4044161109.58646,6363243452.05945,2644656963.91433,3520480981.68737,-4742007199.50538,659566575.45989,4786935111.46203,11186984027.41676,-10762560226.85324,1188421336.18112,-2544138421.50094,NA
Lebanon,446,"Supplementary Items, Current Account, Net (Excluding Exceptional Financing), US Dollars",BCAXF_BP6_USD,Value,NA,NA,NA,NA,NA,NA,NA,NA,NA,NA,NA,NA,NA,NA,NA,NA,NA,NA,NA,NA,NA,NA,NA,NA,NA,NA,NA,NA,NA,NA,NA,NA,NA,NA,NA,NA,NA,NA,NA,NA,NA,NA,NA,NA,NA,NA,NA,NA,NA,NA,NA,NA,NA,NA,NA,NA,NA,NA,NA,NA,NA,NA,-4540835503.39986,-5138387089.2924,-4405595914.46834,-2748000878.08282,-1220902728.16247,-1604778255.85431,-4102657996.04925,-6740936422.36543,-7552051024.23639,-5523546173.5031,-10316751671.44,-11959785595.38,-12615309905.39,-8541780208.32,-10473958020.7,-12133902089.2992,-13366895810.8718,-11264596490.4797,-2778566572.15317,-4556486559.34927,-7264685215.36824,-5642829132.73832,NA,NA
Macao SAR,546,"Supplementary Items, Current Account, Net (Excluding Exceptional Financing), US Dollars",BCAXF_BP6_USD,Value,NA,NA,NA,NA,NA,NA,NA,NA,NA,NA,NA,NA,NA,NA,NA,NA,NA,NA,NA,NA,NA,NA,NA,NA,NA,NA,NA,NA,NA,NA,NA,NA,NA,NA,NA,NA,NA,NA,NA,NA,NA,NA,NA,NA,NA,NA,NA,NA,NA,NA,NA,NA,NA,NA,NA,NA,NA,NA,NA,NA,NA,NA,2324191735.475498,2524835291.280056,3507498448.530188,2876302374.977638,2215148786.228239,3998678846.060269,3272183735.953907,5948507653.815012,10993981708.3542,14881604779.06384,16775873161.97782,20277739438.32789,17962739447.30954,10314028331.55059,11751074443.93458,15274602957.04921,17859088348.72775,18028288802.71042,3295688739.0084972,2061417094.083723,2986079250.57836,13361125569.20636,16687212194.33544,NA
French Territories: New Caledonia,839,"Supplementary Items, Current Account, Net (Excluding Exceptional Financing), US Dollars",BCAXF_BP6_USD,Value,NA,NA,NA,NA,NA,NA,NA,NA,NA,NA,NA,NA,NA,NA,NA,NA,NA,NA,NA,NA,NA,NA,NA,NA,NA,NA,NA,NA,NA,NA,NA,NA,NA,NA,NA,NA,NA,NA,NA,NA,NA,NA,NA,NA,NA,NA,NA,NA,NA,NA,NA,NA,NA,NA,NA,NA,NA,NA,NA,NA,NA,NA,-107219388.857815,-37160002.2822232,256540789.753188,-112453008.71599,-413798351.331623,-293993593.860446,-1418710988.84543,-823625797.173826,-1359876977.77878,-1391622244.76665,-1933761486.83443,-1803595722.1867099,-1300471987.54697,-1119379998.06246,-654237057.443699,NA,NA,NA,NA,NA,NA,NA,NA,NA
French Territories: French Polynesia,887,"Supplementary Items, Current Account, Net (Excluding Exceptional Financing), US Dollars",BCAXF_BP6_USD,Value,NA,NA,NA,NA,NA,NA,NA,NA,NA,NA,NA,NA,NA,NA,NA,NA,NA,NA,NA,NA,NA,NA,NA,NA,NA,NA,NA,NA,NA,NA,NA,NA,NA,NA,NA,NA,NA,NA,NA,NA,NA,NA,NA,NA,NA,NA,NA,NA,NA,NA,NA,NA,NA,NA,NA,NA,NA,NA,NA,NA,NA,NA,6064855.46389517,-119216550.971602,185795673.974161,8734227.85538453,159797090.215717,271365381.527696,-430758777.366183,-170960306.169235,-17919454.708657,175362655.915472,78129193.2912112,197454590.247848,264320371.628015,291181532.225921,411963009.208849,NA,NA,NA,NA,NA,NA,NA,NA,NA
Tajikistan,923,"Supplementary Items, Current Account, Net (Excluding Exceptional Financing), US Dollars",BCAXF_BP6_USD,Value,NA,NA,NA,NA,NA,NA,NA,NA,NA,NA,NA,NA,NA,NA,NA,NA,NA,NA,NA,NA,NA,NA,NA,NA,NA,NA,NA,NA,NA,NA,NA,NA,NA,NA,NA,NA,NA,NA,NA,NA,NA,NA,NA,NA,NA,NA,NA,NA,NA,NA,NA,NA,NA,NA,NA,NA,NA,NA,NA,NA,NA,NA,-15133800,-4763700,-57042100,-296209464.4196004,-372411193.795,-1193828244.855,-1058781537.045,-717468862.374,-581078616.953096,-413318277.224533,-681397759.322983,-884792160.855282,-316454568.738757,-477074550.7965953,-365867785.9425298,158969310.9504757,-379682492.0269885,-185294843.9277179,353760791.2954747,735525846.4518692,1634601475.495968,584022453.5080899,887016211.26654,NA
Kosovo,967,"Supplementary Items, Current Account, Net (Excluding Exceptional Financing), US Dollars",BCAXF_BP6_USD,Value,NA,NA,NA,NA,NA,NA,NA,NA,NA,NA,NA,NA,NA,NA,NA,NA,NA,NA,NA,NA,NA,NA,NA,NA,NA,NA,NA,NA,NA,NA,NA,NA,NA,NA,NA,NA,NA,NA,NA,NA,NA,NA,NA,NA,NA,NA,NA,NA,NA,NA,NA,NA,NA,NA,NA,NA,NA,NA,NA,NA,NA,NA,NA,NA,-259006652.6798751,-307856739.0418073,-283847633.5981318,-293172296.2313853,-677923535.3217405,-522387686.556685,-677508208.759541,-845469987.3775315,-379707017.5527752,-241164649.6089568,-501611181.1166523,-547387862.5978318,-530232049.607692,-377958224.9856892,-600498295.7784061,-447233075.832754,-541106312.8996145,-818350534.7338753,-881594679.8314496,-752137418.0254782,-932481356.0102401,NA
Austria,122,"Supplementary Items, Current Account, Net (Excluding Exceptional Financing), US Dollars",BCAXF_BP6_USD,Value,NA,NA,NA,NA,NA,NA,NA,NA,NA,NA,NA,NA,NA,NA,NA,NA,NA,NA,NA,NA,NA,NA,NA,NA,NA,NA,NA,NA,NA,NA,NA,NA,NA,NA,NA,NA,NA,NA,NA,NA,NA,NA,NA,NA,NA,NA,NA,NA,NA,NA,NA,NA,NA,NA,NA,NA,NA,NA,NA,NA,NA,NA,NA,NA,NA,6232945526.755124,10992538711.00445,14749154537.77365,19297554798.39644,10305202739.23533,11473814052.38082,6800388685.409977,6140698104.841862,7477891169.70688,10150614366.05673,6030663798.032709,10119195501.01738,5165810902.023932,4107921185.4763,10561755738.96086,14560642213.41934,8245537181.52978,-3912533677.73285,6782716024.91772,8185944325.57711,NA
Burkina Faso,748,"Supplementary Items, Current Account, Net (Excluding Exceptional Financing), US Dollars",BCAXF_BP6_USD,Value,NA,NA,NA,NA,NA,NA,NA,NA,NA,NA,NA,NA,NA,NA,NA,NA,NA,NA,NA,NA,NA,NA,NA,NA,NA,NA,NA,NA,NA,NA,NA,NA,NA,NA,NA,NA,NA,NA,NA,NA,NA,NA,NA,NA,NA,NA,NA,NA,NA,NA,NA,NA,NA,NA,NA,NA,NA,NA,NA,NA,NA,NA,NA,NA,NA,-818913516.7627978,-721226107.6887292,-852282202.9725964,-1253062663.861257,-769506827.0969464,-549242424.0714986,-160392828.487697,-162293548.7410962,-1345544009.158472,-998954284.1309462,-895400077.1743383,-780222104.2924628,-896284716.175945,-664796659.3663297,-523837226.2948331,743231869.8704046,77255403.9972043,-1646761309.550615,-1017189768.875677,NA,NA
Côte d'Ivoire,662,"Supplementary Items, Current Account, Net (Excluding Exceptional Financing), US Dollars",BCAXF_BP6_USD,Value,NA,NA,NA,NA,NA,NA,NA,NA,NA,NA,NA,NA,NA,NA,NA,NA,NA,NA,NA,NA,NA,NA,NA,NA,NA,NA,NA,NA,NA,NA,NA,NA,NA,NA,NA,NA,NA,NA,NA,NA,NA,NA,NA,NA,NA,NA,NA,NA,NA,NA,NA,NA,NA,NA,NA,NA,NA,NA,NA,NA,NA,NA,NA,NA,NA,39690446.8140354,479390726.7666122,-139224344.5678517,453391411.4166619,1624099251.533428,464985734.7190476,2666211854.507302,-320534296.1134925,-632903985.2117785,510714255.8003903,-201372902.1100218,-414272956.1782709,-1049091688.734149,-2284501507.150102,-1348827419.869182,-1974306752.685478,-2874116508.896454,-5393827498.95119,-6502843240.898624,-3892313520.54065,NA
"Congo, Democratic Republic of the",636,"Supplementary Items, Current Account, Net (Excluding Exceptional Financing), US Dollars",BCAXF_BP6_USD,Value,NA,NA,NA,NA,NA,NA,NA,NA,NA,NA,NA,NA,NA,NA,NA,NA,NA,NA,NA,NA,NA,NA,NA,NA,NA,NA,NA,NA,NA,NA,NA,NA,NA,NA,NA,NA,NA,NA,NA,NA,NA,NA,NA,NA,NA,NA,NA,NA,NA,NA,NA,NA,NA,NA,NA,NA,NA,NA,NA,NA,NA,NA,NA,NA,NA,-388600000,47800000,527000000,-151000000,-1123100000,-2173500000,-1280602281.098005,-1260461518.194248,-3108803235.915507,-1722614687.421868,-1483759412.354123,-1504159532.383871,-1241424115.7233,-1672321586.887527,-1693232060.974313,-1052131625.766623,-587406970.435523,-3148079378.603774,-3882715615.580329,-2719446524.383757,NA
Ireland,178,"Supplementary Items, Current Account, Net (Excluding Exceptional Financing), US Dollars",BCAXF_BP6_USD,Value,NA,NA,NA,NA,NA,NA,NA,NA,NA,NA,NA,NA,NA,NA,NA,NA,NA,NA,NA,NA,NA,NA,NA,NA,NA,NA,NA,NA,NA,NA,NA,NA,NA,NA,NA,NA,NA,NA,NA,NA,NA,NA,NA,NA,NA,NA,NA,NA,NA,NA,NA,NA,NA,NA,NA,NA,NA,NA,NA,NA,NA,NA,NA,NA,NA,-7144573582.785573,-7862125526.79031,-13848550480.33098,-15302982165.93204,-5007385900.330702,2319661324.963976,2829018505.417966,-7708573878.64759,5829976645.363519,5534855232.528958,18645813414.00917,-3639557580.45104,5743001148.822701,17941453782.106,-83712849346.53728,-29304935680.50839,65118414033.62135,48426543197.76803,44743977682.97192,105990720657.0009,NA
Iraq,433,"Supplementary Items, Current Account, Net (Excluding Exceptional Financing), US Dollars",BCAXF_BP6_USD,Value,NA,NA,NA,NA,NA,NA,NA,NA,NA,NA,NA,NA,NA,NA,NA,NA,NA,NA,NA,NA,NA,NA,NA,NA,NA,NA,NA,NA,NA,NA,NA,NA,NA,NA,NA,NA,NA,NA,NA,NA,NA,NA,NA,NA,NA,NA,NA,NA,NA,NA,NA,NA,NA,NA,NA,NA,NA,NA,NA,NA,NA,NA,NA,NA,NA,-7513000000,1252100000,14056430000,28280300000,-1151800000,6488300000,26126000000,29541000000,16092482324.13,15855500000,-2761814222.13,2157940000,14892456000,34369500000,15762600000,-6306100000,24565000000,58009500000,28374586393.31,8366500000,NA
Marshall Islands,867,"Supplementary Items, Current Account, Net (Excluding Exceptional Financing), US Dollars",BCAXF_BP6_USD,Value,NA,NA,NA,NA,NA,NA,NA,NA,NA,NA,NA,NA,NA,NA,NA,NA,NA,NA,NA,NA,NA,NA,NA,NA,NA,NA,NA,NA,NA,NA,NA,NA,NA,NA,NA,NA,NA,NA,NA,NA,NA,NA,NA,NA,NA,NA,NA,NA,NA,NA,NA,NA,NA,NA,NA,NA,NA,NA,NA,NA,NA,NA,NA,NA,NA,-2541299.36190261,-6182935.88753849,-8222529.68117519,-5516075.89874029,-26400463.8943773,-14340438.8339409,-5779247.33221242,-19611539.4879754,-28917492.1537632,-4879368.5720448,-7032235.66279945,-16213012.1421095,12920481.3295276,53031256.5306137,86132913.6545901,90281142.3237922,76262809.2970485,NA,NA,NA,NA
Mozambique,688,"Supplementary Items, Current Account, Net (Excluding Exceptional Financing), US Dollars",BCAXF_BP6_USD,Value,NA,NA,NA,NA,NA,NA,NA,NA,NA,NA,NA,NA,NA,NA,NA,NA,NA,NA,NA,NA,NA,NA,NA,NA,NA,NA,NA,NA,NA,NA,NA,NA,NA,NA,NA,NA,NA,NA,NA,NA,NA,NA,NA,NA,NA,NA,NA,NA,NA,NA,NA,NA,NA,NA,NA,NA,NA,NA,NA,NA,NA,NA,NA,NA,NA,-760592537.1261313,-755428331.4096963,-786196628.2498517,-1147202859.918508,-1226187571.660227,-1679440917.172619,-3328861900.842213,-6789977472.03801,-6253446233.551089,-5797145543.341403,-5947850296.052133,-4066257223.015465,-2379511020.395906,-4425237192.169178,-2493900604.245968,-3557623413.908197,-3426462300.36705,-6366772229.691501,-2207224606.647497,-2493130139.186841,NA
Palau,565,"Supplementary Items, Current Account, Net (Excluding Exceptional Financing), US Dollars",BCAXF_BP6_USD,Value,NA,NA,NA,NA,NA,NA,NA,NA,NA,NA,NA,NA,NA,NA,NA,NA,NA,NA,NA,NA,NA,NA,NA,NA,NA,NA,NA,NA,NA,NA,NA,NA,NA,NA,NA,NA,NA,NA,NA,NA,NA,NA,NA,NA,NA,NA,NA,NA,NA,NA,NA,NA,NA,NA,NA,NA,NA,NA,NA,NA,NA,NA,NA,NA,NA,-39579662.90858286,-48787271.7896477,-36190171.79834875,-34224039.4617808,-6143244.23424952,-18678699.13845556,-25344199.0771442,-34484250.6760439,-29211556.5084761,-48393720.9253061,-24245931.7867953,-48847000,-66291000,-53732000,-85813000,-113646000,-95975000,-117098000,-134248000,NA,NA
Suriname,366,"Supplementary Items, Current Account, Net (Excluding Exceptional Financing), US Dollars",BCAXF_BP6_USD,Value,NA,NA,NA,NA,NA,NA,NA,NA,NA,NA,NA,NA,NA,NA,NA,NA,NA,NA,NA,NA,NA,NA,NA,NA,NA,NA,NA,NA,NA,NA,NA,NA,NA,NA,NA,NA,NA,NA,NA,NA,NA,NA,NA,NA,NA,NA,NA,NA,NA,NA,NA,NA,NA,NA,NA,NA,NA,NA,NA,NA,NA,NA,NA,NA,NA,-146700000,220600000,324500000,324700000,111300000,650845840.323741,431306071.1796506,162371256.405441,-196005679.9311568,-416342200.8130143,-786434956.134395,-160481931.0017188,69158192.6904762,-118713252.1169663,-448255079.3998699,259846201.3097076,176182486.4831456,76320585.59919557,148117620.924933,9306201.34824376,NA
Uzbekistan,927,"Supplementary Items, Current Account, Net (Excluding Exceptional Financing), US Dollars",BCAXF_BP6_USD,Value,NA,NA,NA,NA,NA,NA,NA,NA,NA,NA,NA,NA,NA,NA,NA,NA,NA,NA,NA,NA,NA,NA,NA,NA,NA,NA,NA,NA,NA,NA,NA,NA,NA,NA,NA,NA,NA,NA,NA,NA,NA,NA,NA,NA,NA,NA,NA,NA,NA,NA,NA,NA,NA,NA,NA,NA,NA,NA,NA,NA,NA,NA,NA,NA,NA,1147673466.733472,1730099180.932995,1809069338.404123,3184104515.4568,1761163894.943712,2278640124.014056,2783506550.283701,1208987339.939419,1315764269.525772,2075928897.368939,895690100.900605,213236293.9098246,1477884038.188705,-3593165923.586678,-3371224441.874986,-3027884732.25607,-4897531243.034306,-2846183729.365106,-7797070674.449338,-5723120874.808923,NA
Yemen,474,"Supplementary Items, Current Account, Net (Excluding Exceptional Financing), US Dollars",BCAXF_BP6_USD,Value,NA,NA,NA,NA,NA,NA,NA,NA,NA,NA,NA,NA,NA,NA,NA,NA,NA,NA,NA,NA,NA,NA,NA,NA,NA,NA,NA,NA,NA,NA,NA,NA,NA,NA,NA,NA,NA,NA,NA,NA,NA,NA,NA,NA,NA,NA,NA,NA,NA,NA,NA,NA,NA,NA,NA,NA,NA,NA,NA,NA,NA,NA,NA,NA,NA,624145917.387697,205720000,-1508330000,-1251290000,-2527417758.92882,-1397736269.98016,-1161187355.61707,-334617315.695151,-1530489956.78763,-1488253310.75382,-3026024546.23609,-2421460821.49167,NA,NA,NA,NA,NA,NA,NA,NA,NA
Bermuda,319,"Supplementary Items, Current Account, Net (Excluding Exceptional Financing), US Dollars",BCAXF_BP6_USD,Value,NA,NA,NA,NA,NA,NA,NA,NA,NA,NA,NA,NA,NA,NA,NA,NA,NA,NA,NA,NA,NA,NA,NA,NA,NA,NA,NA,NA,NA,NA,NA,NA,NA,NA,NA,NA,NA,NA,NA,NA,NA,NA,NA,NA,NA,NA,NA,NA,NA,NA,NA,NA,NA,NA,NA,NA,NA,NA,NA,NA,NA,NA,NA,NA,NA,NA,1252390000,1216066496.885189,906745097.4852431,581361176.8606774,695959070.3334907,867596774.5723819,926988024.7565821,840649668.2679791,817577700.8345352,942896167.1157081,845986384.5796514,940200101.7229213,888947064.4618155,838701046.1122497,853849630.4334782,962257799.431357,1134798092.198078,1320294557.385857,NA,NA
Bhutan,514,"Supplementary Items, Current Account, Net (Excluding Exceptional Financing), US Dollars",BCAXF_BP6_USD,Value,NA,NA,NA,NA,NA,NA,NA,NA,NA,NA,NA,NA,NA,NA,NA,NA,NA,NA,NA,NA,NA,NA,NA,NA,NA,NA,NA,NA,NA,NA,NA,NA,NA,NA,NA,NA,NA,NA,NA,NA,NA,NA,NA,NA,NA,NA,NA,NA,NA,NA,NA,NA,NA,NA,NA,NA,NA,NA,NA,NA,NA,NA,NA,NA,NA,NA,-37902200.90391215,84937868.85158391,-112487375.477322,-65940668.74695953,-323097108.0934788,-526214663.7952396,-377036786.3477236,-472191887.7183602,-490282016.1885398,-548326099.36714,-622690306.0195872,-540419849.6465966,-478153519.8669524,-500801565.6640011,-381152580.8698534,-319279309.4982532,-805723173.2891612,-963121731.4151607,-669766413.9106071,NA
Timor-Leste,537,"Supplementary Items, Current Account, Net (Excluding Exceptional Financing), US Dollars",BCAXF_BP6_USD,Value,NA,NA,NA,NA,NA,NA,NA,NA,NA,NA,NA,NA,NA,NA,NA,NA,NA,NA,NA,NA,NA,NA,NA,NA,NA,NA,NA,NA,NA,NA,NA,NA,NA,NA,NA,NA,NA,NA,NA,NA,NA,NA,NA,NA,NA,NA,NA,NA,NA,NA,NA,NA,NA,NA,NA,NA,NA,NA,NA,NA,NA,NA,NA,NA,NA,NA,540953514.0772105,1177204113.071145,2021746753.659314,1284956002.148285,1671379453.847307,2346045689.091273,2736015438.068859,2390035781.310693,1106158841.680596,224817529.318528,-533074900,-339080239.5332046,-191147184.8879313,450408542.1065303,487449929.9808665,1985043102.872788,488474746.6402629,-192565871.3635903,-587484108.738043,NA
"Montenegro, Rep. of",943,"Supplementary Items, Current Account, Net (Excluding Exceptional Financing), US Dollars",BCAXF_BP6_USD,Value,NA,NA,NA,NA,NA,NA,NA,NA,NA,NA,NA,NA,NA,NA,NA,NA,NA,NA,NA,NA,NA,NA,NA,NA,NA,NA,NA,NA,NA,NA,NA,NA,NA,NA,NA,NA,NA,NA,NA,NA,NA,NA,NA,NA,NA,NA,NA,NA,NA,NA,NA,NA,NA,NA,NA,NA,NA,NA,NA,NA,NA,NA,NA,NA,NA,NA,NA,-1464069435.169673,-2256801720.015696,-1151541797.766545,-852057845.5534738,-664732304.9853529,-638662379.0532615,-511433327.1640283,-570438527.2534997,-443138379.6454096,-707487309.7697136,-761410656.9488808,-943031638.1249332,-795654394.4004668,-1237027266.501309,-541201377.1948566,-817858207.1464139,-851525044.9346471,-1404391778.025479,NA
Serbia,942,"Supplementary Items, Current Account, Net (Excluding Exceptional Financing), US Dollars",BCAXF_BP6_USD,Value,NA,NA,NA,NA,NA,NA,NA,NA,NA,NA,NA,NA,NA,NA,NA,NA,NA,NA,NA,NA,NA,NA,NA,NA,NA,NA,NA,NA,NA,NA,NA,NA,NA,NA,NA,NA,NA,NA,NA,NA,NA,NA,NA,NA,NA,NA,NA,NA,NA,NA,NA,NA,NA,NA,NA,NA,NA,NA,NA,NA,NA,NA,NA,NA,NA,NA,NA,-7524009949.752373,-10537199511.02347,-2799441098.801896,-2692243535.851363,-5088222385.209912,-4726567861.153543,-2794170203.955571,-2634686972.33764,-1370173585.730802,-1190023037.027458,-2322731263.362358,-2459092308.703448,-3535309659.51346,-2176773515.6188,-2654390085.470976,-4457001147.651766,-1947085693.077906,-4157097665.334638,NA
Nauru,836,"Supplementary Items, Current Account, Net (Excluding Exceptional Financing), US Dollars",BCAXF_BP6_USD,Value,NA,NA,NA,NA,NA,NA,NA,NA,NA,NA,NA,NA,NA,NA,NA,NA,NA,NA,NA,NA,NA,NA,NA,NA,NA,NA,NA,NA,NA,NA,NA,NA,NA,NA,NA,NA,NA,NA,NA,NA,NA,NA,NA,NA,NA,NA,NA,NA,NA,NA,NA,NA,NA,NA,NA,NA,NA,NA,NA,NA,NA,NA,NA,NA,NA,NA,NA,NA,18628776.87663687,29944891.54478184,23679103.7893899,19760151.50871474,34861910.67569135,45855066.29064253,26029493.6951211,-16701707.68289518,2079369.66931522,14109926.57325183,9596973.12089289,5590167.88943692,3232665.8275272,6596610.52862303,2965543.89862093,1922550.24557506,9730153.9865083,NA
Micronesia,868,"Supplementary Items, Current Account, Net (Excluding Exceptional Financing), US Dollars",BCAXF_BP6_USD,Value,NA,NA,NA,NA,NA,NA,NA,NA,NA,NA,NA,NA,NA,NA,NA,NA,NA,NA,NA,NA,NA,NA,NA,NA,NA,NA,NA,NA,NA,NA,NA,NA,NA,NA,NA,NA,NA,NA,NA,NA,NA,NA,NA,NA,NA,NA,NA,NA,NA,NA,NA,NA,NA,NA,NA,NA,NA,NA,NA,NA,NA,NA,NA,NA,NA,NA,NA,NA,NA,-38254200,-24572700,-44221400,-23832100,-2173500,22407700,NA,NA,NA,NA,NA,NA,NA,NA,NA,NA,NA
Rwanda,714,"Supplementary Items, Current Account, Net (Excluding Exceptional Financing), US Dollars",BCAXF_BP6_USD,Value,NA,NA,NA,NA,NA,NA,NA,NA,NA,NA,NA,NA,NA,NA,NA,NA,NA,NA,NA,NA,NA,NA,NA,NA,NA,NA,NA,NA,NA,NA,NA,NA,NA,NA,NA,NA,NA,NA,NA,NA,NA,NA,NA,NA,NA,NA,NA,NA,NA,NA,NA,NA,NA,NA,NA,NA,NA,NA,NA,NA,NA,NA,NA,NA,NA,NA,NA,NA,NA,NA,-399142437.7398051,-477010513.8373182,-741015960.6801345,-585105607.7461547,-934619500.8475814,-1083671485.938309,-1330822364.76704,-875362663.4207443,-974801863.0061328,-1230865444.1505091,-1227520730.934629,-1209278688.390351,-1247194010.045584,-1647222781.381185,-1807568338.073983,NA
Curacao,354,"Supplementary Items, Current Account, Net (Excluding Exceptional Financing), US Dollars",BCAXF_BP6_USD,Value,NA,NA,NA,NA,NA,NA,NA,NA,NA,NA,NA,NA,NA,NA,NA,NA,NA,NA,NA,NA,NA,NA,NA,NA,NA,NA,NA,NA,NA,NA,NA,NA,NA,NA,NA,NA,NA,NA,NA,NA,NA,NA,NA,NA,NA,NA,NA,NA,NA,NA,NA,NA,NA,NA,NA,NA,NA,NA,NA,NA,NA,NA,NA,NA,NA,NA,NA,NA,NA,NA,NA,-879497206.703911,-895046927.374302,-764134078.212291,-505815642.458101,-519340782.122905,-585240223.463687,-679733543.96648,-812735461.022346,-540744653.877095,-688805316.681564,-508758155.424581,-822666741.608938,-654687752.837989,NA,NA
Qatar,453,"Supplementary Items, Current Account, Net (Excluding Exceptional Financing), US Dollars",BCAXF_BP6_USD,Value,NA,NA,NA,NA,NA,NA,NA,NA,NA,NA,NA,NA,NA,NA,NA,NA,NA,NA,NA,NA,NA,NA,NA,NA,NA,NA,NA,NA,NA,NA,NA,NA,NA,NA,NA,NA,NA,NA,NA,NA,NA,NA,NA,NA,NA,NA,NA,NA,NA,NA,NA,NA,NA,NA,NA,NA,NA,NA,NA,NA,NA,NA,NA,NA,NA,NA,NA,NA,NA,NA,NA,52123601586.22576,62000183150.18314,60460989010.98893,49409890109.89001,13750824175.82419,-8269505494.505483,6425549450.54946,16652197802.19781,4259890109.89012,-2985714285.71428,26319230769.23078,63117857142.85714,36452632681.29942,37884615384.61537,NA
Sint Maarten,352,"Supplementary Items, Current Account, Net (Excluding Exceptional Financing), US Dollars",BCAXF_BP6_USD,Value,NA,NA,NA,NA,NA,NA,NA,NA,NA,NA,NA,NA,NA,NA,NA,NA,NA,NA,NA,NA,NA,NA,NA,NA,NA,NA,NA,NA,NA,NA,NA,NA,NA,NA,NA,NA,NA,NA,NA,NA,NA,NA,NA,NA,NA,NA,NA,NA,NA,NA,NA,NA,NA,NA,NA,NA,NA,NA,NA,NA,NA,NA,NA,NA,NA,NA,NA,NA,NA,NA,NA,-4513407.82122913,92629050.2793296,4317877.09497207,-110798882.681564,18217877.0949721,-26581005.5865922,47107300.0726256,74672509.5921788,-165841819.21229,-290462316.977654,-311462825.977654,-56983757.1508377,-116692860.01676,NA,NA
South Sudan,733,"Supplementary Items, Current Account, Net (Excluding Exceptional Financing), US Dollars",BCAXF_BP6_USD,Value,NA,NA,NA,NA,NA,NA,NA,NA,NA,NA,NA,NA,NA,NA,NA,NA,NA,NA,NA,NA,NA,NA,NA,NA,NA,NA,NA,NA,NA,NA,NA,NA,NA,NA,NA,NA,NA,NA,NA,NA,NA,NA,NA,NA,NA,NA,NA,NA,NA,NA,NA,NA,NA,NA,NA,NA,NA,NA,NA,NA,NA,NA,NA,NA,NA,NA,NA,NA,NA,NA,NA,NA,NA,NA,-790185244.834078,-500190000,-215665300,281712000,-315550000,-193950000,-1717500000,-6550000,-596748300,577900000,NA,NA
Turks and Caicos Islands,381,"Supplementary Items, Current Account, Net (Excluding Exceptional Financing), US Dollars",BCAXF_BP6_USD,Value,NA,NA,NA,NA,NA,NA,NA,NA,NA,NA,NA,NA,NA,NA,NA,NA,NA,NA,NA,NA,NA,NA,NA,NA,NA,NA,NA,NA,NA,NA,NA,NA,NA,NA,NA,NA,NA,NA,NA,NA,NA,NA,NA,NA,NA,NA,NA,NA,NA,NA,NA,NA,NA,NA,NA,NA,NA,NA,NA,NA,NA,NA,NA,NA,NA,NA,NA,NA,NA,NA,NA,NA,NA,NA,107853944.14625,153558244.844179,247081152.355792,35015932.703048,172709259.039158,NA,NA,NA,NA,NA,NA,NA
Caymen Islands,377,"Supplementary Items, Current Account, Net (Excluding Exceptional Financing), US Dollars",BCAXF_BP6_USD,Value,NA,NA,NA,NA,NA,NA,NA,NA,NA,NA,NA,NA,NA,NA,NA,NA,NA,NA,NA,NA,NA,NA,NA,NA,NA,NA,NA,NA,NA,NA,NA,NA,NA,NA,NA,NA,NA,NA,NA,NA,NA,NA,NA,NA,NA,NA,NA,NA,NA,NA,NA,NA,NA,NA,NA,NA,NA,NA,NA,NA,NA,NA,NA,NA,NA,NA,NA,NA,NA,NA,NA,NA,NA,NA,NA,NA,-706577023.509802,-871502935.15455,-927543580.291062,-646842638.476806,-924446497.391178,-794205258.681141,-749481755.123667,-712684310.008927,NA,NA
San Marino,135,"Supplementary Items, Current Account, Net (Excluding Exceptional Financing), US Dollars",BCAXF_BP6_USD,Value,NA,NA,NA,NA,NA,NA,NA,NA,NA,NA,NA,NA,NA,NA,NA,NA,NA,NA,NA,NA,NA,NA,NA,NA,NA,NA,NA,NA,NA,NA,NA,NA,NA,NA,NA,NA,NA,NA,NA,NA,NA,NA,NA,NA,NA,NA,NA,NA,NA,NA,NA,NA,NA,NA,NA,NA,NA,NA,NA,NA,NA,NA,NA,NA,NA,NA,NA,NA,NA,NA,NA,NA,NA,NA,NA,NA,NA,-5981226.90215864,-31241082.79303176,32881698.99021876,42979512.34788682,100117756.1219831,249029676.4522037,445849053.7340736,NA,NA
United Arab Emirates,466,"Supplementary Items, Current Account, Net (Excluding Exceptional Financing), US Dollars",BCAXF_BP6_USD,Value,NA,NA,NA,NA,NA,NA,NA,NA,NA,NA,NA,NA,NA,NA,NA,NA,NA,NA,NA,NA,NA,NA,NA,NA,NA,NA,NA,NA,NA,NA,NA,NA,NA,NA,NA,NA,NA,NA,NA,NA,NA,NA,NA,NA,NA,NA,NA,NA,NA,NA,NA,NA,NA,NA,NA,NA,NA,NA,NA,NA,NA,NA,NA,NA,NA,NA,NA,NA,NA,NA,NA,NA,NA,NA,NA,NA,NA,NA,NA,NA,NA,NA,NA,68590878148.40023,79972770592.23973,NA
Czechoslovakia,934,"Supplementary Items, Current Account, Net (Excluding Exceptional Financing), US Dollars",BCAXF_BP6_USD,Value,NA,NA,NA,NA,NA,NA,NA,NA,NA,NA,NA,NA,NA,NA,NA,NA,NA,NA,NA,NA,NA,NA,NA,NA,NA,NA,NA,NA,NA,NA,NA,NA,NA,NA,NA,NA,NA,NA,NA,NA,NA,NA,NA,NA,NA,NA,NA,NA,NA,NA,NA,NA,NA,NA,NA,NA,NA,NA,NA,NA,NA,NA,NA,NA,NA,NA,NA,NA,NA,NA,NA,NA,NA,NA,NA,NA,NA,NA,NA,NA,NA,NA,NA,NA,NA,NA
Somalia,726,"Supplementary Items, Current Account, Net (Excluding Exceptional Financing), US Dollars",BCAXF_BP6_USD,Value,NA,NA,NA,NA,NA,NA,NA,NA,NA,NA,NA,NA,NA,NA,NA,NA,NA,NA,NA,NA,NA,NA,NA,NA,NA,NA,NA,NA,NA,NA,NA,NA,NA,NA,NA,NA,NA,NA,NA,NA,NA,NA,NA,NA,NA,NA,NA,NA,NA,NA,NA,NA,NA,NA,NA,NA,NA,NA,NA,NA,NA,NA,NA,NA,NA,NA,NA,NA,NA,NA,NA,NA,NA,NA,NA,NA,NA,NA,NA,NA,NA,NA,NA,NA,NA,NA
Turkmenistan,925,"Supplementary Items, Current Account, Net (Excluding Exceptional Financing), US Dollars",BCAXF_BP6_USD,Value,NA,NA,NA,NA,NA,NA,NA,NA,NA,NA,NA,NA,NA,NA,NA,NA,NA,NA,NA,NA,NA,NA,NA,NA,NA,NA,NA,NA,NA,NA,NA,NA,NA,NA,NA,NA,NA,NA,NA,NA,NA,NA,NA,NA,NA,NA,NA,NA,NA,NA,NA,NA,NA,NA,NA,NA,NA,NA,NA,NA,NA,NA,NA,NA,NA,NA,NA,NA,NA,NA,NA,NA,NA,NA,NA,NA,NA,NA,NA,NA,NA,NA,NA,NA,NA,NA
"Yemen, P.D. Rep",459,"Supplementary Items, Current Account, Net (Excluding Exceptional Financing), US Dollars",BCAXF_BP6_USD,Value,NA,NA,NA,NA,NA,NA,NA,NA,NA,NA,NA,NA,NA,NA,NA,NA,NA,NA,NA,NA,NA,NA,NA,NA,NA,NA,NA,NA,NA,NA,NA,NA,NA,NA,NA,NA,NA,NA,NA,NA,NA,NA,NA,NA,NA,NA,NA,NA,NA,NA,NA,NA,NA,NA,NA,NA,NA,NA,NA,NA,NA,NA,NA,NA,NA,NA,NA,NA,NA,NA,NA,NA,NA,NA,NA,NA,NA,NA,NA,NA,NA,NA,NA,NA,NA,NA
"Yugoslavia, SFR",188,"Supplementary Items, Current Account, Net (Excluding Exceptional Financing), US Dollars",BCAXF_BP6_USD,Value,NA,NA,NA,NA,NA,NA,NA,NA,NA,NA,NA,NA,NA,NA,NA,NA,NA,NA,NA,NA,NA,NA,NA,NA,NA,NA,NA,NA,NA,NA,NA,NA,NA,NA,NA,NA,NA,NA,NA,NA,NA,NA,NA,NA,NA,NA,NA,NA,NA,NA,NA,NA,NA,NA,NA,NA,NA,NA,NA,NA,NA,NA,NA,NA,NA,NA,NA,NA,NA,NA,NA,NA,NA,NA,NA,NA,NA,NA,NA,NA,NA,NA,NA,NA,NA,NA
Euro area,163,"Supplementary Items, Current Account, Net (Excluding Exceptional Financing), US Dollars",BCAXF_BP6_USD,Value,NA,NA,NA,NA,NA,NA,NA,NA,NA,NA,NA,NA,NA,NA,NA,NA,NA,NA,NA,NA,NA,NA,NA,NA,NA,NA,NA,NA,NA,NA,NA,NA,NA,NA,NA,NA,NA,NA,NA,NA,NA,NA,NA,NA,NA,NA,NA,NA,NA,NA,NA,NA,NA,NA,NA,NA,NA,NA,NA,NA,NA,NA,NA,NA,NA,NA,NA,NA,NA,NA,NA,NA,NA,NA,NA,NA,NA,NA,NA,NA,NA,NA,NA,NA,NA,NA
Puerto Rico,359,"Supplementary Items, Current Account, Net (Excluding Exceptional Financing), US Dollars",BCAXF_BP6_USD,Value,NA,NA,NA,NA,NA,NA,NA,NA,NA,NA,NA,NA,NA,NA,NA,NA,NA,NA,NA,NA,NA,NA,NA,NA,NA,NA,NA,NA,NA,NA,NA,NA,NA,NA,NA,NA,NA,NA,NA,NA,NA,NA,NA,NA,NA,NA,NA,NA,NA,NA,NA,NA,NA,NA,NA,NA,NA,NA,NA,NA,NA,NA,NA,NA,NA,NA,NA,NA,NA,NA,NA,NA,NA,NA,NA,NA,NA,NA,NA,NA,NA,NA,NA,NA,NA,NA
Taiwan Province of China,528,"Supplementary Items, Current Account, Net (Excluding Exceptional Financing), US Dollars",BCAXF_BP6_USD,Value,NA,NA,NA,NA,NA,NA,NA,NA,NA,NA,NA,NA,NA,NA,NA,NA,NA,NA,NA,NA,NA,NA,NA,NA,NA,NA,NA,NA,NA,NA,NA,NA,NA,NA,NA,NA,NA,NA,NA,NA,NA,NA,NA,NA,NA,NA,NA,NA,NA,NA,NA,NA,NA,NA,NA,NA,NA,NA,NA,NA,NA,NA,NA,NA,NA,NA,NA,NA,NA,NA,NA,NA,NA,NA,NA,NA,NA,NA,NA,NA,NA,NA,NA,NA,NA,NA
Cuba,928,"Supplementary Items, Current Account, Net (Excluding Exceptional Financing), US Dollars",BCAXF_BP6_USD,Value,NA,NA,NA,NA,NA,NA,NA,NA,NA,NA,NA,NA,NA,NA,NA,NA,NA,NA,NA,NA,NA,NA,NA,NA,NA,NA,NA,NA,NA,NA,NA,NA,NA,NA,NA,NA,NA,NA,NA,NA,NA,NA,NA,NA,NA,NA,NA,NA,NA,NA,NA,NA,NA,NA,NA,NA,NA,NA,NA,NA,NA,NA,NA,NA,NA,NA,NA,NA,NA,NA,NA,NA,NA,NA,NA,NA,NA,NA,NA,NA,NA,NA,NA,NA,NA,NA
World,001,"Supplementary Items, Current Account, Net (Excluding Exceptional Financing), US Dollars",BCAXF_BP6_USD,Value,NA,NA,NA,NA,NA,NA,NA,NA,NA,NA,NA,NA,NA,NA,NA,NA,NA,NA,NA,NA,NA,NA,NA,NA,NA,NA,NA,NA,NA,NA,NA,NA,NA,NA,NA,NA,NA,NA,NA,NA,NA,NA,NA,NA,NA,NA,NA,NA,NA,NA,NA,NA,NA,NA,NA,NA,NA,NA,NA,NA,NA,NA,NA,NA,NA,NA,NA,NA,NA,NA,NA,NA,NA,NA,NA,NA,NA,NA,NA,NA,NA,NA,NA,NA,NA,NA
West Bank and Gaza,487,"Supplementary Items, Current Account, Net (Excluding Exceptional Financing), US Dollars",BCAXF_BP6_USD,Value,NA,NA,NA,NA,NA,NA,NA,NA,NA,NA,NA,NA,NA,NA,NA,NA,NA,NA,NA,NA,NA,NA,NA,NA,NA,NA,NA,NA,NA,NA,NA,NA,NA,NA,NA,NA,NA,NA,NA,NA,NA,NA,NA,NA,NA,NA,NA,NA,NA,NA,NA,NA,NA,NA,NA,NA,NA,NA,NA,NA,NA,NA,NA,NA,NA,NA,NA,NA,NA,NA,NA,NA,NA,NA,NA,NA,NA,NA,NA,NA,NA,NA,NA,NA,NA,NA
Reunion,696,"Supplementary Items, Current Account, Net (Excluding Exceptional Financing), US Dollars",BCAXF_BP6_USD,Value,NA,NA,NA,NA,NA,NA,NA,NA,NA,NA,NA,NA,NA,NA,NA,NA,NA,NA,NA,NA,NA,NA,NA,NA,NA,NA,NA,NA,NA,NA,NA,NA,NA,NA,NA,NA,NA,NA,NA,NA,NA,NA,NA,NA,NA,NA,NA,NA,NA,NA,NA,NA,NA,NA,NA,NA,NA,NA,NA,NA,NA,NA,NA,NA,NA,NA,NA,NA,NA,NA,NA,NA,NA,NA,NA,NA,NA,NA,NA,NA,NA,NA,NA,NA,NA,NA
Belgium-Luxembourg,126,"Supplementary Items, Current Account, Net (Excluding Exceptional Financing), US Dollars",BCAXF_BP6_USD,Value,NA,NA,NA,NA,NA,NA,NA,NA,NA,NA,NA,NA,NA,NA,NA,NA,NA,NA,NA,NA,NA,NA,NA,NA,NA,NA,NA,NA,NA,NA,NA,NA,NA,NA,NA,NA,NA,NA,NA,NA,NA,NA,NA,NA,NA,NA,NA,NA,NA,NA,NA,NA,NA,NA,NA,NA,NA,NA,NA,NA,NA,NA,NA,NA,NA,NA,NA,NA,NA,NA,NA,NA,NA,NA,NA,NA,NA,NA,NA,NA,NA,NA,NA,NA,NA,NA
Cook Islands,815,"Supplementary Items, Current Account, Net (Excluding Exceptional Financing), US Dollars",BCAXF_BP6_USD,Value,NA,NA,NA,NA,NA,NA,NA,NA,NA,NA,NA,NA,NA,NA,NA,NA,NA,NA,NA,NA,NA,NA,NA,NA,NA,NA,NA,NA,NA,NA,NA,NA,NA,NA,NA,NA,NA,NA,NA,NA,NA,NA,NA,NA,NA,NA,NA,NA,NA,NA,NA,NA,NA,NA,NA,NA,NA,NA,NA,NA,NA,NA,NA,NA,NA,NA,NA,NA,NA,NA,NA,NA,NA,NA,NA,NA,NA,NA,NA,NA,NA,NA,NA,NA,NA,NA
American Samoa,859,"Supplementary Items, Current Account, Net (Excluding Exceptional Financing), US Dollars",BCAXF_BP6_USD,Value,NA,NA,NA,NA,NA,NA,NA,NA,NA,NA,NA,NA,NA,NA,NA,NA,NA,NA,NA,NA,NA,NA,NA,NA,NA,NA,NA,NA,NA,NA,NA,NA,NA,NA,NA,NA,NA,NA,NA,NA,NA,NA,NA,NA,NA,NA,NA,NA,NA,NA,NA,NA,NA,NA,NA,NA,NA,NA,NA,NA,NA,NA,NA,NA,NA,NA,NA,NA,NA,NA,NA,NA,NA,NA,NA,NA,NA,NA,NA,NA,NA,NA,NA,NA,NA,NA
Serbia and Montenegro,965,"Supplementary Items, Current Account, Net (Excluding Exceptional Financing), US Dollars",BCAXF_BP6_USD,Value,NA,NA,NA,NA,NA,NA,NA,NA,NA,NA,NA,NA,NA,NA,NA,NA,NA,NA,NA,NA,NA,NA,NA,NA,NA,NA,NA,NA,NA,NA,NA,NA,NA,NA,NA,NA,NA,NA,NA,NA,NA,NA,NA,NA,NA,NA,NA,NA,NA,NA,NA,NA,NA,NA,NA,NA,NA,NA,NA,NA,NA,NA,NA,NA,NA,NA,NA,NA,NA,NA,NA,NA,NA,NA,NA,NA,NA,NA,NA,NA,NA,NA,NA,NA,NA,NA
Vatican,187,"Supplementary Items, Current Account, Net (Excluding Exceptional Financing), US Dollars",BCAXF_BP6_USD,Value,NA,NA,NA,NA,NA,NA,NA,NA,NA,NA,NA,NA,NA,NA,NA,NA,NA,NA,NA,NA,NA,NA,NA,NA,NA,NA,NA,NA,NA,NA,NA,NA,NA,NA,NA,NA,NA,NA,NA,NA,NA,NA,NA,NA,NA,NA,NA,NA,NA,NA,NA,NA,NA,NA,NA,NA,NA,NA,NA,NA,NA,NA,NA,NA,NA,NA,NA,NA,NA,NA,NA,NA,NA,NA,NA,NA,NA,NA,NA,NA,NA,NA,NA,NA,NA,NA
Falkland Islands,323,"Supplementary Items, Current Account, Net (Excluding Exceptional Financing), US Dollars",BCAXF_BP6_USD,Value,NA,NA,NA,NA,NA,NA,NA,NA,NA,NA,NA,NA,NA,NA,NA,NA,NA,NA,NA,NA,NA,NA,NA,NA,NA,NA,NA,NA,NA,NA,NA,NA,NA,NA,NA,NA,NA,NA,NA,NA,NA,NA,NA,NA,NA,NA,NA,NA,NA,NA,NA,NA,NA,NA,NA,NA,NA,NA,NA,NA,NA,NA,NA,NA,NA,NA,NA,NA,NA,NA,NA,NA,NA,NA,NA,NA,NA,NA,NA,NA,NA,NA,NA,NA,NA,NA
Greenland,326,"Supplementary Items, Current Account, Net (Excluding Exceptional Financing), US Dollars",BCAXF_BP6_USD,Value,NA,NA,NA,NA,NA,NA,NA,NA,NA,NA,NA,NA,NA,NA,NA,NA,NA,NA,NA,NA,NA,NA,NA,NA,NA,NA,NA,NA,NA,NA,NA,NA,NA,NA,NA,NA,NA,NA,NA,NA,NA,NA,NA,NA,NA,NA,NA,NA,NA,NA,NA,NA,NA,NA,NA,NA,NA,NA,NA,NA,NA,NA,NA,NA,NA,NA,NA,NA,NA,NA,NA,NA,NA,NA,NA,NA,NA,NA,NA,NA,NA,NA,NA,NA,NA,NA
Gibraltar,823,"Supplementary Items, Current Account, Net (Excluding Exceptional Financing), US Dollars",BCAXF_BP6_USD,Value,NA,NA,NA,NA,NA,NA,NA,NA,NA,NA,NA,NA,NA,NA,NA,NA,NA,NA,NA,NA,NA,NA,NA,NA,NA,NA,NA,NA,NA,NA,NA,NA,NA,NA,NA,NA,NA,NA,NA,NA,NA,NA,NA,NA,NA,NA,NA,NA,NA,NA,NA,NA,NA,NA,NA,NA,NA,NA,NA,NA,NA,NA,NA,NA,NA,NA,NA,NA,NA,NA,NA,NA,NA,NA,NA,NA,NA,NA,NA,NA,NA,NA,NA,NA,NA,NA
Guam,829,"Supplementary Items, Current Account, Net (Excluding Exceptional Financing), US Dollars",BCAXF_BP6_USD,Value,NA,NA,NA,NA,NA,NA,NA,NA,NA,NA,NA,NA,NA,NA,NA,NA,NA,NA,NA,NA,NA,NA,NA,NA,NA,NA,NA,NA,NA,NA,NA,NA,NA,NA,NA,NA,NA,NA,NA,NA,NA,NA,NA,NA,NA,NA,NA,NA,NA,NA,NA,NA,NA,NA,NA,NA,NA,NA,NA,NA,NA,NA,NA,NA,NA,NA,NA,NA,NA,NA,NA,NA,NA,NA,NA,NA,NA,NA,NA,NA,NA,NA,NA,NA,NA,NA
"Korea, Democratic People's Rep. of",954,"Supplementary Items, Current Account, Net (Excluding Exceptional Financing), US Dollars",BCAXF_BP6_USD,Value,NA,NA,NA,NA,NA,NA,NA,NA,NA,NA,NA,NA,NA,NA,NA,NA,NA,NA,NA,NA,NA,NA,NA,NA,NA,NA,NA,NA,NA,NA,NA,NA,NA,NA,NA,NA,NA,NA,NA,NA,NA,NA,NA,NA,NA,NA,NA,NA,NA,NA,NA,NA,NA,NA,NA,NA,NA,NA,NA,NA,NA,NA,NA,NA,NA,NA,NA,NA,NA,NA,NA,NA,NA,NA,NA,NA,NA,NA,NA,NA,NA,NA,NA,NA,NA,NA
U.S.S.R.,974,"Supplementary Items, Current Account, Net (Excluding Exceptional Financing), US Dollars",BCAXF_BP6_USD,Value,NA,NA,NA,NA,NA,NA,NA,NA,NA,NA,NA,NA,NA,NA,NA,NA,NA,NA,NA,NA,NA,NA,NA,NA,NA,NA,NA,NA,NA,NA,NA,NA,NA,NA,NA,NA,NA,NA,NA,NA,NA,NA,NA,NA,NA,NA,NA,NA,NA,NA,NA,NA,NA,NA,NA,NA,NA,NA,NA,NA,NA,NA,NA,NA,NA,NA,NA,NA,NA,NA,NA,NA,NA,NA,NA,NA,NA,NA,NA,NA,NA,NA,NA,NA,NA,NA
Angola,614,"Money and Quasi Money, Broad Money (M2), US Dollars",FMB_XDC,Value,NA,NA,NA,NA,NA,NA,NA,NA,NA,NA,NA,NA,NA,NA,NA,NA,NA,NA,NA,NA,NA,NA,NA,NA,NA,NA,NA,NA,NA,NA,NA,NA,NA,NA,NA,NA,NA,NA,NA,NA,NA,NA,NA,NA,NA,NA,NA,NA,NA,NA,NA,NA,NA,NA,NA,NA,NA,NA,NA,NA,NA,41660774283.56,106793512283.318,179518093989.351,266677656751.023,428566980082.89,685068282991.18,1023638868705.59,2094018359082.65,2543723059447.95,2678230070993.43,3673111017825.33,3853026880550.06,4398099013490.82,5110115937912.13,5711899207270.5,6481191627242.24,6521728175616.89,7853990709603.33,10219150743838.9,12702482594317.2,11518313051477.5,11355539908168.4,15643949041561.6,16420421118822.3,17799032368530.5
Anguilla,312,"Money and Quasi Money, Broad Money (M2), US Dollars",FMB_XDC,Value,NA,NA,NA,NA,NA,NA,NA,NA,NA,NA,NA,NA,NA,NA,NA,NA,NA,NA,NA,NA,NA,NA,NA,NA,NA,NA,NA,NA,NA,NA,NA,NA,NA,NA,NA,NA,NA,NA,NA,NA,NA,NA,NA,NA,NA,NA,NA,NA,NA,NA,NA,NA,NA,NA,NA,NA,NA,NA,NA,NA,NA,564517305,634600751,675149118,802466362,1044833933,1161808249,1332807022,1270599966,1239114605,1214663031.66599,1194726471.1248,1206493484.27396,1242025980.78503,1250944588.00907,1298314000,1050400000,1091100000,1126284892.76,1085454070,919164990.93,950031738.27,1129914006.84,1264095334.45,1412119242.72,NA
United Arab Emirates,466,"Money and Quasi Money, Broad Money (M2), US Dollars",FMB_XDC,Value,NA,NA,NA,NA,NA,NA,NA,NA,NA,NA,NA,NA,NA,NA,NA,NA,NA,NA,NA,NA,NA,NA,NA,NA,NA,NA,NA,NA,NA,NA,NA,NA,NA,NA,NA,NA,NA,NA,NA,NA,NA,NA,NA,NA,NA,NA,NA,NA,NA,NA,NA,NA,NA,NA,NA,NA,NA,NA,NA,NA,NA,154835000000,171128000000,197096000000,243886000000,318627000000,392871000000,555551000000,673723000000,728156000000,773863000000,813169000000,849656000000,1042904000000,1125428000000,1186817000000,1225455000000,1276139000000,1308432000000,1413166000000,1478607000000,1563025000000,1703625000000,2022886000000,2315218144000,NA
Armenia,911,"Money and Quasi Money, Broad Money (M2), US Dollars",FMB_XDC,Value,NA,NA,NA,NA,NA,NA,NA,NA,NA,NA,NA,NA,NA,NA,NA,NA,NA,NA,NA,NA,NA,NA,NA,NA,NA,NA,NA,NA,NA,NA,NA,NA,NA,NA,NA,NA,NA,NA,NA,NA,NA,NA,NA,NA,NA,NA,NA,NA,NA,NA,NA,NA,NA,NA,NA,NA,NA,NA,NA,NA,NA,158151295510.3,211886128567.2,233817917050.3,285943410249.6,365553511487.9,485736892760.2,691343266518.4,707787799577.1,814990216549.8,911386033727.5,1126978197618.9,1346364910702.83,1545372496268.68,1674195609870.52,1855676489934.15,2180097920166.39,2582783172064.58,2775095161566.41,3085464245016.52,3362038024575.73,3802606047897.7,4414972635824.15,5183001941915.38,5890936154325.2,NA
Antigua and Barbuda,311,"Money and Quasi Money, Broad Money (M2), US Dollars",FMB_XDC,Value,NA,NA,NA,NA,NA,NA,NA,NA,NA,NA,NA,NA,NA,NA,NA,NA,NA,NA,NA,NA,NA,NA,NA,NA,NA,NA,NA,NA,NA,NA,NA,NA,NA,NA,NA,NA,NA,NA,NA,NA,NA,NA,NA,NA,NA,NA,NA,NA,NA,NA,NA,NA,NA,NA,NA,NA,NA,NA,NA,NA,NA,1848429601,1947394012,2250760640,2388832014,2600161012,2901541458,3231331560,3338058487,3011163873,3018561720.1571,3062796666.32461,3142015482.32811,3184231728.33949,3228532029.5246,3416327000,3373790000,3618290000,3879113444.36,3861705720,3524983062.2,4013730244.85,4198211812.62,4338451390.68,4538529831.03,NA
Australia,193,"Money and Quasi Money, Broad Money (M2), US Dollars",FMB_XDC,Value,NA,NA,NA,NA,NA,NA,NA,NA,NA,NA,NA,NA,NA,NA,NA,NA,NA,NA,NA,NA,NA,NA,NA,NA,NA,NA,NA,NA,NA,NA,NA,NA,NA,NA,NA,NA,NA,NA,NA,NA,NA,NA,NA,NA,NA,NA,NA,NA,NA,NA,NA,NA,NA,NA,NA,NA,NA,NA,NA,NA,NA,496349684400,531272436806.95,599081048679.34,667485892485.4,724227895075.61,833319752996.69,985258825231.474,1152799564528.8,1189775859355.71,1310309396138.14,1414711935846.84,1518663791174.9,1621130041674.28,1735142459087.75,1838974814198.07,1961564334926.97,2050266032025.33,2098935705144.84,2394036267182.5,2721258710700.45,2903577902569.58,3131247941418.95,3254406400558.85,3468352854701.84,NA
Azerbaijan,912,"Money and Quasi Money, Broad Money (M2), US Dollars",FMB_XDC,Value,NA,NA,NA,NA,NA,NA,NA,NA,NA,NA,NA,NA,NA,NA,NA,NA,NA,NA,NA,NA,NA,NA,NA,NA,NA,NA,NA,NA,NA,NA,NA,NA,NA,NA,NA,NA,NA,NA,NA,NA,NA,NA,NA,NA,NA,NA,NA,NA,NA,NA,NA,NA,NA,NA,NA,NA,NA,NA,NA,NA,NA,687393465.39386,786909528.199156,1020860404.94304,1505883860.66602,1838722835.5341,3434966766.91,5897260600.99,8494227333.49,8469182891.98,10527489350.26,13903175829.2,16775301806.39,19289833090.36,21566626182.6,21318889953.1,20890197961.93,22772070451.02,24060393174.92,28866306171.83,29185807572.3,34646641486.51,42824929994.71,45073454435.48,46494848323.63,NA
Burundi,618,"Money and Quasi Money, Broad Money (M2), US Dollars",FMB_XDC,Value,NA,NA,NA,NA,NA,NA,NA,NA,NA,NA,NA,NA,NA,NA,NA,NA,NA,NA,NA,NA,NA,NA,NA,NA,NA,NA,NA,NA,NA,NA,NA,NA,NA,NA,NA,NA,NA,NA,NA,NA,NA,NA,NA,NA,NA,NA,NA,NA,NA,NA,NA,NA,NA,NA,NA,NA,NA,NA,NA,NA,NA,125411700000,163267975000,204082635000,224954415000,280588860000,344174520000,361226600000,482732400000,565200300000,706363915503,755801566666.667,877252700000,986748800000,1107089400000,1106380000000,1187101800000,1499512900000,1797468900000,2202818600000,2733847000000,3289945400000,4512504700000,5298056800000,NA,NA
Benin,638,"Money and Quasi Money, Broad Money (M2), US Dollars",FMB_XDC,Value,NA,NA,NA,NA,NA,NA,NA,NA,NA,NA,NA,NA,NA,NA,NA,NA,NA,NA,NA,NA,NA,NA,NA,NA,NA,NA,NA,NA,NA,NA,NA,NA,NA,NA,NA,NA,NA,NA,NA,NA,NA,NA,NA,NA,NA,NA,NA,NA,NA,NA,NA,NA,NA,NA,NA,NA,NA,NA,NA,NA,NA,483264800000,426006200000,520767400000,458115719383.057,535355780459.013,681118197649.723,809795666580.439,1015663969950.34,1097023690079.41,1204204513443.78,1317161252620.75,1415426023393.59,1660757189331.68,1965532355783.39,2086146302862.85,2089806841192.46,2111622097456.65,2212956451246,2345988934659.48,2751889335621.03,3210532457390,3628256866555,3612514206572,3663585378765,4225718409316
Burkina Faso,748,"Money and Quasi Money, Broad Money (M2), US Dollars",FMB_XDC,Value,NA,NA,NA,NA,NA,NA,NA,NA,NA,NA,NA,NA,NA,NA,NA,NA,NA,NA,NA,NA,NA,NA,NA,NA,NA,NA,NA,NA,NA,NA,NA,NA,NA,NA,NA,NA,NA,NA,NA,NA,NA,NA,NA,NA,NA,NA,NA,NA,NA,NA,NA,NA,NA,NA,NA,NA,NA,NA,NA,NA,NA,380495100000,369009500000,623913600000,596826598368.91,582167359967.123,642199388668.265,693314603427.302,880275235783.709,1086730646314.97,1281871072732.4,1466269290171.06,1694419300818.74,1878317244223.14,2085265360394.46,2490128053749.52,2780628747463.18,3366717520968.62,3718265966335,4056409714718.54,4779213369940.58,5585099701077,5716873522973,5552008526727,5932191584424,6963028235933
Bangladesh,513,"Money and Quasi Money, Broad Money (M2), US Dollars",FMB_XDC,Value,NA,NA,NA,NA,NA,NA,NA,NA,NA,NA,NA,NA,NA,NA,NA,NA,NA,NA,NA,NA,NA,NA,NA,NA,NA,NA,NA,NA,NA,NA,NA,NA,NA,NA,NA,NA,NA,NA,NA,NA,NA,NA,NA,NA,NA,NA,NA,NA,NA,NA,NA,NA,NA,NA,NA,NA,NA,NA,NA,NA,NA,1173131000000,1343240000000,1532211000000,1748702000000,2025231000000,2434644000000,2764498000000,3218075000000,3869555000000,4685213000000,5477734000000,6409569000000,7361378000000,8510505000000,9777918000000,11410611000000,12978360000000,14471672000000,16194563000000,18313603000000,19994006000000,21494016000000,23001446000000,24411665000000,NA
Bosnia and Herzegovina,963,"Money and Quasi Money, Broad Money (M2), US Dollars",FMB_XDC,Value,NA,NA,NA,NA,NA,NA,NA,NA,NA,NA,NA,NA,NA,NA,NA,NA,NA,NA,NA,NA,NA,NA,NA,NA,NA,NA,NA,NA,NA,NA,NA,NA,NA,NA,NA,NA,NA,NA,NA,NA,NA,NA,NA,NA,NA,NA,NA,NA,NA,NA,NA,NA,NA,NA,NA,NA,NA,NA,NA,NA,NA,4600478693,5071278469.999999,5496149020,6831565640.000001,8075092050,9901802289.570002,11953209282.15,12439292677.63,12709091253.52,13627140859.53,14417369807.14,14909695023.59,16093587423.71,17268941196.09,18647208317.23,20197558918.51,22116292439.79,24191076633.9,26332693828.74,28248989824.9,31515582074.98,33239985642.6,35790804432.16,39132426213.33,NA
Belarus,913,"Money and Quasi Money, Broad Money (M2), US Dollars",FMB_XDC,Value,NA,NA,NA,NA,NA,NA,NA,NA,NA,NA,NA,NA,NA,NA,NA,NA,NA,NA,NA,NA,NA,NA,NA,NA,NA,NA,NA,NA,NA,NA,NA,NA,NA,NA,NA,NA,NA,NA,NA,NA,NA,NA,NA,NA,NA,NA,NA,NA,NA,NA,NA,NA,NA,NA,NA,NA,NA,NA,NA,NA,NA,256228803.63,381854025.9,589373978.25,883950000,1257058910,1750586580,2450601750,3096110030,3810707290,5026017120,11119532390,16129376430,19330678410,23944273070,32693879880,33934965747.7752,39848544785.51,43232908800,48509693935.9353,50800658500,54351444400,NA,NA,NA,NA
Belize,339,"Money and Quasi Money, Broad Money (M2), US Dollars",FMB_XDC,Value,NA,NA,NA,NA,NA,NA,NA,NA,NA,NA,NA,NA,NA,NA,NA,NA,NA,NA,NA,NA,NA,NA,NA,NA,NA,NA,NA,NA,NA,NA,NA,NA,NA,NA,NA,NA,NA,NA,NA,NA,NA,NA,NA,NA,NA,NA,NA,NA,NA,NA,NA,NA,NA,NA,NA,NA,NA,NA,NA,NA,NA,991870000,1021002000,1071344000,1212259000,1291947000,1504796339.34,1736100148.5,1966634838.03,2093171185.56,2090776557.44,2201187509.05,2443513569.86,2476573155.37,2672056882.09,2874104493.9,2950241797.18,2939370538.43,3017319525.93,3157361404.96,3533801970.84,3971692890.34,4109948456.01,4447558151.28,4863838839.26,5153085778.79
Bolivia,218,"Money and Quasi Money, Broad Money (M2), US Dollars",FMB_XDC,Value,NA,NA,NA,NA,NA,NA,NA,NA,NA,NA,NA,NA,NA,NA,NA,NA,NA,NA,NA,NA,NA,NA,NA,NA,NA,NA,NA,NA,NA,NA,NA,NA,NA,NA,NA,NA,NA,NA,NA,NA,NA,NA,NA,NA,NA,NA,NA,NA,NA,NA,NA,NA,NA,NA,NA,NA,NA,NA,NA,NA,NA,34145254293.2672,32164317428.9323,36738375247.1356,34861567995.9744,39688299830.2696,48959127538.4958,62148803498.1762,77494309364.576,85343106224.9766,96125106678.5504,118201478340.89,141095336029.238,166645874523.672,192715687688.522,218038615945.278,218044047269.261,239826990837.713,249733082308.431,245833546161.457,268645239885.776,190954209152.764,200824743606.203,203319620034.475,228954646468.721,NA
Brazil,223,"Money and Quasi Money, Broad Money (M2), US Dollars",FMB_XDC,Value,NA,NA,NA,NA,NA,NA,NA,NA,NA,NA,NA,NA,NA,NA,NA,NA,NA,NA,NA,NA,NA,NA,NA,NA,NA,NA,NA,NA,NA,NA,NA,NA,NA,NA,NA,NA,NA,NA,NA,NA,NA,NA,NA,NA,NA,NA,NA,NA,NA,NA,NA,NA,NA,NA,NA,NA,NA,NA,NA,NA,NA,771508635488.132,818907164287.306,971094890951.926,1102841687961.79,1305238544479.11,1523971762049.18,1859549944673.65,2192083185862.81,2536123625537.77,2884051556660.11,3362167512548.42,3806205579487.22,4192066895321.63,4733341838290.4,5280467285252.21,5881954871034.07,6128420362857.01,6563793038777.81,7097840403324.24,8306196030728.18,9324469900167.44,10513325972534.1,12057873902263.7,13710641865729.2,NA
Barbados,316,"Money and Quasi Money, Broad Money (M2), US Dollars",FMB_XDC,Value,NA,NA,NA,NA,NA,NA,NA,NA,NA,NA,NA,NA,NA,NA,NA,NA,NA,NA,NA,NA,NA,NA,NA,NA,NA,NA,NA,NA,NA,NA,NA,NA,NA,NA,NA,NA,NA,NA,NA,NA,NA,NA,NA,NA,NA,NA,NA,NA,NA,NA,NA,NA,NA,NA,NA,NA,NA,NA,NA,NA,NA,5359648000,6183683000,6469169000,7227950000,8448445000,8900031003.99,10761233142,10885418561,10947794288,NA,NA,9466466873.34966,9822284358.88584,10133477196.7794,10753812777.1629,11200405794.3411,11336496839.8358,11321910299.5334,11657383049.6487,12503451496.2506,13249979185.9016,13958260732.9952,14089156875.5261,NA,NA
Brunei Darussalam,516,"Money and Quasi Money, Broad Money (M2), US Dollars",FMB_XDC,Value,NA,NA,NA,NA,NA,NA,NA,NA,NA,NA,NA,NA,NA,NA,NA,NA,NA,NA,NA,NA,NA,NA,NA,NA,NA,NA,NA,NA,NA,NA,NA,NA,NA,NA,NA,NA,NA,NA,NA,NA,NA,NA,NA,NA,NA,NA,NA,NA,NA,NA,NA,NA,NA,NA,NA,NA,NA,NA,NA,NA,NA,7811022761.27,7958293371.43,8282280179.8,9593752087.27,9162281138.42,9356236945.26,9983680656.33,10939993705.85,11996316411.03,12572984821.6852,13837184842.331,13961592059.5603,14166306551.0533,14622621151.1084,14365355864.2615,14582167726.0329,14517775052.5734,14929719169.9996,15567062903.8751,15500175712.6524,15919547815.6647,16118781705.4706,16552270305.9347,17153614189.1765,NA
Bhutan,514,"Money and Quasi Money, Broad Money (M2), US Dollars",FMB_XDC,Value,NA,NA,NA,NA,NA,NA,NA,NA,NA,NA,NA,NA,NA,NA,NA,NA,NA,NA,NA,NA,NA,NA,NA,NA,NA,NA,NA,NA,NA,NA,NA,NA,NA,NA,NA,NA,NA,NA,NA,NA,NA,NA,NA,NA,NA,NA,NA,NA,NA,NA,NA,NA,NA,NA,NA,NA,NA,NA,NA,NA,NA,10715563166.7483,15335718585.16,16114923927.399,18721196082.51,21152928355.4461,25100720786.4447,28056515892.7089,35399160469.2081,44547928657.5944,51962392179.9902,54242870967.7659,57383628994.9429,59533529083.4978,74961629218.3981,77875597188.4342,96203175925.7317,112872643190.164,120266206394.609,135211055360.197,173072368914.124,178617418603.333,197442649018.307,209283596096.133,233376838527.053,NA
Botswana,616,"Money and Quasi Money, Broad Money (M2), US Dollars",FMB_XDC,Value,NA,NA,NA,NA,NA,NA,NA,NA,NA,NA,NA,NA,NA,NA,NA,NA,NA,NA,NA,NA,NA,NA,NA,NA,NA,NA,NA,NA,NA,NA,NA,NA,NA,NA,NA,NA,NA,NA,NA,NA,NA,NA,NA,NA,NA,NA,NA,NA,NA,NA,NA,NA,NA,NA,NA,NA,NA,NA,NA,NA,NA,12633716979.31,15572738296.8,17801914078.84,19708452471.752,22547033567.19,24567678420.81,32296612088.52,39227767571.1,38716773962.52,42860100737.46,44763225926.49,49236876002.05,53389846130.7,55842206753.46,66941123575.37,70549970993.0963,72466776440.7041,78495248910.466,84767083089.4676,89761949480.1451,94268346287.7535,100665236914.185,110075698154.318,115357315736.432,NA
Central African Republic,626,"Money and Quasi Money, Broad Money (M2), US Dollars",FMB_XDC,Value,NA,NA,NA,NA,NA,NA,NA,NA,NA,NA,NA,NA,NA,NA,NA,NA,NA,NA,NA,NA,NA,NA,NA,NA,NA,NA,NA,NA,NA,NA,NA,NA,NA,NA,NA,NA,NA,NA,NA,NA,NA,NA,NA,NA,NA,NA,NA,NA,NA,NA,NA,NA,NA,NA,NA,NA,NA,NA,NA,NA,NA,108708000000,103184000000,95301000000,107761000000,127464000000,121609000000,113935000000,134931000000,150733000000,175045000000,199191000000,202289000000,213650000000,244800000000,257805000000,272629000000,300718000000,342964000000,373544000000,416390000000,477054000000,488934000000,NA,NA,NA
Canada,156,"Money and Quasi Money, Broad Money (M2), US Dollars",FMB_XDC,Value,NA,NA,NA,NA,NA,NA,NA,NA,NA,NA,NA,NA,NA,NA,NA,NA,NA,NA,NA,NA,NA,NA,NA,NA,NA,NA,NA,NA,NA,NA,NA,NA,NA,NA,NA,NA,NA,NA,NA,NA,NA,NA,NA,NA,NA,NA,NA,NA,NA,NA,NA,NA,NA,NA,NA,NA,NA,NA,NA,NA,NA,1769929603000,1816930537000,1826209004000,1925976772000,2111740913000,2375275453000,1768376277000,2032249287000,NA,NA,NA,NA,NA,NA,NA,NA,NA,NA,NA,NA,NA,NA,NA,NA,NA
Chile,228,"Money and Quasi Money, Broad Money (M2), US Dollars",FMB_XDC,Value,NA,NA,NA,NA,NA,NA,NA,NA,NA,NA,NA,NA,NA,NA,NA,NA,NA,NA,NA,NA,NA,NA,NA,NA,NA,NA,NA,NA,NA,NA,NA,NA,NA,NA,NA,NA,NA,NA,NA,NA,NA,NA,NA,NA,NA,NA,NA,NA,NA,NA,NA,NA,NA,NA,NA,NA,NA,NA,NA,NA,NA,39759135091000,42176157627000,41960067077000,45968650827000,51113299505116,60920097300397,72345406544981,72516513899949.2,69109723619255.3,74441162697952,91470842622624.2,100893047982247,112740785462243,122597170621813,133816655723051,140376103903487,141156624671132,147055192677146,164937184546679,188136644376718,224419258878975,232928796020748,239013739596271,233946326455709,NA
Côte d'Ivoire,662,"Money and Quasi Money, Broad Money (M2), US Dollars",FMB_XDC,Value,NA,NA,NA,NA,NA,NA,NA,NA,NA,NA,NA,NA,NA,NA,NA,NA,NA,NA,NA,NA,NA,NA,NA,NA,NA,NA,NA,NA,NA,NA,NA,NA,NA,NA,NA,NA,NA,NA,NA,NA,NA,NA,NA,NA,NA,NA,NA,NA,NA,NA,NA,NA,NA,NA,NA,NA,NA,NA,NA,NA,NA,1721287400000,2233866300000,1615546900000,1737810274677.67,1734737955468.89,1963128517857.43,2594327909926.19,2802312736270.85,3395556314392.12,4044800677967.23,4490367687026.4,4708415144402.85,5242357163197.1,5985607687231.4,7072276299086.32,7852947279510.66,8574900500169.7,9723654645046,10770015310310.4,13042567711704.7,15487394121215,16878624072339,17440073865948,19819798874030,24529366719552
Cameroon,622,"Money and Quasi Money, Broad Money (M2), US Dollars",FMB_XDC,Value,NA,NA,NA,NA,NA,NA,NA,NA,NA,NA,NA,NA,NA,NA,NA,NA,NA,NA,NA,NA,NA,NA,NA,NA,NA,NA,NA,NA,NA,NA,NA,NA,NA,NA,NA,NA,NA,NA,NA,NA,NA,NA,NA,NA,NA,NA,NA,NA,NA,NA,NA,NA,NA,NA,NA,NA,NA,NA,NA,NA,NA,1019511000000,1235378000000,1259436000000,1353273000000,1429789000000,1546001000000,1775920000000,2023684000000,2190264000000,2492692000000,2745211000000,2743594000000,3057606000000,3462532000000,3767336000000,3955740000000,4170627000000,4751923000000,NA,NA,NA,NA,NA,NA,NA
"Congo, Democratic Republic of the",636,"Money and Quasi Money, Broad Money (M2), US Dollars",FMB_XDC,Value,NA,NA,NA,NA,NA,NA,NA,NA,NA,NA,NA,NA,NA,NA,NA,NA,NA,NA,NA,NA,NA,NA,NA,NA,NA,NA,NA,NA,NA,NA,NA,NA,NA,NA,NA,NA,NA,NA,NA,NA,NA,NA,NA,NA,NA,NA,NA,NA,NA,NA,NA,NA,NA,NA,NA,NA,NA,NA,NA,NA,NA,63761826000,88273467000,114522211207,208263491671.343,256873824330.349,402085410831.061,605487402768.868,938809896969.619,1466552923542.14,1976389544875.96,2401251180119.2,2897604395912.81,3440626388049.66,3945032876410.71,4315292338667.2,5290769004182.43,7505771635150.59,9581773020949.83,12905289724951.9,18797161494435.9,25340826493245.6,NA,NA,NA,NA
"Congo, Republic of",634,"Money and Quasi Money, Broad Money (M2), US Dollars",FMB_XDC,Value,NA,NA,NA,NA,NA,NA,NA,NA,NA,NA,NA,NA,NA,NA,NA,NA,NA,NA,NA,NA,NA,NA,NA,NA,NA,NA,NA,NA,NA,NA,NA,NA,NA,NA,NA,NA,NA,NA,NA,NA,NA,NA,NA,NA,NA,NA,NA,NA,NA,NA,NA,NA,NA,NA,NA,NA,NA,NA,NA,NA,NA,236519000000,266522000000,261863000000,314191000000,421690000000,620303000000,723055000000,961435000000,1008636000000,1330854000000,1837025000000,2201869000000,2225097000000,2532280000000,2240741000000,1903915000000,1683881000000,1582683000000,1804246000000,2058850000000,2209774000000,2407247000000,2639306000000,NA,NA
Colombia,233,"Money and Quasi Money, Broad Money (M2), US Dollars",FMB_XDC,Value,NA,NA,NA,NA,NA,NA,NA,NA,NA,NA,NA,NA,NA,NA,NA,NA,NA,NA,NA,NA,NA,NA,NA,NA,NA,NA,NA,NA,NA,NA,NA,NA,NA,NA,NA,NA,NA,NA,NA,NA,NA,NA,NA,NA,NA,NA,NA,NA,NA,NA,NA,NA,NA,NA,NA,NA,NA,NA,NA,NA,NA,64388193847064.9,67354883306714,74444251413469.5,88803635801336.1,104462805897153,123213449741221,144643042441388,171375939568936,185181789558089,206399294189905,245457918998096,284906953722055,324038336432888,353820365189387,394230174894183,422561794745971,451252773317049,364594560745580,390804552676936,468696079578972,546582120358752,614293639663773,640641717932251,713298438460008,NA
Comoros,632,"Money and Quasi Money, Broad Money (M2), US Dollars",FMB_XDC,Value,NA,NA,NA,NA,NA,NA,NA,NA,NA,NA,NA,NA,NA,NA,NA,NA,NA,NA,NA,NA,NA,NA,NA,NA,NA,NA,NA,NA,NA,NA,NA,NA,NA,NA,NA,NA,NA,NA,NA,NA,NA,NA,NA,NA,NA,NA,NA,NA,NA,NA,NA,NA,NA,NA,NA,NA,NA,NA,NA,NA,NA,32617264097,36290265462,35539969464,34511835862,36947840520,41567869202,45541048334,50792800422,57570964610.67,68746678707.7524,75326963797.0801,87372620848.999,89862418584.6276,97138526203.2319,113759242446.16,125430538142.426,127709350546.042,138528248278.4,146710696231.27,165632009978.58,196342773160.751,210829566003,230557510848.367,242210703849.839,NA
Cabo Verde,624,"Money and Quasi Money, Broad Money (M2), US Dollars",FMB_XDC,Value,NA,NA,NA,NA,NA,NA,NA,NA,NA,NA,NA,NA,NA,NA,NA,NA,NA,NA,NA,NA,NA,NA,NA,NA,NA,NA,NA,NA,NA,NA,NA,NA,NA,NA,NA,NA,NA,NA,NA,NA,NA,NA,NA,NA,NA,NA,NA,NA,NA,NA,NA,NA,NA,NA,NA,NA,NA,NA,NA,NA,NA,45580700000,52062700000,56539985816.05,62523397000,72389504885.3,85440887942,94616749339.5901,101783486098.32,105306866284,110999181084.977,116088044450.11,123406797232.01,137490936301.006,147716210002.391,156929368375.627,170042746291.283,181104797393.125,183630190391.211,199143547419.477,206660867948.184,212936431484.26,225290311282.14,239417086081.53,257947915835.67,NA
Costa Rica,238,"Money and Quasi Money, Broad Money (M2), US Dollars",FMB_XDC,Value,NA,NA,NA,NA,NA,NA,NA,NA,NA,NA,NA,NA,NA,NA,NA,NA,NA,NA,NA,NA,NA,NA,NA,NA,NA,NA,NA,NA,NA,NA,NA,NA,NA,NA,NA,NA,NA,NA,NA,NA,NA,NA,NA,NA,NA,NA,NA,NA,NA,NA,NA,NA,NA,NA,NA,NA,NA,NA,NA,NA,NA,2172271459120.92,2591179669561.07,3230597726848.07,3966986840837.54,5064907416924.4,6217433956043.74,7489609991518.91,9174989082556.62,10022868258416.1,10117212099261.9,10666927849289.6,11726464808221.2,12854453478664.3,14688602290853.4,15280379429230.2,15751944153322.3,15995713033914.2,16341086190170.1,17001122489930.3,20023406059595,21779229156782.9,21266301113457.7,22323915183560.3,24810066957065.1,NA
Dominica,321,"Money and Quasi Money, Broad Money (M2), US Dollars",FMB_XDC,Value,NA,NA,NA,NA,NA,NA,NA,NA,NA,NA,NA,NA,NA,NA,NA,NA,NA,NA,NA,NA,NA,NA,NA,NA,NA,NA,NA,NA,NA,NA,NA,NA,NA,NA,NA,NA,NA,NA,NA,NA,NA,NA,NA,NA,NA,NA,NA,NA,NA,NA,NA,NA,NA,NA,NA,NA,NA,NA,NA,NA,NA,566655157,620190411,672339574,716389447,755545478,840088994,925499156,977329939,1075929265,1104306522.15211,1133524972.64423,1261634218.06925,1300022830.45315,1364628556.70985,1412675000,1499080000,1757020000,1784536393.97,1574243690,1389111828.4,1414544811.3,1396770176.3,1390490717.99,1436573613.38,NA
Dominican Republic,243,"Money and Quasi Money, Broad Money (M2), US Dollars",FMB_XDC,Value,NA,NA,NA,NA,NA,NA,NA,NA,NA,NA,NA,NA,NA,NA,NA,NA,NA,NA,NA,NA,NA,NA,NA,NA,NA,NA,NA,NA,NA,NA,NA,NA,NA,NA,NA,NA,NA,NA,NA,NA,NA,NA,NA,NA,NA,NA,NA,NA,NA,NA,NA,NA,NA,NA,NA,NA,NA,NA,NA,NA,NA,157046252537,165659267756,310112554889.7,358665026065.866,385340778506.933,408316043901.85,478287005614.02,504171417591.577,572392739556.781,643014281473.847,723832758993.36,795880492623.42,890992785332.42,973565746553.07,1091477365948.37,1197920790530.68,1314243666880.52,1401469234355.51,1565004664249.03,1905406268098.16,2166527137351.06,2287163856534.58,2618404816314.18,2913808171744.96,3254703290359.72
Algeria,612,"Money and Quasi Money, Broad Money (M2), US Dollars",FMB_XDC,Value,NA,NA,NA,NA,NA,NA,NA,NA,NA,NA,NA,NA,NA,NA,NA,NA,NA,NA,NA,NA,NA,NA,NA,NA,NA,NA,NA,NA,NA,NA,NA,NA,NA,NA,NA,NA,NA,NA,NA,NA,NA,NA,NA,NA,NA,NA,NA,NA,NA,NA,NA,NA,NA,NA,NA,NA,NA,NA,NA,NA,NA,2403069491382.28,2836874368257.76,3299459519201.01,3644293407790.02,4070442630560.55,4870071993159.82,5994607617030.44,6955967773528.56,7292694702848.37,8280740465950.38,9929187740063.12,11015134770498,11941507586741.9,13663911696251.2,13704511417483.3,13816309327311.7,14974234178039.3,16636712469882.2,16510684196822.3,17740006563278.7,20078806213655.1,22955346742900,24330816617059.6,26528942373664.1,NA
Eritrea,643,"Money and Quasi Money, Broad Money (M2), US Dollars",FMB_XDC,Value,NA,NA,NA,NA,NA,NA,NA,NA,NA,NA,NA,NA,NA,NA,NA,NA,NA,NA,NA,NA,NA,NA,NA,NA,NA,NA,NA,NA,NA,NA,NA,NA,NA,NA,NA,NA,NA,NA,NA,NA,NA,NA,NA,NA,NA,NA,NA,NA,NA,NA,NA,NA,NA,NA,NA,NA,NA,NA,NA,NA,NA,12702856853.392,15339710073.666,17650170813.37,19714072679.75,21816771075.67,23073943958.69,25869048931.61,29975956821.51,34688597639.84,40096769013.43,45960580966,52578621574.67,61236808235.71,69140312073.42,NA,NA,NA,NA,NA,NA,NA,NA,NA,NA,NA
Fiji,819,"Money and Quasi Money, Broad Money (M2), US Dollars",FMB_XDC,Value,NA,NA,NA,NA,NA,NA,NA,NA,NA,NA,NA,NA,NA,NA,NA,NA,NA,NA,NA,NA,NA,NA,NA,NA,NA,NA,NA,NA,NA,NA,NA,NA,NA,NA,NA,NA,NA,NA,NA,NA,NA,NA,NA,NA,NA,NA,NA,NA,NA,NA,NA,NA,NA,NA,NA,NA,NA,NA,NA,NA,NA,1672800266.68,2025220413.89,2354997064.08,2577833180.39,2968831417.99,3629921908.36,3930786532.97,3676581369.914809,3936950213.802615,4074995136.867102,4525183120.512686,4809785397.727504,5722969225.006078,6317893952.946379,7198333003.297562,7583072709.731309,8195548472.133003,8397160331.039257,8664062952.765146,8749485009.193775,9748778604.195763,10244082080.54281,11141129390.52517,NA,NA
Gabon,646,"Money and Quasi Money, Broad Money (M2), US Dollars",FMB_XDC,Value,NA,NA,NA,NA,NA,NA,NA,NA,NA,NA,NA,NA,NA,NA,NA,NA,NA,NA,NA,NA,NA,NA,NA,NA,NA,NA,NA,NA,NA,NA,NA,NA,NA,NA,NA,NA,NA,NA,NA,NA,NA,NA,NA,NA,NA,NA,NA,NA,NA,NA,NA,NA,NA,NA,NA,NA,NA,NA,NA,NA,NA,549313000000,575181000000,564978000000,619858000000,822380000000,940172000000,1010705000000,1120165000000,1158174000000,1398170000000,1776585000000,1953785000000,2166685000000,2109581000000,2117097000000,2032342000000,1678510000000,2236329000000,2266828000000,NA,NA,NA,NA,NA,NA
Georgia,915,"Money and Quasi Money, Broad Money (M2), US Dollars",FMB_XDC,Value,NA,NA,NA,NA,NA,NA,NA,NA,NA,NA,NA,NA,NA,NA,NA,NA,NA,NA,NA,NA,NA,NA,NA,NA,NA,NA,NA,NA,NA,NA,NA,NA,NA,NA,NA,NA,NA,NA,NA,NA,NA,NA,NA,NA,NA,NA,NA,NA,NA,NA,NA,NA,NA,NA,NA,NA,NA,NA,NA,NA,NA,749330824.93,890308246,1095627685,1534207884.89309,1961504650.96689,2799779664.11533,4098857212.26849,4421698466.33563,4763606911.82361,6199008806.06515,7097777273.17387,7903738971.39069,9836618601.02235,11189835906.3507,13120378000,15886612000,18204387000,20738620000,24113481000,30379590000,33846235000,37581907000,43369306000,49467603000,NA
Ghana,652,"Money and Quasi Money, Broad Money (M2), US Dollars",FMB_XDC,Value,NA,NA,NA,NA,NA,NA,NA,NA,NA,NA,NA,NA,NA,NA,NA,NA,NA,NA,NA,NA,NA,NA,NA,NA,NA,NA,NA,NA,NA,NA,NA,NA,NA,NA,NA,NA,NA,NA,NA,NA,NA,NA,NA,NA,NA,NA,NA,NA,NA,NA,NA,NA,NA,NA,NA,NA,NA,NA,NA,NA,NA,1197145556.33146,1666596243.20844,2053927123.92631,2614139359.26368,3123047159.56563,4351670000,5954585841.05543,8287483717.87914,10337729706.9796,13637298520.5008,18273291393.7872,22867056778.7976,27326259575.4489,37516943648.42,47111533197.72,57711163359.74,66982825964,77539928575.83,94098262048.24,120785612814.31,146517119334.907,193442303341.675,265810440379.52,353464099329.07,NA
"Gambia, The",648,"Money and Quasi Money, Broad Money (M2), US Dollars",FMB_XDC,Value,NA,NA,NA,NA,NA,NA,NA,NA,NA,NA,NA,NA,NA,NA,NA,NA,NA,NA,NA,NA,NA,NA,NA,NA,NA,NA,NA,NA,NA,NA,NA,NA,NA,NA,NA,NA,NA,NA,NA,NA,NA,NA,NA,NA,NA,NA,NA,NA,NA,NA,NA,NA,NA,NA,NA,NA,NA,NA,NA,NA,NA,2367310000,3202522826.24,4571416238.49,5597729027.6,6048333903.88,7659946575.43,8179164748.39,9664160664.17,11096986000,13076764000,14541156000,15597902000,17877006000,19486700000,NA,NA,26853215790.87,31753642972.69,40330593453.34,49408209331,60149546097.29,64803459703.7,70808699766.77,76349671107.1,NA
Guinea-Bissau,654,"Money and Quasi Money, Broad Money (M2), US Dollars",FMB_XDC,Value,NA,NA,NA,NA,NA,NA,NA,NA,NA,NA,NA,NA,NA,NA,NA,NA,NA,NA,NA,NA,NA,NA,NA,NA,NA,NA,NA,NA,NA,NA,NA,NA,NA,NA,NA,NA,NA,NA,NA,NA,NA,NA,NA,NA,NA,NA,NA,NA,NA,NA,NA,NA,NA,NA,NA,NA,NA,NA,NA,NA,NA,56762300000,71366300000,30282700000,42985276060.7609,50959166508.0324,53158857696.0471,67301570624.5874,87309744118.2625,93623835584.5095,111923440712.039,162873358776.057,154095140633.641,161792125828.046,240712901081.18,306169018961.85,334761227353.262,344188356426.546,365030793649,365954961115.328,399230590351.423,482643929792,499566365656,494092539028,524887486211,547444005868
Equatorial Guinea,642,"Money and Quasi Money, Broad Money (M2), US Dollars",FMB_XDC,Value,NA,NA,NA,NA,NA,NA,NA,NA,NA,NA,NA,NA,NA,NA,NA,NA,NA,NA,NA,NA,NA,NA,NA,NA,NA,NA,NA,NA,NA,NA,NA,NA,NA,NA,NA,NA,NA,NA,NA,NA,NA,NA,NA,NA,NA,NA,NA,NA,NA,NA,NA,NA,NA,NA,NA,NA,NA,NA,NA,NA,NA,61431000000,94848000000,152139000000,202251000000,276950000000,312244750000,438290750000,572755000000,710000000000,908000000000,908000000000,1449000000000,1539000000000,1295000000000,1204000000000,951000000000,902000000000,895000000000,830000000000,788000000000,783000000000,955136000000,1038477000000,NA,NA
Grenada,328,"Money and Quasi Money, Broad Money (M2), US Dollars",FMB_XDC,Value,NA,NA,NA,NA,NA,NA,NA,NA,NA,NA,NA,NA,NA,NA,NA,NA,NA,NA,NA,NA,NA,NA,NA,NA,NA,NA,NA,NA,NA,NA,NA,NA,NA,NA,NA,NA,NA,NA,NA,NA,NA,NA,NA,NA,NA,NA,NA,NA,NA,NA,NA,NA,NA,NA,NA,NA,NA,NA,NA,NA,NA,1218732405,1347163438,1429282764,1718319084,1610962327,1647840093,1848448346,1942597228,2007430854,2070759686.99502,2078255009.00392,1974488846.87335,2048862191.96731,2175192281.5073,2334479000,2439110000,2514510000,2747007125.97,2691253860,2658779445.16,2884660707.35,3169846927.65,3212997407.54,3484135937.54,NA
Guatemala,258,"Money and Quasi Money, Broad Money (M2), US Dollars",FMB_XDC,Value,NA,NA,NA,NA,NA,NA,NA,NA,NA,NA,NA,NA,NA,NA,NA,NA,NA,NA,NA,NA,NA,NA,NA,NA,NA,NA,NA,NA,NA,NA,NA,NA,NA,NA,NA,NA,NA,NA,NA,NA,NA,NA,NA,NA,NA,NA,NA,NA,NA,NA,NA,NA,NA,NA,NA,NA,NA,NA,NA,NA,NA,47666361869.718,51617969171.6107,74922167008.398,83021710286.8736,94411669754.1897,106679447002.983,117652226476.595,127673004832.501,142158361743.98,155044091034.232,166261504735.861,181824716923.466,199182750787.705,214867824047.027,234399381029.761,249282775331.802,267488626019.35,293302998073.753,318967322280.943,376591474999.398,406810367280.8,435321162679.314,461698989702.164,499615409484.483,570883055523.238
Guyana,336,"Money and Quasi Money, Broad Money (M2), US Dollars",FMB_XDC,Value,NA,NA,NA,NA,NA,NA,NA,NA,NA,NA,NA,NA,NA,NA,NA,NA,NA,NA,NA,NA,NA,NA,NA,NA,NA,NA,NA,NA,NA,NA,NA,NA,NA,NA,NA,NA,NA,NA,NA,NA,NA,NA,NA,NA,NA,NA,NA,NA,NA,NA,NA,NA,NA,NA,NA,NA,NA,NA,NA,NA,NA,116730717869,126213491558,138173663318,151536302370,160644442539,187936264713,212447483849,238446941594.07,263379170662,305020127477.5,345659540694.74,390228437676.7,412335202665.81,427204287857.73,442891855042.07,466937041556.18,463707805330.49,491448451816.63,562117410299.91,643638452561.69,732272372928.96,845756471707.7,1032549033290.51,1265558702758.64,NA
Honduras,268,"Money and Quasi Money, Broad Money (M2), US Dollars",FMB_XDC,Value,NA,NA,NA,NA,NA,NA,NA,NA,NA,NA,NA,NA,NA,NA,NA,NA,NA,NA,NA,NA,NA,NA,NA,NA,NA,NA,NA,NA,NA,NA,NA,NA,NA,NA,NA,NA,NA,NA,NA,NA,NA,NA,NA,NA,NA,NA,NA,NA,NA,NA,NA,NA,NA,NA,NA,NA,NA,NA,NA,NA,NA,53391137871.1225,60211571293.2762,67522560669.177,79724589343.5612,93537701582.853,113728573222.571,132635892908.494,139080155275.514,139868112997.743,153682244679.593,172737594320.666,184831351417.313,200131624057.759,226699362587.093,244500713078.805,288129383223.715,323963191746.337,350563521324.653,386571743727.302,459712523635.282,503549544180.073,565988521570.024,627913433828.963,688776581569.908,NA
Hungary,944,"Money and Quasi Money, Broad Money (M2), US Dollars",FMB_XDC,Value,NA,NA,NA,NA,NA,NA,NA,NA,NA,NA,NA,NA,NA,NA,NA,NA,NA,NA,NA,NA,NA,NA,NA,NA,NA,NA,NA,NA,NA,NA,NA,NA,NA,NA,NA,NA,NA,NA,NA,NA,NA,NA,NA,NA,NA,NA,NA,NA,NA,NA,NA,NA,NA,NA,NA,NA,NA,NA,NA,NA,NA,6961741607486.47,7923949468765.85,8791801400000,9806155150000,11247671800000,12800141400000,14209635510000,15447249780000,16010827680000,16694041800000,17806962500000,16981271800000,18307365800000,18764202300000,19830317700000,21265709600000,22921748100000,25630124500000,27718971200000,33564942200000,39774109700000,43138275090000,44624621390000,48865039560000,NA
Iceland,176,"Money and Quasi Money, Broad Money (M2), US Dollars",FMB_XDC,Value,NA,NA,NA,NA,NA,NA,NA,NA,NA,NA,NA,NA,NA,NA,NA,NA,NA,NA,NA,NA,NA,NA,NA,NA,NA,NA,NA,NA,NA,NA,NA,NA,NA,NA,NA,NA,NA,NA,NA,NA,NA,NA,NA,NA,NA,NA,NA,NA,NA,NA,NA,NA,NA,NA,NA,NA,NA,NA,NA,NA,NA,343347285000,393963012000,482088689000,560930422000,707930372000,1133532386000,1199894677896.41,1584948716516.1,1624112393428.34,1461357546817.04,1544548669906.48,1473986816915.12,1542586748370.7,1631855284205,1722791714699,1642935750064,1725644264375,1846297779127.78,1968042565345,2112996073127,2342619762974,2550356588209,2762558584343,3084539852401,NA
Israel,436,"Money and Quasi Money, Broad Money (M2), US Dollars",FMB_XDC,Value,NA,NA,NA,NA,NA,NA,NA,NA,NA,NA,NA,NA,NA,NA,NA,NA,NA,NA,NA,NA,NA,NA,NA,NA,NA,NA,NA,NA,NA,NA,NA,NA,NA,NA,NA,NA,NA,NA,NA,NA,NA,NA,NA,NA,NA,NA,NA,NA,NA,NA,NA,NA,NA,NA,NA,NA,NA,NA,NA,NA,NA,476648970006.667,529294225372.546,528940781334.283,567188526016.672,624088983907.657,667431356662.302,531077551717.671,597562352468.031,632155459285.88,651958700389.544,727301038644.175,773125248696.428,839047592997.995,938268852924.529,977826303724.891,1034124577197.75,1087964699224.45,1133735871289.58,1218946346450.21,1488071537228.38,1718787893152.37,1817464861555.98,1901829622630.37,2056071189628.21,NA
Jamaica,343,"Money and Quasi Money, Broad Money (M2), US Dollars",FMB_XDC,Value,NA,NA,NA,NA,NA,NA,NA,NA,NA,NA,NA,NA,NA,NA,NA,NA,NA,NA,NA,NA,NA,NA,NA,NA,NA,NA,NA,NA,NA,NA,NA,NA,NA,NA,NA,NA,NA,NA,NA,NA,NA,NA,NA,NA,NA,NA,NA,NA,NA,NA,NA,NA,NA,NA,NA,NA,NA,NA,NA,NA,NA,196826111000,225112354000,249887297000,290585191000,311741038000,359988569000,412605514000,433872227000,476856588000,503488432000,527819898000,573738157000,647270725000,690943468000,783508949000,888742328156.87,988747589489.07,1086545822664.77,1191629761439.36,1411807742889.8,1602013956095.31,1738522992981.55,1946164391780.5,2105527848965.26,2375674672610.1
Japan,158,"Money and Quasi Money, Broad Money (M2), US Dollars",FMB_XDC,Value,NA,NA,NA,NA,NA,NA,NA,NA,NA,NA,NA,NA,NA,NA,NA,NA,NA,NA,NA,NA,NA,NA,NA,NA,NA,NA,NA,NA,NA,NA,NA,NA,NA,NA,NA,NA,NA,NA,NA,NA,NA,NA,NA,NA,NA,NA,NA,NA,NA,NA,NA,NA,NA,NA,NA,NA,NA,NA,NA,NA,NA,10150772e8,10244509e8,10299881e8,10363934e8,103861e10,10312005e8,10381389e8,10470651e8,10691101e8,10883858e8,11201527e8,11445745e8,11852441e8,12191788e8,12556914e8,13040687e8,13495389e8,13808832e8,14094217e8,15131114e8,15576647e8,15930249e8,16270287e8,16282156e8,NA
Kenya,664,"Money and Quasi Money, Broad Money (M2), US Dollars",FMB_XDC,Value,NA,NA,NA,NA,NA,NA,NA,NA,NA,NA,NA,NA,NA,NA,NA,NA,NA,NA,NA,NA,NA,NA,NA,NA,NA,NA,NA,NA,NA,NA,NA,NA,NA,NA,NA,NA,NA,NA,NA,NA,NA,NA,NA,NA,NA,NA,NA,NA,NA,NA,NA,NA,NA,NA,NA,NA,NA,NA,NA,NA,NA,359533472192.35,395087055077.1,441657148498.7,501155715514.05,550812085969.15,644295397506.45,775880137611.65,896520484867.764,1044063756335.14,1277533897163.15,1522207881390.42,1741288952397.34,2007328740028.16,2539697667353.91,2947822254507.46,3062504636415.47,3338385085696.45,3676329175321.06,3897552194820.77,4414885385927.89,4689438972166.79,5042418793325.91,6044532806365.71,6105540770131.34,NA
Kyrgyz Republic,917,"Money and Quasi Money, Broad Money (M2), US Dollars",FMB_XDC,Value,NA,NA,NA,NA,NA,NA,NA,NA,NA,NA,NA,NA,NA,NA,NA,NA,NA,NA,NA,NA,NA,NA,NA,NA,NA,NA,NA,NA,NA,NA,NA,NA,NA,NA,NA,NA,NA,NA,NA,NA,NA,NA,NA,NA,NA,NA,NA,NA,NA,NA,NA,NA,NA,NA,NA,NA,NA,NA,NA,NA,NA,8234000000,11023548000,14701486000,19416256000,21338371300,32045553200,43389864744.5,46752160393.36,57141977679.33,69224720790.54,79544863928.55,98499911314.47,120922728121.64,124577185394.17,143142891773.3,164017336848.856,193390631403.37,204071109316.66,230260572831.63,285248160383.9,339778298351.22,443722269102.77,NA,NA,NA
Cambodia,522,"Money and Quasi Money, Broad Money (M2), US Dollars",FMB_XDC,Value,NA,NA,NA,NA,NA,NA,NA,NA,NA,NA,NA,NA,NA,NA,NA,NA,NA,NA,NA,NA,NA,NA,NA,NA,NA,NA,NA,NA,NA,NA,NA,NA,NA,NA,NA,NA,NA,NA,NA,NA,NA,NA,NA,NA,NA,NA,NA,NA,NA,NA,NA,NA,NA,NA,NA,NA,NA,NA,NA,NA,NA,2206206370252.92,2892110269214.5,3338433376842.7,4284832596891.88,4962544067341.88,6974652737783.92,11287533657941.1,11902257700000,16137411200000,19574664800000,20345513205254,28363734858512.4,34553453959318.5,45436650983439.9,53159602880895.1,64323108036945.1,79209386422454.1,100240470021974,118436428209088,136542097848588,158938990884873,171962126821666,193530493782156,227445424952799,NA
St. Kitts and Nevis,361,"Money and Quasi Money, Broad Money (M2), US Dollars",FMB_XDC,Value,NA,NA,NA,NA,NA,NA,NA,NA,NA,NA,NA,NA,NA,NA,NA,NA,NA,NA,NA,NA,NA,NA,NA,NA,NA,NA,NA,NA,NA,NA,NA,NA,NA,NA,NA,NA,NA,NA,NA,NA,NA,NA,NA,NA,NA,NA,NA,NA,NA,NA,NA,NA,NA,NA,NA,NA,NA,NA,NA,NA,NA,1159892559,1223592095,1340301474,1560312833,1666720513,1908592915,2122079218,2127017412,2230621603,2373714257.53213,2603083909.75987,2914770933.52895,3236440777.98179,3582469917.39203,3756463000,3739970000,3647740000,3553848570.02,3016592410,2771547080.1,3017108701.43,3129938865.28,3071909182.5,3148399710.87,NA
Korea,542,"Money and Quasi Money, Broad Money (M2), US Dollars",FMB_XDC,Value,NA,NA,NA,NA,NA,NA,NA,NA,NA,NA,NA,NA,NA,NA,NA,NA,NA,NA,NA,NA,NA,NA,NA,NA,NA,NA,NA,NA,NA,NA,NA,NA,NA,NA,NA,NA,NA,NA,NA,NA,NA,NA,NA,NA,NA,NA,NA,NA,NA,NA,NA,NA,NA,NA,NA,NA,NA,NA,NA,NA,NA,764979288000000,872075556000000,898069427000000,954722520159534,1021448643977580,1149262113e6,1273611866e6,1425887495e6,1566849999e6,1660530025e6,1751458357e6,18356415984e5,19207950174e5,20772340344e5,22473750434e5,2407459074e6,2530353622e6,2700362359e6,2913609579e6,3199835655e6,3613687601e6,3758235458201570,3904552627e6,4160355825e6,NA
Kuwait,443,"Money and Quasi Money, Broad Money (M2), US Dollars",FMB_XDC,Value,NA,NA,NA,NA,NA,NA,NA,NA,NA,NA,NA,NA,NA,NA,NA,NA,NA,NA,NA,NA,NA,NA,NA,NA,NA,NA,NA,NA,NA,NA,NA,NA,NA,NA,NA,NA,NA,NA,NA,NA,NA,NA,NA,NA,NA,NA,NA,NA,NA,NA,NA,NA,NA,NA,NA,NA,NA,NA,NA,NA,NA,9208521900,9646309000,10401246100,11685218000,13086248500,15920579100,18959946200,21950203500,24895757500,25634183600,27746637800,29540683400,32423720500,33620427800,34239348800,35416733600,36761122400,38252640600,37691129000,34920992500,36245471300,38584302700,38973279100,40655303600,NA
St. Lucia,362,"Money and Quasi Money, Broad Money (M2), US Dollars",FMB_XDC,Value,NA,NA,NA,NA,NA,NA,NA,NA,NA,NA,NA,NA,NA,NA,NA,NA,NA,NA,NA,NA,NA,NA,NA,NA,NA,NA,NA,NA,NA,NA,NA,NA,NA,NA,NA,NA,NA,NA,NA,NA,NA,NA,NA,NA,NA,NA,NA,NA,NA,NA,NA,NA,NA,NA,NA,NA,NA,NA,NA,NA,NA,1555229273,1576016951,1744837826,1884260836,2118968570,2488344849,2661163382,2865783790,2952554988,3006326252.25245,3102609712.62035,3204350619.43144,3300174303.87324,3393617964.17244,3577491000,3613380000,3717260000,3901634655.8,3576173280,3122368804,3586490128.5,3731918285.4,4141627704.7,4590429013.2,NA
Sri Lanka,524,"Money and Quasi Money, Broad Money (M2), US Dollars",FMB_XDC,Value,NA,NA,NA,NA,NA,NA,NA,NA,NA,NA,NA,NA,NA,NA,NA,NA,NA,NA,NA,NA,NA,NA,NA,NA,NA,NA,NA,NA,NA,NA,NA,NA,NA,NA,NA,NA,NA,NA,NA,NA,NA,NA,NA,NA,NA,NA,NA,NA,NA,NA,NA,NA,NA,NA,NA,NA,NA,NA,NA,NA,NA,549128700000,622478700000,717834936000,858636919000,1022265660297.23,1204542052612.48,1404015833111.64,1522760630929.58,1806147327870.06,2091402120721.85,3136752212997.33,3689690616609.63,4288473308226.88,4910589183753.88,5747102790260,6677336447424.22,7839493796980.93,8734015233540.62,9460994862276.86,NA,NA,NA,NA,NA,NA
Lesotho,666,"Money and Quasi Money, Broad Money (M2), US Dollars",FMB_XDC,Value,NA,NA,NA,NA,NA,NA,NA,NA,NA,NA,NA,NA,NA,NA,NA,NA,NA,NA,NA,NA,NA,NA,NA,NA,NA,NA,NA,NA,NA,NA,NA,NA,NA,NA,NA,NA,NA,NA,NA,NA,NA,NA,NA,NA,NA,NA,NA,NA,NA,NA,NA,NA,NA,NA,NA,NA,NA,NA,NA,NA,NA,1992711000,2168179000,2297850000,2375548000,2592569000,3507904000,4081458000,4883557000,5273720473.3,6453250796.17,6659644207.32,7148680579.44,8661613008.42,9003837323.68085,10134561485.5955,9644191129.58975,12105974458.4848,13400596765.1585,12195220748.0744,14282899615.7805,NA,NA,NA,NA,NA
Macao SAR,546,"Money and Quasi Money, Broad Money (M2), US Dollars",FMB_XDC,Value,NA,NA,NA,NA,NA,NA,NA,NA,NA,NA,NA,NA,NA,NA,NA,NA,NA,NA,NA,NA,NA,NA,NA,NA,NA,NA,NA,NA,NA,NA,NA,NA,NA,NA,NA,NA,NA,NA,NA,NA,NA,NA,NA,NA,NA,NA,NA,NA,NA,NA,NA,NA,NA,NA,NA,NA,NA,NA,NA,NA,NA,91550005000,98959342000,111090046000,120947033000,135659793000,168911862000,185540565000,189790344000,212233314000,243053843000,297963895000,374931002000,441410532000,487471794000,472829009000,532475286000,591465630000,651452054000,687520576000,692358396000,687540070000,717710704000,725579553000,782436627000,NA
Morocco,686,"Money and Quasi Money, Broad Money (M2), US Dollars",FMB_XDC,Value,NA,NA,NA,NA,NA,NA,NA,NA,NA,NA,NA,NA,NA,NA,NA,NA,NA,NA,NA,NA,NA,NA,NA,NA,NA,NA,NA,NA,NA,NA,NA,NA,NA,NA,NA,NA,NA,NA,NA,NA,NA,NA,NA,NA,NA,NA,NA,NA,NA,NA,NA,NA,NA,NA,NA,NA,NA,NA,NA,NA,NA,345819941348.236,381494324996.871,411502762507.015,445879623376.822,508563091358.831,600555083282.443,705935283353.008,799905705454.74,855954890264.195,891865670889.484,949287067490.55,992175962578.524,1022815973402.16,1086226987072.34,1148038755845.39,1202413574764.41,1269097276754.07,1320624269176.58,1370518255153.49,1485118133004.47,1560769188253.94,1685842910551.13,1751822676493.91,1892039224353.19,NA
Moldova,921,"Money and Quasi Money, Broad Money (M2), US Dollars",FMB_XDC,Value,NA,NA,NA,NA,NA,NA,NA,NA,NA,NA,NA,NA,NA,NA,NA,NA,NA,NA,NA,NA,NA,NA,NA,NA,NA,NA,NA,NA,NA,NA,NA,NA,NA,NA,NA,NA,NA,NA,NA,NA,NA,NA,NA,NA,NA,NA,NA,NA,NA,NA,NA,NA,NA,NA,NA,NA,NA,NA,NA,NA,NA,4789818921,6538273476,8523676329,11772993043,15826816618,19558100418,27344237138,31680771857,32684464343.63,37136736024.8,41074108797.87,49626191007.4724,62782500671.4496,65972988383.7651,64005378833.5477,70548727123.4927,77055880000,83194003896,89950706570,107630958872.13,119773339876.73,126086912727.54,149180629277.09,169668929385.78,NA
Maldives,556,"Money and Quasi Money, Broad Money (M2), US Dollars",FMB_XDC,Value,NA,NA,NA,NA,NA,NA,NA,NA,NA,NA,NA,NA,NA,NA,NA,NA,NA,NA,NA,NA,NA,NA,NA,NA,NA,NA,NA,NA,NA,NA,NA,NA,NA,NA,NA,NA,NA,NA,NA,NA,NA,NA,NA,NA,NA,NA,NA,NA,NA,NA,NA,NA,NA,NA,NA,NA,NA,NA,NA,NA,NA,3254291217.14,3956718577.38,4636454529.29,6090812887.94,6737210185.29161,8008651939.9926,9938819714.64,12110272374.31,13855275390.68,15883970112.31,19062239077.37,20001611515.55,23676728450.85,27197055754.29,30491924283.62,30436282609.07,32005875289.08,33088326226.59,36241440260.43,41384961351.07,52221659806.37,55374692357.11,59241663431.45,59199515331.49,NA
Mexico,273,"Money and Quasi Money, Broad Money (M2), US Dollars",FMB_XDC,Value,NA,NA,NA,NA,NA,NA,NA,NA,NA,NA,NA,NA,NA,NA,NA,NA,NA,NA,NA,NA,NA,NA,NA,NA,NA,NA,NA,NA,NA,NA,NA,NA,NA,NA,NA,NA,NA,NA,NA,NA,NA,NA,NA,NA,NA,NA,NA,NA,NA,NA,NA,NA,NA,NA,NA,NA,NA,NA,NA,NA,NA,1780943253860.28,1871265757815.76,2046095973009.73,2313031831230.57,2543606305828.94,2713839602516.21,2989234193650.34,3255244371112.76,3630392917007.36,4093769148366.49,4502269000000,4956275583767.52,5366634500000,6020968846000,6754859008600,7588052757340,8439789279220,8822023710873.73,9236663552931.68,10478072481817.2,11474295137302.8,12314704450183.8,13671506424162,15560537739435.4,NA
Mali,678,"Money and Quasi Money, Broad Money (M2), US Dollars",FMB_XDC,Value,NA,NA,NA,NA,NA,NA,NA,NA,NA,NA,NA,NA,NA,NA,NA,NA,NA,NA,NA,NA,NA,NA,NA,NA,NA,NA,NA,NA,NA,NA,NA,NA,NA,NA,NA,NA,NA,NA,NA,NA,NA,NA,NA,NA,NA,NA,NA,NA,NA,NA,NA,NA,NA,NA,NA,NA,NA,NA,NA,NA,NA,491705500000,617791500000,751194600000,724168648347,809291192660,888883464104,877770937843,763225370081,1084773271641,1261935029674,1424959714294,1645628127237,1780524947332,1883660181814,2079428073669,2302852530213,2402485874581.43,2702962733384,2820966994077,3166839892204,4319965920350,4783088309661,4729081613673,4814325518950,5391953760171
Myanmar,518,"Money and Quasi Money, Broad Money (M2), US Dollars",FMB_XDC,Value,NA,NA,NA,NA,NA,NA,NA,NA,NA,NA,NA,NA,NA,NA,NA,NA,NA,NA,NA,NA,NA,NA,NA,NA,NA,NA,NA,NA,NA,NA,NA,NA,NA,NA,NA,NA,NA,NA,NA,NA,NA,NA,NA,NA,NA,NA,NA,NA,NA,NA,NA,NA,NA,NA,NA,NA,NA,NA,NA,NA,NA,1153958000000,1564611000000,1576084000000,2081861000000,2650387000000,3374238000000,4383844000000,5036695000000,6579807000000,9376207000000,12245452000000,16232450790000,21333522410000,25804365230000,33719316860000,39602957880000,47738364750000,54693994520000,63195862070000,74683212240000,NA,NA,NA,NA,NA
Mongolia,948,"Money and Quasi Money, Broad Money (M2), US Dollars",FMB_XDC,Value,NA,NA,NA,NA,NA,NA,NA,NA,NA,NA,NA,NA,NA,NA,NA,NA,NA,NA,NA,NA,NA,NA,NA,NA,NA,NA,NA,NA,NA,NA,NA,NA,NA,NA,NA,NA,NA,NA,NA,NA,NA,NA,NA,NA,NA,NA,NA,NA,NA,NA,NA,NA,NA,NA,NA,NA,NA,NA,NA,NA,NA,331064280826,470298704968.11,703332415689.15,847032443288.99,1140159050454.42,1536590413990.75,2401249711880.53,2267415261998.84,2879429725678.63,4678683671729.4,6411181695308.06,7611876986140.84,9452551802687.1,10634330694970.5,10048995826784.7,12158529936084.6,15861198545178.1,19474697569629.8,20833642011950,24480747681781.1,27863476539423.9,29664808011296.4,37624081243558.4,43276310746742.8,NA
Mozambique,688,"Money and Quasi Money, Broad Money (M2), US Dollars",FMB_XDC,Value,NA,NA,NA,NA,NA,NA,NA,NA,NA,NA,NA,NA,NA,NA,NA,NA,NA,NA,NA,NA,NA,NA,NA,NA,NA,NA,NA,NA,NA,NA,NA,NA,NA,NA,NA,NA,NA,NA,NA,NA,NA,NA,NA,NA,NA,NA,NA,NA,NA,NA,NA,NA,NA,NA,NA,NA,NA,NA,NA,NA,NA,20586712079.3303,28237565658.6375,32556292099.2656,34480485387.337,43784727503.1518,54004753529.0703,67099449722.73,80723685136.9831,107075000721.933,133411793629.898,143801723598.507,186012988351.112,216424904475.5,264469835176.039,333464607636.868,367166421649.399,385846029448.489,417571666764.805,473467360419.959,583679321173.541,594647512487.902,646596407116.535,669522845259.326,778100958845.757,NA
Montserrat,351,"Money and Quasi Money, Broad Money (M2), US Dollars",FMB_XDC,Value,NA,NA,NA,NA,NA,NA,NA,NA,NA,NA,NA,NA,NA,NA,NA,NA,NA,NA,NA,NA,NA,NA,NA,NA,NA,NA,NA,NA,NA,NA,NA,NA,NA,NA,NA,NA,NA,NA,NA,NA,NA,NA,NA,NA,NA,NA,NA,NA,NA,NA,NA,NA,NA,NA,NA,NA,NA,NA,NA,NA,NA,120190008,120528931,132591824,144173713,150080939,159989351,166834111,167751505,187987747,189711196.047825,211397324.821694,248710445.407259,235270909.195518,260343356.375021,263755000,265800000,257350000,265194009.75,266487880,252414728.53,246835441.95,252810004.66,263472669.17,278073955.08,NA
Mauritius,684,"Money and Quasi Money, Broad Money (M2), US Dollars",FMB_XDC,Value,NA,NA,NA,NA,NA,NA,NA,NA,NA,NA,NA,NA,NA,NA,NA,NA,NA,NA,NA,NA,NA,NA,NA,NA,NA,NA,NA,NA,NA,NA,NA,NA,NA,NA,NA,NA,NA,NA,NA,NA,NA,NA,NA,NA,NA,NA,NA,NA,NA,NA,NA,NA,NA,NA,NA,NA,NA,NA,NA,NA,NA,106183400000,119603400000,149564509157.246,177761438376.423,189439669770.248,207521049387.624,239318419528.315,274313680381.089,280826549636.193,300231387417.588,319536669948.001,345617195513.409,365608737729.024,397556547430.143,437998584079.575,477788912365.8,522082888557.075,554892696328.836,601973234583.41,703592725733.499,765847359783.552,806105099286.649,864673926124.177,974168761062.892,1057748454622.65
Malaysia,548,"Money and Quasi Money, Broad Money (M2), US Dollars",FMB_XDC,Value,NA,NA,NA,NA,NA,NA,NA,NA,NA,NA,NA,NA,NA,NA,NA,NA,NA,NA,NA,NA,NA,NA,NA,NA,NA,NA,NA,NA,NA,NA,NA,NA,NA,NA,NA,NA,NA,NA,NA,NA,NA,NA,NA,NA,NA,NA,NA,NA,NA,NA,NA,NA,NA,NA,NA,NA,NA,NA,NA,NA,NA,488183360263.34,510073620908.39,554078590008.69,624375109916.45,679277474459.64,771869840064,833021504226.72,920783860959.32,992051869992.63,1064945222886.91,1220724752868.92,1328710305343.89,1427000330537.42,1516959117564.27,1563128301251.21,1606913613349.78,1681548951233.43,1810826836830.64,1859261390219.2,1944661871371.11,2052766287813.08,2134815662511.42,2259301054144.35,2333320849104.85,NA
Namibia,728,"Money and Quasi Money, Broad Money (M2), US Dollars",FMB_XDC,Value,NA,NA,NA,NA,NA,NA,NA,NA,NA,NA,NA,NA,NA,NA,NA,NA,NA,NA,NA,NA,NA,NA,NA,NA,NA,NA,NA,NA,NA,NA,NA,NA,NA,NA,NA,NA,NA,NA,NA,NA,NA,NA,NA,NA,NA,NA,NA,NA,NA,NA,NA,NA,NA,NA,NA,NA,NA,NA,NA,NA,NA,11514170000,13283104386.1017,13561359858.39,16614826075.37,17464519419.54,22647907372.33,26302603691.4,29801546442.6755,47561606492.3472,52566002871.8652,58708872118.6605,61141654341.6856,68957842226.1877,74366071774.0986,81136985829.752,86048050712.8853,98077548554.0922,104345105599.187,115336430346.804,124652209493.932,133080120000,NA,NA,NA,NA
Niger,692,"Money and Quasi Money, Broad Money (M2), US Dollars",FMB_XDC,Value,NA,NA,NA,NA,NA,NA,NA,NA,NA,NA,NA,NA,NA,NA,NA,NA,NA,NA,NA,NA,NA,NA,NA,NA,NA,NA,NA,NA,NA,NA,NA,NA,NA,NA,NA,NA,NA,NA,NA,NA,NA,NA,NA,NA,NA,NA,NA,NA,NA,NA,NA,NA,NA,NA,NA,NA,NA,NA,NA,NA,NA,155188700000,126538300000,183044200000,199293853883,208795718923,233189557415,340923881850,372911266808,450079146908,551856431366,589603741134,776604753667,852268712711,1064597547898,1113411885150,1209950487708,1150408465752.24,1126203710689,1295776519073.57,1516246678875.45,1663758399827,1862123697131,1844902915519,1972514877139,2181793337030
Nigeria,694,"Money and Quasi Money, Broad Money (M2), US Dollars",FMB_XDC,Value,NA,NA,NA,NA,NA,NA,NA,NA,NA,NA,NA,NA,NA,NA,NA,NA,NA,NA,NA,NA,NA,NA,NA,NA,NA,NA,NA,NA,NA,NA,NA,NA,NA,NA,NA,NA,NA,NA,NA,NA,NA,NA,NA,NA,NA,NA,NA,NA,NA,NA,NA,NA,NA,NA,NA,NA,NA,NA,NA,NA,NA,1309364180812.14,1555800900000,1766010900000,2131169424825.48,2612891130000,3562695900000,6689365869679.82,9513845555158.3,10928017136279.7,11662911791941.1,14192086085339,18035937096111,20615452342431.6,20451731207347,21288239046977.8,28083906609170.8,28473663240182.4,32739618793410.7,34850876017000,38904920077173.2,44443974745466.1,52187272987000,78762064382492.3,NA,NA
Nicaragua,278,"Money and Quasi Money, Broad Money (M2), US Dollars",FMB_XDC,Value,NA,NA,NA,NA,NA,NA,NA,NA,NA,NA,NA,NA,NA,NA,NA,NA,NA,NA,NA,NA,NA,NA,NA,NA,NA,NA,NA,NA,NA,NA,NA,NA,NA,NA,NA,NA,NA,NA,NA,NA,NA,NA,NA,NA,NA,NA,NA,NA,NA,NA,NA,NA,NA,NA,NA,NA,NA,NA,NA,NA,NA,20313438659.64,23015159291.28,25924963117.99,30388278771.8259,33360137377.202,36169109882.2975,42852833225.2094,45993918665.3997,52588963298.998,63986769041.9466,72062943802.9919,83156187340.4318,98389820075.7502,113572110034.917,135107620765.616,150029123578.606,174061594888.683,141593058220.783,150416582786.14,173923377504.326,197964963218.769,220398154160.298,NA,NA,NA
Norway,142,"Money and Quasi Money, Broad Money (M2), US Dollars",FMB_XDC,Value,NA,NA,NA,NA,NA,NA,NA,NA,NA,NA,NA,NA,NA,NA,NA,NA,NA,NA,NA,NA,NA,NA,NA,NA,NA,NA,NA,NA,NA,NA,NA,NA,NA,NA,NA,NA,NA,NA,NA,NA,NA,NA,NA,NA,NA,NA,NA,NA,NA,NA,NA,NA,NA,NA,NA,NA,NA,NA,NA,NA,NA,843455000000,906086879059.553,925542138240.144,988939473830.075,1093019174794.85,1167090000000,1378369000000,1420916000000,1433685000000,1526429000000,1624446000000,1697474000000,1812037000000,1922808000000,1820391000000,2024976000000,2148134000000,2259470000000,2349250000000,2634890000000,2911604000000,3073102000000,3086411000000,3192854000000,NA
Pakistan,564,"Money and Quasi Money, Broad Money (M2), US Dollars",FMB_XDC,Value,NA,NA,NA,NA,NA,NA,NA,NA,NA,NA,NA,NA,NA,NA,NA,NA,NA,NA,NA,NA,NA,NA,NA,NA,NA,NA,NA,NA,NA,NA,NA,NA,NA,NA,NA,NA,NA,NA,NA,NA,NA,NA,NA,NA,NA,NA,NA,NA,NA,NA,NA,NA,NA,NA,NA,NA,NA,NA,NA,NA,NA,1689764000000,1987440400000,2342356400000,2784954000000,3240931000000,4631578000000,5439249000000,5794143796000,6814495817363.99,7807082726900,8790979839286.22,10320172533548,11694370341859.6,13044335106623.4,14633262962941.4,16625735215555.4,18276890431006.4,20074311419085.4,22417591739487.4,25922068520245.4,28622981656965,30744379266733.4,35741282651837.1,40213999009746.8,NA
Philippines,566,"Money and Quasi Money, Broad Money (M2), US Dollars",FMB_XDC,Value,NA,NA,NA,NA,NA,NA,NA,NA,NA,NA,NA,NA,NA,NA,NA,NA,NA,NA,NA,NA,NA,NA,NA,NA,NA,NA,NA,NA,NA,NA,NA,NA,NA,NA,NA,NA,NA,NA,NA,NA,NA,NA,NA,NA,NA,NA,NA,NA,NA,NA,NA,NA,NA,NA,NA,NA,NA,NA,NA,NA,NA,2271430019296.95,2497856398570.49,2604946396702.47,2884283138000.25,3081631579343.72,3804385559026.35,4169823668259.71,4588511621827.99,4984885220079.28,5528092288530.76,5821454312942.86,6227663532630.78,8054206267305.72,9055948210829.57,9888717324664.54,11206514794890.1,12486648982211.5,13610340722760.4,14950131998323,16244474369183.2,17540827029527.5,18912579208619.3,NA,NA,NA
Papua New Guinea,853,"Money and Quasi Money, Broad Money (M2), US Dollars",FMB_XDC,Value,NA,NA,NA,NA,NA,NA,NA,NA,NA,NA,NA,NA,NA,NA,NA,NA,NA,NA,NA,NA,NA,NA,NA,NA,NA,NA,NA,NA,NA,NA,NA,NA,NA,NA,NA,NA,NA,NA,NA,NA,NA,NA,NA,NA,NA,NA,NA,NA,NA,NA,NA,NA,NA,NA,NA,NA,NA,NA,NA,NA,NA,3327477876.04,3569193874.13,3410499212.16,3914804156.09,5069281121.612,7040196920.81,8994902158.21,9700387006.22,11822565506.3452,13033915594.69,15293387444.052,16966828410.23,18103862124.98,18716277131.15,20218603495.06,22417097847.24,22207577879.35,21368074687.29,22311991968.27,NA,NA,NA,NA,NA,NA
Paraguay,288,"Money and Quasi Money, Broad Money (M2), US Dollars",FMB_XDC,Value,NA,NA,NA,NA,NA,NA,NA,NA,NA,NA,NA,NA,NA,NA,NA,NA,NA,NA,NA,NA,NA,NA,NA,NA,NA,NA,NA,NA,NA,NA,NA,NA,NA,NA,NA,NA,NA,NA,NA,NA,NA,NA,NA,NA,NA,NA,NA,NA,NA,NA,NA,NA,NA,NA,NA,NA,NA,NA,NA,NA,NA,9638236117000,9779172905000,10847293503570,12485042969195.9,13853392491270.8,15214667398120.02,19773329889572.75,26808720420884.91,32480394549115.44,38657120259079.68,44878794341338.29,50155795129650.56,60657004202672.54,69755258287223.01,78964741464129.6,84769035551469.1,91890206612120.86,99295738863910.81,109023640459021.1,129980553869385.8,140779538443906.1,146583116635614.6,159345130510019.2,176772770188333.6,NA
Qatar,453,"Money and Quasi Money, Broad Money (M2), US Dollars",FMB_XDC,Value,NA,NA,NA,NA,NA,NA,NA,NA,NA,NA,NA,NA,NA,NA,NA,NA,NA,NA,NA,NA,NA,NA,NA,NA,NA,NA,NA,NA,NA,NA,NA,NA,NA,NA,NA,NA,NA,NA,NA,NA,NA,NA,NA,NA,NA,NA,NA,NA,NA,NA,NA,NA,NA,NA,NA,NA,NA,NA,NA,NA,NA,39814157000,43336483000,45728732000,55230686000,78901272000,110173135000,153735376000,184005061000,215081732000,264715843000,309965670000,381053224000,455714936000,504024943000,521383060000,497547831000,603332104000,564008000000,578003539000,599887100000,608500300000,714481800000,722655500000,718207700000,NA
Romania,968,"Money and Quasi Money, Broad Money (M2), US Dollars",FMB_XDC,Value,NA,NA,NA,NA,NA,NA,NA,NA,NA,NA,NA,NA,NA,NA,NA,NA,NA,NA,NA,NA,NA,NA,NA,NA,NA,NA,NA,NA,NA,NA,NA,NA,NA,NA,NA,NA,NA,NA,NA,NA,NA,NA,NA,NA,NA,NA,NA,NA,NA,NA,NA,NA,NA,NA,NA,NA,NA,NA,NA,NA,NA,30675919000,44970006400,54446236000,80809745200,97006354000,110710191000,148167743642,174087790566,189813701382,202754004727,215866134836,222002026591,241550137149,261671683103,286251725294,314134602803,349970053877,381075321780,422632000000,487349930871,564423000000,603042013406,666387096734,741768376933,NA
Russia,922,"Money and Quasi Money, Broad Money (M2), US Dollars",FMB_XDC,Value,NA,NA,NA,NA,NA,NA,NA,NA,NA,NA,NA,NA,NA,NA,NA,NA,NA,NA,NA,NA,NA,NA,NA,NA,NA,NA,NA,NA,NA,NA,NA,NA,NA,NA,NA,NA,NA,NA,NA,NA,NA,NA,NA,NA,NA,NA,NA,NA,NA,NA,NA,NA,NA,NA,NA,NA,NA,NA,NA,NA,NA,2138211000000,2859987000000,3962084000000,5298699000000,7213400000000,10126800000000,14288700000000,16307600000000,19131500000000,23820700000000,28485900000000,32205700000000,37368700000000,42909600000000,51370100000000,50895200000000,54667100000000,61401600000000,64535500000000,75284800000000,NA,NA,NA,NA,NA
Rwanda,714,"Money and Quasi Money, Broad Money (M2), US Dollars",FMB_XDC,Value,NA,NA,NA,NA,NA,NA,NA,NA,NA,NA,NA,NA,NA,NA,NA,NA,NA,NA,NA,NA,NA,NA,NA,NA,NA,NA,NA,NA,NA,NA,NA,NA,NA,NA,NA,NA,NA,NA,NA,NA,NA,NA,NA,NA,NA,NA,NA,NA,NA,NA,NA,NA,NA,NA,NA,NA,NA,NA,NA,NA,NA,119037610000,136769210000,160754330000,189122218324,225229304817,284539195000,379610631000,444704227676,462251973521,555526778000,716435641139.705,810950498805.87,909306471663.575,1065417200840.02,1280263706073.32,1388791252696.13,1516390576018.52,1803467689000.44,1987597017185.56,2413498657246.81,2854481707817.11,3508563312063.1,4377366486062,5198726304291.76,NA
Sudan,732,"Money and Quasi Money, Broad Money (M2), US Dollars",FMB_XDC,Value,NA,NA,NA,NA,NA,NA,NA,NA,NA,NA,NA,NA,NA,NA,NA,NA,NA,NA,NA,NA,NA,NA,NA,NA,NA,NA,NA,NA,NA,NA,NA,NA,NA,NA,NA,NA,NA,NA,NA,NA,NA,NA,NA,NA,NA,NA,NA,NA,NA,NA,NA,NA,NA,NA,NA,NA,NA,NA,NA,NA,NA,4316560000,5630207303.8,7215664000,9392291077.1196,13470177515.8142,17806067423.764,19723474579.88,22946618322.36,28404953085.54,35867649015.75,42223430320.58,58749935439.73,66430658445.02,77717317818.7469,93942314913.7924,120489368347.443,203367535261.483,430785979858.528,689597585546.461,1296384039101.28,NA,NA,NA,NA,NA
Senegal,722,"Money and Quasi Money, Broad Money (M2), US Dollars",FMB_XDC,Value,NA,NA,NA,NA,NA,NA,NA,NA,NA,NA,NA,NA,NA,NA,NA,NA,NA,NA,NA,NA,NA,NA,NA,NA,NA,NA,NA,NA,NA,NA,NA,NA,NA,NA,NA,NA,NA,NA,NA,NA,NA,NA,NA,NA,NA,NA,NA,NA,NA,NA,NA,NA,NA,NA,NA,NA,NA,NA,NA,NA,NA,722003200000,774703100000,1030682400000,1182996892470,1293285887037,1451760297573,1639471044683,1794070901500,2031081855082,2263053035988.13,2432737137064,2583462710039,2791150945455.53,3101519607067.69,3708484426737.61,4217449529925,4607696325114.26,5259664912100.5,5691980527763.28,6394287695972.02,7375209689073.5,8966044070946.5,9827603696635.5,10206461107803.5,11568370128104.5
Solomon Islands,813,"Money and Quasi Money, Broad Money (M2), US Dollars",FMB_XDC,Value,NA,NA,NA,NA,NA,NA,NA,NA,NA,NA,NA,NA,NA,NA,NA,NA,NA,NA,NA,NA,NA,NA,NA,NA,NA,NA,NA,NA,NA,NA,NA,NA,NA,NA,NA,NA,NA,NA,NA,NA,NA,NA,NA,NA,NA,NA,NA,NA,NA,NA,NA,NA,NA,NA,NA,NA,NA,NA,NA,NA,NA,416258170,442773370,548223370,645422810,943080150,1192276121.56,1451003319.1,1567160638.92,1830749668.1,2074619194.9,2609902316.49,3063676888.79,3443153833.82,3634588353,4180163552.06,4741960562.15,4907824971.72,5242891509.4,5082247974.64,5418382430.89,5523596671.16,5814369892.09,6170677375.86,6407151351.07,NA
Sierra Leone,724,"Money and Quasi Money, Broad Money (M2), US Dollars",FMB_XDC,Value,NA,NA,NA,NA,NA,NA,NA,NA,NA,NA,NA,NA,NA,NA,NA,NA,NA,NA,NA,NA,NA,NA,NA,NA,NA,NA,NA,NA,NA,NA,NA,NA,NA,NA,NA,NA,NA,NA,NA,NA,NA,NA,NA,NA,NA,NA,NA,NA,NA,NA,NA,NA,NA,NA,NA,NA,NA,NA,NA,NA,NA,285539232113.282,368598618789.512,449773582532.75,540408950170.64,708721616605.96,862234601295.22,1009757179454.15,1277736600087.86,1718934260277,2134140997875.46,2766444126378.25,3374638303649.18,3734925354337.8,4628149668646.74,5172264849.95724,6096129506.55524,6522308404.63753,7464855282.57675,8533020475.29145,11790922663.3826,14391059191.2919,20398492975.96,27094447785.25,32018471291.15,NA
São Tomé and Príncipe,716,"Money and Quasi Money, Broad Money (M2), US Dollars",FMB_XDC,Value,NA,NA,NA,NA,NA,NA,NA,NA,NA,NA,NA,NA,NA,NA,NA,NA,NA,NA,NA,NA,NA,NA,NA,NA,NA,NA,NA,NA,NA,NA,NA,NA,NA,NA,NA,NA,NA,NA,NA,NA,NA,NA,NA,NA,NA,NA,NA,NA,NA,NA,NA,NA,NA,NA,NA,NA,NA,NA,NA,NA,NA,153067015,191920800,295223000,298229000,433508309,569852273.159936,765199616.488598,1047303592.20642,1133283559.85909,1373679955.9707,1515258583.22292,1790659824.29379,2109011109.30152,2483884475.4987,2839920423.16493,2703233508.81558,2697337255.6947,3106421584.87125,3041850430.42552,3364425706.99274,3277079038.60115,3573212860.02214,3787423970.50114,3806404658.38183,NA
Suriname,366,"Money and Quasi Money, Broad Money (M2), US Dollars",FMB_XDC,Value,NA,NA,NA,NA,NA,NA,NA,NA,NA,NA,NA,NA,NA,NA,NA,NA,NA,NA,NA,NA,NA,NA,NA,NA,NA,NA,NA,NA,NA,NA,NA,NA,NA,NA,NA,NA,NA,NA,NA,NA,NA,NA,NA,NA,NA,NA,NA,NA,NA,NA,NA,NA,NA,NA,NA,NA,NA,NA,NA,NA,NA,574096714.87684,1244363822.25183,1491630312.0328,1975120032.77,2195151841.73,2790934687.67,3594320567.22788,4344401289.06005,4991192472.44,5524224030.4,6709500000.03316,8127824124.8425,9027389925.685,9519457084.57384,10638421192.9477,16192479869.8517,17600445406.9182,19195848404.0309,20288949037.6752,32879114248.614,47315289131.1923,69484799617.1521,83114591429.015,91252358285.3149,NA
Sweden,144,"Money and Quasi Money, Broad Money (M2), US Dollars",FMB_XDC,Value,NA,NA,NA,NA,NA,NA,NA,NA,NA,NA,NA,NA,NA,NA,NA,NA,NA,NA,NA,NA,NA,NA,NA,NA,NA,NA,NA,NA,NA,NA,NA,NA,NA,NA,NA,NA,NA,NA,NA,NA,NA,NA,NA,NA,NA,NA,NA,NA,NA,NA,NA,NA,NA,NA,NA,NA,NA,NA,NA,NA,NA,1113899000000,1205880000000,1259082000000,1301510000000,1516024000000,1743754000000,2067914000000,2124142000000,2134871000000,2209655000000,2356567000000,2435958000000,2528914000000,2634557000000,2809711000000,3058282000000,3366065000000,3494589000000,3741185000000,4419599000000,4881338000000,5021481000000,4957130000000,4972347000000,NA
Swaziland,734,"Money and Quasi Money, Broad Money (M2), US Dollars",FMB_XDC,Value,NA,NA,NA,NA,NA,NA,NA,NA,NA,NA,NA,NA,NA,NA,NA,NA,NA,NA,NA,NA,NA,NA,NA,NA,NA,NA,NA,NA,NA,NA,NA,NA,NA,NA,NA,NA,NA,NA,NA,NA,NA,NA,NA,NA,NA,NA,NA,NA,NA,NA,NA,NA,NA,NA,NA,NA,NA,NA,NA,NA,NA,2280494000,2582457000,2955424000,3162590660,3469912724.71,4340298556.7,5271962367.87,6082962520.24,7713230100,8322733346.44,8778408647.97,9657838441.8,11196932788.42,11638649100.82,13219080428.18,16708079777.3397,17343038568.329,18047643033.552,18368609839.595,21205786100,21263762400,22033781200,NA,NA,NA
Seychelles,718,"Money and Quasi Money, Broad Money (M2), US Dollars",FMB_XDC,Value,NA,NA,NA,NA,NA,NA,NA,NA,NA,NA,NA,NA,NA,NA,NA,NA,NA,NA,NA,NA,NA,NA,NA,NA,NA,NA,NA,NA,NA,NA,NA,NA,NA,NA,NA,NA,NA,NA,NA,NA,NA,NA,NA,NA,NA,NA,NA,NA,NA,NA,NA,NA,NA,NA,NA,NA,NA,NA,NA,NA,NA,3631385935.92,4007034445.07,4221726139.14,4812213261.57,4891681553.13,5039918148.11,4638094567.57,5936238841.84,6400929804.49533,7275100536.98,7595686106.36261,7421818561.76454,9340244125.27071,11825462328.8032,12172546745.6051,13647803009.56,15887764122.11,17114542831.66,19457810074.16,24753113531.77,23492478682.89,23634599826.4,24988415729.95,26837047261.69,29772417202.135
Syria,463,"Money and Quasi Money, Broad Money (M2), US Dollars",FMB_XDC,Value,NA,NA,NA,NA,NA,NA,NA,NA,NA,NA,NA,NA,NA,NA,NA,NA,NA,NA,NA,NA,NA,NA,NA,NA,NA,NA,NA,NA,NA,NA,NA,NA,NA,NA,NA,NA,NA,NA,NA,NA,NA,NA,NA,NA,NA,NA,NA,NA,NA,NA,NA,NA,NA,NA,NA,NA,NA,NA,NA,NA,NA,696091000000,824943000000,889359000000,984727056000,1096750712000,1176649670000,1322945584831.24,1656087134334.82,1798734455854.46,2041039891946.63,1881637100504.75,NA,NA,NA,NA,NA,NA,NA,NA,NA,NA,NA,NA,NA,NA
Chad,628,"Money and Quasi Money, Broad Money (M2), US Dollars",FMB_XDC,Value,NA,NA,NA,NA,NA,NA,NA,NA,NA,NA,NA,NA,NA,NA,NA,NA,NA,NA,NA,NA,NA,NA,NA,NA,NA,NA,NA,NA,NA,NA,NA,NA,NA,NA,NA,NA,NA,NA,NA,NA,NA,NA,NA,NA,NA,NA,NA,NA,NA,NA,NA,NA,NA,NA,NA,NA,NA,NA,NA,NA,NA,151218000000,183627000000,184694000000,190371000000,253059000000,379274000000,400758000000,506402000000,482881000000,605276000000,691330000000,784283000000,852112000000,1077709000000,1027048000000,948039000000,906657000000,912559000000,1119719000000,1316100000000,1495511000000,NA,NA,NA,NA
Togo,742,"Money and Quasi Money, Broad Money (M2), US Dollars",FMB_XDC,Value,NA,NA,NA,NA,NA,NA,NA,NA,NA,NA,NA,NA,NA,NA,NA,NA,NA,NA,NA,NA,NA,NA,NA,NA,NA,NA,NA,NA,NA,NA,NA,NA,NA,NA,NA,NA,NA,NA,NA,NA,NA,NA,NA,NA,NA,NA,NA,NA,NA,NA,NA,NA,NA,NA,NA,NA,NA,NA,NA,NA,NA,224190300000,218171500000,247113500000,293265251852.037,300898564215.402,372755696546.635,412284345670.253,514868709904.848,589022580456.646,675825559372.718,792558426757.621,872839618776.418,1020721703034.41,1057695242796.4,1277468951906.12,1435718334668.07,1578672747640.27,1726041019794,1804259651006.35,2013284807487.53,2260511673631,2607782001537,2781888333220,3022669736112,3155737483558
Thailand,578,"Money and Quasi Money, Broad Money (M2), US Dollars",FMB_XDC,Value,NA,NA,NA,NA,NA,NA,NA,NA,NA,NA,NA,NA,NA,NA,NA,NA,NA,NA,NA,NA,NA,NA,NA,NA,NA,NA,NA,NA,NA,NA,NA,NA,NA,NA,NA,NA,NA,NA,NA,NA,NA,NA,NA,NA,NA,NA,NA,NA,NA,NA,NA,NA,NA,NA,NA,NA,NA,NA,NA,NA,NA,6561477000000,6647163000000,7062321000000,7471427000000,7926921000000,8573377000000,9109468000000,9944331000000,10617007000000,11778816000000,13559887000000,14966786000000,16062482000000,16809042000000,17554630000000,18295749000000,19212873000000,20109643000000,20841010000000,22958439138421.4,24061617238568,24994190639152.3,25481697556974.9,26340780751553.9,NA
Tajikistan,923,"Money and Quasi Money, Broad Money (M2), US Dollars",FMB_XDC,Value,NA,NA,NA,NA,NA,NA,NA,NA,NA,NA,NA,NA,NA,NA,NA,NA,NA,NA,NA,NA,NA,NA,NA,NA,NA,NA,NA,NA,NA,NA,NA,NA,NA,NA,NA,NA,NA,NA,NA,NA,NA,NA,NA,NA,NA,NA,NA,NA,NA,NA,NA,NA,NA,NA,NA,NA,NA,NA,NA,NA,NA,201654235,293083536,460117142,651975148,1041141552,1513347394,2727390401,2671203675.0634,3759419875.34224,4458270053.83889,5932812463.47686,7092687740.63624,8491858184.13,9091982634.45617,10789679736.374,14788218320.06,18017686229.9913,18944669488.09,22154740518.71,26252903049.5205,28400117108.63,26252903049.5205,39548602018.4807,NA,NA
Tonga,866,"Money and Quasi Money, Broad Money (M2), US Dollars",FMB_XDC,Value,NA,NA,NA,NA,NA,NA,NA,NA,NA,NA,NA,NA,NA,NA,NA,NA,NA,NA,NA,NA,NA,NA,NA,NA,NA,NA,NA,NA,NA,NA,NA,NA,NA,NA,NA,NA,NA,NA,NA,NA,NA,NA,NA,NA,NA,NA,NA,NA,NA,NA,NA,NA,NA,NA,NA,NA,NA,NA,NA,NA,NA,140297126,151988678,173989869,198143543,242018380,258361601,289453873,299489505,292294738,310837682,306044451,345032081.32,355830571.72,387475105.58,450195805.42,512151406.53,560569916.12,605250119.16,602224402.29,707496412.91,821537568.49,851187937.38,868135116.87,937458486.5,NA
Trinidad and Tobago,369,"Money and Quasi Money, Broad Money (M2), US Dollars",FMB_XDC,Value,NA,NA,NA,NA,NA,NA,NA,NA,NA,NA,NA,NA,NA,NA,NA,NA,NA,NA,NA,NA,NA,NA,NA,NA,NA,NA,NA,NA,NA,NA,NA,NA,NA,NA,NA,NA,NA,NA,NA,NA,NA,NA,NA,NA,NA,NA,NA,NA,NA,NA,NA,NA,NA,NA,NA,NA,NA,NA,NA,NA,NA,26819508047,27208917332,27314926514,32558915884,41249464418.96,49389761597.94,55122622364.11,64183551586.47,75257435489.56,76022955921.47,76623105737.28,92585559304.02,95555165595.56,102430374018.47,103590733519.2,106480500623.95,106096684430.34,107341696896.14,110436526508.5,118304984574.8,120289833709.63,122535638060.84,124245432612.76,125523954353.76,NA
Tunisia,744,"Money and Quasi Money, Broad Money (M2), US Dollars",FMB_XDC,Value,NA,NA,NA,NA,NA,NA,NA,NA,NA,NA,NA,NA,NA,NA,NA,NA,NA,NA,NA,NA,NA,NA,NA,NA,NA,NA,NA,NA,NA,NA,NA,NA,NA,NA,NA,NA,NA,NA,NA,NA,NA,NA,NA,NA,NA,NA,NA,NA,NA,NA,NA,NA,NA,NA,NA,NA,NA,NA,NA,NA,NA,17449431187.703,17991778276.227,18844525229.943,20381378448.656,22657882357.208,25324111406.636,28711130269.058,32538745935.771,36721214305.901,41037602635.803,44969319060.713,48596392862.9,51629993712.7,55732941492.2,58749509106.1,63473064524.8,71067241200,76122916300,84456534600,93165872267.684,101255733481.99,110504308905.36,120398427000,132939278000,NA
Turkey,186,"Money and Quasi Money, Broad Money (M2), US Dollars",FMB_XDC,Value,NA,NA,NA,NA,NA,NA,NA,NA,NA,NA,NA,NA,NA,NA,NA,NA,NA,NA,NA,NA,NA,NA,NA,NA,NA,NA,NA,NA,NA,NA,NA,NA,NA,NA,NA,NA,NA,NA,NA,NA,NA,NA,NA,NA,NA,NA,NA,NA,NA,NA,NA,NA,NA,NA,NA,NA,NA,NA,NA,NA,NA,109470329900,139996629305.982,160207706629.782,193517600037.851,263120953032.621,321466118110.355,370411478072.616,462361272379.238,520893655100,617503067322.196,711388398021.767,785531250932.746,951693276316.148,1058125182595.32,1232870914519.58,1450457691405.3,1687635407824.58,1997823254146.92,2537696760141.39,3406677351402.97,5195794263945.92,8330901568784.03,14157230205357.3,19379909860443.8,NA
Tanzania,738,"Money and Quasi Money, Broad Money (M2), US Dollars",FMB_XDC,Value,NA,NA,NA,NA,NA,NA,NA,NA,NA,NA,NA,NA,NA,NA,NA,NA,NA,NA,NA,NA,NA,NA,NA,NA,NA,NA,NA,NA,NA,NA,NA,NA,NA,NA,NA,NA,NA,NA,NA,NA,NA,NA,NA,NA,NA,NA,NA,NA,NA,NA,NA,NA,NA,NA,NA,NA,NA,NA,NA,NA,NA,1876107381533.72,2355570081470.48,2778836395628.02,3153781126894.3,4250725019600,5164455599400,6223588636857.82,7458779088104.39,8780143350738.42,11012663700491.3,13021322027213,14647104960697.3,16106768389366.3,18614151366555.8,22115315229986.1,22877866165010.1,24714324596314.9,25823453244950.6,28313146589798.2,29920566472147.1,34558042516472.9,38580012239285.8,44002566848787.4,NA,NA
Uganda,746,"Money and Quasi Money, Broad Money (M2), US Dollars",FMB_XDC,Value,NA,NA,NA,NA,NA,NA,NA,NA,NA,NA,NA,NA,NA,NA,NA,NA,NA,NA,NA,NA,NA,NA,NA,NA,NA,NA,NA,NA,NA,NA,NA,NA,NA,NA,NA,NA,NA,NA,NA,NA,NA,NA,NA,NA,NA,NA,NA,NA,NA,NA,NA,NA,NA,NA,NA,NA,NA,NA,NA,NA,NA,1656833758509,2063205268841,2433196276406,2646677994185,3101452775080,3626247770733.63,4422791090277.2,5785727696316.91,6797701627418.76,9386510975235.14,10615960675113.1,12262035166179.3,13476373883782.9,15445084831976.5,17257661041665.8,19179474476160.7,21615281939951.9,23394685042800.2,27108857982666.4,31753235424073.4,33352147168617.8,35854461725468.4,39678287696508.7,42327646413527,NA
Ukraine,926,"Money and Quasi Money, Broad Money (M2), US Dollars",FMB_XDC,Value,NA,NA,NA,NA,NA,NA,NA,NA,NA,NA,NA,NA,NA,NA,NA,NA,NA,NA,NA,NA,NA,NA,NA,NA,NA,NA,NA,NA,NA,NA,NA,NA,NA,NA,NA,NA,NA,NA,NA,NA,NA,NA,NA,NA,NA,NA,NA,NA,NA,NA,NA,NA,NA,NA,NA,NA,NA,NA,NA,NA,NA,45755205945.22,65128836739.55,95334122914.83,125704912272.65,194070535396.29,261063356489.75,396156389459.69,515727118970.35,487298234743.34,597871550160.8,685514574666.87,773198630848.42,908994287268.29,956727723846.63,994061990781.58,1102700199620.63,1208859312934.89,1277635365551.92,1438310883878.48,1850007351973.74,2071358038228.82,2501621408400.85,3077185244076.58,3488376803115.47,NA
Uruguay,298,"Money and Quasi Money, Broad Money (M2), US Dollars",FMB_XDC,Value,NA,NA,NA,NA,NA,NA,NA,NA,NA,NA,NA,NA,NA,NA,NA,NA,NA,NA,NA,NA,NA,NA,NA,NA,NA,NA,NA,NA,NA,NA,NA,NA,NA,NA,NA,NA,NA,NA,NA,NA,NA,NA,NA,NA,NA,NA,NA,NA,NA,NA,NA,NA,NA,NA,NA,NA,NA,NA,NA,NA,NA,136813883651.31,172285528681.58,198466166658.45,192415676371.22,192468564416.68,214855980071.09,223053405601.58,286769323722.65,279170817280.166,341006290009.58,402356395942.48,442407348009.86,527303028214.822,629264256965.136,779139704512.52,809877460435.42,825351131088.1,923074265316.96,1070147183269.55,1330476375046.07,1554227079027.11,1527548357394.01,1547988202815.4,1794887687973.36,NA
St. Vincent and the Grenadines,364,"Money and Quasi Money, Broad Money (M2), US Dollars",FMB_XDC,Value,NA,NA,NA,NA,NA,NA,NA,NA,NA,NA,NA,NA,NA,NA,NA,NA,NA,NA,NA,NA,NA,NA,NA,NA,NA,NA,NA,NA,NA,NA,NA,NA,NA,NA,NA,NA,NA,NA,NA,NA,NA,NA,NA,NA,NA,NA,NA,NA,NA,NA,NA,NA,NA,NA,NA,NA,NA,NA,NA,NA,NA,893295216,933968931,955044079,1000192099,1040129363,1089663109,1176571301,1224477087,1199834934,1231944208.19738,1258570882.64053,1320131303.61768,1409187845.95447,1531777665.92969,1595581000,1625580000,1648260000,1668682415.17,1758813340,1643467313.7,1853528916.83,1856901734.6,1926889062.4,2231347112.2,NA
Venezuela,299,"Money and Quasi Money, Broad Money (M2), US Dollars",FMB_XDC,Value,NA,NA,NA,NA,NA,NA,NA,NA,NA,NA,NA,NA,NA,NA,NA,NA,NA,NA,NA,NA,NA,NA,NA,NA,NA,NA,NA,NA,NA,NA,NA,NA,NA,NA,NA,NA,NA,NA,NA,NA,NA,NA,NA,NA,NA,NA,NA,NA,NA,NA,NA,NA,NA,NA,NA,NA,NA,NA,NA,NA,NA,17501896532.2486,20064142824.2247,32585185980.8674,48861971002.0339,72042017391.5023,124442610773.414,166620629236.596,214608878055.824,264680479681.21,327002614259.36,487902854090.2,747904937485.82,1187995168358.76,NA,NA,NA,NA,NA,NA,NA,NA,NA,NA,NA,NA
Vanuatu,846,"Money and Quasi Money, Broad Money (M2), US Dollars",FMB_XDC,Value,NA,NA,NA,NA,NA,NA,NA,NA,NA,NA,NA,NA,NA,NA,NA,NA,NA,NA,NA,NA,NA,NA,NA,NA,NA,NA,NA,NA,NA,NA,NA,NA,NA,NA,NA,NA,NA,NA,NA,NA,NA,NA,NA,NA,NA,NA,NA,NA,NA,NA,NA,NA,NA,NA,NA,NA,NA,NA,NA,NA,NA,35581807000,35006974000,34706399000,38144894000,42558769000,45551964000,52820401000,59872617000,60145682187,56539282395,57287640505,56930294436,53772244621,58391210337,65060516127,71969107993,78660690285,88955523521,95102448978,94570772577,102961035878,110498630853,117068520212,128270204240,NA
Samoa,862,"Money and Quasi Money, Broad Money (M2), US Dollars",FMB_XDC,Value,NA,NA,NA,NA,NA,NA,NA,NA,NA,NA,NA,NA,NA,NA,NA,NA,NA,NA,NA,NA,NA,NA,NA,NA,NA,NA,NA,NA,NA,NA,NA,NA,NA,NA,NA,NA,NA,NA,NA,NA,NA,NA,NA,NA,NA,NA,NA,NA,NA,NA,NA,NA,NA,NA,NA,NA,NA,NA,NA,NA,NA,307620000,339040000,386370000,418520000,484010000,550565000,611165000,656209000,714736000,760576000,713924000,702189000,747079000,818920000,868413000,947940000,1092088000,1187743000,1242865000,1309902000,1332037540,1429713000,1625257640,1769571760,NA
South Africa,199,"Money and Quasi Money, Broad Money (M2), US Dollars",FMB_XDC,Value,NA,NA,NA,NA,NA,NA,NA,NA,NA,NA,NA,NA,NA,NA,NA,NA,NA,NA,NA,NA,NA,NA,NA,NA,NA,NA,NA,NA,NA,NA,NA,NA,NA,NA,NA,NA,NA,NA,NA,NA,NA,NA,NA,NA,NA,NA,NA,NA,NA,NA,NA,NA,NA,NA,NA,NA,NA,NA,NA,NA,NA,599521610000,709151275000,803827237000,909554616000,1097809227000,1346166717000,1668319727768.1,1914200251051.9,1947910962814.7,2082979691070.5,2256726953886.6,2373438784568.6,2513865443640.8,2696861976261,2975276448350.4,3156156860453,3358956867666.6,3547045542532.5,3763778723681.4,4118602431239.3,4353774020455.3,4729841088517.7,5089013054533.7,5430442461188.4,NA
Zambia,754,"Money and Quasi Money, Broad Money (M2), US Dollars",FMB_XDC,Value,NA,NA,NA,NA,NA,NA,NA,NA,NA,NA,NA,NA,NA,NA,NA,NA,NA,NA,NA,NA,NA,NA,NA,NA,NA,NA,NA,NA,NA,NA,NA,NA,NA,NA,NA,NA,NA,NA,NA,NA,NA,NA,NA,NA,NA,NA,NA,NA,NA,NA,NA,NA,NA,NA,NA,NA,NA,NA,NA,NA,NA,2640702976.4,3384496896.4,4229863050.26866,5581585245.96905,5763264004.4763,8301871607.59936,10399460433.5119,12815112055.0822,13796907418.9235,17916536369.4215,21804779574.766,25698988305.861,31042213893.1948,34959146920.8832,47262134733.633,44567119024.8178,54084937882.7284,62997058168.3077,70900180662.6754,103828741051.471,107625784155.129,133998291981.009,166935020314.958,205265681362.125,223141832759.928
Albania,914,"Money and Quasi Money, Broad Money (M2), US Dollars",FMB_XDC,Value,NA,NA,NA,NA,NA,NA,NA,NA,NA,NA,NA,NA,NA,NA,NA,NA,NA,NA,NA,NA,NA,NA,NA,NA,NA,NA,NA,NA,NA,NA,NA,NA,NA,NA,NA,NA,NA,NA,NA,NA,NA,NA,NA,NA,NA,NA,NA,NA,NA,NA,NA,NA,NA,NA,NA,NA,NA,NA,NA,NA,NA,NA,408129153406.365,443527430907.014,503231628092.823,574314175624.68,666470000000,757610000000,815700000000,871470000000,980280000000,1070150000000,1123410000000,1148980000000,1195090000000,1216180000000,1263460000000,1266930000000,1264130000000,1318660000000,1456990000000,1582310000000,1659293467665.47,1698230000000,1785250000000,NA
Czech Republic,935,"Money and Quasi Money, Broad Money (M2), US Dollars",FMB_XDC,Value,NA,NA,NA,NA,NA,NA,NA,NA,NA,NA,NA,NA,NA,NA,NA,NA,NA,NA,NA,NA,NA,NA,NA,NA,NA,NA,NA,NA,NA,NA,NA,NA,NA,NA,NA,NA,NA,NA,NA,NA,NA,NA,NA,NA,NA,NA,NA,NA,NA,NA,NA,NA,NA,NA,NA,NA,NA,NA,NA,NA,NA,NA,1428987000000,1522799000000,1634864100000,1814653000000,2049661400000,2380013000000,2703367000000,2709134000000,2759970000000,2835992000000,2971845000000,3144516000000,3330670000000,3595489000000,3830195000000,4226892000000,4493667000000,4779393000000,5255243000000,5610992000000,5953591000000,6532890000000,7012901000000,NA
Djibouti,611,"Money and Quasi Money, Broad Money (M2), US Dollars",FMB_XDC,Value,NA,NA,NA,NA,NA,NA,NA,NA,NA,NA,NA,NA,NA,NA,NA,NA,NA,NA,NA,NA,NA,NA,NA,NA,NA,NA,NA,NA,NA,NA,NA,NA,NA,NA,NA,NA,NA,NA,NA,NA,NA,NA,NA,NA,NA,NA,NA,NA,NA,NA,NA,NA,NA,NA,NA,NA,NA,NA,NA,NA,NA,NA,65442100000,77061607000,87758157000,97719682000,109064480000,118036594000,142891055970,167196212000,187594432332.87,179214774979.33,206176166880,220477083000,234780917277,279448061000,303944104000,370565030000,349879143000,380600841000,454358383000,478419297000,470338432000,506441110000,524406516811.33,NA
Denmark,128,"Money and Quasi Money, Broad Money (M2), US Dollars",FMB_XDC,Value,NA,NA,NA,NA,NA,NA,NA,NA,NA,NA,NA,NA,NA,NA,NA,NA,NA,NA,NA,NA,NA,NA,NA,NA,NA,NA,NA,NA,NA,NA,NA,NA,NA,NA,NA,NA,NA,NA,NA,NA,NA,NA,NA,NA,NA,NA,NA,NA,NA,NA,NA,NA,NA,NA,NA,NA,NA,NA,NA,NA,NA,NA,NA,681096000000,699672000000,800544000000,892438000000,1045631000000,1118828000000,1169496000000,1261632000000,1186739000000,1211047000000,1097529000000,1252316000000,1376437000000,1277266000000,1343188000000,1363348000000,1442527940000,1584466120000,1567884320000,1721928740000,1804819920000,1831066890000,NA
Kazakhstan,916,"Money and Quasi Money, Broad Money (M2), US Dollars",FMB_XDC,Value,NA,NA,NA,NA,NA,NA,NA,NA,NA,NA,NA,NA,NA,NA,NA,NA,NA,NA,NA,NA,NA,NA,NA,NA,NA,NA,NA,NA,NA,NA,NA,NA,NA,NA,NA,NA,NA,NA,NA,NA,NA,NA,NA,NA,NA,NA,NA,NA,NA,NA,NA,NA,NA,NA,NA,NA,NA,NA,NA,NA,NA,NA,NA,971749473935.43,1650115432836.91,2065348405431.83,3677560964517.41,4629829467469.54,6267200983087.16,7487305711639.68,8482828474168.71,9752235604226.79,10522812381546.7,11598118000701.2,12801495279469,17125874621538.6,19798591595829.6,19456330356201.9,20813371383577,21322070308710.5,24917784651574,30099290604147.2,34295954597207.2,38301571827032.4,45660003087532.7,NA
"Macedonia, FYR",962,"Money and Quasi Money, Broad Money (M2), US Dollars",FMB_XDC,Value,NA,NA,NA,NA,NA,NA,NA,NA,NA,NA,NA,NA,NA,NA,NA,NA,NA,NA,NA,NA,NA,NA,NA,NA,NA,NA,NA,NA,NA,NA,NA,NA,NA,NA,NA,NA,NA,NA,NA,NA,NA,NA,NA,NA,NA,NA,NA,NA,NA,NA,NA,NA,NA,NA,NA,NA,NA,NA,NA,NA,NA,NA,NA,81154115091,94550286034.5,109402898289,136542100291,177384535918,198348210381.5,201660973144.531,225085857910.156,245181134277.344,252693923828.125,259276279541.016,282407893310.547,304073890380.859,322198916503.906,336988518554.688,373435521484.375,404028100097.656,436230867187.5,474753072265.625,499802505859.375,529263969726.563,583268439453.125,NA
Serbia,942,"Money and Quasi Money, Broad Money (M2), US Dollars",FMB_XDC,Value,NA,NA,NA,NA,NA,NA,NA,NA,NA,NA,NA,NA,NA,NA,NA,NA,NA,NA,NA,NA,NA,NA,NA,NA,NA,NA,NA,NA,NA,NA,NA,NA,NA,NA,NA,NA,NA,NA,NA,NA,NA,NA,NA,NA,NA,NA,NA,NA,NA,NA,NA,NA,NA,NA,NA,NA,NA,NA,NA,NA,NA,NA,NA,244727700000,322876600000,459025600000,636616300000,904691300000,992149700000,1205569500000,1360776600000,1500444000000,1641803900000,1716882100000,1848190193000,1969508257000,2197051600000,2275425256000,2605852910000,2823545613000,3334749176000,3778049252000,4037175029000,4548226668000,5163236807000,NA
Egypt,469,"Money and Quasi Money, Broad Money (M2), US Dollars",FMB_XDC,Value,NA,NA,NA,NA,NA,NA,NA,NA,NA,NA,NA,NA,NA,NA,NA,NA,NA,NA,NA,NA,NA,NA,NA,NA,NA,NA,NA,NA,NA,NA,NA,NA,NA,NA,NA,NA,NA,NA,NA,NA,NA,NA,NA,NA,NA,NA,NA,NA,NA,NA,NA,NA,NA,NA,NA,NA,NA,NA,NA,NA,NA,NA,NA,NA,469181371315,523087281585,601561424441,716545371900,791660072800,866650802300,974275947800.46,1039210326479.27,1167524792867.48,1388078592508.45,1606928410391.47,1905896869795.2,2658900370337.87,3202658622939.3,3628680751017.2,4110515518102.93,4920524925863.82,5822649486610.02,7402740419824.86,8877593655174.56,11636422043227.6,NA
Hong Kong SAR,532,"Money and Quasi Money, Broad Money (M2), US Dollars",FMB_XDC,Value,NA,NA,NA,NA,NA,NA,NA,NA,NA,NA,NA,NA,NA,NA,NA,NA,NA,NA,NA,NA,NA,NA,NA,NA,NA,NA,NA,NA,NA,NA,NA,NA,NA,NA,NA,NA,NA,NA,NA,NA,NA,NA,NA,NA,NA,NA,NA,NA,NA,NA,NA,NA,NA,NA,NA,NA,NA,NA,NA,NA,NA,NA,NA,NA,3461226414000,3638884210000,4162358924000,4796729693000,4934931450000,5238248091000,5600142878000,6264527712000,6849663929000,7567789348000,8212082626000,8767814849000,9340707860000,10536096570000,10947556372000,11474373983000,12166916913000,12555934569000,12966463053000,13468556217000,14410838444000,NA
Indonesia,536,"Money and Quasi Money, Broad Money (M2), US Dollars",FMB_XDC,Value,NA,NA,NA,NA,NA,NA,NA,NA,NA,NA,NA,NA,NA,NA,NA,NA,NA,NA,NA,NA,NA,NA,NA,NA,NA,NA,NA,NA,NA,NA,NA,NA,NA,NA,NA,NA,NA,NA,NA,NA,NA,NA,NA,NA,NA,NA,NA,NA,NA,NA,NA,NA,NA,NA,NA,NA,NA,NA,NA,NA,NA,NA,NA,NA,1033876781462e3,1202762248375470,1382493281365620,1649661781092e3,1895838620055980,2141383778982180,24712058709e5,2877219653876070,3307507636804370,3730197122280670,4173326611657070,4548800392762800,5004976786498600,5419165045825050,5760046195300010,6136776537822420,6905939297545670,7870452852899760,8528022306382540,8826531018815080,9246630111421150,NA
Iraq,433,"Money and Quasi Money, Broad Money (M2), US Dollars",FMB_XDC,Value,NA,NA,NA,NA,NA,NA,NA,NA,NA,NA,NA,NA,NA,NA,NA,NA,NA,NA,NA,NA,NA,NA,NA,NA,NA,NA,NA,NA,NA,NA,NA,NA,NA,NA,NA,NA,NA,NA,NA,NA,NA,NA,NA,NA,NA,NA,NA,NA,NA,NA,NA,NA,NA,NA,NA,NA,NA,NA,NA,NA,NA,NA,NA,NA,14355914441771,14888028438072,19920263000000,27311731000000,36929576000000,46791247000000,61393052000000,74098034000000,77187496910532,89512076030109.4,92988875989307.2,84527272309549.8,90466369605104.2,92857046559138.8,95390725026388.8,103441131326501,119906259918501,139885978092501,168291371872501,180975627687750,174023113968750,NA
Nepal,558,"Money and Quasi Money, Broad Money (M2), US Dollars",FMB_XDC,Value,NA,NA,NA,NA,NA,NA,NA,NA,NA,NA,NA,NA,NA,NA,NA,NA,NA,NA,NA,NA,NA,NA,NA,NA,NA,NA,NA,NA,NA,NA,NA,NA,NA,NA,NA,NA,NA,NA,NA,NA,NA,NA,NA,NA,NA,NA,NA,NA,NA,NA,NA,NA,NA,NA,NA,NA,NA,NA,NA,NA,NA,NA,NA,NA,291091085026.42,319453796795,373713088927,442956865100,615006913318.308,797170951386.408,873613448952.704,1036718727163.63,1190738826749.6,1448629158289.7,1682442636935.76,2093548527140.89,2457062586391.65,2751120523539.45,3294618075622.46,3749717955501.41,4578927374170.2,5251646515713,5653023791758.07,6476098515687.11,7202999943415.9,NA
Poland,964,"Money and Quasi Money, Broad Money (M2), US Dollars",FMB_XDC,Value,NA,NA,NA,NA,NA,NA,NA,NA,NA,NA,NA,NA,NA,NA,NA,NA,NA,NA,NA,NA,NA,NA,NA,NA,NA,NA,NA,NA,NA,NA,NA,NA,NA,NA,NA,NA,NA,NA,NA,NA,NA,NA,NA,NA,NA,NA,NA,NA,NA,NA,NA,NA,NA,NA,NA,NA,NA,NA,NA,NA,NA,NA,NA,NA,371270000000,427121000000,495308000000,561624000000,666230000000,720230000000,783648000000,881498000000,921412000000,978903000000,1059018000000,1154987000000,1265475000000,1324369000000,1445744000000,1565221000000,1822376000000,1984816000000,2088964000000,2267275000000,2476798000000,NA
Bulgaria,918,"Money and Quasi Money, Broad Money (M2), US Dollars",FMB_XDC,Value,NA,NA,NA,NA,NA,NA,NA,NA,NA,NA,NA,NA,NA,NA,NA,NA,NA,NA,NA,NA,NA,NA,NA,NA,NA,NA,NA,NA,NA,NA,NA,NA,NA,NA,NA,NA,NA,NA,NA,NA,NA,NA,NA,NA,NA,NA,NA,NA,NA,NA,NA,NA,NA,NA,NA,NA,NA,NA,NA,NA,NA,NA,NA,NA,NA,25259650000,32061400000,42092090000,45820040000,47731710000,50740960000,56921880000,61721700000,67237010000,68006220000,73967330000,79593920000,85727240000,93252630000,102468220000,113621030000,125777020000,142373420000,154757430000,168279270000,NA
Afghanistan,512,"Money and Quasi Money, Broad Money (M2), US Dollars",FMB_XDC,Value,NA,NA,NA,NA,NA,NA,NA,NA,NA,NA,NA,NA,NA,NA,NA,NA,NA,NA,NA,NA,NA,NA,NA,NA,NA,NA,NA,NA,NA,NA,NA,NA,NA,NA,NA,NA,NA,NA,NA,NA,NA,NA,NA,NA,NA,NA,NA,NA,NA,NA,NA,NA,NA,NA,NA,NA,NA,NA,NA,NA,NA,NA,NA,NA,NA,NA,81247948057,115693148892.643,152002075158.01,202231264209.68,256726781225.915,311433123272.22,338614163696.319,372186008444.944,402465467443.899,414857467601.458,455204132993.234,473836889824.235,486034180057.016,513759321225.071,575737944323.098,NA,NA,NA,NA,NA
Haiti,263,"Money and Quasi Money, Broad Money (M2), US Dollars",FMB_XDC,Value,NA,NA,NA,NA,NA,NA,NA,NA,NA,NA,NA,NA,NA,NA,NA,NA,NA,NA,NA,NA,NA,NA,NA,NA,NA,NA,NA,NA,NA,NA,NA,NA,NA,NA,NA,NA,NA,NA,NA,NA,NA,NA,NA,NA,NA,NA,NA,NA,NA,NA,NA,NA,NA,NA,NA,NA,NA,NA,NA,NA,NA,NA,NA,NA,NA,NA,72985181447.4004,81354499915.9426,91804489031.324,104282566323.662,131516979442.844,140516804808.947,150585390783.747,161978856938.135,174514910734.754,215990294180.617,257284413776.626,279149037573.988,332623992956.756,378298676437.065,394275910612.86,534216888086.128,702615310040.382,634874601041.389,NA,NA
Madagascar,674,"Money and Quasi Money, Broad Money (M2), US Dollars",FMB_XDC,Value,NA,NA,NA,NA,NA,NA,NA,NA,NA,NA,NA,NA,NA,NA,NA,NA,NA,NA,NA,NA,NA,NA,NA,NA,NA,NA,NA,NA,NA,NA,NA,NA,NA,NA,NA,NA,NA,NA,NA,NA,NA,NA,NA,NA,NA,NA,NA,NA,NA,NA,NA,NA,NA,NA,NA,NA,NA,NA,NA,NA,NA,NA,NA,NA,NA,NA,2660033971159.82,3226837927411,3621700242123.78,3987969312825.78,4456826087139.38,5211743463298.09,5606323982182.8,5810825628717.38,6437135469779.27,7501016703961.84,8887147176337.79,10495624676875.6,11750579777837.7,12570558928264,13959402774982.2,15486477168119.9,17614966841821.2,19064157600241.6,21723480473264.8,NA
Peru,293,"Money and Quasi Money, Broad Money (M2), US Dollars",FMB_XDC,Value,NA,NA,NA,NA,NA,NA,NA,NA,NA,NA,NA,NA,NA,NA,NA,NA,NA,NA,NA,NA,NA,NA,NA,NA,NA,NA,NA,NA,NA,NA,NA,NA,NA,NA,NA,NA,NA,NA,NA,NA,NA,NA,NA,NA,NA,NA,NA,NA,NA,NA,NA,NA,NA,NA,NA,NA,NA,NA,NA,NA,NA,NA,NA,NA,NA,NA,80330313794.6812,103950510416.913,127613878573.833,133446444520.349,161543133391.859,180501865841.083,207604262281.558,241815337172.558,256965432168.288,291365567819.657,299396002364.729,327332385831.956,345117252654.188,373825403075.344,516945565276.776,531834320846.054,581359375898.085,NA,NA,NA
Liberia,668,"Money and Quasi Money, Broad Money (M2), US Dollars",FMB_XDC,Value,NA,NA,NA,NA,NA,NA,NA,NA,NA,NA,NA,NA,NA,NA,NA,NA,NA,NA,NA,NA,NA,NA,NA,NA,NA,NA,NA,NA,NA,NA,NA,NA,NA,NA,NA,NA,NA,NA,NA,NA,NA,NA,NA,NA,NA,NA,NA,NA,NA,NA,NA,NA,NA,NA,NA,NA,NA,NA,NA,NA,NA,NA,NA,NA,NA,NA,NA,11306537084.22,16059965094.425,21802914400.7069,29278127620.005,38541816707.18,40093076453.1736,51851151329.1478,51650738278.497,57686302145.5477,58062647698.715,76675429335.9,100974349796.819,121006340831.691,127296863894.746,125416611688.092,153701078501.374,222008851541.065,247185589722.162,NA
Oman,449,"Money and Quasi Money, Broad Money (M2), US Dollars",FMB_XDC,Value,NA,NA,NA,NA,NA,NA,NA,NA,NA,NA,NA,NA,NA,NA,NA,NA,NA,NA,NA,NA,NA,NA,NA,NA,NA,NA,NA,NA,NA,NA,NA,NA,NA,NA,NA,NA,NA,NA,NA,NA,NA,NA,NA,NA,NA,NA,NA,NA,NA,NA,NA,NA,NA,NA,NA,NA,NA,NA,NA,NA,NA,NA,NA,NA,NA,NA,NA,6111341257,7533218000,7889915803,8784797459,9854886499,10912021701,11837940131,13261968365,15146505257,15423818756,16068800000,NA,NA,NA,NA,NA,NA,NA,NA
Zimbabwe,698,"Money and Quasi Money, Broad Money (M2), US Dollars",FMB_XDC,Value,NA,NA,NA,NA,NA,NA,NA,NA,NA,NA,NA,NA,NA,NA,NA,NA,NA,NA,NA,NA,NA,NA,NA,NA,NA,NA,NA,NA,NA,NA,NA,NA,NA,NA,NA,NA,NA,NA,NA,NA,NA,NA,NA,NA,NA,NA,NA,NA,NA,NA,NA,NA,NA,NA,NA,NA,NA,NA,NA,NA,NA,NA,NA,NA,NA,NA,NA,NA,NA,1380450039.28,2223532141.69,2917114032.52,3718727221.59,3887978416.03,4377131272.6058,4736138978.30419,5638281018.47196,7817278645.73082,10009905269.3895,35018179944.92,205047918055.235,475361517868.835,935768334.427422,7569697684.94329,78909261432.9195,108088705950.722
Argentina,213,"Money and Quasi Money, Broad Money (M2), US Dollars",FMB_XDC,Value,NA,NA,NA,NA,NA,NA,NA,NA,NA,NA,NA,NA,NA,NA,NA,NA,NA,NA,NA,NA,NA,NA,NA,NA,NA,NA,NA,NA,NA,NA,NA,NA,NA,NA,NA,NA,NA,NA,NA,NA,NA,NA,NA,NA,NA,NA,NA,NA,NA,NA,NA,NA,NA,NA,NA,NA,NA,NA,NA,NA,NA,NA,NA,NA,NA,NA,NA,NA,NA,NA,422751817000,531401310000,716870110000,910614093000,1182398044000,1648856767000,2334518369000,3037661976000,4484008469000,5644655829000,9388817978000,14203565491000,26658073798159.6,68924197828064.5,153766355470301,NA
"Bahamas, The",313,"Money and Quasi Money, Broad Money (M2), US Dollars",FMB_XDC,Value,NA,NA,NA,NA,NA,NA,NA,NA,NA,NA,NA,NA,NA,NA,NA,NA,NA,NA,NA,NA,NA,NA,NA,NA,NA,NA,NA,NA,NA,NA,NA,NA,NA,NA,NA,NA,NA,NA,NA,NA,NA,NA,NA,NA,NA,NA,NA,NA,NA,NA,NA,NA,NA,NA,NA,NA,NA,NA,NA,NA,NA,NA,NA,NA,NA,NA,NA,NA,NA,NA,6321424838.19,6475967086.04,6667943566.61,6704300950.51,6808660685.77,6783092743.89,7379820606.7,7513186865.82,7592229388.12,8396480667.46,8374008200.41,8737333830.32,9555287509.31,NA,NA,NA
South Sudan,733,"Money and Quasi Money, Broad Money (M2), US Dollars",FMB_XDC,Value,NA,NA,NA,NA,NA,NA,NA,NA,NA,NA,NA,NA,NA,NA,NA,NA,NA,NA,NA,NA,NA,NA,NA,NA,NA,NA,NA,NA,NA,NA,NA,NA,NA,NA,NA,NA,NA,NA,NA,NA,NA,NA,NA,NA,NA,NA,NA,NA,NA,NA,NA,NA,NA,NA,NA,NA,NA,NA,NA,NA,NA,NA,NA,NA,NA,NA,NA,NA,NA,NA,NA,4912987546.05,6576252364.87,6473046189.37,7880589492.78,17065990355.699,41419318506.8956,69416167764.61,105041974913.509,133214598376.278,208485510438.423,323742465131.446,617807216967.986,1009470354255.73,3220146436346.48,4605311112610.03
Guinea,656,"Money and Quasi Money, Broad Money (M2), US Dollars",FMB_XDC,Value,NA,NA,NA,NA,NA,NA,NA,NA,NA,NA,NA,NA,NA,NA,NA,NA,NA,NA,NA,NA,NA,NA,NA,NA,NA,NA,NA,NA,NA,NA,NA,NA,NA,NA,NA,NA,NA,NA,NA,NA,NA,NA,NA,NA,NA,NA,NA,NA,NA,NA,NA,NA,NA,NA,NA,NA,NA,NA,NA,NA,NA,NA,NA,NA,NA,NA,NA,NA,NA,NA,NA,NA,11128498240744,12621556995349,14408082385705,16368280009463,18476884582161,21599317469901,23738540478472.2,29276227714161.5,35949548873197.7,39074978133576.3,45245120043161,47562132380207.8,64585129546915,NA
Mauritania,682,"Money and Quasi Money, Broad Money (M2), US Dollars",FMB_XDC,Value,NA,NA,NA,NA,NA,NA,NA,NA,NA,NA,NA,NA,NA,NA,NA,NA,NA,NA,NA,NA,NA,NA,NA,NA,NA,NA,NA,NA,NA,NA,NA,NA,NA,NA,NA,NA,NA,NA,NA,NA,NA,NA,NA,NA,NA,NA,NA,NA,NA,NA,NA,NA,NA,NA,NA,NA,NA,NA,NA,NA,NA,NA,NA,NA,NA,NA,NA,NA,NA,NA,NA,NA,43792461899.655,53610623910.409,54389244646.379,54233312571.1777,57855677643.5101,67494163306.445,74858513287.37,82306489466.06,NA,NA,NA,NA,NA,NA
New Zealand,196,"Money and Quasi Money, Broad Money (M2), US Dollars",FMB_XDC,Value,NA,NA,NA,NA,NA,NA,NA,NA,NA,NA,NA,NA,NA,NA,NA,NA,NA,NA,NA,NA,NA,NA,NA,NA,NA,NA,NA,NA,NA,NA,NA,NA,NA,NA,NA,NA,NA,NA,NA,NA,NA,NA,NA,NA,NA,NA,NA,NA,NA,NA,NA,NA,NA,NA,NA,NA,NA,NA,NA,NA,NA,NA,NA,NA,NA,NA,NA,NA,NA,NA,NA,NA,NA,216074000000,230571000000,253283000000,272688557000,292599860000,311398735000,326071184000,365779946000,391601940000,398778222000,412988273000,430064619000,NA
Uzbekistan,927,"Money and Quasi Money, Broad Money (M2), US Dollars",FMB_XDC,Value,NA,NA,NA,NA,NA,NA,NA,NA,NA,NA,NA,NA,NA,NA,NA,NA,NA,NA,NA,NA,NA,NA,NA,NA,NA,NA,NA,NA,NA,NA,NA,NA,NA,NA,NA,NA,NA,NA,NA,NA,NA,NA,NA,NA,NA,NA,NA,NA,NA,NA,NA,NA,NA,NA,NA,NA,NA,NA,NA,NA,NA,NA,NA,NA,NA,NA,NA,NA,NA,NA,NA,NA,NA,29397129651000,34024095514000,42288951682000,52225471818000,73223219265000,83565547283000,95166908668000,112012067612742,145254579772677,189085083109865,212086135325272,277064562066842,NA
Jordan,439,"Money and Quasi Money, Broad Money (M2), US Dollars",FMB_XDC,Value,NA,NA,NA,NA,NA,NA,NA,NA,NA,NA,NA,NA,NA,NA,NA,NA,NA,NA,NA,NA,NA,NA,NA,NA,NA,NA,NA,NA,NA,NA,NA,NA,NA,NA,NA,NA,NA,NA,NA,NA,NA,NA,NA,NA,NA,NA,NA,NA,NA,NA,NA,NA,NA,NA,NA,NA,NA,NA,NA,NA,NA,NA,NA,NA,NA,NA,NA,NA,NA,NA,NA,NA,NA,NA,28450581886.416,30595776713.423,31924675287.191,31910444405.149,31960368735.331,33600074149.169,35527131079.208,38026710926.051,40071950532.884,40908047174.778,43401211903.446,NA
Malawi,676,"Money and Quasi Money, Broad Money (M2), US Dollars",FMB_XDC,Value,NA,NA,NA,NA,NA,NA,NA,NA,NA,NA,NA,NA,NA,NA,NA,NA,NA,NA,NA,NA,NA,NA,NA,NA,NA,NA,NA,NA,NA,NA,NA,NA,NA,NA,NA,NA,NA,NA,NA,NA,NA,NA,NA,NA,NA,NA,NA,NA,NA,NA,NA,NA,NA,NA,NA,NA,NA,NA,NA,NA,NA,NA,NA,NA,NA,NA,NA,NA,NA,NA,NA,NA,NA,NA,NA,788777679352.361,918127177113.805,1077264981483.06,1198318425611.55,1320469557749.27,1541351104882.78,2004396574395.28,2782089930554.65,3678871335510.71,5338991155520.83,NA
Libya,672,"Money and Quasi Money, Broad Money (M2), US Dollars",FMB_XDC,Value,NA,NA,NA,NA,NA,NA,NA,NA,NA,NA,NA,NA,NA,NA,NA,NA,NA,NA,NA,NA,NA,NA,NA,NA,NA,NA,NA,NA,NA,NA,NA,NA,NA,NA,NA,NA,NA,NA,NA,NA,NA,NA,NA,NA,NA,NA,NA,NA,NA,NA,NA,NA,NA,NA,NA,NA,NA,NA,NA,NA,NA,NA,NA,NA,NA,NA,NA,NA,NA,NA,NA,NA,NA,NA,NA,NA,NA,114332265788.267,113613440852.844,111507346006.406,128434385195.004,102408739398.817,NA,NA,NA,NA
Austria,122,"Money and Quasi Money, Broad Money (M2), US Dollars",FMB_XDC,Value,NA,NA,NA,NA,NA,NA,NA,NA,NA,NA,NA,NA,NA,NA,NA,NA,NA,NA,NA,NA,NA,NA,NA,NA,NA,NA,NA,NA,NA,NA,NA,NA,NA,NA,NA,NA,NA,NA,NA,NA,NA,NA,NA,NA,NA,NA,NA,NA,NA,NA,NA,NA,NA,NA,NA,NA,NA,NA,NA,NA,NA,NA,NA,NA,NA,NA,NA,NA,NA,NA,NA,NA,NA,NA,NA,NA,NA,NA,NA,NA,NA,NA,NA,NA,NA,NA
Bahrain,419,"Money and Quasi Money, Broad Money (M2), US Dollars",FMB_XDC,Value,NA,NA,NA,NA,NA,NA,NA,NA,NA,NA,NA,NA,NA,NA,NA,NA,NA,NA,NA,NA,NA,NA,NA,NA,NA,NA,NA,NA,NA,NA,NA,NA,NA,NA,NA,NA,NA,NA,NA,NA,NA,NA,NA,NA,NA,NA,NA,NA,NA,NA,NA,NA,NA,NA,NA,NA,NA,NA,NA,NA,NA,NA,NA,NA,NA,NA,NA,NA,NA,NA,NA,NA,NA,NA,NA,NA,NA,NA,NA,NA,NA,NA,NA,NA,NA,NA
Belgium,124,"Money and Quasi Money, Broad Money (M2), US Dollars",FMB_XDC,Value,NA,NA,NA,NA,NA,NA,NA,NA,NA,NA,NA,NA,NA,NA,NA,NA,NA,NA,NA,NA,NA,NA,NA,NA,NA,NA,NA,NA,NA,NA,NA,NA,NA,NA,NA,NA,NA,NA,NA,NA,NA,NA,NA,NA,NA,NA,NA,NA,NA,NA,NA,NA,NA,NA,NA,NA,NA,NA,NA,NA,NA,NA,NA,NA,NA,NA,NA,NA,NA,NA,NA,NA,NA,NA,NA,NA,NA,NA,NA,NA,NA,NA,NA,NA,NA,NA
China,924,"Money and Quasi Money, Broad Money (M2), US Dollars",FMB_XDC,Value,NA,NA,NA,NA,NA,NA,NA,NA,NA,NA,NA,NA,NA,NA,NA,NA,NA,NA,NA,NA,NA,NA,NA,NA,NA,NA,NA,NA,NA,NA,NA,NA,NA,NA,NA,NA,NA,NA,NA,NA,NA,NA,NA,NA,NA,NA,NA,NA,NA,NA,NA,NA,NA,NA,NA,NA,NA,NA,NA,NA,NA,NA,NA,NA,NA,NA,NA,NA,NA,NA,NA,NA,NA,NA,NA,NA,NA,NA,NA,NA,NA,NA,NA,NA,NA,NA
Croatia,960,"Money and Quasi Money, Broad Money (M2), US Dollars",FMB_XDC,Value,NA,NA,NA,NA,NA,NA,NA,NA,NA,NA,NA,NA,NA,NA,NA,NA,NA,NA,NA,NA,NA,NA,NA,NA,NA,NA,NA,NA,NA,NA,NA,NA,NA,NA,NA,NA,NA,NA,NA,NA,NA,NA,NA,NA,NA,NA,NA,NA,NA,NA,NA,NA,NA,NA,NA,NA,NA,NA,NA,NA,NA,NA,NA,NA,NA,NA,NA,NA,NA,NA,NA,NA,NA,NA,NA,NA,NA,NA,NA,NA,NA,NA,NA,NA,NA,NA
Cyprus,423,"Money and Quasi Money, Broad Money (M2), US Dollars",FMB_XDC,Value,NA,NA,NA,NA,NA,NA,NA,NA,NA,NA,NA,NA,NA,NA,NA,NA,NA,NA,NA,NA,NA,NA,NA,NA,NA,NA,NA,NA,NA,NA,NA,NA,NA,NA,NA,NA,NA,NA,NA,NA,NA,NA,NA,NA,NA,NA,NA,NA,NA,NA,NA,NA,NA,NA,NA,NA,NA,NA,NA,NA,NA,NA,NA,NA,NA,NA,NA,NA,NA,NA,NA,NA,NA,NA,NA,NA,NA,NA,NA,NA,NA,NA,NA,NA,NA,NA
Ecuador,248,"Money and Quasi Money, Broad Money (M2), US Dollars",FMB_XDC,Value,NA,NA,NA,NA,NA,NA,NA,NA,NA,NA,NA,NA,NA,NA,NA,NA,NA,NA,NA,NA,NA,NA,NA,NA,NA,NA,NA,NA,NA,NA,NA,NA,NA,NA,NA,NA,NA,NA,NA,NA,NA,NA,NA,NA,NA,NA,NA,NA,NA,NA,NA,NA,NA,NA,NA,NA,NA,NA,NA,NA,NA,NA,NA,NA,NA,NA,NA,NA,NA,NA,NA,NA,NA,NA,NA,NA,NA,NA,NA,NA,NA,NA,NA,NA,NA,NA
El Salvador,253,"Money and Quasi Money, Broad Money (M2), US Dollars",FMB_XDC,Value,NA,NA,NA,NA,NA,NA,NA,NA,NA,NA,NA,NA,NA,NA,NA,NA,NA,NA,NA,NA,NA,NA,NA,NA,NA,NA,NA,NA,NA,NA,NA,NA,NA,NA,NA,NA,NA,NA,NA,NA,NA,NA,NA,NA,NA,NA,NA,NA,NA,NA,NA,NA,NA,NA,NA,NA,NA,NA,NA,NA,NA,NA,NA,NA,NA,NA,NA,NA,NA,NA,NA,NA,NA,NA,NA,NA,NA,NA,NA,NA,NA,NA,NA,NA,NA,NA
Estonia,939,"Money and Quasi Money, Broad Money (M2), US Dollars",FMB_XDC,Value,NA,NA,NA,NA,NA,NA,NA,NA,NA,NA,NA,NA,NA,NA,NA,NA,NA,NA,NA,NA,NA,NA,NA,NA,NA,NA,NA,NA,NA,NA,NA,NA,NA,NA,NA,NA,NA,NA,NA,NA,NA,NA,NA,NA,NA,NA,NA,NA,NA,NA,NA,NA,NA,NA,NA,NA,NA,NA,NA,NA,NA,NA,NA,NA,NA,NA,NA,NA,NA,NA,NA,NA,NA,NA,NA,NA,NA,NA,NA,NA,NA,NA,NA,NA,NA,NA
Ethiopia,644,"Money and Quasi Money, Broad Money (M2), US Dollars",FMB_XDC,Value,NA,NA,NA,NA,NA,NA,NA,NA,NA,NA,NA,NA,NA,NA,NA,NA,NA,NA,NA,NA,NA,NA,NA,NA,NA,NA,NA,NA,NA,NA,NA,NA,NA,NA,NA,NA,NA,NA,NA,NA,NA,NA,NA,NA,NA,NA,NA,NA,NA,NA,NA,NA,NA,NA,NA,NA,NA,NA,NA,NA,NA,NA,NA,NA,NA,NA,NA,NA,NA,NA,NA,NA,NA,NA,NA,NA,NA,NA,NA,NA,NA,NA,NA,NA,NA,NA
Euro area,163,"Money and Quasi Money, Broad Money (M2), US Dollars",FMB_XDC,Value,NA,NA,NA,NA,NA,NA,NA,NA,NA,NA,NA,NA,NA,NA,NA,NA,NA,NA,NA,NA,NA,NA,NA,NA,NA,NA,NA,NA,NA,NA,NA,NA,NA,NA,NA,NA,NA,NA,NA,NA,NA,NA,NA,NA,NA,NA,NA,NA,NA,NA,NA,NA,NA,NA,NA,NA,NA,NA,NA,NA,NA,NA,NA,NA,NA,NA,NA,NA,NA,NA,NA,NA,NA,NA,NA,NA,NA,NA,NA,NA,NA,NA,NA,NA,NA,NA
Finland,172,"Money and Quasi Money, Broad Money (M2), US Dollars",FMB_XDC,Value,NA,NA,NA,NA,NA,NA,NA,NA,NA,NA,NA,NA,NA,NA,NA,NA,NA,NA,NA,NA,NA,NA,NA,NA,NA,NA,NA,NA,NA,NA,NA,NA,NA,NA,NA,NA,NA,NA,NA,NA,NA,NA,NA,NA,NA,NA,NA,NA,NA,NA,NA,NA,NA,NA,NA,NA,NA,NA,NA,NA,NA,NA,NA,NA,NA,NA,NA,NA,NA,NA,NA,NA,NA,NA,NA,NA,NA,NA,NA,NA,NA,NA,NA,NA,NA,NA
France,132,"Money and Quasi Money, Broad Money (M2), US Dollars",FMB_XDC,Value,NA,NA,NA,NA,NA,NA,NA,NA,NA,NA,NA,NA,NA,NA,NA,NA,NA,NA,NA,NA,NA,NA,NA,NA,NA,NA,NA,NA,NA,NA,NA,NA,NA,NA,NA,NA,NA,NA,NA,NA,NA,NA,NA,NA,NA,NA,NA,NA,NA,NA,NA,NA,NA,NA,NA,NA,NA,NA,NA,NA,NA,NA,NA,NA,NA,NA,NA,NA,NA,NA,NA,NA,NA,NA,NA,NA,NA,NA,NA,NA,NA,NA,NA,NA,NA,NA
Germany,134,"Money and Quasi Money, Broad Money (M2), US Dollars",FMB_XDC,Value,NA,NA,NA,NA,NA,NA,NA,NA,NA,NA,NA,NA,NA,NA,NA,NA,NA,NA,NA,NA,NA,NA,NA,NA,NA,NA,NA,NA,NA,NA,NA,NA,NA,NA,NA,NA,NA,NA,NA,NA,NA,NA,NA,NA,NA,NA,NA,NA,NA,NA,NA,NA,NA,NA,NA,NA,NA,NA,NA,NA,NA,NA,NA,NA,NA,NA,NA,NA,NA,NA,NA,NA,NA,NA,NA,NA,NA,NA,NA,NA,NA,NA,NA,NA,NA,NA
Greece,174,"Money and Quasi Money, Broad Money (M2), US Dollars",FMB_XDC,Value,NA,NA,NA,NA,NA,NA,NA,NA,NA,NA,NA,NA,NA,NA,NA,NA,NA,NA,NA,NA,NA,NA,NA,NA,NA,NA,NA,NA,NA,NA,NA,NA,NA,NA,NA,NA,NA,NA,NA,NA,NA,NA,NA,NA,NA,NA,NA,NA,NA,NA,NA,NA,NA,NA,NA,NA,NA,NA,NA,NA,NA,NA,NA,NA,NA,NA,NA,NA,NA,NA,NA,NA,NA,NA,NA,NA,NA,NA,NA,NA,NA,NA,NA,NA,NA,NA
India,534,"Money and Quasi Money, Broad Money (M2), US Dollars",FMB_XDC,Value,NA,NA,NA,NA,NA,NA,NA,NA,NA,NA,NA,NA,NA,NA,NA,NA,NA,NA,NA,NA,NA,NA,NA,NA,NA,NA,NA,NA,NA,NA,NA,NA,NA,NA,NA,NA,NA,NA,NA,NA,NA,NA,NA,NA,NA,NA,NA,NA,NA,NA,NA,NA,NA,NA,NA,NA,NA,NA,NA,NA,NA,NA,NA,NA,NA,NA,NA,NA,NA,NA,NA,NA,NA,NA,NA,NA,NA,NA,NA,NA,NA,NA,NA,NA,NA,NA
Iran,429,"Money and Quasi Money, Broad Money (M2), US Dollars",FMB_XDC,Value,NA,NA,NA,NA,NA,NA,NA,NA,NA,NA,NA,NA,NA,NA,NA,NA,NA,NA,NA,NA,NA,NA,NA,NA,NA,NA,NA,NA,NA,NA,NA,NA,NA,NA,NA,NA,NA,NA,NA,NA,NA,NA,NA,NA,NA,NA,NA,NA,NA,NA,NA,NA,NA,NA,NA,NA,NA,NA,NA,NA,NA,NA,NA,NA,NA,NA,NA,NA,NA,NA,NA,NA,NA,NA,NA,NA,NA,NA,NA,NA,NA,NA,NA,NA,NA,NA
Ireland,178,"Money and Quasi Money, Broad Money (M2), US Dollars",FMB_XDC,Value,NA,NA,NA,NA,NA,NA,NA,NA,NA,NA,NA,NA,NA,NA,NA,NA,NA,NA,NA,NA,NA,NA,NA,NA,NA,NA,NA,NA,NA,NA,NA,NA,NA,NA,NA,NA,NA,NA,NA,NA,NA,NA,NA,NA,NA,NA,NA,NA,NA,NA,NA,NA,NA,NA,NA,NA,NA,NA,NA,NA,NA,NA,NA,NA,NA,NA,NA,NA,NA,NA,NA,NA,NA,NA,NA,NA,NA,NA,NA,NA,NA,NA,NA,NA,NA,NA
Italy,136,"Money and Quasi Money, Broad Money (M2), US Dollars",FMB_XDC,Value,NA,NA,NA,NA,NA,NA,NA,NA,NA,NA,NA,NA,NA,NA,NA,NA,NA,NA,NA,NA,NA,NA,NA,NA,NA,NA,NA,NA,NA,NA,NA,NA,NA,NA,NA,NA,NA,NA,NA,NA,NA,NA,NA,NA,NA,NA,NA,NA,NA,NA,NA,NA,NA,NA,NA,NA,NA,NA,NA,NA,NA,NA,NA,NA,NA,NA,NA,NA,NA,NA,NA,NA,NA,NA,NA,NA,NA,NA,NA,NA,NA,NA,NA,NA,NA,NA
Kiribati,826,"Money and Quasi Money, Broad Money (M2), US Dollars",FMB_XDC,Value,NA,NA,NA,NA,NA,NA,NA,NA,NA,NA,NA,NA,NA,NA,NA,NA,NA,NA,NA,NA,NA,NA,NA,NA,NA,NA,NA,NA,NA,NA,NA,NA,NA,NA,NA,NA,NA,NA,NA,NA,NA,NA,NA,NA,NA,NA,NA,NA,NA,NA,NA,NA,NA,NA,NA,NA,NA,NA,NA,NA,NA,NA,NA,NA,NA,NA,NA,NA,NA,NA,NA,NA,NA,NA,NA,NA,NA,NA,NA,NA,NA,NA,NA,NA,NA,NA
Kosovo,967,"Money and Quasi Money, Broad Money (M2), US Dollars",FMB_XDC,Value,NA,NA,NA,NA,NA,NA,NA,NA,NA,NA,NA,NA,NA,NA,NA,NA,NA,NA,NA,NA,NA,NA,NA,NA,NA,NA,NA,NA,NA,NA,NA,NA,NA,NA,NA,NA,NA,NA,NA,NA,NA,NA,NA,NA,NA,NA,NA,NA,NA,NA,NA,NA,NA,NA,NA,NA,NA,NA,NA,NA,NA,NA,NA,NA,NA,NA,NA,NA,NA,NA,NA,NA,NA,NA,NA,NA,NA,NA,NA,NA,NA,NA,NA,NA,NA,NA
Lao P.D.R.,544,"Money and Quasi Money, Broad Money (M2), US Dollars",FMB_XDC,Value,NA,NA,NA,NA,NA,NA,NA,NA,NA,NA,NA,NA,NA,NA,NA,NA,NA,NA,NA,NA,NA,NA,NA,NA,NA,NA,NA,NA,NA,NA,NA,NA,NA,NA,NA,NA,NA,NA,NA,NA,NA,NA,NA,NA,NA,NA,NA,NA,NA,NA,NA,NA,NA,NA,NA,NA,NA,NA,NA,NA,NA,NA,NA,NA,NA,NA,NA,NA,NA,NA,NA,NA,NA,NA,NA,NA,NA,NA,NA,NA,NA,NA,NA,NA,NA,NA
Latvia,941,"Money and Quasi Money, Broad Money (M2), US Dollars",FMB_XDC,Value,NA,NA,NA,NA,NA,NA,NA,NA,NA,NA,NA,NA,NA,NA,NA,NA,NA,NA,NA,NA,NA,NA,NA,NA,NA,NA,NA,NA,NA,NA,NA,NA,NA,NA,NA,NA,NA,NA,NA,NA,NA,NA,NA,NA,NA,NA,NA,NA,NA,NA,NA,NA,NA,NA,NA,NA,NA,NA,NA,NA,NA,NA,NA,NA,NA,NA,NA,NA,NA,NA,NA,NA,NA,NA,NA,NA,NA,NA,NA,NA,NA,NA,NA,NA,NA,NA
Lebanon,446,"Money and Quasi Money, Broad Money (M2), US Dollars",FMB_XDC,Value,NA,NA,NA,NA,NA,NA,NA,NA,NA,NA,NA,NA,NA,NA,NA,NA,NA,NA,NA,NA,NA,NA,NA,NA,NA,NA,NA,NA,NA,NA,NA,NA,NA,NA,NA,NA,NA,NA,NA,NA,NA,NA,NA,NA,NA,NA,NA,NA,NA,NA,NA,NA,NA,NA,NA,NA,NA,NA,NA,NA,NA,NA,NA,NA,NA,NA,NA,NA,NA,NA,NA,NA,NA,NA,NA,NA,NA,NA,NA,NA,NA,NA,NA,NA,NA,NA
Lithuania,946,"Money and Quasi Money, Broad Money (M2), US Dollars",FMB_XDC,Value,NA,NA,NA,NA,NA,NA,NA,NA,NA,NA,NA,NA,NA,NA,NA,NA,NA,NA,NA,NA,NA,NA,NA,NA,NA,NA,NA,NA,NA,NA,NA,NA,NA,NA,NA,NA,NA,NA,NA,NA,NA,NA,NA,NA,NA,NA,NA,NA,NA,NA,NA,NA,NA,NA,NA,NA,NA,NA,NA,NA,NA,NA,NA,NA,NA,NA,NA,NA,NA,NA,NA,NA,NA,NA,NA,NA,NA,NA,NA,NA,NA,NA,NA,NA,NA,NA
Luxembourg,137,"Money and Quasi Money, Broad Money (M2), US Dollars",FMB_XDC,Value,NA,NA,NA,NA,NA,NA,NA,NA,NA,NA,NA,NA,NA,NA,NA,NA,NA,NA,NA,NA,NA,NA,NA,NA,NA,NA,NA,NA,NA,NA,NA,NA,NA,NA,NA,NA,NA,NA,NA,NA,NA,NA,NA,NA,NA,NA,NA,NA,NA,NA,NA,NA,NA,NA,NA,NA,NA,NA,NA,NA,NA,NA,NA,NA,NA,NA,NA,NA,NA,NA,NA,NA,NA,NA,NA,NA,NA,NA,NA,NA,NA,NA,NA,NA,NA,NA
Malta,181,"Money and Quasi Money, Broad Money (M2), US Dollars",FMB_XDC,Value,NA,NA,NA,NA,NA,NA,NA,NA,NA,NA,NA,NA,NA,NA,NA,NA,NA,NA,NA,NA,NA,NA,NA,NA,NA,NA,NA,NA,NA,NA,NA,NA,NA,NA,NA,NA,NA,NA,NA,NA,NA,NA,NA,NA,NA,NA,NA,NA,NA,NA,NA,NA,NA,NA,NA,NA,NA,NA,NA,NA,NA,NA,NA,NA,NA,NA,NA,NA,NA,NA,NA,NA,NA,NA,NA,NA,NA,NA,NA,NA,NA,NA,NA,NA,NA,NA
Marshall Islands,867,"Money and Quasi Money, Broad Money (M2), US Dollars",FMB_XDC,Value,NA,NA,NA,NA,NA,NA,NA,NA,NA,NA,NA,NA,NA,NA,NA,NA,NA,NA,NA,NA,NA,NA,NA,NA,NA,NA,NA,NA,NA,NA,NA,NA,NA,NA,NA,NA,NA,NA,NA,NA,NA,NA,NA,NA,NA,NA,NA,NA,NA,NA,NA,NA,NA,NA,NA,NA,NA,NA,NA,NA,NA,NA,NA,NA,NA,NA,NA,NA,NA,NA,NA,NA,NA,NA,NA,NA,NA,NA,NA,NA,NA,NA,NA,NA,NA,NA
Micronesia,868,"Money and Quasi Money, Broad Money (M2), US Dollars",FMB_XDC,Value,NA,NA,NA,NA,NA,NA,NA,NA,NA,NA,NA,NA,NA,NA,NA,NA,NA,NA,NA,NA,NA,NA,NA,NA,NA,NA,NA,NA,NA,NA,NA,NA,NA,NA,NA,NA,NA,NA,NA,NA,NA,NA,NA,NA,NA,NA,NA,NA,NA,NA,NA,NA,NA,NA,NA,NA,NA,NA,NA,NA,NA,NA,NA,NA,NA,NA,NA,NA,NA,NA,NA,NA,NA,NA,NA,NA,NA,NA,NA,NA,NA,NA,NA,NA,NA,NA
"Montenegro, Rep. of",943,"Money and Quasi Money, Broad Money (M2), US Dollars",FMB_XDC,Value,NA,NA,NA,NA,NA,NA,NA,NA,NA,NA,NA,NA,NA,NA,NA,NA,NA,NA,NA,NA,NA,NA,NA,NA,NA,NA,NA,NA,NA,NA,NA,NA,NA,NA,NA,NA,NA,NA,NA,NA,NA,NA,NA,NA,NA,NA,NA,NA,NA,NA,NA,NA,NA,NA,NA,NA,NA,NA,NA,NA,NA,NA,NA,NA,NA,NA,NA,NA,NA,NA,NA,NA,NA,NA,NA,NA,NA,NA,NA,NA,NA,NA,NA,NA,NA,NA
Nauru,836,"Money and Quasi Money, Broad Money (M2), US Dollars",FMB_XDC,Value,NA,NA,NA,NA,NA,NA,NA,NA,NA,NA,NA,NA,NA,NA,NA,NA,NA,NA,NA,NA,NA,NA,NA,NA,NA,NA,NA,NA,NA,NA,NA,NA,NA,NA,NA,NA,NA,NA,NA,NA,NA,NA,NA,NA,NA,NA,NA,NA,NA,NA,NA,NA,NA,NA,NA,NA,NA,NA,NA,NA,NA,NA,NA,NA,NA,NA,NA,NA,NA,NA,NA,NA,NA,NA,NA,NA,NA,NA,NA,NA,NA,NA,NA,NA,NA,NA
Netherlands,138,"Money and Quasi Money, Broad Money (M2), US Dollars",FMB_XDC,Value,NA,NA,NA,NA,NA,NA,NA,NA,NA,NA,NA,NA,NA,NA,NA,NA,NA,NA,NA,NA,NA,NA,NA,NA,NA,NA,NA,NA,NA,NA,NA,NA,NA,NA,NA,NA,NA,NA,NA,NA,NA,NA,NA,NA,NA,NA,NA,NA,NA,NA,NA,NA,NA,NA,NA,NA,NA,NA,NA,NA,NA,NA,NA,NA,NA,NA,NA,NA,NA,NA,NA,NA,NA,NA,NA,NA,NA,NA,NA,NA,NA,NA,NA,NA,NA,NA
Palau,565,"Money and Quasi Money, Broad Money (M2), US Dollars",FMB_XDC,Value,NA,NA,NA,NA,NA,NA,NA,NA,NA,NA,NA,NA,NA,NA,NA,NA,NA,NA,NA,NA,NA,NA,NA,NA,NA,NA,NA,NA,NA,NA,NA,NA,NA,NA,NA,NA,NA,NA,NA,NA,NA,NA,NA,NA,NA,NA,NA,NA,NA,NA,NA,NA,NA,NA,NA,NA,NA,NA,NA,NA,NA,NA,NA,NA,NA,NA,NA,NA,NA,NA,NA,NA,NA,NA,NA,NA,NA,NA,NA,NA,NA,NA,NA,NA,NA,NA
Panama,283,"Money and Quasi Money, Broad Money (M2), US Dollars",FMB_XDC,Value,NA,NA,NA,NA,NA,NA,NA,NA,NA,NA,NA,NA,NA,NA,NA,NA,NA,NA,NA,NA,NA,NA,NA,NA,NA,NA,NA,NA,NA,NA,NA,NA,NA,NA,NA,NA,NA,NA,NA,NA,NA,NA,NA,NA,NA,NA,NA,NA,NA,NA,NA,NA,NA,NA,NA,NA,NA,NA,NA,NA,NA,NA,NA,NA,NA,NA,NA,NA,NA,NA,NA,NA,NA,NA,NA,NA,NA,NA,NA,NA,NA,NA,NA,NA,NA,NA
Portugal,182,"Money and Quasi Money, Broad Money (M2), US Dollars",FMB_XDC,Value,NA,NA,NA,NA,NA,NA,NA,NA,NA,NA,NA,NA,NA,NA,NA,NA,NA,NA,NA,NA,NA,NA,NA,NA,NA,NA,NA,NA,NA,NA,NA,NA,NA,NA,NA,NA,NA,NA,NA,NA,NA,NA,NA,NA,NA,NA,NA,NA,NA,NA,NA,NA,NA,NA,NA,NA,NA,NA,NA,NA,NA,NA,NA,NA,NA,NA,NA,NA,NA,NA,NA,NA,NA,NA,NA,NA,NA,NA,NA,NA,NA,NA,NA,NA,NA,NA
Puerto Rico,359,"Money and Quasi Money, Broad Money (M2), US Dollars",FMB_XDC,Value,NA,NA,NA,NA,NA,NA,NA,NA,NA,NA,NA,NA,NA,NA,NA,NA,NA,NA,NA,NA,NA,NA,NA,NA,NA,NA,NA,NA,NA,NA,NA,NA,NA,NA,NA,NA,NA,NA,NA,NA,NA,NA,NA,NA,NA,NA,NA,NA,NA,NA,NA,NA,NA,NA,NA,NA,NA,NA,NA,NA,NA,NA,NA,NA,NA,NA,NA,NA,NA,NA,NA,NA,NA,NA,NA,NA,NA,NA,NA,NA,NA,NA,NA,NA,NA,NA
San Marino,135,"Money and Quasi Money, Broad Money (M2), US Dollars",FMB_XDC,Value,NA,NA,NA,NA,NA,NA,NA,NA,NA,NA,NA,NA,NA,NA,NA,NA,NA,NA,NA,NA,NA,NA,NA,NA,NA,NA,NA,NA,NA,NA,NA,NA,NA,NA,NA,NA,NA,NA,NA,NA,NA,NA,NA,NA,NA,NA,NA,NA,NA,NA,NA,NA,NA,NA,NA,NA,NA,NA,NA,NA,NA,NA,NA,NA,NA,NA,NA,NA,NA,NA,NA,NA,NA,NA,NA,NA,NA,NA,NA,NA,NA,NA,NA,NA,NA,NA
Saudi Arabia,456,"Money and Quasi Money, Broad Money (M2), US Dollars",FMB_XDC,Value,NA,NA,NA,NA,NA,NA,NA,NA,NA,NA,NA,NA,NA,NA,NA,NA,NA,NA,NA,NA,NA,NA,NA,NA,NA,NA,NA,NA,NA,NA,NA,NA,NA,NA,NA,NA,NA,NA,NA,NA,NA,NA,NA,NA,NA,NA,NA,NA,NA,NA,NA,NA,NA,NA,NA,NA,NA,NA,NA,NA,NA,NA,NA,NA,NA,NA,NA,NA,NA,NA,NA,NA,NA,NA,NA,NA,NA,NA,NA,NA,NA,NA,NA,NA,NA,NA
Singapore,576,"Money and Quasi Money, Broad Money (M2), US Dollars",FMB_XDC,Value,NA,NA,NA,NA,NA,NA,NA,NA,NA,NA,NA,NA,NA,NA,NA,NA,NA,NA,NA,NA,NA,NA,NA,NA,NA,NA,NA,NA,NA,NA,NA,NA,NA,NA,NA,NA,NA,NA,NA,NA,NA,NA,NA,NA,NA,NA,NA,NA,NA,NA,NA,NA,NA,NA,NA,NA,NA,NA,NA,NA,NA,NA,NA,NA,NA,NA,NA,NA,NA,NA,NA,NA,NA,NA,NA,NA,NA,NA,NA,NA,NA,NA,NA,NA,NA,NA
Slovak Republic,936,"Money and Quasi Money, Broad Money (M2), US Dollars",FMB_XDC,Value,NA,NA,NA,NA,NA,NA,NA,NA,NA,NA,NA,NA,NA,NA,NA,NA,NA,NA,NA,NA,NA,NA,NA,NA,NA,NA,NA,NA,NA,NA,NA,NA,NA,NA,NA,NA,NA,NA,NA,NA,NA,NA,NA,NA,NA,NA,NA,NA,NA,NA,NA,NA,NA,NA,NA,NA,NA,NA,NA,NA,NA,NA,NA,NA,NA,NA,NA,NA,NA,NA,NA,NA,NA,NA,NA,NA,NA,NA,NA,NA,NA,NA,NA,NA,NA,NA
Slovenia,961,"Money and Quasi Money, Broad Money (M2), US Dollars",FMB_XDC,Value,NA,NA,NA,NA,NA,NA,NA,NA,NA,NA,NA,NA,NA,NA,NA,NA,NA,NA,NA,NA,NA,NA,NA,NA,NA,NA,NA,NA,NA,NA,NA,NA,NA,NA,NA,NA,NA,NA,NA,NA,NA,NA,NA,NA,NA,NA,NA,NA,NA,NA,NA,NA,NA,NA,NA,NA,NA,NA,NA,NA,NA,NA,NA,NA,NA,NA,NA,NA,NA,NA,NA,NA,NA,NA,NA,NA,NA,NA,NA,NA,NA,NA,NA,NA,NA,NA
Somalia,726,"Money and Quasi Money, Broad Money (M2), US Dollars",FMB_XDC,Value,NA,NA,NA,NA,NA,NA,NA,NA,NA,NA,NA,NA,NA,NA,NA,NA,NA,NA,NA,NA,NA,NA,NA,NA,NA,NA,NA,NA,NA,NA,NA,NA,NA,NA,NA,NA,NA,NA,NA,NA,NA,NA,NA,NA,NA,NA,NA,NA,NA,NA,NA,NA,NA,NA,NA,NA,NA,NA,NA,NA,NA,NA,NA,NA,NA,NA,NA,NA,NA,NA,NA,NA,NA,NA,NA,NA,NA,NA,NA,NA,NA,NA,NA,NA,NA,NA
Spain,184,"Money and Quasi Money, Broad Money (M2), US Dollars",FMB_XDC,Value,NA,NA,NA,NA,NA,NA,NA,NA,NA,NA,NA,NA,NA,NA,NA,NA,NA,NA,NA,NA,NA,NA,NA,NA,NA,NA,NA,NA,NA,NA,NA,NA,NA,NA,NA,NA,NA,NA,NA,NA,NA,NA,NA,NA,NA,NA,NA,NA,NA,NA,NA,NA,NA,NA,NA,NA,NA,NA,NA,NA,NA,NA,NA,NA,NA,NA,NA,NA,NA,NA,NA,NA,NA,NA,NA,NA,NA,NA,NA,NA,NA,NA,NA,NA,NA,NA
Switzerland,146,"Money and Quasi Money, Broad Money (M2), US Dollars",FMB_XDC,Value,NA,NA,NA,NA,NA,NA,NA,NA,NA,NA,NA,NA,NA,NA,NA,NA,NA,NA,NA,NA,NA,NA,NA,NA,NA,NA,NA,NA,NA,NA,NA,NA,NA,NA,NA,NA,NA,NA,NA,NA,NA,NA,NA,NA,NA,NA,NA,NA,NA,NA,NA,NA,NA,NA,NA,NA,NA,NA,NA,NA,NA,NA,NA,NA,NA,NA,NA,NA,NA,NA,NA,NA,NA,NA,NA,NA,NA,NA,NA,NA,NA,NA,NA,NA,NA,NA
Taiwan Province of China,528,"Money and Quasi Money, Broad Money (M2), US Dollars",FMB_XDC,Value,NA,NA,NA,NA,NA,NA,NA,NA,NA,NA,NA,NA,NA,NA,NA,NA,NA,NA,NA,NA,NA,NA,NA,NA,NA,NA,NA,NA,NA,NA,NA,NA,NA,NA,NA,NA,NA,NA,NA,NA,NA,NA,NA,NA,NA,NA,NA,NA,NA,NA,NA,NA,NA,NA,NA,NA,NA,NA,NA,NA,NA,NA,NA,NA,NA,NA,NA,NA,NA,NA,NA,NA,NA,NA,NA,NA,NA,NA,NA,NA,NA,NA,NA,NA,NA,NA
Timor-Leste,537,"Money and Quasi Money, Broad Money (M2), US Dollars",FMB_XDC,Value,NA,NA,NA,NA,NA,NA,NA,NA,NA,NA,NA,NA,NA,NA,NA,NA,NA,NA,NA,NA,NA,NA,NA,NA,NA,NA,NA,NA,NA,NA,NA,NA,NA,NA,NA,NA,NA,NA,NA,NA,NA,NA,NA,NA,NA,NA,NA,NA,NA,NA,NA,NA,NA,NA,NA,NA,NA,NA,NA,NA,NA,NA,NA,NA,NA,NA,NA,NA,NA,NA,NA,NA,NA,NA,NA,NA,NA,NA,NA,NA,NA,NA,NA,NA,NA,NA
Turkmenistan,925,"Money and Quasi Money, Broad Money (M2), US Dollars",FMB_XDC,Value,NA,NA,NA,NA,NA,NA,NA,NA,NA,NA,NA,NA,NA,NA,NA,NA,NA,NA,NA,NA,NA,NA,NA,NA,NA,NA,NA,NA,NA,NA,NA,NA,NA,NA,NA,NA,NA,NA,NA,NA,NA,NA,NA,NA,NA,NA,NA,NA,NA,NA,NA,NA,NA,NA,NA,NA,NA,NA,NA,NA,NA,NA,NA,NA,NA,NA,NA,NA,NA,NA,NA,NA,NA,NA,NA,NA,NA,NA,NA,NA,NA,NA,NA,NA,NA,NA
Tuvalu,869,"Money and Quasi Money, Broad Money (M2), US Dollars",FMB_XDC,Value,NA,NA,NA,NA,NA,NA,NA,NA,NA,NA,NA,NA,NA,NA,NA,NA,NA,NA,NA,NA,NA,NA,NA,NA,NA,NA,NA,NA,NA,NA,NA,NA,NA,NA,NA,NA,NA,NA,NA,NA,NA,NA,NA,NA,NA,NA,NA,NA,NA,NA,NA,NA,NA,NA,NA,NA,NA,NA,NA,NA,NA,NA,NA,NA,NA,NA,NA,NA,NA,NA,NA,NA,NA,NA,NA,NA,NA,NA,NA,NA,NA,NA,NA,NA,NA,NA
United Kingdom,112,"Money and Quasi Money, Broad Money (M2), US Dollars",FMB_XDC,Value,NA,NA,NA,NA,NA,NA,NA,NA,NA,NA,NA,NA,NA,NA,NA,NA,NA,NA,NA,NA,NA,NA,NA,NA,NA,NA,NA,NA,NA,NA,NA,NA,NA,NA,NA,NA,NA,NA,NA,NA,NA,NA,NA,NA,NA,NA,NA,NA,NA,NA,NA,NA,NA,NA,NA,NA,NA,NA,NA,NA,NA,NA,NA,NA,NA,NA,NA,NA,NA,NA,NA,NA,NA,NA,NA,NA,NA,NA,NA,NA,NA,NA,NA,NA,NA,NA
United States,111,"Money and Quasi Money, Broad Money (M2), US Dollars",FMB_XDC,Value,NA,NA,NA,NA,NA,NA,NA,NA,NA,NA,NA,NA,NA,NA,NA,NA,NA,NA,NA,NA,NA,NA,NA,NA,NA,NA,NA,NA,NA,NA,NA,NA,NA,NA,NA,NA,NA,NA,NA,NA,NA,NA,NA,NA,NA,NA,NA,NA,NA,NA,NA,NA,NA,NA,NA,NA,NA,NA,NA,NA,NA,NA,NA,NA,NA,NA,NA,NA,NA,NA,NA,NA,NA,NA,NA,NA,NA,NA,NA,NA,NA,NA,NA,NA,NA,NA
Vietnam,582,"Money and Quasi Money, Broad Money (M2), US Dollars",FMB_XDC,Value,NA,NA,NA,NA,NA,NA,NA,NA,NA,NA,NA,NA,NA,NA,NA,NA,NA,NA,NA,NA,NA,NA,NA,NA,NA,NA,NA,NA,NA,NA,NA,NA,NA,NA,NA,NA,NA,NA,NA,NA,NA,NA,NA,NA,NA,NA,NA,NA,NA,NA,NA,NA,NA,NA,NA,NA,NA,NA,NA,NA,NA,NA,NA,NA,NA,NA,NA,NA,NA,NA,NA,NA,NA,NA,NA,NA,NA,NA,NA,NA,NA,NA,NA,NA,NA,NA
Yemen,474,"Money and Quasi Money, Broad Money (M2), US Dollars",FMB_XDC,Value,NA,NA,NA,NA,NA,NA,NA,NA,NA,NA,NA,NA,NA,NA,NA,NA,NA,NA,NA,NA,NA,NA,NA,NA,NA,NA,NA,NA,NA,NA,NA,NA,NA,NA,NA,NA,NA,NA,NA,NA,NA,NA,NA,NA,NA,NA,NA,NA,NA,NA,NA,NA,NA,NA,NA,NA,NA,NA,NA,NA,NA,NA,NA,NA,NA,NA,NA,NA,NA,NA,NA,NA,NA,NA,NA,NA,NA,NA,NA,NA,NA,NA,NA,NA,NA,NA
Cuba,928,"Money and Quasi Money, Broad Money (M2), US Dollars",FMB_XDC,Value,NA,NA,NA,NA,NA,NA,NA,NA,NA,NA,NA,NA,NA,NA,NA,NA,NA,NA,NA,NA,NA,NA,NA,NA,NA,NA,NA,NA,NA,NA,NA,NA,NA,NA,NA,NA,NA,NA,NA,NA,NA,NA,NA,NA,NA,NA,NA,NA,NA,NA,NA,NA,NA,NA,NA,NA,NA,NA,NA,NA,NA,NA,NA,NA,NA,NA,NA,NA,NA,NA,NA,NA,NA,NA,NA,NA,NA,NA,NA,NA,NA,NA,NA,NA,NA,NA
World,001,"Money and Quasi Money, Broad Money (M2), US Dollars",FMB_XDC,Value,NA,NA,NA,NA,NA,NA,NA,NA,NA,NA,NA,NA,NA,NA,NA,NA,NA,NA,NA,NA,NA,NA,NA,NA,NA,NA,NA,NA,NA,NA,NA,NA,NA,NA,NA,NA,NA,NA,NA,NA,NA,NA,NA,NA,NA,NA,NA,NA,NA,NA,NA,NA,NA,NA,NA,NA,NA,NA,NA,NA,NA,NA,NA,NA,NA,NA,NA,NA,NA,NA,NA,NA,NA,NA,NA,NA,NA,NA,NA,NA,NA,NA,NA,NA,NA,NA
Aruba,314,"Money and Quasi Money, Broad Money (M2), US Dollars",FMB_XDC,Value,NA,NA,NA,NA,NA,NA,NA,NA,NA,NA,NA,NA,NA,NA,NA,NA,NA,NA,NA,NA,NA,NA,NA,NA,NA,NA,NA,NA,NA,NA,NA,NA,NA,NA,NA,NA,NA,NA,NA,NA,NA,NA,NA,NA,NA,NA,NA,NA,NA,NA,NA,NA,NA,NA,NA,NA,NA,NA,NA,NA,NA,NA,NA,NA,NA,NA,NA,NA,NA,NA,NA,NA,NA,NA,NA,NA,NA,NA,NA,NA,NA,NA,NA,NA,NA,NA
Bermuda,319,"Money and Quasi Money, Broad Money (M2), US Dollars",FMB_XDC,Value,NA,NA,NA,NA,NA,NA,NA,NA,NA,NA,NA,NA,NA,NA,NA,NA,NA,NA,NA,NA,NA,NA,NA,NA,NA,NA,NA,NA,NA,NA,NA,NA,NA,NA,NA,NA,NA,NA,NA,NA,NA,NA,NA,NA,NA,NA,NA,NA,NA,NA,NA,NA,NA,NA,NA,NA,NA,NA,NA,NA,NA,NA,NA,NA,NA,NA,NA,NA,NA,NA,NA,NA,NA,NA,NA,NA,NA,NA,NA,NA,NA,NA,NA,NA,NA,NA
Sint Maarten,352,"Money and Quasi Money, Broad Money (M2), US Dollars",FMB_XDC,Value,NA,NA,NA,NA,NA,NA,NA,NA,NA,NA,NA,NA,NA,NA,NA,NA,NA,NA,NA,NA,NA,NA,NA,NA,NA,NA,NA,NA,NA,NA,NA,NA,NA,NA,NA,NA,NA,NA,NA,NA,NA,NA,NA,NA,NA,NA,NA,NA,NA,NA,NA,NA,NA,NA,NA,NA,NA,NA,NA,NA,NA,NA,NA,NA,NA,NA,NA,NA,NA,NA,NA,NA,NA,NA,NA,NA,NA,NA,NA,NA,NA,NA,NA,NA,NA,NA
Netherlands Antilles,353,"Money and Quasi Money, Broad Money (M2), US Dollars",FMB_XDC,Value,NA,NA,NA,NA,NA,NA,NA,NA,NA,NA,NA,NA,NA,NA,NA,NA,NA,NA,NA,NA,NA,NA,NA,NA,NA,NA,NA,NA,NA,NA,NA,NA,NA,NA,NA,NA,NA,NA,NA,NA,NA,NA,NA,NA,NA,NA,NA,NA,NA,NA,NA,NA,NA,NA,NA,NA,NA,NA,NA,NA,NA,NA,NA,NA,NA,NA,NA,NA,NA,NA,NA,NA,NA,NA,NA,NA,NA,NA,NA,NA,NA,NA,NA,NA,NA,NA
Curacao,354,"Money and Quasi Money, Broad Money (M2), US Dollars",FMB_XDC,Value,NA,NA,NA,NA,NA,NA,NA,NA,NA,NA,NA,NA,NA,NA,NA,NA,NA,NA,NA,NA,NA,NA,NA,NA,NA,NA,NA,NA,NA,NA,NA,NA,NA,NA,NA,NA,NA,NA,NA,NA,NA,NA,NA,NA,NA,NA,NA,NA,NA,NA,NA,NA,NA,NA,NA,NA,NA,NA,NA,NA,NA,NA,NA,NA,NA,NA,NA,NA,NA,NA,NA,NA,NA,NA,NA,NA,NA,NA,NA,NA,NA,NA,NA,NA,NA,NA
West Bank and Gaza,487,"Money and Quasi Money, Broad Money (M2), US Dollars",FMB_XDC,Value,NA,NA,NA,NA,NA,NA,NA,NA,NA,NA,NA,NA,NA,NA,NA,NA,NA,NA,NA,NA,NA,NA,NA,NA,NA,NA,NA,NA,NA,NA,NA,NA,NA,NA,NA,NA,NA,NA,NA,NA,NA,NA,NA,NA,NA,NA,NA,NA,NA,NA,NA,NA,NA,NA,NA,NA,NA,NA,NA,NA,NA,NA,NA,NA,NA,NA,NA,NA,NA,NA,NA,NA,NA,NA,NA,NA,NA,NA,NA,NA,NA,NA,NA,NA,NA,NA
Reunion,696,"Money and Quasi Money, Broad Money (M2), US Dollars",FMB_XDC,Value,NA,NA,NA,NA,NA,NA,NA,NA,NA,NA,NA,NA,NA,NA,NA,NA,NA,NA,NA,NA,NA,NA,NA,NA,NA,NA,NA,NA,NA,NA,NA,NA,NA,NA,NA,NA,NA,NA,NA,NA,NA,NA,NA,NA,NA,NA,NA,NA,NA,NA,NA,NA,NA,NA,NA,NA,NA,NA,NA,NA,NA,NA,NA,NA,NA,NA,NA,NA,NA,NA,NA,NA,NA,NA,NA,NA,NA,NA,NA,NA,NA,NA,NA,NA,NA,NA
Faroe Islands,816,"Money and Quasi Money, Broad Money (M2), US Dollars",FMB_XDC,Value,NA,NA,NA,NA,NA,NA,NA,NA,NA,NA,NA,NA,NA,NA,NA,NA,NA,NA,NA,NA,NA,NA,NA,NA,NA,NA,NA,NA,NA,NA,NA,NA,NA,NA,NA,NA,NA,NA,NA,NA,NA,NA,NA,NA,NA,NA,NA,NA,NA,NA,NA,NA,NA,NA,NA,NA,NA,NA,NA,NA,NA,NA,NA,NA,NA,NA,NA,NA,NA,NA,NA,NA,NA,NA,NA,NA,NA,NA,NA,NA,NA,NA,NA,NA,NA,NA
French Territories: New Caledonia,839,"Money and Quasi Money, Broad Money (M2), US Dollars",FMB_XDC,Value,NA,NA,NA,NA,NA,NA,NA,NA,NA,NA,NA,NA,NA,NA,NA,NA,NA,NA,NA,NA,NA,NA,NA,NA,NA,NA,NA,NA,NA,NA,NA,NA,NA,NA,NA,NA,NA,NA,NA,NA,NA,NA,NA,NA,NA,NA,NA,NA,NA,NA,NA,NA,NA,NA,NA,NA,NA,NA,NA,NA,NA,NA,NA,NA,NA,NA,NA,NA,NA,NA,NA,NA,NA,NA,NA,NA,NA,NA,NA,NA,NA,NA,NA,NA,NA,NA
French Territories: French Polynesia,887,"Money and Quasi Money, Broad Money (M2), US Dollars",FMB_XDC,Value,NA,NA,NA,NA,NA,NA,NA,NA,NA,NA,NA,NA,NA,NA,NA,NA,NA,NA,NA,NA,NA,NA,NA,NA,NA,NA,NA,NA,NA,NA,NA,NA,NA,NA,NA,NA,NA,NA,NA,NA,NA,NA,NA,NA,NA,NA,NA,NA,NA,NA,NA,NA,NA,NA,NA,NA,NA,NA,NA,NA,NA,NA,NA,NA,NA,NA,NA,NA,NA,NA,NA,NA,NA,NA,NA,NA,NA,NA,NA,NA,NA,NA,NA,NA,NA,NA
Belgium-Luxembourg,126,"Money and Quasi Money, Broad Money (M2), US Dollars",FMB_XDC,Value,NA,NA,NA,NA,NA,NA,NA,NA,NA,NA,NA,NA,NA,NA,NA,NA,NA,NA,NA,NA,NA,NA,NA,NA,NA,NA,NA,NA,NA,NA,NA,NA,NA,NA,NA,NA,NA,NA,NA,NA,NA,NA,NA,NA,NA,NA,NA,NA,NA,NA,NA,NA,NA,NA,NA,NA,NA,NA,NA,NA,NA,NA,NA,NA,NA,NA,NA,NA,NA,NA,NA,NA,NA,NA,NA,NA,NA,NA,NA,NA,NA,NA,NA,NA,NA,NA
"Yugoslavia, SFR",188,"Money and Quasi Money, Broad Money (M2), US Dollars",FMB_XDC,Value,NA,NA,NA,NA,NA,NA,NA,NA,NA,NA,NA,NA,NA,NA,NA,NA,NA,NA,NA,NA,NA,NA,NA,NA,NA,NA,NA,NA,NA,NA,NA,NA,NA,NA,NA,NA,NA,NA,NA,NA,NA,NA,NA,NA,NA,NA,NA,NA,NA,NA,NA,NA,NA,NA,NA,NA,NA,NA,NA,NA,NA,NA,NA,NA,NA,NA,NA,NA,NA,NA,NA,NA,NA,NA,NA,NA,NA,NA,NA,NA,NA,NA,NA,NA,NA,NA
Caymen Islands,377,"Money and Quasi Money, Broad Money (M2), US Dollars",FMB_XDC,Value,NA,NA,NA,NA,NA,NA,NA,NA,NA,NA,NA,NA,NA,NA,NA,NA,NA,NA,NA,NA,NA,NA,NA,NA,NA,NA,NA,NA,NA,NA,NA,NA,NA,NA,NA,NA,NA,NA,NA,NA,NA,NA,NA,NA,NA,NA,NA,NA,NA,NA,NA,NA,NA,NA,NA,NA,NA,NA,NA,NA,NA,NA,NA,NA,NA,NA,NA,NA,NA,NA,NA,NA,NA,NA,NA,NA,NA,NA,NA,NA,NA,NA,NA,NA,NA,NA
"Yemen, P.D. Rep",459,"Money and Quasi Money, Broad Money (M2), US Dollars",FMB_XDC,Value,NA,NA,NA,NA,NA,NA,NA,NA,NA,NA,NA,NA,NA,NA,NA,NA,NA,NA,NA,NA,NA,NA,NA,NA,NA,NA,NA,NA,NA,NA,NA,NA,NA,NA,NA,NA,NA,NA,NA,NA,NA,NA,NA,NA,NA,NA,NA,NA,NA,NA,NA,NA,NA,NA,NA,NA,NA,NA,NA,NA,NA,NA,NA,NA,NA,NA,NA,NA,NA,NA,NA,NA,NA,NA,NA,NA,NA,NA,NA,NA,NA,NA,NA,NA,NA,NA
Cook Islands,815,"Money and Quasi Money, Broad Money (M2), US Dollars",FMB_XDC,Value,NA,NA,NA,NA,NA,NA,NA,NA,NA,NA,NA,NA,NA,NA,NA,NA,NA,NA,NA,NA,NA,NA,NA,NA,NA,NA,NA,NA,NA,NA,NA,NA,NA,NA,NA,NA,NA,NA,NA,NA,NA,NA,NA,NA,NA,NA,NA,NA,NA,NA,NA,NA,NA,NA,NA,NA,NA,NA,NA,NA,NA,NA,NA,NA,NA,NA,NA,NA,NA,NA,NA,NA,NA,NA,NA,NA,NA,NA,NA,NA,NA,NA,NA,NA,NA,NA
American Samoa,859,"Money and Quasi Money, Broad Money (M2), US Dollars",FMB_XDC,Value,NA,NA,NA,NA,NA,NA,NA,NA,NA,NA,NA,NA,NA,NA,NA,NA,NA,NA,NA,NA,NA,NA,NA,NA,NA,NA,NA,NA,NA,NA,NA,NA,NA,NA,NA,NA,NA,NA,NA,NA,NA,NA,NA,NA,NA,NA,NA,NA,NA,NA,NA,NA,NA,NA,NA,NA,NA,NA,NA,NA,NA,NA,NA,NA,NA,NA,NA,NA,NA,NA,NA,NA,NA,NA,NA,NA,NA,NA,NA,NA,NA,NA,NA,NA,NA,NA
Czechoslovakia,934,"Money and Quasi Money, Broad Money (M2), US Dollars",FMB_XDC,Value,NA,NA,NA,NA,NA,NA,NA,NA,NA,NA,NA,NA,NA,NA,NA,NA,NA,NA,NA,NA,NA,NA,NA,NA,NA,NA,NA,NA,NA,NA,NA,NA,NA,NA,NA,NA,NA,NA,NA,NA,NA,NA,NA,NA,NA,NA,NA,NA,NA,NA,NA,NA,NA,NA,NA,NA,NA,NA,NA,NA,NA,NA,NA,NA,NA,NA,NA,NA,NA,NA,NA,NA,NA,NA,NA,NA,NA,NA,NA,NA,NA,NA,NA,NA,NA,NA
Serbia and Montenegro,965,"Money and Quasi Money, Broad Money (M2), US Dollars",FMB_XDC,Value,NA,NA,NA,NA,NA,NA,NA,NA,NA,NA,NA,NA,NA,NA,NA,NA,NA,NA,NA,NA,NA,NA,NA,NA,NA,NA,NA,NA,NA,NA,NA,NA,NA,NA,NA,NA,NA,NA,NA,NA,NA,NA,NA,NA,NA,NA,NA,NA,NA,NA,NA,NA,NA,NA,NA,NA,NA,NA,NA,NA,NA,NA,NA,NA,NA,NA,NA,NA,NA,NA,NA,NA,NA,NA,NA,NA,NA,NA,NA,NA,NA,NA,NA,NA,NA,NA
Vatican,187,"Money and Quasi Money, Broad Money (M2), US Dollars",FMB_XDC,Value,NA,NA,NA,NA,NA,NA,NA,NA,NA,NA,NA,NA,NA,NA,NA,NA,NA,NA,NA,NA,NA,NA,NA,NA,NA,NA,NA,NA,NA,NA,NA,NA,NA,NA,NA,NA,NA,NA,NA,NA,NA,NA,NA,NA,NA,NA,NA,NA,NA,NA,NA,NA,NA,NA,NA,NA,NA,NA,NA,NA,NA,NA,NA,NA,NA,NA,NA,NA,NA,NA,NA,NA,NA,NA,NA,NA,NA,NA,NA,NA,NA,NA,NA,NA,NA,NA
Falkland Islands,323,"Money and Quasi Money, Broad Money (M2), US Dollars",FMB_XDC,Value,NA,NA,NA,NA,NA,NA,NA,NA,NA,NA,NA,NA,NA,NA,NA,NA,NA,NA,NA,NA,NA,NA,NA,NA,NA,NA,NA,NA,NA,NA,NA,NA,NA,NA,NA,NA,NA,NA,NA,NA,NA,NA,NA,NA,NA,NA,NA,NA,NA,NA,NA,NA,NA,NA,NA,NA,NA,NA,NA,NA,NA,NA,NA,NA,NA,NA,NA,NA,NA,NA,NA,NA,NA,NA,NA,NA,NA,NA,NA,NA,NA,NA,NA,NA,NA,NA
Greenland,326,"Money and Quasi Money, Broad Money (M2), US Dollars",FMB_XDC,Value,NA,NA,NA,NA,NA,NA,NA,NA,NA,NA,NA,NA,NA,NA,NA,NA,NA,NA,NA,NA,NA,NA,NA,NA,NA,NA,NA,NA,NA,NA,NA,NA,NA,NA,NA,NA,NA,NA,NA,NA,NA,NA,NA,NA,NA,NA,NA,NA,NA,NA,NA,NA,NA,NA,NA,NA,NA,NA,NA,NA,NA,NA,NA,NA,NA,NA,NA,NA,NA,NA,NA,NA,NA,NA,NA,NA,NA,NA,NA,NA,NA,NA,NA,NA,NA,NA
Gibraltar,823,"Money and Quasi Money, Broad Money (M2), US Dollars",FMB_XDC,Value,NA,NA,NA,NA,NA,NA,NA,NA,NA,NA,NA,NA,NA,NA,NA,NA,NA,NA,NA,NA,NA,NA,NA,NA,NA,NA,NA,NA,NA,NA,NA,NA,NA,NA,NA,NA,NA,NA,NA,NA,NA,NA,NA,NA,NA,NA,NA,NA,NA,NA,NA,NA,NA,NA,NA,NA,NA,NA,NA,NA,NA,NA,NA,NA,NA,NA,NA,NA,NA,NA,NA,NA,NA,NA,NA,NA,NA,NA,NA,NA,NA,NA,NA,NA,NA,NA
Guam,829,"Money and Quasi Money, Broad Money (M2), US Dollars",FMB_XDC,Value,NA,NA,NA,NA,NA,NA,NA,NA,NA,NA,NA,NA,NA,NA,NA,NA,NA,NA,NA,NA,NA,NA,NA,NA,NA,NA,NA,NA,NA,NA,NA,NA,NA,NA,NA,NA,NA,NA,NA,NA,NA,NA,NA,NA,NA,NA,NA,NA,NA,NA,NA,NA,NA,NA,NA,NA,NA,NA,NA,NA,NA,NA,NA,NA,NA,NA,NA,NA,NA,NA,NA,NA,NA,NA,NA,NA,NA,NA,NA,NA,NA,NA,NA,NA,NA,NA
"Korea, Democratic People's Rep. of",954,"Money and Quasi Money, Broad Money (M2), US Dollars",FMB_XDC,Value,NA,NA,NA,NA,NA,NA,NA,NA,NA,NA,NA,NA,NA,NA,NA,NA,NA,NA,NA,NA,NA,NA,NA,NA,NA,NA,NA,NA,NA,NA,NA,NA,NA,NA,NA,NA,NA,NA,NA,NA,NA,NA,NA,NA,NA,NA,NA,NA,NA,NA,NA,NA,NA,NA,NA,NA,NA,NA,NA,NA,NA,NA,NA,NA,NA,NA,NA,NA,NA,NA,NA,NA,NA,NA,NA,NA,NA,NA,NA,NA,NA,NA,NA,NA,NA,NA
U.S.S.R.,974,"Money and Quasi Money, Broad Money (M2), US Dollars",FMB_XDC,Value,NA,NA,NA,NA,NA,NA,NA,NA,NA,NA,NA,NA,NA,NA,NA,NA,NA,NA,NA,NA,NA,NA,NA,NA,NA,NA,NA,NA,NA,NA,NA,NA,NA,NA,NA,NA,NA,NA,NA,NA,NA,NA,NA,NA,NA,NA,NA,NA,NA,NA,NA,NA,NA,NA,NA,NA,NA,NA,NA,NA,NA,NA,NA,NA,NA,NA,NA,NA,NA,NA,NA,NA,NA,NA,NA,NA,NA,NA,NA,NA,NA,NA,NA,NA,NA,NA
Turks and Caicos Islands,381,"Money and Quasi Money, Broad Money (M2), US Dollars",FMB_XDC,Value,NA,NA,NA,NA,NA,NA,NA,NA,NA,NA,NA,NA,NA,NA,NA,NA,NA,NA,NA,NA,NA,NA,NA,NA,NA,NA,NA,NA,NA,NA,NA,NA,NA,NA,NA,NA,NA,NA,NA,NA,NA,NA,NA,NA,NA,NA,NA,NA,NA,NA,NA,NA,NA,NA,NA,NA,NA,NA,NA,NA,NA,NA,NA,NA,NA,NA,NA,NA,NA,NA,NA,NA,NA,NA,NA,NA,NA,NA,NA,NA,NA,NA,NA,NA,NA,NA
Canada,156,"Fiscal, General Government, Expense, Interest, 2001 Manual, Domestic Currency",GG_GEI_G01_XDC,Value,NA,NA,NA,NA,NA,NA,NA,NA,NA,NA,NA,NA,NA,NA,NA,NA,NA,NA,NA,NA,NA,NA,NA,NA,NA,NA,NA,NA,NA,NA,NA,NA,NA,NA,NA,NA,NA,NA,NA,NA,NA,NA,NA,NA,NA,NA,NA,NA,NA,NA,64876000000,65139000000,65867000000,67539000000,70277000000,78254000000,77112000000,74862000000,76392000000,75947000000,77481000000,74177000000,68065000000,66450000000,64824000000,63583000000,63675000000,62633000000,61887000000,58759000000,60965000000,64264000000,63576000000,64064000000,62975000000,62123000000,61145000000,61846000000,66809000000,69527000000,66230000000,67905000000,77734000000,96175000000,110787000000,NA
Canada,156,"Fiscal, Budgetary Central Government, Expense, Interest, 2001 Manual, Domestic Currency",BCG_GEI_G01_XDC,Value,NA,NA,NA,NA,NA,NA,NA,NA,NA,NA,NA,NA,NA,NA,NA,NA,NA,NA,NA,NA,NA,NA,NA,NA,NA,NA,NA,NA,NA,NA,NA,NA,NA,NA,NA,NA,NA,NA,NA,NA,NA,NA,NA,NA,NA,NA,NA,NA,NA,NA,42144000000,41311000000,39796000000,39489000000,40425000000,46579000000,45667000000,43735000000,44250000000,44028000000,45626000000,42172000000,37108000000,35527000000,33808000000,32467000000,32529000000,31932000000,30645000000,27703000000,28272000000,28856000000,27307000000,27259000000,25182000000,23781000000,22430000000,21876000000,24198000000,25216000000,22462000000,24111000000,30695000000,41999000000,50895000000,NA
Norway,142,"Fiscal, General Government, Expense, Interest, 2001 Manual, Domestic Currency",GG_GEI_G01_XDC,Value,NA,NA,NA,NA,NA,NA,NA,NA,NA,NA,NA,NA,NA,NA,NA,NA,NA,NA,NA,NA,NA,NA,NA,NA,NA,NA,NA,NA,NA,NA,NA,NA,NA,NA,NA,NA,NA,NA,NA,NA,NA,NA,NA,NA,NA,NA,NA,NA,NA,NA,NA,NA,NA,NA,NA,NA,25391000000,23060000000,23297000000,NA,NA,NA,28621000000,29664000000,26464000000,31940000000,53281000000,62192000000,53464000000,34694000000,30931000000,30375000000,25515000000,24123000000,23954000000,23404000000,20033000000,17923000000,19318000000,21006000000,18727000000,14254000000,27641000000,54142000000,78564000000,NA
Belgium,124,"Fiscal, General Government, Expense, Interest, 2001 Manual, Domestic Currency",GG_GEI_G01_XDC,Value,NA,NA,NA,NA,NA,NA,NA,NA,NA,NA,NA,NA,NA,NA,NA,NA,NA,NA,NA,NA,NA,NA,NA,NA,NA,NA,NA,NA,NA,NA,NA,NA,NA,NA,NA,NA,NA,NA,NA,NA,NA,NA,NA,NA,NA,NA,NA,NA,NA,NA,NA,NA,NA,NA,NA,NA,NA,NA,NA,16807200000,17213800000,17370700000,15956000000,15231900000,14419400000,13657000000,13471800000,13845000000,14173600000,13749200000,13226300000,13592900000,13814100000,13223000000,13332700000,12396200000,11882900000,10697200000,10006200000,9627900000,9126600000,8580900000,8741200000,11766800000,13723300000,NA
Bulgaria,918,"Fiscal, General Government, Expense, Interest, 2001 Manual, Domestic Currency",GG_GEI_G01_XDC,Value,NA,NA,NA,NA,NA,NA,NA,NA,NA,NA,NA,NA,NA,NA,NA,NA,NA,NA,NA,NA,NA,NA,NA,NA,NA,NA,NA,NA,NA,NA,NA,NA,NA,NA,NA,NA,NA,NA,NA,NA,NA,NA,NA,NA,NA,NA,NA,NA,NA,NA,NA,NA,NA,NA,NA,NA,NA,NA,NA,455179120,585023240,661139770,384877510,407693920,388558820,374163400,353279680,362451760,312151360,271294540,266222010,297461440,336100280,320519670,369883380,420859690,429991870,424091560,371036850,341748510,324278180,346417820,332670530,467391850,541859980,NA
Cyprus,423,"Fiscal, General Government, Expense, Interest, 2001 Manual, Domestic Currency",GG_GEI_G01_XDC,Value,NA,NA,NA,NA,NA,NA,NA,NA,NA,NA,NA,NA,NA,NA,NA,NA,NA,NA,NA,NA,NA,NA,NA,NA,NA,NA,NA,NA,NA,NA,NA,NA,NA,NA,NA,NA,NA,NA,NA,NA,NA,NA,NA,NA,NA,NA,NA,NA,NA,NA,NA,NA,NA,NA,NA,NA,NA,NA,NA,278800000,337200000,363200000,352400000,410300000,412000000,470300000,473400000,494100000,500600000,433600000,381600000,425900000,651600000,583500000,579100000,561600000,500400000,503400000,512500000,509300000,456000000,434700000,386900000,396100000,423100000,NA
Czech Republic,935,"Fiscal, General Government, Expense, Interest, 2001 Manual, Domestic Currency",GG_GEI_G01_XDC,Value,NA,NA,NA,NA,NA,NA,NA,NA,NA,NA,NA,NA,NA,NA,NA,NA,NA,NA,NA,NA,NA,NA,NA,NA,NA,NA,NA,NA,NA,NA,NA,NA,NA,NA,NA,NA,NA,NA,NA,NA,NA,NA,NA,NA,NA,NA,NA,NA,NA,NA,NA,NA,NA,NA,NA,NA,NA,NA,NA,20510000000,18163000000,23803000000,29471000000,29366000000,33112000000,35303000000,36298000000,41083000000,40013000000,48315000000,52043000000,53023000000,57831000000,55017000000,56136000000,49002000000,43793000000,37541000000,39641000000,40116000000,43345000000,45551000000,78355000000,98513000000,107216000000,NA
Denmark,128,"Fiscal, General Government, Expense, Interest, 2001 Manual, Domestic Currency",GG_GEI_G01_XDC,Value,NA,NA,NA,NA,NA,NA,NA,NA,NA,NA,NA,NA,NA,NA,NA,NA,NA,NA,NA,NA,NA,NA,NA,NA,NA,NA,NA,NA,NA,NA,NA,NA,NA,NA,NA,NA,NA,NA,NA,NA,NA,NA,NA,NA,NA,NA,NA,NA,NA,NA,NA,NA,NA,NA,NA,NA,NA,NA,NA,52202060000,50769220000,44688090000,42162850000,38109580000,35901230000,29920670000,27946050000,26384510000,25511320000,31075960000,32011850000,33445220000,31041010000,30152100000,26795630000,25571560000,22288160000,16712390000,18039310000,17031350000,12058250000,12664360000,19942990000,19047100000,22872430000,NA
Spain,184,"Fiscal, General Government, Expense, Interest, 2001 Manual, Domestic Currency",GG_GEI_G01_XDC,Value,NA,NA,NA,NA,NA,NA,NA,NA,NA,NA,NA,NA,NA,NA,NA,NA,NA,NA,NA,NA,NA,NA,NA,NA,NA,NA,NA,NA,NA,NA,NA,NA,NA,NA,NA,NA,NA,NA,NA,NA,NA,NA,NA,NA,NA,NA,NA,NA,NA,NA,NA,NA,NA,NA,NA,NA,NA,NA,NA,20307000000,20485000000,20815000000,19712000000,18459000000,17104000000,16201000000,16168000000,17009000000,17542000000,18355000000,20437000000,26562000000,31353000000,36553000000,36706000000,33368000000,31226000000,29613000000,29593000000,28231000000,25127000000,26170000000,31775000000,35551000000,38793000000,NA
Finland,172,"Fiscal, General Government, Expense, Interest, 2001 Manual, Domestic Currency",GG_GEI_G01_XDC,Value,NA,NA,NA,NA,NA,NA,NA,NA,NA,NA,NA,NA,NA,NA,NA,NA,NA,NA,NA,NA,NA,NA,NA,NA,NA,NA,NA,NA,NA,NA,NA,NA,NA,NA,NA,NA,NA,NA,NA,NA,NA,NA,NA,NA,NA,NA,NA,NA,NA,NA,NA,NA,NA,NA,NA,NA,NA,NA,NA,3680000000,3699000000,3693000000,3013000000,2755000000,2686000000,2653000000,2581000000,2650000000,2713000000,2414000000,2637000000,2930000000,3040000000,2740000000,2684000000,2565000000,2481000000,2342000000,2266000000,2033000000,1584000000,1265000000,1497000000,3173000000,4342000000,NA
France,132,"Fiscal, General Government, Expense, Interest, 2001 Manual, Domestic Currency",GG_GEI_G01_XDC,Value,NA,NA,NA,NA,NA,NA,NA,NA,NA,NA,NA,NA,NA,NA,NA,NA,NA,NA,NA,NA,NA,NA,NA,NA,NA,NA,NA,NA,NA,NA,NA,NA,NA,NA,NA,NA,NA,NA,NA,NA,NA,NA,NA,NA,NA,NA,NA,NA,NA,NA,NA,NA,NA,NA,NA,NA,NA,NA,NA,42943300000,43605900000,46706400000,47793500000,46658100000,47510600000,47845000000,48060200000,52095200000,57169300000,49281500000,50708000000,55995700000,54940800000,49426100000,47315800000,44707400000,42430700000,41020100000,41660600000,36868200000,29724100000,34799900000,50934000000,52887200000,60166200000,NA
United Kingdom,112,"Fiscal, General Government, Expense, Interest, 2001 Manual, Domestic Currency",GG_GEI_G01_XDC,Value,NA,NA,NA,NA,NA,NA,NA,NA,NA,NA,NA,NA,NA,NA,NA,NA,NA,NA,NA,NA,NA,NA,NA,NA,NA,NA,NA,NA,NA,NA,NA,NA,NA,NA,NA,NA,NA,NA,NA,NA,NA,NA,NA,NA,NA,NA,NA,NA,NA,NA,NA,NA,NA,NA,NA,NA,NA,NA,NA,27326000000,27405000000,24986000000,22741000000,23859000000,25757000000,28978000000,30633000000,35400000000,36701000000,31558000000,48872000000,55611000000,51908000000,53055000000,52246000000,47122000000,51337000000,58741000000,55972000000,51459000000,44202000000,64304000000,110233000000,88809000000,84665000000,NA
Greece,174,"Fiscal, General Government, Expense, Interest, 2001 Manual, Domestic Currency",GG_GEI_G01_XDC,Value,NA,NA,NA,NA,NA,NA,NA,NA,NA,NA,NA,NA,NA,NA,NA,NA,NA,NA,NA,NA,NA,NA,NA,NA,NA,NA,NA,NA,NA,NA,NA,NA,NA,NA,NA,NA,NA,NA,NA,NA,NA,NA,NA,NA,NA,NA,NA,NA,NA,NA,NA,NA,NA,NA,NA,NA,NA,NA,NA,10144000000,9679000000,9566000000,9103000000,8761000000,9269000000,9353000000,9623000000,10469000000,11653000000,11972000000,13659000000,15599000000,10076000000,7417000000,7070000000,6281000000,5612000000,5566000000,6078000000,5503000000,4952000000,4528000000,5170000000,7620000000,8220000000,NA
Hungary,944,"Fiscal, General Government, Expense, Interest, 2001 Manual, Domestic Currency",GG_GEI_G01_XDC,Value,NA,NA,NA,NA,NA,NA,NA,NA,NA,NA,NA,NA,NA,NA,NA,NA,NA,NA,NA,NA,NA,NA,NA,NA,NA,NA,NA,NA,NA,NA,NA,NA,NA,NA,NA,NA,NA,NA,NA,NA,NA,NA,NA,NA,NA,NA,NA,NA,NA,NA,NA,NA,NA,NA,NA,NA,NA,NA,NA,779384000000,704253000000,724255000010,697569000000,770624999990,913812000000,916575000000,935718000010,1037437000000,1105420000000,1193945000000,1124042000010,1179821000000,1319575000000,1368755000000,1300103420000,1202901802000,1118058669410,1039647585480,1011197946990,1060834991000,1127290000000,1243648000000,1870855000010,3533854000000,3970533000010,NA
Italy,136,"Fiscal, General Government, Expense, Interest, 2001 Manual, Domestic Currency",GG_GEI_G01_XDC,Value,NA,NA,NA,NA,NA,NA,NA,NA,NA,NA,NA,NA,NA,NA,NA,NA,NA,NA,NA,NA,NA,NA,NA,NA,NA,NA,NA,NA,NA,NA,NA,NA,NA,NA,NA,NA,NA,NA,NA,NA,NA,NA,NA,NA,NA,NA,NA,NA,NA,NA,NA,NA,NA,NA,NA,NA,NA,NA,NA,74998000000,75961000000,79082000000,73477000000,69137000000,66749000000,67223000000,68871000000,76677000000,80678000000,69499000000,68858000000,76567000000,83582000000,77659000000,74441000000,68116000000,66258000000,65333000000,64366000000,60214000000,57125000000,63003000000,81614000000,77778000000,85621000000,NA
Lithuania,946,"Fiscal, General Government, Expense, Interest, 2001 Manual, Domestic Currency",GG_GEI_G01_XDC,Value,NA,NA,NA,NA,NA,NA,NA,NA,NA,NA,NA,NA,NA,NA,NA,NA,NA,NA,NA,NA,NA,NA,NA,NA,NA,NA,NA,NA,NA,NA,NA,NA,NA,NA,NA,NA,NA,NA,NA,NA,NA,NA,NA,NA,NA,NA,NA,NA,NA,NA,NA,NA,NA,NA,NA,NA,NA,NA,NA,186943180,231697410,213520040,198413180,205810960,163711310,160718080,168007170,192310890,214101710,333203870,510209520,575736150,658692300,616865140,620132900,601099080,553274460,502908210,441068990,456673370,359198500,269717730,232252710,437221190,629855640,NA
Latvia,941,"Fiscal, General Government, Expense, Interest, 2001 Manual, Domestic Currency",GG_GEI_G01_XDC,Value,NA,NA,NA,NA,NA,NA,NA,NA,NA,NA,NA,NA,NA,NA,NA,NA,NA,NA,NA,NA,NA,NA,NA,NA,NA,NA,NA,NA,NA,NA,NA,NA,NA,NA,NA,NA,NA,NA,NA,NA,NA,NA,NA,NA,NA,NA,NA,NA,NA,NA,NA,NA,NA,NA,NA,NA,NA,NA,NA,39848000,64299000,67644000,60492000,72491000,82333000,74661000,78151000,85393000,141322000,293647000,321974000,359623000,368138000,344764000,321064000,311188000,273877000,264394000,225830000,223028000,211764000,175245000,183190000,286865000,443345000,NA
Malta,181,"Fiscal, General Government, Expense, Interest, 2001 Manual, Domestic Currency",GG_GEI_G01_XDC,Value,NA,NA,NA,NA,NA,NA,NA,NA,NA,NA,NA,NA,NA,NA,NA,NA,NA,NA,NA,NA,NA,NA,NA,NA,NA,NA,NA,NA,NA,NA,NA,NA,NA,NA,NA,NA,NA,NA,NA,NA,NA,NA,NA,NA,NA,NA,NA,NA,NA,NA,NA,NA,NA,NA,NA,NA,NA,NA,NA,145971390,167679750,159158450,174388970,168459970,181693330,195682880,200554140,201699980,205763090,201197880,204729190,219193390,219255940,224227820,234978260,231596850,220765530,210556050,194018140,183597400,170912230,167937650,163743710,215600020,266491540,NA
Netherlands,138,"Fiscal, General Government, Expense, Interest, 2001 Manual, Domestic Currency",GG_GEI_G01_XDC,Value,NA,NA,NA,NA,NA,NA,NA,NA,NA,NA,NA,NA,NA,NA,NA,NA,NA,NA,NA,NA,NA,NA,NA,NA,NA,NA,NA,NA,NA,NA,NA,NA,NA,NA,NA,NA,NA,NA,NA,NA,NA,NA,NA,NA,NA,NA,NA,NA,NA,NA,NA,NA,NA,NA,NA,NA,NA,NA,NA,16970000000,15549000000,14539000000,13546000000,12748000000,12808000000,12460000000,12253000000,12875000000,13931000000,13249000000,12086000000,12184000000,11454000000,11176000000,10309000000,9371000000,8556000000,7654000000,7130000000,6446000000,5659000000,4841000000,5650000000,7125000000,7928000000,NA
Poland,964,"Fiscal, General Government, Expense, Interest, 2001 Manual, Domestic Currency",GG_GEI_G01_XDC,Value,NA,NA,NA,NA,NA,NA,NA,NA,NA,NA,NA,NA,NA,NA,NA,NA,NA,NA,NA,NA,NA,NA,NA,NA,NA,NA,NA,NA,NA,NA,NA,NA,NA,NA,NA,NA,NA,NA,NA,NA,NA,NA,NA,NA,NA,NA,NA,NA,NA,NA,NA,NA,NA,NA,NA,NA,NA,NA,NA,19676000000,22513000000,24339000000,23359000000,25063000000,25268800000,24392000000,25330000000,25860700000,27190000000,33650000000,36032000000,39761000000,43476000000,41649000000,33653300000,31682700000,31806000000,31169000000,30585000000,31429000000,30479000000,29117000000,47356000000,70754000000,80583000000,NA
Portugal,182,"Fiscal, General Government, Expense, Interest, 2001 Manual, Domestic Currency",GG_GEI_G01_XDC,Value,NA,NA,NA,NA,NA,NA,NA,NA,NA,NA,NA,NA,NA,NA,NA,NA,NA,NA,NA,NA,NA,NA,NA,NA,NA,NA,NA,NA,NA,NA,NA,NA,NA,NA,NA,NA,NA,NA,NA,NA,NA,NA,NA,NA,NA,NA,NA,NA,NA,NA,NA,NA,NA,NA,NA,NA,NA,NA,NA,3523040000,3861900000,4057376000,4042533000,3883130000,3908818000,4071339000,4626240000,5205108000,5572850000,5230123000,5245475000,7521560000,8136945000,8139253000,8334364000,8132839000,7633305000,7299371000,6805846000,6226933000,5697126000,5117779000,4608019000,5553291000,5934789000,NA
Romania,968,"Fiscal, General Government, Expense, Interest, 2001 Manual, Domestic Currency",GG_GEI_G01_XDC,Value,NA,NA,NA,NA,NA,NA,NA,NA,NA,NA,NA,NA,NA,NA,NA,NA,NA,NA,NA,NA,NA,NA,NA,NA,NA,NA,NA,NA,NA,NA,NA,NA,NA,NA,NA,NA,NA,NA,NA,NA,NA,NA,NA,NA,NA,NA,NA,NA,NA,NA,NA,NA,NA,NA,NA,NA,NA,NA,NA,2786100000,3193000000,4042000000,3742300000,3158400000,3568300000,3567200000,2876700000,2995800000,3900800000,10093800000,9777200000,11360000000,12667100000,12019800000,10890800000,10534300000,9879800000,9182600000,10689100000,12255100000,14815800000,17323800000,21057000000,32312500000,42774700000,NA
Slovak Republic,936,"Fiscal, General Government, Expense, Interest, 2001 Manual, Domestic Currency",GG_GEI_G01_XDC,Value,NA,NA,NA,NA,NA,NA,NA,NA,NA,NA,NA,NA,NA,NA,NA,NA,NA,NA,NA,NA,NA,NA,NA,NA,NA,NA,NA,NA,NA,NA,NA,NA,NA,NA,NA,NA,NA,NA,NA,NA,NA,NA,NA,NA,NA,NA,NA,NA,NA,NA,NA,NA,NA,NA,NA,NA,NA,NA,NA,970089000,1279964000,1370536000,1329694000,1044603000,1010348000,874144000,824952000,895725000,927416000,934216000,884325000,1106872000,1312874000,1418299000,1473999000,1408811000,1373232000,1220378000,1209762000,1164961000,1104659000,1099173000,1139048000,1428032000,1850046000,NA
Slovenia,961,"Fiscal, General Government, Expense, Interest, 2001 Manual, Domestic Currency",GG_GEI_G01_XDC,Value,NA,NA,NA,NA,NA,NA,NA,NA,NA,NA,NA,NA,NA,NA,NA,NA,NA,NA,NA,NA,NA,NA,NA,NA,NA,NA,NA,NA,NA,NA,NA,NA,NA,NA,NA,NA,NA,NA,NA,NA,NA,NA,NA,NA,NA,NA,NA,NA,NA,NA,NA,NA,NA,NA,NA,NA,NA,NA,NA,398799500,448979320,491330400,511444850,496969970,464876990,452030710,437895470,442874910,421259610,479037210,596832390,704198920,736608590,940591520,1231416830,1262142530,1229715910,1081734270,922507290,785143430,738745360,642359120,641195500,793212790,872184820,NA
Sweden,144,"Fiscal, General Government, Expense, Interest, 2001 Manual, Domestic Currency",GG_GEI_G01_XDC,Value,NA,NA,NA,NA,NA,NA,NA,NA,NA,NA,NA,NA,NA,NA,NA,NA,NA,NA,NA,NA,NA,NA,NA,NA,NA,NA,NA,NA,NA,NA,NA,NA,NA,NA,NA,NA,NA,NA,NA,NA,NA,NA,NA,NA,NA,NA,NA,NA,NA,NA,NA,NA,NA,NA,NA,NA,NA,NA,NA,87080000000,80204000000,66424000000,75875000000,56974000000,53147000000,52987000000,54939000000,56251000000,54439000000,43609000000,38998000000,45767000000,37401000000,32751000000,26414000000,23219000000,20471000000,19374000000,21585000000,19934000000,13907000000,12321000000,29731000000,44043000000,43339000000,NA
Austria,122,"Fiscal, General Government, Expense, Interest, 2001 Manual, Domestic Currency",GG_GEI_G01_XDC,Value,NA,NA,NA,NA,NA,NA,NA,NA,NA,NA,NA,NA,NA,NA,NA,NA,NA,NA,NA,NA,NA,NA,NA,NA,NA,NA,NA,NA,NA,NA,NA,NA,NA,NA,NA,NA,NA,NA,NA,NA,NA,NA,NA,NA,NA,NA,NA,NA,NA,NA,NA,NA,NA,NA,NA,NA,NA,NA,NA,NA,NA,7964579900,7827430000,7391650100,7343500000,8242899900,8436580200,8988080100,8683499800,9190289800,8714089800,8761119900,8821480000,8533730000,8137679900,8044969900,7455070000,6785680000,6258490000,5663450000,5134850100,4489360000,4257970010,5743060100,7330470100,NA
Germany,134,"Fiscal, General Government, Expense, Interest, 2001 Manual, Domestic Currency",GG_GEI_G01_XDC,Value,NA,NA,NA,NA,NA,NA,NA,NA,NA,NA,NA,NA,NA,NA,NA,NA,NA,NA,NA,NA,NA,NA,NA,NA,NA,NA,NA,NA,NA,NA,NA,NA,NA,NA,NA,NA,NA,NA,NA,NA,NA,NA,NA,NA,NA,NA,NA,NA,NA,NA,NA,NA,NA,NA,NA,NA,NA,NA,NA,NA,NA,NA,66135000000,65075000000,63816000000,63494000000,65218000000,67686000000,69096000000,65189000000,63851000000,67980000000,64185000000,51902000000,47547000000,42913000000,37888000000,34489000000,31787000000,28052000000,22390000000,21756000000,28018000000,36848000000,45828000000,NA
Estonia,939,"Fiscal, General Government, Expense, Interest, 2001 Manual, Domestic Currency",GG_GEI_G01_XDC,Value,NA,NA,NA,NA,NA,NA,NA,NA,NA,NA,NA,NA,NA,NA,NA,NA,NA,NA,NA,NA,NA,NA,NA,NA,NA,NA,NA,NA,NA,NA,NA,NA,NA,NA,NA,NA,NA,NA,NA,NA,NA,NA,NA,NA,NA,NA,NA,NA,NA,NA,NA,NA,NA,NA,NA,NA,NA,NA,NA,NA,NA,NA,20300000,20100000,21400000,21500000,22800000,27800000,35100000,27100000,14100000,16800000,20800000,16000000,15500000,14100000,9800000,10200000,10700000,10700000,19500000,20000000,40300000,138400000,233700000,NA
Ireland,178,"Fiscal, General Government, Expense, Interest, 2001 Manual, Domestic Currency",GG_GEI_G01_XDC,Value,NA,NA,NA,NA,NA,NA,NA,NA,NA,NA,NA,NA,NA,NA,NA,NA,NA,NA,NA,NA,NA,NA,NA,NA,NA,NA,NA,NA,NA,NA,NA,NA,NA,NA,NA,NA,NA,NA,NA,NA,NA,NA,NA,NA,NA,NA,NA,NA,NA,NA,NA,NA,NA,NA,NA,NA,NA,NA,NA,NA,NA,NA,1793396000,1774563300,1713735100,1741623600,1850287000,1985083500,2402974700,3416440300,4747623100,5768331800,7297711600,7761144200,7590841000,6935852300,6271151800,5907631000,5305845500,4617793000,3825492000,3290187500,3322511500,3443843600,3362547100,NA
Iceland,176,"Fiscal, General Government, Expense, Interest, 2001 Manual, Domestic Currency",GG_GEI_G01_XDC,Value,NA,NA,NA,NA,NA,NA,NA,NA,NA,NA,NA,NA,NA,NA,NA,NA,NA,NA,NA,NA,NA,NA,NA,NA,NA,NA,NA,NA,NA,NA,NA,NA,NA,NA,NA,NA,NA,NA,NA,NA,NA,NA,NA,NA,NA,NA,NA,NA,NA,NA,NA,NA,NA,NA,NA,NA,NA,NA,NA,NA,NA,NA,48140632804.0004,56209594063.6088,62578363512.2168,58085525520.848,75419925404.4384,88022886625.6224,184021231177.8433,196394814569.3959,133724161647.8297,153285186148.7807,163800291896.525,158802929346.9094,140995692330.9232,155444973033.3506,150639489525.2785,151809563959.2219,142143960845.237,132767761787.5446,120576607726.8055,131074485051.2006,232063087618.3608,245443171312.9916,212163593177.5392,NA
Luxembourg,137,"Fiscal, General Government, Expense, Interest, 2001 Manual, Domestic Currency",GG_GEI_G01_XDC,Value,NA,NA,NA,NA,NA,NA,NA,NA,NA,NA,NA,NA,NA,NA,NA,NA,NA,NA,NA,NA,NA,NA,NA,NA,NA,NA,NA,NA,NA,NA,NA,NA,NA,NA,NA,NA,NA,NA,NA,NA,NA,NA,NA,NA,NA,NA,NA,NA,NA,NA,NA,NA,NA,NA,NA,NA,NA,NA,NA,NA,NA,NA,66678770,63384030,52503570,57949550,73649800,105635560,139055780,141532630,174532220,222046980,222205820,244493610,209733930,202977290,207905720,214895340,209861840,204167030,142289890,107256360,117066090,235772490,263932470,NA
Australia,193,"Fiscal, General Government, Expense, Interest, 2001 Manual, Domestic Currency",GG_GEI_G01_XDC,Value,NA,NA,NA,NA,NA,NA,NA,NA,NA,NA,NA,NA,NA,NA,NA,NA,NA,NA,NA,NA,NA,NA,NA,NA,NA,NA,NA,NA,NA,NA,NA,NA,NA,NA,NA,NA,NA,NA,NA,NA,NA,NA,NA,NA,NA,NA,NA,NA,NA,NA,NA,NA,NA,NA,NA,NA,NA,NA,NA,NA,NA,NA,NA,NA,14968000000,14912000000,15127000000,15597000000,15822000000,17691000000,21848000000,26883000000,30383000000,31475000000,35031000000,37439000000,37828000000,36469000000,38505000000,38409000000,35121000000,34538000000,39634000000,52796000000,59662000000,65270000000
Burkina Faso,748,"Fiscal, Budgetary Central Government, Expense, Interest, 2001 Manual, Domestic Currency",BCG_GEI_G01_XDC,Value,NA,NA,NA,NA,NA,NA,NA,NA,NA,NA,NA,NA,NA,NA,NA,NA,NA,NA,NA,NA,NA,NA,NA,NA,NA,NA,NA,NA,NA,NA,NA,NA,NA,NA,NA,NA,NA,NA,NA,NA,NA,NA,NA,NA,NA,NA,NA,NA,NA,NA,NA,NA,NA,NA,NA,NA,NA,NA,NA,NA,NA,NA,NA,NA,19127173615,18169721978,17348165834,13054658756.3,12693275000,16870967228,21354239663.47492,28291579336,41805614512,34755278004,44011188207,43752144897,65347060320.0001,69515113978.00002,97240452243.0826,114498591561.8751,139938004265.9954,192548755145.4748,221932143407.3854,284858608961.9772,NA,NA
Chile,228,"Fiscal, Budgetary Central Government, Expense, Interest, 2001 Manual, Domestic Currency",BCG_GEI_G01_XDC,Value,NA,NA,NA,NA,NA,NA,NA,NA,NA,NA,NA,NA,NA,NA,NA,NA,NA,NA,NA,NA,NA,NA,NA,NA,NA,NA,NA,NA,NA,NA,NA,NA,NA,NA,NA,NA,NA,NA,NA,NA,NA,NA,NA,NA,NA,NA,NA,NA,NA,NA,NA,NA,NA,NA,NA,NA,NA,NA,NA,NA,NA,NA,NA,NA,NA,252910000000,252140000000,234780000000,190580000000,261300000000,255595636340,444541818934.937,589797911337.45,637180860234.876,656187587244.611,914139107528.095,1172039306360,1323010748799.831,1629833519567.156,1697712057925.664,1788907895176.12,2026065300086.837,2602279944597.024,2979738393212.086,3542078670165.474,NA
Brazil,223,"Fiscal, Budgetary Central Government, Expense, Interest, 2001 Manual, Domestic Currency",BCG_GEI_G01_XDC,Value,NA,NA,NA,NA,NA,NA,NA,NA,NA,NA,NA,NA,NA,NA,NA,NA,NA,NA,NA,NA,NA,NA,NA,NA,NA,NA,NA,NA,NA,NA,NA,NA,NA,NA,NA,NA,NA,NA,NA,NA,NA,NA,NA,NA,NA,NA,NA,NA,NA,NA,NA,NA,NA,NA,NA,NA,NA,NA,NA,NA,NA,NA,NA,NA,NA,NA,194758296577.3974,191924803431.3666,234463596749.1895,214837168878.661,273807332184.5216,332233355493.025,331572553965.2018,366255613680.3042,426152302008.4837,700466921679.252,606953203667.443,576824514757.558,603109171082.12,517545242784.034,430625761839.8006,601818002185.152,784583522247.286,856763907722.395,937681493785.81,NA
Israel,436,"Fiscal, Budgetary Central Government, Expense, Interest, 2001 Manual, Domestic Currency",BCG_GEI_G01_XDC,Value,NA,NA,NA,NA,NA,NA,NA,NA,NA,NA,NA,NA,NA,NA,NA,NA,NA,NA,NA,NA,NA,NA,NA,NA,NA,NA,NA,NA,NA,NA,NA,NA,NA,NA,NA,NA,NA,NA,NA,NA,NA,NA,NA,NA,NA,NA,NA,NA,NA,NA,NA,NA,NA,NA,NA,NA,NA,NA,NA,NA,NA,NA,NA,NA,NA,NA,33601779212.44208,34665016196.07624,40658833364.93271,39816250277.36,34271914320.56528,36463947739.11615,34134072427.77648,35423845953.85872,25520161543.99452,22777908070.37192,24324810036.41496,26108057561.88612,30219440367.38634,27825747758.22874,25993715498.09377,42127976237.2573,57277154762.6961,51768337652.86119,60367192499.16118,NA
Switzerland,146,"Fiscal, Budgetary Central Government, Expense, Interest, 2001 Manual, Domestic Currency",BCG_GEI_G01_XDC,Value,NA,NA,NA,NA,NA,NA,NA,NA,NA,NA,NA,NA,NA,NA,NA,NA,NA,NA,NA,NA,NA,NA,NA,NA,NA,NA,NA,NA,NA,NA,NA,NA,NA,NA,NA,NA,NA,NA,NA,NA,NA,NA,NA,NA,NA,NA,NA,NA,NA,NA,NA,NA,NA,NA,NA,NA,NA,NA,NA,NA,NA,NA,NA,NA,NA,NA,NA,3605732905,3308011422,2953980017,2813057842,2594617659,2346623011,2090146293,1949735329,1853470103,1645680354,1388343209,1135559901,1037835133,891121430.32,759954499.98,851591492.98,1232839342.29,NA,NA
Morocco,686,"Fiscal, Budgetary Central Government, Expense, Interest, 2001 Manual, Domestic Currency",BCG_GEI_G01_XDC,Value,NA,NA,NA,NA,NA,NA,NA,NA,NA,NA,NA,NA,NA,NA,NA,NA,NA,NA,NA,NA,NA,NA,NA,NA,NA,NA,NA,NA,NA,NA,NA,NA,NA,NA,NA,NA,NA,NA,NA,NA,NA,NA,NA,NA,NA,NA,NA,NA,NA,NA,NA,NA,NA,NA,NA,NA,NA,NA,NA,NA,NA,NA,NA,NA,NA,NA,NA,19236000000,18231000000,17326000000,17566000000,18234000000,20097200000,22502400000,24783500000,27291000000,27100100000,27077800000,27281400000,29474000000,28784500000,27115900000,28599500000,31219500000,NA,NA
Dominican Republic,243,"Fiscal, Budgetary Central Government, Expense, Interest, 2001 Manual, Domestic Currency",BCG_GEI_G01_XDC,Value,NA,NA,NA,NA,NA,NA,NA,NA,NA,NA,NA,NA,NA,NA,NA,NA,NA,NA,NA,NA,NA,NA,NA,NA,NA,NA,NA,NA,NA,NA,NA,NA,NA,NA,NA,NA,NA,NA,NA,NA,NA,NA,NA,NA,NA,NA,NA,NA,NA,NA,NA,NA,NA,NA,NA,NA,NA,NA,NA,NA,NA,NA,NA,NA,NA,NA,NA,NA,52630582071.81354,22628028259.31256,40047907352.88047,44898150187.8844,NA,NA,68848611421.0976,74155556663.6322,88327824168.3572,96829301096.1033,109648598212.2803,125251132384.2096,144440212689.7274,168011362655.0188,NA,NA,NA,NA
Mexico,273,"Fiscal, Budgetary Central Government, Expense, Interest, 2001 Manual, Domestic Currency",BCG_GEI_G01_XDC,Value,NA,NA,NA,NA,NA,NA,NA,NA,NA,NA,NA,NA,NA,NA,NA,NA,NA,NA,NA,NA,NA,NA,NA,NA,NA,NA,NA,NA,NA,NA,NA,NA,NA,NA,NA,NA,NA,NA,NA,NA,NA,NA,NA,NA,NA,NA,NA,NA,NA,NA,NA,NA,NA,NA,NA,NA,NA,NA,NA,NA,NA,NA,NA,NA,NA,NA,NA,NA,190692854619.32,210488481833.47,216802796347.05,232867368388.66,252350469415.92,266755339234.006,290791426428.9,318229410306.22,361388554017.22,406450261742.83,452874745072.85,500880464178.05,544700674209.66,531293836388.86,666313844981.67,862122838793.62,1009113830435.86,NA
Mauritius,684,"Fiscal, Budgetary Central Government, Expense, Interest, 2001 Manual, Domestic Currency",BCG_GEI_G01_XDC,Value,NA,NA,NA,NA,NA,NA,NA,NA,NA,NA,NA,NA,NA,NA,NA,NA,NA,NA,NA,NA,NA,NA,NA,NA,NA,NA,NA,NA,NA,NA,NA,NA,NA,NA,NA,NA,NA,NA,NA,NA,NA,NA,NA,NA,NA,NA,NA,NA,NA,NA,NA,NA,NA,NA,NA,NA,NA,NA,NA,NA,NA,NA,NA,NA,NA,NA,NA,NA,NA,10734200000,10261900000,9629180000,10303000000,9629400000,10117600000,9845400000,10538680000,11105824000,12164159000,13074526000,12940345000,12672397000,13756756000,17442410000,19318525000,NA
Brazil,223,"Fiscal, General Government, Expense, Interest, 2001 Manual, Domestic Currency",GG_GEI_G01_XDC,Value,NA,NA,NA,NA,NA,NA,NA,NA,NA,NA,NA,NA,NA,NA,NA,NA,NA,NA,NA,NA,NA,NA,NA,NA,NA,NA,NA,NA,NA,NA,NA,NA,NA,NA,NA,NA,NA,NA,NA,NA,NA,NA,NA,NA,NA,NA,NA,NA,NA,NA,NA,NA,NA,NA,NA,NA,NA,NA,NA,NA,NA,NA,NA,NA,NA,NA,NA,NA,NA,NA,275220549285.6549,334602204088.9753,334361294248.8723,371148724735.3302,434212324719.1004,714956916349.248,623985802331.747,592387002829.195,618390390020.568,532159134337.08,440769860621.8308,614177953594.064,810673382875.284,890366134393.936,971991427838,NA
Turkey,186,"Fiscal, Budgetary Central Government, Expense, Interest, 2001 Manual, Domestic Currency",BCG_GEI_G01_XDC,Value,NA,NA,NA,NA,NA,NA,NA,NA,NA,NA,NA,NA,NA,NA,NA,NA,NA,NA,NA,NA,NA,NA,NA,NA,NA,NA,NA,NA,NA,NA,NA,NA,NA,NA,NA,NA,NA,NA,NA,NA,NA,NA,NA,NA,NA,NA,NA,NA,NA,NA,NA,NA,NA,NA,NA,NA,NA,NA,NA,NA,NA,NA,NA,NA,NA,NA,NA,NA,NA,NA,49410555543.1385,44735966927.78,50800411175.169,49459293188.44,49907201000,NA,NA,69667444253.8159,NA,NA,NA,NA,NA,NA,NA,NA
El Salvador,253,"Fiscal, Budgetary Central Government, Expense, Interest, 2001 Manual, Domestic Currency",BCG_GEI_G01_XDC,Value,NA,NA,NA,NA,NA,NA,NA,NA,NA,NA,NA,NA,NA,NA,NA,NA,NA,NA,NA,NA,NA,NA,NA,NA,NA,NA,NA,NA,NA,NA,NA,NA,NA,NA,NA,NA,NA,NA,NA,NA,NA,NA,NA,NA,NA,NA,NA,NA,NA,NA,NA,NA,NA,NA,NA,NA,NA,NA,NA,NA,NA,NA,NA,NA,NA,NA,NA,NA,NA,NA,NA,NA,NA,NA,584900000,554500000,597400000,675900000,717493054.89,752800000,745000000,NA,NA,NA,NA,NA
Turkey,186,"Fiscal, General Government, Expense, Interest, 2001 Manual, Domestic Currency",GG_GEI_G01_XDC,Value,NA,NA,NA,NA,NA,NA,NA,NA,NA,NA,NA,NA,NA,NA,NA,NA,NA,NA,NA,NA,NA,NA,NA,NA,NA,NA,NA,NA,NA,NA,NA,NA,NA,NA,NA,NA,NA,NA,NA,NA,NA,NA,NA,NA,NA,NA,NA,NA,NA,NA,NA,NA,NA,NA,NA,NA,NA,NA,NA,NA,NA,NA,NA,NA,NA,NA,NA,NA,NA,NA,NA,NA,NA,NA,NA,46070451192.69041,52014165567.5781,66380846749.4782,107423857682.0498,103189760849.4081,150391429828.1412,222944543318.7267,658684700975.91,1017214976996.661,1714727565523.611,NA
Russia,922,"Fiscal, General Government, Expense, Interest, 2001 Manual, Domestic Currency",GG_GEI_G01_XDC,Value,NA,NA,NA,NA,NA,NA,NA,NA,NA,NA,NA,NA,NA,NA,NA,NA,NA,NA,NA,NA,NA,NA,NA,NA,NA,NA,NA,NA,NA,NA,NA,NA,NA,NA,NA,NA,NA,NA,NA,NA,NA,NA,NA,NA,NA,NA,NA,NA,NA,NA,NA,NA,NA,NA,NA,NA,NA,NA,NA,NA,NA,NA,NA,NA,NA,NA,NA,NA,NA,NA,NA,NA,NA,NA,NA,NA,NA,NA,920186000000,1049137500000,1004051000000,NA,NA,NA,NA,NA
Kyrgyz Republic,917,"Fiscal, Budgetary Central Government, Expense, Interest, 2001 Manual, Domestic Currency",BCG_GEI_G01_XDC,Value,NA,NA,NA,NA,NA,NA,NA,NA,NA,NA,NA,NA,NA,NA,NA,NA,NA,NA,NA,NA,NA,NA,NA,NA,NA,NA,NA,NA,NA,NA,NA,NA,NA,NA,NA,NA,NA,NA,NA,NA,NA,NA,NA,NA,NA,NA,NA,NA,NA,NA,NA,NA,NA,NA,NA,NA,NA,NA,NA,NA,NA,NA,NA,NA,NA,NA,NA,NA,NA,NA,NA,NA,NA,NA,NA,NA,NA,NA,NA,7679802040.54,8354893715.78,8192819044.44,10790262092.3,13842706288.14,18102190359.32,NA
Papua New Guinea,853,"Fiscal, Budgetary Central Government, Expense, Interest, 2001 Manual, Domestic Currency",BCG_GEI_G01_XDC,Value,NA,NA,NA,NA,NA,NA,NA,NA,NA,NA,NA,NA,NA,NA,NA,NA,NA,NA,NA,NA,NA,NA,NA,NA,NA,NA,NA,NA,NA,NA,NA,NA,NA,NA,NA,NA,NA,NA,NA,NA,NA,NA,NA,NA,NA,NA,NA,NA,NA,NA,NA,NA,NA,NA,NA,NA,NA,NA,NA,NA,NA,NA,NA,NA,NA,NA,NA,NA,NA,NA,NA,NA,NA,NA,NA,NA,NA,NA,NA,2129096700.40995,2160000000,NA,2572500000,2761271112.39732,NA,NA
Russia,922,"Fiscal, Budgetary Central Government, Expense, Interest, 2001 Manual, Domestic Currency",BCG_GEI_G01_XDC,Value,NA,NA,NA,NA,NA,NA,NA,NA,NA,NA,NA,NA,NA,NA,NA,NA,NA,NA,NA,NA,NA,NA,NA,NA,NA,NA,NA,NA,NA,NA,NA,NA,NA,NA,NA,NA,NA,NA,NA,NA,NA,NA,NA,NA,NA,NA,NA,NA,NA,NA,NA,NA,NA,NA,NA,NA,NA,NA,NA,NA,NA,NA,NA,NA,NA,NA,NA,NA,NA,NA,NA,NA,NA,NA,NA,NA,NA,NA,NA,NA,892625000000,NA,NA,NA,NA,NA
Colombia,233,"Fiscal, General Government, Expense, Interest, 2001 Manual, Domestic Currency",GG_GEI_G01_XDC,Value,NA,NA,NA,NA,NA,NA,NA,NA,NA,NA,NA,NA,NA,NA,NA,NA,NA,NA,NA,NA,NA,NA,NA,NA,NA,NA,NA,NA,NA,NA,NA,NA,NA,NA,NA,NA,NA,NA,NA,NA,NA,NA,NA,NA,NA,NA,NA,NA,NA,NA,NA,NA,NA,NA,NA,NA,NA,NA,NA,NA,NA,NA,NA,NA,NA,NA,NA,NA,NA,NA,NA,NA,NA,NA,NA,NA,NA,NA,NA,NA,NA,45232747441060.54,67139784978703.6,74376328760511,75030634482553.9,NA
Colombia,233,"Fiscal, Budgetary Central Government, Expense, Interest, 2001 Manual, Domestic Currency",BCG_GEI_G01_XDC,Value,NA,NA,NA,NA,NA,NA,NA,NA,NA,NA,NA,NA,NA,NA,NA,NA,NA,NA,NA,NA,NA,NA,NA,NA,NA,NA,NA,NA,NA,NA,NA,NA,NA,NA,NA,NA,NA,NA,NA,NA,NA,NA,NA,NA,NA,NA,NA,NA,NA,NA,NA,NA,NA,NA,NA,NA,NA,NA,NA,NA,NA,NA,NA,NA,NA,NA,NA,NA,NA,NA,NA,NA,NA,NA,NA,NA,NA,NA,NA,NA,NA,43736520945466,63911376921069.1,69459616232519.2,70064759947599.9,NA
